season,snapshot_date,player,called_up,age,plateAppearances,avg,obp,slg,homeRuns,bb_rate,k_rate,stolenBases,babip
2021,2021-04-01,José Marmolejos,0,28,353,0.338,0.439,0.672,26,0.1529745042492918,0.1954674220963173,0,0.361
2021,2021-04-01,Jake Fraley,0,26,51,0.325,0.451,0.575,3,0.17647058823529413,0.29411764705882354,3,0.435
2021,2021-04-01,Cal Raleigh,0,24,199,0.324,0.377,0.608,9,0.07035175879396985,0.12562814070351758,3,0.327
2021,2021-04-01,Shed Long Jr.,0,25,36,0.323,0.417,0.516,1,0.1388888888888889,0.1388888888888889,0,0.36
2021,2021-04-01,Jarred Kelenic,0,21,143,0.32,0.392,0.624,9,0.1048951048951049,0.15384615384615385,6,0.323
2021,2021-04-01,Donovan Walton,0,27,334,0.304,0.395,0.519,13,0.10479041916167664,0.10778443113772455,1,0.305
2021,2021-04-01,Jantzen Witte,0,31,455,0.299,0.364,0.491,19,0.09010989010989011,0.17582417582417584,3,0.329
2021,2021-04-01,Kevin Padlo,0,24,121,0.298,0.388,0.596,8,0.1322314049586777,0.17355371900826447,1,0.303
2021,2021-04-01,José Godoy,0,26,325,0.285,0.33,0.413,7,0.05846153846153846,0.1753846153846154,1,0.328
2021,2021-04-01,Luis Liberato,0,25,337,0.279,0.338,0.436,8,0.09198813056379822,0.2344213649851632,3,0.342
2021,2021-04-01,Alen Hanson,0,28,156,0.275,0.344,0.449,2,0.08974358974358974,0.17307692307692307,5,0.327
2021,2021-04-01,Dillon Thomas,0,28,395,0.269,0.377,0.448,13,0.10379746835443038,0.29620253164556964,12,0.374
2021,2021-04-01,Taylor Trammell,0,23,323,0.263,0.362,0.456,12,0.1238390092879257,0.22910216718266255,8,0.313
2021,2021-04-01,Eric Filia,0,28,183,0.262,0.388,0.383,3,0.16393442622950818,0.1366120218579235,4,0.293
2021,2021-04-01,Eric Campbell,0,34,56,0.26,0.327,0.42,1,0.07142857142857142,0.30357142857142855,0,0.375
2021,2021-04-01,Sam Travis,0,27,301,0.256,0.312,0.444,11,0.07308970099667775,0.292358803986711,2,0.335
2021,2021-04-01,Brian O'Keefe,0,27,248,0.253,0.347,0.465,13,0.125,0.2903225806451613,1,0.318
2021,2021-04-01,Jack Reinheimer,0,28,366,0.242,0.311,0.33,4,0.08469945355191257,0.22950819672131148,18,0.309
2021,2021-04-01,Marcus Wilson,0,24,172,0.236,0.355,0.375,4,0.1569767441860465,0.3372093023255814,5,0.361
2021,2021-04-01,Ty Kelly,0,32,90,0.227,0.337,0.333,2,0.14444444444444443,0.16666666666666666,0,0.254
2021,2021-04-01,Jake Hager,0,28,112,0.22,0.304,0.47,6,0.09821428571428571,0.22321428571428573,4,0.232
2021,2021-04-01,Luis Torrens,0,25,85,0.219,0.318,0.521,6,0.11764705882352941,0.25882352941176473,0,0.217
2021,2021-04-01,Kennie Taylor,0,24,39,0.2,0.282,0.314,1,0.07692307692307693,0.358974358974359,0,0.3
2021,2021-04-01,Wyatt Mathisen,0,27,129,0.137,0.31,0.225,2,0.15503875968992248,0.23255813953488372,0,0.169
2021,2021-04-08,José Marmolejos,0,28,353,0.338,0.439,0.672,26,0.1529745042492918,0.1954674220963173,0,0.361
2021,2021-04-08,Jake Fraley,0,26,51,0.325,0.451,0.575,3,0.17647058823529413,0.29411764705882354,3,0.435
2021,2021-04-08,Cal Raleigh,0,24,199,0.324,0.377,0.608,9,0.07035175879396985,0.12562814070351758,3,0.327
2021,2021-04-08,Shed Long Jr.,0,25,36,0.323,0.417,0.516,1,0.1388888888888889,0.1388888888888889,0,0.36
2021,2021-04-08,Jarred Kelenic,0,21,143,0.32,0.392,0.624,9,0.1048951048951049,0.15384615384615385,6,0.323
2021,2021-04-08,Donovan Walton,0,27,334,0.304,0.395,0.519,13,0.10479041916167664,0.10778443113772455,1,0.305
2021,2021-04-08,Jantzen Witte,0,31,455,0.299,0.364,0.491,19,0.09010989010989011,0.17582417582417584,3,0.329
2021,2021-04-08,Kevin Padlo,0,24,121,0.298,0.388,0.596,8,0.1322314049586777,0.17355371900826447,1,0.303
2021,2021-04-08,José Godoy,0,26,325,0.285,0.33,0.413,7,0.05846153846153846,0.1753846153846154,1,0.328
2021,2021-04-08,Luis Liberato,0,25,337,0.279,0.338,0.436,8,0.09198813056379822,0.2344213649851632,3,0.342
2021,2021-04-08,Alen Hanson,0,28,156,0.275,0.344,0.449,2,0.08974358974358974,0.17307692307692307,5,0.327
2021,2021-04-08,Dillon Thomas,0,28,395,0.269,0.377,0.448,13,0.10379746835443038,0.29620253164556964,12,0.374
2021,2021-04-08,Taylor Trammell,0,23,323,0.263,0.362,0.456,12,0.1238390092879257,0.22910216718266255,8,0.313
2021,2021-04-08,Eric Filia,0,28,183,0.262,0.388,0.383,3,0.16393442622950818,0.1366120218579235,4,0.293
2021,2021-04-08,Eric Campbell,0,34,56,0.26,0.327,0.42,1,0.07142857142857142,0.30357142857142855,0,0.375
2021,2021-04-08,Sam Travis,0,27,301,0.256,0.312,0.444,11,0.07308970099667775,0.292358803986711,2,0.335
2021,2021-04-08,Brian O'Keefe,0,27,248,0.253,0.347,0.465,13,0.125,0.2903225806451613,1,0.318
2021,2021-04-08,Jack Reinheimer,0,28,366,0.242,0.311,0.33,4,0.08469945355191257,0.22950819672131148,18,0.309
2021,2021-04-08,Marcus Wilson,0,24,172,0.236,0.355,0.375,4,0.1569767441860465,0.3372093023255814,5,0.361
2021,2021-04-08,Ty Kelly,0,32,90,0.227,0.337,0.333,2,0.14444444444444443,0.16666666666666666,0,0.254
2021,2021-04-08,Jake Hager,0,28,112,0.22,0.304,0.47,6,0.09821428571428571,0.22321428571428573,4,0.232
2021,2021-04-08,Luis Torrens,0,25,85,0.219,0.318,0.521,6,0.11764705882352941,0.25882352941176473,0,0.217
2021,2021-04-08,Kennie Taylor,0,24,39,0.2,0.282,0.314,1,0.07692307692307693,0.358974358974359,0,0.3
2021,2021-04-08,Wyatt Mathisen,0,27,129,0.137,0.31,0.225,2,0.15503875968992248,0.23255813953488372,0,0.169
2021,2021-04-15,José Marmolejos,0,28,353,0.338,0.439,0.672,26,0.1529745042492918,0.1954674220963173,0,0.361
2021,2021-04-15,Jake Fraley,0,26,51,0.325,0.451,0.575,3,0.17647058823529413,0.29411764705882354,3,0.435
2021,2021-04-15,Cal Raleigh,0,24,199,0.324,0.377,0.608,9,0.07035175879396985,0.12562814070351758,3,0.327
2021,2021-04-15,Shed Long Jr.,0,25,36,0.323,0.417,0.516,1,0.1388888888888889,0.1388888888888889,0,0.36
2021,2021-04-15,Jarred Kelenic,0,21,143,0.32,0.392,0.624,9,0.1048951048951049,0.15384615384615385,6,0.323
2021,2021-04-15,Donovan Walton,0,27,334,0.304,0.395,0.519,13,0.10479041916167664,0.10778443113772455,1,0.305
2021,2021-04-15,Jantzen Witte,0,31,455,0.299,0.364,0.491,19,0.09010989010989011,0.17582417582417584,3,0.329
2021,2021-04-15,Kevin Padlo,0,24,121,0.298,0.388,0.596,8,0.1322314049586777,0.17355371900826447,1,0.303
2021,2021-04-15,José Godoy,0,26,325,0.285,0.33,0.413,7,0.05846153846153846,0.1753846153846154,1,0.328
2021,2021-04-15,Luis Liberato,0,25,337,0.279,0.338,0.436,8,0.09198813056379822,0.2344213649851632,3,0.342
2021,2021-04-15,Alen Hanson,0,28,156,0.275,0.344,0.449,2,0.08974358974358974,0.17307692307692307,5,0.327
2021,2021-04-15,Dillon Thomas,0,28,395,0.269,0.377,0.448,13,0.10379746835443038,0.29620253164556964,12,0.374
2021,2021-04-15,Taylor Trammell,0,23,323,0.263,0.362,0.456,12,0.1238390092879257,0.22910216718266255,8,0.313
2021,2021-04-15,Eric Filia,0,28,183,0.262,0.388,0.383,3,0.16393442622950818,0.1366120218579235,4,0.293
2021,2021-04-15,Eric Campbell,0,34,56,0.26,0.327,0.42,1,0.07142857142857142,0.30357142857142855,0,0.375
2021,2021-04-15,Sam Travis,0,27,301,0.256,0.312,0.444,11,0.07308970099667775,0.292358803986711,2,0.335
2021,2021-04-15,Brian O'Keefe,0,27,248,0.253,0.347,0.465,13,0.125,0.2903225806451613,1,0.318
2021,2021-04-15,Jack Reinheimer,0,28,366,0.242,0.311,0.33,4,0.08469945355191257,0.22950819672131148,18,0.309
2021,2021-04-15,Marcus Wilson,0,24,172,0.236,0.355,0.375,4,0.1569767441860465,0.3372093023255814,5,0.361
2021,2021-04-15,Ty Kelly,0,32,90,0.227,0.337,0.333,2,0.14444444444444443,0.16666666666666666,0,0.254
2021,2021-04-15,Jake Hager,0,28,112,0.22,0.304,0.47,6,0.09821428571428571,0.22321428571428573,4,0.232
2021,2021-04-15,Luis Torrens,0,25,85,0.219,0.318,0.521,6,0.11764705882352941,0.25882352941176473,0,0.217
2021,2021-04-15,Kennie Taylor,0,24,39,0.2,0.282,0.314,1,0.07692307692307693,0.358974358974359,0,0.3
2021,2021-04-15,Wyatt Mathisen,0,27,129,0.137,0.31,0.225,2,0.15503875968992248,0.23255813953488372,0,0.169
2021,2021-04-22,José Marmolejos,0,28,353,0.338,0.439,0.672,26,0.1529745042492918,0.1954674220963173,0,0.361
2021,2021-04-22,Jake Fraley,0,26,51,0.325,0.451,0.575,3,0.17647058823529413,0.29411764705882354,3,0.435
2021,2021-04-22,Cal Raleigh,0,24,199,0.324,0.377,0.608,9,0.07035175879396985,0.12562814070351758,3,0.327
2021,2021-04-22,Shed Long Jr.,0,25,36,0.323,0.417,0.516,1,0.1388888888888889,0.1388888888888889,0,0.36
2021,2021-04-22,Jarred Kelenic,0,21,143,0.32,0.392,0.624,9,0.1048951048951049,0.15384615384615385,6,0.323
2021,2021-04-22,Donovan Walton,0,27,334,0.304,0.395,0.519,13,0.10479041916167664,0.10778443113772455,1,0.305
2021,2021-04-22,Jantzen Witte,0,31,455,0.299,0.364,0.491,19,0.09010989010989011,0.17582417582417584,3,0.329
2021,2021-04-22,Kevin Padlo,0,24,121,0.298,0.388,0.596,8,0.1322314049586777,0.17355371900826447,1,0.303
2021,2021-04-22,José Godoy,0,26,325,0.285,0.33,0.413,7,0.05846153846153846,0.1753846153846154,1,0.328
2021,2021-04-22,Luis Liberato,0,25,337,0.279,0.338,0.436,8,0.09198813056379822,0.2344213649851632,3,0.342
2021,2021-04-22,Alen Hanson,0,28,156,0.275,0.344,0.449,2,0.08974358974358974,0.17307692307692307,5,0.327
2021,2021-04-22,Dillon Thomas,0,28,395,0.269,0.377,0.448,13,0.10379746835443038,0.29620253164556964,12,0.374
2021,2021-04-22,Taylor Trammell,0,23,323,0.263,0.362,0.456,12,0.1238390092879257,0.22910216718266255,8,0.313
2021,2021-04-22,Eric Filia,0,28,183,0.262,0.388,0.383,3,0.16393442622950818,0.1366120218579235,4,0.293
2021,2021-04-22,Eric Campbell,0,34,56,0.26,0.327,0.42,1,0.07142857142857142,0.30357142857142855,0,0.375
2021,2021-04-22,Sam Travis,0,27,301,0.256,0.312,0.444,11,0.07308970099667775,0.292358803986711,2,0.335
2021,2021-04-22,Brian O'Keefe,0,27,248,0.253,0.347,0.465,13,0.125,0.2903225806451613,1,0.318
2021,2021-04-22,Jack Reinheimer,0,28,366,0.242,0.311,0.33,4,0.08469945355191257,0.22950819672131148,18,0.309
2021,2021-04-22,Marcus Wilson,0,24,172,0.236,0.355,0.375,4,0.1569767441860465,0.3372093023255814,5,0.361
2021,2021-04-22,Ty Kelly,0,32,90,0.227,0.337,0.333,2,0.14444444444444443,0.16666666666666666,0,0.254
2021,2021-04-22,Jake Hager,0,28,112,0.22,0.304,0.47,6,0.09821428571428571,0.22321428571428573,4,0.232
2021,2021-04-22,Luis Torrens,0,25,85,0.219,0.318,0.521,6,0.11764705882352941,0.25882352941176473,0,0.217
2021,2021-04-22,Kennie Taylor,0,24,39,0.2,0.282,0.314,1,0.07692307692307693,0.358974358974359,0,0.3
2021,2021-04-22,Wyatt Mathisen,0,27,129,0.137,0.31,0.225,2,0.15503875968992248,0.23255813953488372,0,0.169
2021,2021-04-29,José Marmolejos,0,28,353,0.338,0.439,0.672,26,0.1529745042492918,0.1954674220963173,0,0.361
2021,2021-04-29,Jake Fraley,0,26,51,0.325,0.451,0.575,3,0.17647058823529413,0.29411764705882354,3,0.435
2021,2021-04-29,Cal Raleigh,0,24,199,0.324,0.377,0.608,9,0.07035175879396985,0.12562814070351758,3,0.327
2021,2021-04-29,Shed Long Jr.,0,25,36,0.323,0.417,0.516,1,0.1388888888888889,0.1388888888888889,0,0.36
2021,2021-04-29,Jarred Kelenic,0,21,143,0.32,0.392,0.624,9,0.1048951048951049,0.15384615384615385,6,0.323
2021,2021-04-29,Donovan Walton,0,27,334,0.304,0.395,0.519,13,0.10479041916167664,0.10778443113772455,1,0.305
2021,2021-04-29,Jantzen Witte,0,31,455,0.299,0.364,0.491,19,0.09010989010989011,0.17582417582417584,3,0.329
2021,2021-04-29,Kevin Padlo,0,24,121,0.298,0.388,0.596,8,0.1322314049586777,0.17355371900826447,1,0.303
2021,2021-04-29,José Godoy,0,26,325,0.285,0.33,0.413,7,0.05846153846153846,0.1753846153846154,1,0.328
2021,2021-04-29,Luis Liberato,0,25,337,0.279,0.338,0.436,8,0.09198813056379822,0.2344213649851632,3,0.342
2021,2021-04-29,Alen Hanson,0,28,156,0.275,0.344,0.449,2,0.08974358974358974,0.17307692307692307,5,0.327
2021,2021-04-29,Dillon Thomas,0,28,395,0.269,0.377,0.448,13,0.10379746835443038,0.29620253164556964,12,0.374
2021,2021-04-29,Taylor Trammell,0,23,323,0.263,0.362,0.456,12,0.1238390092879257,0.22910216718266255,8,0.313
2021,2021-04-29,Eric Filia,0,28,183,0.262,0.388,0.383,3,0.16393442622950818,0.1366120218579235,4,0.293
2021,2021-04-29,Eric Campbell,0,34,56,0.26,0.327,0.42,1,0.07142857142857142,0.30357142857142855,0,0.375
2021,2021-04-29,Sam Travis,0,27,301,0.256,0.312,0.444,11,0.07308970099667775,0.292358803986711,2,0.335
2021,2021-04-29,Brian O'Keefe,0,27,248,0.253,0.347,0.465,13,0.125,0.2903225806451613,1,0.318
2021,2021-04-29,Jack Reinheimer,0,28,366,0.242,0.311,0.33,4,0.08469945355191257,0.22950819672131148,18,0.309
2021,2021-04-29,Marcus Wilson,0,24,172,0.236,0.355,0.375,4,0.1569767441860465,0.3372093023255814,5,0.361
2021,2021-04-29,Ty Kelly,0,32,90,0.227,0.337,0.333,2,0.14444444444444443,0.16666666666666666,0,0.254
2021,2021-04-29,Jake Hager,0,28,112,0.22,0.304,0.47,6,0.09821428571428571,0.22321428571428573,4,0.232
2021,2021-04-29,Luis Torrens,0,25,85,0.219,0.318,0.521,6,0.11764705882352941,0.25882352941176473,0,0.217
2021,2021-04-29,Kennie Taylor,0,24,39,0.2,0.282,0.314,1,0.07692307692307693,0.358974358974359,0,0.3
2021,2021-04-29,Wyatt Mathisen,0,27,129,0.137,0.31,0.225,2,0.15503875968992248,0.23255813953488372,0,0.169
2021,2021-05-06,José Marmolejos,0,28,353,0.338,0.439,0.672,26,0.1529745042492918,0.1954674220963173,0,0.361
2021,2021-05-06,Jake Fraley,0,26,51,0.325,0.451,0.575,3,0.17647058823529413,0.29411764705882354,3,0.435
2021,2021-05-06,Cal Raleigh,0,24,199,0.324,0.377,0.608,9,0.07035175879396985,0.12562814070351758,3,0.327
2021,2021-05-06,Shed Long Jr.,0,25,36,0.323,0.417,0.516,1,0.1388888888888889,0.1388888888888889,0,0.36
2021,2021-05-06,Jarred Kelenic,1,21,143,0.32,0.392,0.624,9,0.1048951048951049,0.15384615384615385,6,0.323
2021,2021-05-06,Donovan Walton,0,27,334,0.304,0.395,0.519,13,0.10479041916167664,0.10778443113772455,1,0.305
2021,2021-05-06,Jantzen Witte,0,31,455,0.299,0.364,0.491,19,0.09010989010989011,0.17582417582417584,3,0.329
2021,2021-05-06,Kevin Padlo,0,24,121,0.298,0.388,0.596,8,0.1322314049586777,0.17355371900826447,1,0.303
2021,2021-05-06,José Godoy,0,26,325,0.285,0.33,0.413,7,0.05846153846153846,0.1753846153846154,1,0.328
2021,2021-05-06,Luis Liberato,0,25,337,0.279,0.338,0.436,8,0.09198813056379822,0.2344213649851632,3,0.342
2021,2021-05-06,Alen Hanson,0,28,156,0.275,0.344,0.449,2,0.08974358974358974,0.17307692307692307,5,0.327
2021,2021-05-06,Dillon Thomas,0,28,395,0.269,0.377,0.448,13,0.10379746835443038,0.29620253164556964,12,0.374
2021,2021-05-06,Taylor Trammell,0,23,323,0.263,0.362,0.456,12,0.1238390092879257,0.22910216718266255,8,0.313
2021,2021-05-06,Eric Filia,0,28,183,0.262,0.388,0.383,3,0.16393442622950818,0.1366120218579235,4,0.293
2021,2021-05-06,Eric Campbell,0,34,56,0.26,0.327,0.42,1,0.07142857142857142,0.30357142857142855,0,0.375
2021,2021-05-06,Sam Travis,0,27,301,0.256,0.312,0.444,11,0.07308970099667775,0.292358803986711,2,0.335
2021,2021-05-06,Brian O'Keefe,0,27,248,0.253,0.347,0.465,13,0.125,0.2903225806451613,1,0.318
2021,2021-05-06,Jack Reinheimer,0,28,366,0.242,0.311,0.33,4,0.08469945355191257,0.22950819672131148,18,0.309
2021,2021-05-06,Marcus Wilson,0,24,172,0.236,0.355,0.375,4,0.1569767441860465,0.3372093023255814,5,0.361
2021,2021-05-06,Ty Kelly,0,32,90,0.227,0.337,0.333,2,0.14444444444444443,0.16666666666666666,0,0.254
2021,2021-05-06,Jake Hager,0,28,112,0.22,0.304,0.47,6,0.09821428571428571,0.22321428571428573,4,0.232
2021,2021-05-06,Luis Torrens,0,25,85,0.219,0.318,0.521,6,0.11764705882352941,0.25882352941176473,0,0.217
2021,2021-05-06,Kennie Taylor,0,24,39,0.2,0.282,0.314,1,0.07692307692307693,0.358974358974359,0,0.3
2021,2021-05-06,Wyatt Mathisen,0,27,129,0.137,0.31,0.225,2,0.15503875968992248,0.23255813953488372,0,0.169
2021,2021-05-13,José Marmolejos,0,28,353,0.338,0.439,0.672,26,0.1529745042492918,0.1954674220963173,0,0.361
2021,2021-05-13,Jake Fraley,0,26,51,0.325,0.451,0.575,3,0.17647058823529413,0.29411764705882354,3,0.435
2021,2021-05-13,Cal Raleigh,0,24,199,0.324,0.377,0.608,9,0.07035175879396985,0.12562814070351758,3,0.327
2021,2021-05-13,Shed Long Jr.,0,25,36,0.323,0.417,0.516,1,0.1388888888888889,0.1388888888888889,0,0.36
2021,2021-05-13,Jarred Kelenic,0,21,143,0.32,0.392,0.624,9,0.1048951048951049,0.15384615384615385,6,0.323
2021,2021-05-13,Donovan Walton,1,27,334,0.304,0.395,0.519,13,0.10479041916167664,0.10778443113772455,1,0.305
2021,2021-05-13,Jantzen Witte,0,31,455,0.299,0.364,0.491,19,0.09010989010989011,0.17582417582417584,3,0.329
2021,2021-05-13,Kevin Padlo,0,24,121,0.298,0.388,0.596,8,0.1322314049586777,0.17355371900826447,1,0.303
2021,2021-05-13,José Godoy,0,26,325,0.285,0.33,0.413,7,0.05846153846153846,0.1753846153846154,1,0.328
2021,2021-05-13,Luis Liberato,0,25,337,0.279,0.338,0.436,8,0.09198813056379822,0.2344213649851632,3,0.342
2021,2021-05-13,Alen Hanson,0,28,156,0.275,0.344,0.449,2,0.08974358974358974,0.17307692307692307,5,0.327
2021,2021-05-13,Dillon Thomas,0,28,395,0.269,0.377,0.448,13,0.10379746835443038,0.29620253164556964,12,0.374
2021,2021-05-13,Taylor Trammell,0,23,323,0.263,0.362,0.456,12,0.1238390092879257,0.22910216718266255,8,0.313
2021,2021-05-13,Eric Filia,0,28,183,0.262,0.388,0.383,3,0.16393442622950818,0.1366120218579235,4,0.293
2021,2021-05-13,Eric Campbell,0,34,56,0.26,0.327,0.42,1,0.07142857142857142,0.30357142857142855,0,0.375
2021,2021-05-13,Sam Travis,0,27,301,0.256,0.312,0.444,11,0.07308970099667775,0.292358803986711,2,0.335
2021,2021-05-13,Brian O'Keefe,0,27,248,0.253,0.347,0.465,13,0.125,0.2903225806451613,1,0.318
2021,2021-05-13,Jack Reinheimer,0,28,366,0.242,0.311,0.33,4,0.08469945355191257,0.22950819672131148,18,0.309
2021,2021-05-13,Marcus Wilson,0,24,172,0.236,0.355,0.375,4,0.1569767441860465,0.3372093023255814,5,0.361
2021,2021-05-13,Ty Kelly,0,32,90,0.227,0.337,0.333,2,0.14444444444444443,0.16666666666666666,0,0.254
2021,2021-05-13,Jake Hager,0,28,112,0.22,0.304,0.47,6,0.09821428571428571,0.22321428571428573,4,0.232
2021,2021-05-13,Luis Torrens,0,25,85,0.219,0.318,0.521,6,0.11764705882352941,0.25882352941176473,0,0.217
2021,2021-05-13,Kennie Taylor,0,24,39,0.2,0.282,0.314,1,0.07692307692307693,0.358974358974359,0,0.3
2021,2021-05-13,Wyatt Mathisen,0,27,129,0.137,0.31,0.225,2,0.15503875968992248,0.23255813953488372,0,0.169
2021,2021-05-20,José Marmolejos,0,28,353,0.338,0.439,0.672,26,0.1529745042492918,0.1954674220963173,0,0.361
2021,2021-05-20,Jake Fraley,0,26,51,0.325,0.451,0.575,3,0.17647058823529413,0.29411764705882354,3,0.435
2021,2021-05-20,Cal Raleigh,0,24,199,0.324,0.377,0.608,9,0.07035175879396985,0.12562814070351758,3,0.327
2021,2021-05-20,Shed Long Jr.,0,25,36,0.323,0.417,0.516,1,0.1388888888888889,0.1388888888888889,0,0.36
2021,2021-05-20,Jarred Kelenic,0,21,143,0.32,0.392,0.624,9,0.1048951048951049,0.15384615384615385,6,0.323
2021,2021-05-20,Donovan Walton,0,27,334,0.304,0.395,0.519,13,0.10479041916167664,0.10778443113772455,1,0.305
2021,2021-05-20,Jantzen Witte,0,31,455,0.299,0.364,0.491,19,0.09010989010989011,0.17582417582417584,3,0.329
2021,2021-05-20,Kevin Padlo,0,24,121,0.298,0.388,0.596,8,0.1322314049586777,0.17355371900826447,1,0.303
2021,2021-05-20,José Godoy,0,26,325,0.285,0.33,0.413,7,0.05846153846153846,0.1753846153846154,1,0.328
2021,2021-05-20,Luis Liberato,0,25,337,0.279,0.338,0.436,8,0.09198813056379822,0.2344213649851632,3,0.342
2021,2021-05-20,Alen Hanson,0,28,156,0.275,0.344,0.449,2,0.08974358974358974,0.17307692307692307,5,0.327
2021,2021-05-20,Dillon Thomas,0,28,395,0.269,0.377,0.448,13,0.10379746835443038,0.29620253164556964,12,0.374
2021,2021-05-20,Taylor Trammell,0,23,323,0.263,0.362,0.456,12,0.1238390092879257,0.22910216718266255,8,0.313
2021,2021-05-20,Eric Filia,0,28,183,0.262,0.388,0.383,3,0.16393442622950818,0.1366120218579235,4,0.293
2021,2021-05-20,Eric Campbell,1,34,56,0.26,0.327,0.42,1,0.07142857142857142,0.30357142857142855,0,0.375
2021,2021-05-20,Sam Travis,0,27,301,0.256,0.312,0.444,11,0.07308970099667775,0.292358803986711,2,0.335
2021,2021-05-20,Brian O'Keefe,0,27,248,0.253,0.347,0.465,13,0.125,0.2903225806451613,1,0.318
2021,2021-05-20,Jack Reinheimer,0,28,366,0.242,0.311,0.33,4,0.08469945355191257,0.22950819672131148,18,0.309
2021,2021-05-20,Marcus Wilson,0,24,172,0.236,0.355,0.375,4,0.1569767441860465,0.3372093023255814,5,0.361
2021,2021-05-20,Ty Kelly,0,32,90,0.227,0.337,0.333,2,0.14444444444444443,0.16666666666666666,0,0.254
2021,2021-05-20,Jake Hager,0,28,112,0.22,0.304,0.47,6,0.09821428571428571,0.22321428571428573,4,0.232
2021,2021-05-20,Luis Torrens,0,25,85,0.219,0.318,0.521,6,0.11764705882352941,0.25882352941176473,0,0.217
2021,2021-05-20,Kennie Taylor,0,24,39,0.2,0.282,0.314,1,0.07692307692307693,0.358974358974359,0,0.3
2021,2021-05-20,Wyatt Mathisen,0,27,129,0.137,0.31,0.225,2,0.15503875968992248,0.23255813953488372,0,0.169
2021,2021-05-27,José Marmolejos,0,28,353,0.338,0.439,0.672,26,0.1529745042492918,0.1954674220963173,0,0.361
2021,2021-05-27,Jake Fraley,0,26,51,0.325,0.451,0.575,3,0.17647058823529413,0.29411764705882354,3,0.435
2021,2021-05-27,Cal Raleigh,0,24,199,0.324,0.377,0.608,9,0.07035175879396985,0.12562814070351758,3,0.327
2021,2021-05-27,Shed Long Jr.,0,25,36,0.323,0.417,0.516,1,0.1388888888888889,0.1388888888888889,0,0.36
2021,2021-05-27,Jarred Kelenic,0,21,143,0.32,0.392,0.624,9,0.1048951048951049,0.15384615384615385,6,0.323
2021,2021-05-27,Donovan Walton,0,27,334,0.304,0.395,0.519,13,0.10479041916167664,0.10778443113772455,1,0.305
2021,2021-05-27,Jantzen Witte,0,31,455,0.299,0.364,0.491,19,0.09010989010989011,0.17582417582417584,3,0.329
2021,2021-05-27,Kevin Padlo,0,24,121,0.298,0.388,0.596,8,0.1322314049586777,0.17355371900826447,1,0.303
2021,2021-05-27,José Godoy,0,26,325,0.285,0.33,0.413,7,0.05846153846153846,0.1753846153846154,1,0.328
2021,2021-05-27,Luis Liberato,0,25,337,0.279,0.338,0.436,8,0.09198813056379822,0.2344213649851632,3,0.342
2021,2021-05-27,Alen Hanson,0,28,156,0.275,0.344,0.449,2,0.08974358974358974,0.17307692307692307,5,0.327
2021,2021-05-27,Dillon Thomas,0,28,395,0.269,0.377,0.448,13,0.10379746835443038,0.29620253164556964,12,0.374
2021,2021-05-27,Taylor Trammell,1,23,323,0.263,0.362,0.456,12,0.1238390092879257,0.22910216718266255,8,0.313
2021,2021-05-27,Eric Filia,0,28,183,0.262,0.388,0.383,3,0.16393442622950818,0.1366120218579235,4,0.293
2021,2021-05-27,Eric Campbell,0,34,56,0.26,0.327,0.42,1,0.07142857142857142,0.30357142857142855,0,0.375
2021,2021-05-27,Sam Travis,0,27,301,0.256,0.312,0.444,11,0.07308970099667775,0.292358803986711,2,0.335
2021,2021-05-27,Brian O'Keefe,0,27,248,0.253,0.347,0.465,13,0.125,0.2903225806451613,1,0.318
2021,2021-05-27,Jack Reinheimer,0,28,366,0.242,0.311,0.33,4,0.08469945355191257,0.22950819672131148,18,0.309
2021,2021-05-27,Marcus Wilson,0,24,172,0.236,0.355,0.375,4,0.1569767441860465,0.3372093023255814,5,0.361
2021,2021-05-27,Ty Kelly,0,32,90,0.227,0.337,0.333,2,0.14444444444444443,0.16666666666666666,0,0.254
2021,2021-05-27,Jake Hager,0,28,112,0.22,0.304,0.47,6,0.09821428571428571,0.22321428571428573,4,0.232
2021,2021-05-27,Luis Torrens,0,25,85,0.219,0.318,0.521,6,0.11764705882352941,0.25882352941176473,0,0.217
2021,2021-05-27,Kennie Taylor,0,24,39,0.2,0.282,0.314,1,0.07692307692307693,0.358974358974359,0,0.3
2021,2021-05-27,Wyatt Mathisen,0,27,129,0.137,0.31,0.225,2,0.15503875968992248,0.23255813953488372,0,0.169
2021,2021-06-03,José Marmolejos,0,28,353,0.338,0.439,0.672,26,0.1529745042492918,0.1954674220963173,0,0.361
2021,2021-06-03,Jake Fraley,0,26,51,0.325,0.451,0.575,3,0.17647058823529413,0.29411764705882354,3,0.435
2021,2021-06-03,Cal Raleigh,0,24,199,0.324,0.377,0.608,9,0.07035175879396985,0.12562814070351758,3,0.327
2021,2021-06-03,Shed Long Jr.,0,25,36,0.323,0.417,0.516,1,0.1388888888888889,0.1388888888888889,0,0.36
2021,2021-06-03,Jarred Kelenic,0,21,143,0.32,0.392,0.624,9,0.1048951048951049,0.15384615384615385,6,0.323
2021,2021-06-03,Donovan Walton,0,27,334,0.304,0.395,0.519,13,0.10479041916167664,0.10778443113772455,1,0.305
2021,2021-06-03,Jantzen Witte,0,31,455,0.299,0.364,0.491,19,0.09010989010989011,0.17582417582417584,3,0.329
2021,2021-06-03,Kevin Padlo,0,24,121,0.298,0.388,0.596,8,0.1322314049586777,0.17355371900826447,1,0.303
2021,2021-06-03,José Godoy,0,26,325,0.285,0.33,0.413,7,0.05846153846153846,0.1753846153846154,1,0.328
2021,2021-06-03,Luis Liberato,0,25,337,0.279,0.338,0.436,8,0.09198813056379822,0.2344213649851632,3,0.342
2021,2021-06-03,Alen Hanson,0,28,156,0.275,0.344,0.449,2,0.08974358974358974,0.17307692307692307,5,0.327
2021,2021-06-03,Dillon Thomas,1,28,395,0.269,0.377,0.448,13,0.10379746835443038,0.29620253164556964,12,0.374
2021,2021-06-03,Taylor Trammell,0,23,323,0.263,0.362,0.456,12,0.1238390092879257,0.22910216718266255,8,0.313
2021,2021-06-03,Eric Filia,0,28,183,0.262,0.388,0.383,3,0.16393442622950818,0.1366120218579235,4,0.293
2021,2021-06-03,Eric Campbell,0,34,56,0.26,0.327,0.42,1,0.07142857142857142,0.30357142857142855,0,0.375
2021,2021-06-03,Sam Travis,0,27,301,0.256,0.312,0.444,11,0.07308970099667775,0.292358803986711,2,0.335
2021,2021-06-03,Brian O'Keefe,0,27,248,0.253,0.347,0.465,13,0.125,0.2903225806451613,1,0.318
2021,2021-06-03,Jack Reinheimer,0,28,366,0.242,0.311,0.33,4,0.08469945355191257,0.22950819672131148,18,0.309
2021,2021-06-03,Marcus Wilson,0,24,172,0.236,0.355,0.375,4,0.1569767441860465,0.3372093023255814,5,0.361
2021,2021-06-03,Ty Kelly,0,32,90,0.227,0.337,0.333,2,0.14444444444444443,0.16666666666666666,0,0.254
2021,2021-06-03,Jake Hager,0,28,112,0.22,0.304,0.47,6,0.09821428571428571,0.22321428571428573,4,0.232
2021,2021-06-03,Luis Torrens,0,25,85,0.219,0.318,0.521,6,0.11764705882352941,0.25882352941176473,0,0.217
2021,2021-06-03,Kennie Taylor,0,24,39,0.2,0.282,0.314,1,0.07692307692307693,0.358974358974359,0,0.3
2021,2021-06-03,Wyatt Mathisen,0,27,129,0.137,0.31,0.225,2,0.15503875968992248,0.23255813953488372,0,0.169
2021,2021-06-10,José Marmolejos,0,28,353,0.338,0.439,0.672,26,0.1529745042492918,0.1954674220963173,0,0.361
2021,2021-06-10,Jake Fraley,0,26,51,0.325,0.451,0.575,3,0.17647058823529413,0.29411764705882354,3,0.435
2021,2021-06-10,Cal Raleigh,0,24,199,0.324,0.377,0.608,9,0.07035175879396985,0.12562814070351758,3,0.327
2021,2021-06-10,Shed Long Jr.,0,25,36,0.323,0.417,0.516,1,0.1388888888888889,0.1388888888888889,0,0.36
2021,2021-06-10,Jarred Kelenic,0,21,143,0.32,0.392,0.624,9,0.1048951048951049,0.15384615384615385,6,0.323
2021,2021-06-10,Donovan Walton,0,27,334,0.304,0.395,0.519,13,0.10479041916167664,0.10778443113772455,1,0.305
2021,2021-06-10,Jantzen Witte,0,31,455,0.299,0.364,0.491,19,0.09010989010989011,0.17582417582417584,3,0.329
2021,2021-06-10,Kevin Padlo,0,24,121,0.298,0.388,0.596,8,0.1322314049586777,0.17355371900826447,1,0.303
2021,2021-06-10,José Godoy,0,26,325,0.285,0.33,0.413,7,0.05846153846153846,0.1753846153846154,1,0.328
2021,2021-06-10,Luis Liberato,0,25,337,0.279,0.338,0.436,8,0.09198813056379822,0.2344213649851632,3,0.342
2021,2021-06-10,Alen Hanson,0,28,156,0.275,0.344,0.449,2,0.08974358974358974,0.17307692307692307,5,0.327
2021,2021-06-10,Dillon Thomas,0,28,395,0.269,0.377,0.448,13,0.10379746835443038,0.29620253164556964,12,0.374
2021,2021-06-10,Taylor Trammell,0,23,323,0.263,0.362,0.456,12,0.1238390092879257,0.22910216718266255,8,0.313
2021,2021-06-10,Eric Filia,0,28,183,0.262,0.388,0.383,3,0.16393442622950818,0.1366120218579235,4,0.293
2021,2021-06-10,Eric Campbell,0,34,56,0.26,0.327,0.42,1,0.07142857142857142,0.30357142857142855,0,0.375
2021,2021-06-10,Sam Travis,0,27,301,0.256,0.312,0.444,11,0.07308970099667775,0.292358803986711,2,0.335
2021,2021-06-10,Brian O'Keefe,0,27,248,0.253,0.347,0.465,13,0.125,0.2903225806451613,1,0.318
2021,2021-06-10,Jack Reinheimer,0,28,366,0.242,0.311,0.33,4,0.08469945355191257,0.22950819672131148,18,0.309
2021,2021-06-10,Marcus Wilson,0,24,172,0.236,0.355,0.375,4,0.1569767441860465,0.3372093023255814,5,0.361
2021,2021-06-10,Ty Kelly,0,32,90,0.227,0.337,0.333,2,0.14444444444444443,0.16666666666666666,0,0.254
2021,2021-06-10,Jake Hager,0,28,112,0.22,0.304,0.47,6,0.09821428571428571,0.22321428571428573,4,0.232
2021,2021-06-10,Luis Torrens,1,25,85,0.219,0.318,0.521,6,0.11764705882352941,0.25882352941176473,0,0.217
2021,2021-06-10,Kennie Taylor,0,24,39,0.2,0.282,0.314,1,0.07692307692307693,0.358974358974359,0,0.3
2021,2021-06-10,Wyatt Mathisen,0,27,129,0.137,0.31,0.225,2,0.15503875968992248,0.23255813953488372,0,0.169
2021,2021-06-17,José Marmolejos,0,28,353,0.338,0.439,0.672,26,0.1529745042492918,0.1954674220963173,0,0.361
2021,2021-06-17,Jake Fraley,0,26,51,0.325,0.451,0.575,3,0.17647058823529413,0.29411764705882354,3,0.435
2021,2021-06-17,Cal Raleigh,0,24,199,0.324,0.377,0.608,9,0.07035175879396985,0.12562814070351758,3,0.327
2021,2021-06-17,Shed Long Jr.,0,25,36,0.323,0.417,0.516,1,0.1388888888888889,0.1388888888888889,0,0.36
2021,2021-06-17,Jarred Kelenic,0,21,143,0.32,0.392,0.624,9,0.1048951048951049,0.15384615384615385,6,0.323
2021,2021-06-17,Donovan Walton,1,27,334,0.304,0.395,0.519,13,0.10479041916167664,0.10778443113772455,1,0.305
2021,2021-06-17,Jantzen Witte,0,31,455,0.299,0.364,0.491,19,0.09010989010989011,0.17582417582417584,3,0.329
2021,2021-06-17,Kevin Padlo,0,24,121,0.298,0.388,0.596,8,0.1322314049586777,0.17355371900826447,1,0.303
2021,2021-06-17,José Godoy,0,26,325,0.285,0.33,0.413,7,0.05846153846153846,0.1753846153846154,1,0.328
2021,2021-06-17,Luis Liberato,0,25,337,0.279,0.338,0.436,8,0.09198813056379822,0.2344213649851632,3,0.342
2021,2021-06-17,Alen Hanson,0,28,156,0.275,0.344,0.449,2,0.08974358974358974,0.17307692307692307,5,0.327
2021,2021-06-17,Dillon Thomas,0,28,395,0.269,0.377,0.448,13,0.10379746835443038,0.29620253164556964,12,0.374
2021,2021-06-17,Taylor Trammell,0,23,323,0.263,0.362,0.456,12,0.1238390092879257,0.22910216718266255,8,0.313
2021,2021-06-17,Eric Filia,0,28,183,0.262,0.388,0.383,3,0.16393442622950818,0.1366120218579235,4,0.293
2021,2021-06-17,Eric Campbell,0,34,56,0.26,0.327,0.42,1,0.07142857142857142,0.30357142857142855,0,0.375
2021,2021-06-17,Sam Travis,0,27,301,0.256,0.312,0.444,11,0.07308970099667775,0.292358803986711,2,0.335
2021,2021-06-17,Brian O'Keefe,0,27,248,0.253,0.347,0.465,13,0.125,0.2903225806451613,1,0.318
2021,2021-06-17,Jack Reinheimer,0,28,366,0.242,0.311,0.33,4,0.08469945355191257,0.22950819672131148,18,0.309
2021,2021-06-17,Marcus Wilson,0,24,172,0.236,0.355,0.375,4,0.1569767441860465,0.3372093023255814,5,0.361
2021,2021-06-17,Ty Kelly,0,32,90,0.227,0.337,0.333,2,0.14444444444444443,0.16666666666666666,0,0.254
2021,2021-06-17,Jake Hager,0,28,112,0.22,0.304,0.47,6,0.09821428571428571,0.22321428571428573,4,0.232
2021,2021-06-17,Luis Torrens,0,25,85,0.219,0.318,0.521,6,0.11764705882352941,0.25882352941176473,0,0.217
2021,2021-06-17,Kennie Taylor,0,24,39,0.2,0.282,0.314,1,0.07692307692307693,0.358974358974359,0,0.3
2021,2021-06-17,Wyatt Mathisen,0,27,129,0.137,0.31,0.225,2,0.15503875968992248,0.23255813953488372,0,0.169
2021,2021-06-24,José Marmolejos,0,28,353,0.338,0.439,0.672,26,0.1529745042492918,0.1954674220963173,0,0.361
2021,2021-06-24,Jake Fraley,0,26,51,0.325,0.451,0.575,3,0.17647058823529413,0.29411764705882354,3,0.435
2021,2021-06-24,Cal Raleigh,0,24,199,0.324,0.377,0.608,9,0.07035175879396985,0.12562814070351758,3,0.327
2021,2021-06-24,Shed Long Jr.,0,25,36,0.323,0.417,0.516,1,0.1388888888888889,0.1388888888888889,0,0.36
2021,2021-06-24,Jarred Kelenic,0,21,143,0.32,0.392,0.624,9,0.1048951048951049,0.15384615384615385,6,0.323
2021,2021-06-24,Donovan Walton,0,27,334,0.304,0.395,0.519,13,0.10479041916167664,0.10778443113772455,1,0.305
2021,2021-06-24,Jantzen Witte,0,31,455,0.299,0.364,0.491,19,0.09010989010989011,0.17582417582417584,3,0.329
2021,2021-06-24,Kevin Padlo,0,24,121,0.298,0.388,0.596,8,0.1322314049586777,0.17355371900826447,1,0.303
2021,2021-06-24,José Godoy,0,26,325,0.285,0.33,0.413,7,0.05846153846153846,0.1753846153846154,1,0.328
2021,2021-06-24,Luis Liberato,0,25,337,0.279,0.338,0.436,8,0.09198813056379822,0.2344213649851632,3,0.342
2021,2021-06-24,Alen Hanson,0,28,156,0.275,0.344,0.449,2,0.08974358974358974,0.17307692307692307,5,0.327
2021,2021-06-24,Dillon Thomas,0,28,395,0.269,0.377,0.448,13,0.10379746835443038,0.29620253164556964,12,0.374
2021,2021-06-24,Taylor Trammell,0,23,323,0.263,0.362,0.456,12,0.1238390092879257,0.22910216718266255,8,0.313
2021,2021-06-24,Eric Filia,0,28,183,0.262,0.388,0.383,3,0.16393442622950818,0.1366120218579235,4,0.293
2021,2021-06-24,Eric Campbell,0,34,56,0.26,0.327,0.42,1,0.07142857142857142,0.30357142857142855,0,0.375
2021,2021-06-24,Sam Travis,0,27,301,0.256,0.312,0.444,11,0.07308970099667775,0.292358803986711,2,0.335
2021,2021-06-24,Brian O'Keefe,0,27,248,0.253,0.347,0.465,13,0.125,0.2903225806451613,1,0.318
2021,2021-06-24,Jack Reinheimer,0,28,366,0.242,0.311,0.33,4,0.08469945355191257,0.22950819672131148,18,0.309
2021,2021-06-24,Marcus Wilson,0,24,172,0.236,0.355,0.375,4,0.1569767441860465,0.3372093023255814,5,0.361
2021,2021-06-24,Ty Kelly,0,32,90,0.227,0.337,0.333,2,0.14444444444444443,0.16666666666666666,0,0.254
2021,2021-06-24,Jake Hager,0,28,112,0.22,0.304,0.47,6,0.09821428571428571,0.22321428571428573,4,0.232
2021,2021-06-24,Luis Torrens,0,25,85,0.219,0.318,0.521,6,0.11764705882352941,0.25882352941176473,0,0.217
2021,2021-06-24,Kennie Taylor,0,24,39,0.2,0.282,0.314,1,0.07692307692307693,0.358974358974359,0,0.3
2021,2021-06-24,Wyatt Mathisen,0,27,129,0.137,0.31,0.225,2,0.15503875968992248,0.23255813953488372,0,0.169
2021,2021-07-01,José Marmolejos,0,28,353,0.338,0.439,0.672,26,0.1529745042492918,0.1954674220963173,0,0.361
2021,2021-07-01,Jake Fraley,0,26,51,0.325,0.451,0.575,3,0.17647058823529413,0.29411764705882354,3,0.435
2021,2021-07-01,Cal Raleigh,0,24,199,0.324,0.377,0.608,9,0.07035175879396985,0.12562814070351758,3,0.327
2021,2021-07-01,Shed Long Jr.,0,25,36,0.323,0.417,0.516,1,0.1388888888888889,0.1388888888888889,0,0.36
2021,2021-07-01,Jarred Kelenic,0,21,143,0.32,0.392,0.624,9,0.1048951048951049,0.15384615384615385,6,0.323
2021,2021-07-01,Donovan Walton,0,27,334,0.304,0.395,0.519,13,0.10479041916167664,0.10778443113772455,1,0.305
2021,2021-07-01,Jantzen Witte,0,31,455,0.299,0.364,0.491,19,0.09010989010989011,0.17582417582417584,3,0.329
2021,2021-07-01,Kevin Padlo,0,24,121,0.298,0.388,0.596,8,0.1322314049586777,0.17355371900826447,1,0.303
2021,2021-07-01,José Godoy,0,26,325,0.285,0.33,0.413,7,0.05846153846153846,0.1753846153846154,1,0.328
2021,2021-07-01,Luis Liberato,0,25,337,0.279,0.338,0.436,8,0.09198813056379822,0.2344213649851632,3,0.342
2021,2021-07-01,Alen Hanson,0,28,156,0.275,0.344,0.449,2,0.08974358974358974,0.17307692307692307,5,0.327
2021,2021-07-01,Dillon Thomas,0,28,395,0.269,0.377,0.448,13,0.10379746835443038,0.29620253164556964,12,0.374
2021,2021-07-01,Taylor Trammell,0,23,323,0.263,0.362,0.456,12,0.1238390092879257,0.22910216718266255,8,0.313
2021,2021-07-01,Eric Filia,0,28,183,0.262,0.388,0.383,3,0.16393442622950818,0.1366120218579235,4,0.293
2021,2021-07-01,Eric Campbell,0,34,56,0.26,0.327,0.42,1,0.07142857142857142,0.30357142857142855,0,0.375
2021,2021-07-01,Sam Travis,0,27,301,0.256,0.312,0.444,11,0.07308970099667775,0.292358803986711,2,0.335
2021,2021-07-01,Brian O'Keefe,0,27,248,0.253,0.347,0.465,13,0.125,0.2903225806451613,1,0.318
2021,2021-07-01,Jack Reinheimer,0,28,366,0.242,0.311,0.33,4,0.08469945355191257,0.22950819672131148,18,0.309
2021,2021-07-01,Marcus Wilson,0,24,172,0.236,0.355,0.375,4,0.1569767441860465,0.3372093023255814,5,0.361
2021,2021-07-01,Ty Kelly,0,32,90,0.227,0.337,0.333,2,0.14444444444444443,0.16666666666666666,0,0.254
2021,2021-07-01,Jake Hager,0,28,112,0.22,0.304,0.47,6,0.09821428571428571,0.22321428571428573,4,0.232
2021,2021-07-01,Luis Torrens,0,25,85,0.219,0.318,0.521,6,0.11764705882352941,0.25882352941176473,0,0.217
2021,2021-07-01,Kennie Taylor,0,24,39,0.2,0.282,0.314,1,0.07692307692307693,0.358974358974359,0,0.3
2021,2021-07-01,Wyatt Mathisen,0,27,129,0.137,0.31,0.225,2,0.15503875968992248,0.23255813953488372,0,0.169
2021,2021-07-08,José Marmolejos,0,28,353,0.338,0.439,0.672,26,0.1529745042492918,0.1954674220963173,0,0.361
2021,2021-07-08,Jake Fraley,0,26,51,0.325,0.451,0.575,3,0.17647058823529413,0.29411764705882354,3,0.435
2021,2021-07-08,Cal Raleigh,1,24,199,0.324,0.377,0.608,9,0.07035175879396985,0.12562814070351758,3,0.327
2021,2021-07-08,Shed Long Jr.,0,25,36,0.323,0.417,0.516,1,0.1388888888888889,0.1388888888888889,0,0.36
2021,2021-07-08,Jarred Kelenic,0,21,143,0.32,0.392,0.624,9,0.1048951048951049,0.15384615384615385,6,0.323
2021,2021-07-08,Donovan Walton,1,27,334,0.304,0.395,0.519,13,0.10479041916167664,0.10778443113772455,1,0.305
2021,2021-07-08,Jantzen Witte,0,31,455,0.299,0.364,0.491,19,0.09010989010989011,0.17582417582417584,3,0.329
2021,2021-07-08,Kevin Padlo,0,24,121,0.298,0.388,0.596,8,0.1322314049586777,0.17355371900826447,1,0.303
2021,2021-07-08,José Godoy,0,26,325,0.285,0.33,0.413,7,0.05846153846153846,0.1753846153846154,1,0.328
2021,2021-07-08,Luis Liberato,0,25,337,0.279,0.338,0.436,8,0.09198813056379822,0.2344213649851632,3,0.342
2021,2021-07-08,Alen Hanson,0,28,156,0.275,0.344,0.449,2,0.08974358974358974,0.17307692307692307,5,0.327
2021,2021-07-08,Dillon Thomas,0,28,395,0.269,0.377,0.448,13,0.10379746835443038,0.29620253164556964,12,0.374
2021,2021-07-08,Taylor Trammell,0,23,323,0.263,0.362,0.456,12,0.1238390092879257,0.22910216718266255,8,0.313
2021,2021-07-08,Eric Filia,0,28,183,0.262,0.388,0.383,3,0.16393442622950818,0.1366120218579235,4,0.293
2021,2021-07-08,Eric Campbell,0,34,56,0.26,0.327,0.42,1,0.07142857142857142,0.30357142857142855,0,0.375
2021,2021-07-08,Sam Travis,0,27,301,0.256,0.312,0.444,11,0.07308970099667775,0.292358803986711,2,0.335
2021,2021-07-08,Brian O'Keefe,0,27,248,0.253,0.347,0.465,13,0.125,0.2903225806451613,1,0.318
2021,2021-07-08,Jack Reinheimer,0,28,366,0.242,0.311,0.33,4,0.08469945355191257,0.22950819672131148,18,0.309
2021,2021-07-08,Marcus Wilson,0,24,172,0.236,0.355,0.375,4,0.1569767441860465,0.3372093023255814,5,0.361
2021,2021-07-08,Ty Kelly,0,32,90,0.227,0.337,0.333,2,0.14444444444444443,0.16666666666666666,0,0.254
2021,2021-07-08,Jake Hager,0,28,112,0.22,0.304,0.47,6,0.09821428571428571,0.22321428571428573,4,0.232
2021,2021-07-08,Luis Torrens,0,25,85,0.219,0.318,0.521,6,0.11764705882352941,0.25882352941176473,0,0.217
2021,2021-07-08,Kennie Taylor,0,24,39,0.2,0.282,0.314,1,0.07692307692307693,0.358974358974359,0,0.3
2021,2021-07-08,Wyatt Mathisen,0,27,129,0.137,0.31,0.225,2,0.15503875968992248,0.23255813953488372,0,0.169
2021,2021-07-15,José Marmolejos,0,28,353,0.338,0.439,0.672,26,0.1529745042492918,0.1954674220963173,0,0.361
2021,2021-07-15,Jake Fraley,0,26,51,0.325,0.451,0.575,3,0.17647058823529413,0.29411764705882354,3,0.435
2021,2021-07-15,Cal Raleigh,0,24,199,0.324,0.377,0.608,9,0.07035175879396985,0.12562814070351758,3,0.327
2021,2021-07-15,Shed Long Jr.,0,25,36,0.323,0.417,0.516,1,0.1388888888888889,0.1388888888888889,0,0.36
2021,2021-07-15,Jarred Kelenic,0,21,143,0.32,0.392,0.624,9,0.1048951048951049,0.15384615384615385,6,0.323
2021,2021-07-15,Donovan Walton,1,27,334,0.304,0.395,0.519,13,0.10479041916167664,0.10778443113772455,1,0.305
2021,2021-07-15,Jantzen Witte,0,31,455,0.299,0.364,0.491,19,0.09010989010989011,0.17582417582417584,3,0.329
2021,2021-07-15,Kevin Padlo,0,24,121,0.298,0.388,0.596,8,0.1322314049586777,0.17355371900826447,1,0.303
2021,2021-07-15,José Godoy,0,26,325,0.285,0.33,0.413,7,0.05846153846153846,0.1753846153846154,1,0.328
2021,2021-07-15,Luis Liberato,0,25,337,0.279,0.338,0.436,8,0.09198813056379822,0.2344213649851632,3,0.342
2021,2021-07-15,Alen Hanson,0,28,156,0.275,0.344,0.449,2,0.08974358974358974,0.17307692307692307,5,0.327
2021,2021-07-15,Dillon Thomas,1,28,395,0.269,0.377,0.448,13,0.10379746835443038,0.29620253164556964,12,0.374
2021,2021-07-15,Taylor Trammell,0,23,323,0.263,0.362,0.456,12,0.1238390092879257,0.22910216718266255,8,0.313
2021,2021-07-15,Eric Filia,0,28,183,0.262,0.388,0.383,3,0.16393442622950818,0.1366120218579235,4,0.293
2021,2021-07-15,Eric Campbell,0,34,56,0.26,0.327,0.42,1,0.07142857142857142,0.30357142857142855,0,0.375
2021,2021-07-15,Sam Travis,0,27,301,0.256,0.312,0.444,11,0.07308970099667775,0.292358803986711,2,0.335
2021,2021-07-15,Brian O'Keefe,0,27,248,0.253,0.347,0.465,13,0.125,0.2903225806451613,1,0.318
2021,2021-07-15,Jack Reinheimer,0,28,366,0.242,0.311,0.33,4,0.08469945355191257,0.22950819672131148,18,0.309
2021,2021-07-15,Marcus Wilson,0,24,172,0.236,0.355,0.375,4,0.1569767441860465,0.3372093023255814,5,0.361
2021,2021-07-15,Ty Kelly,0,32,90,0.227,0.337,0.333,2,0.14444444444444443,0.16666666666666666,0,0.254
2021,2021-07-15,Jake Hager,0,28,112,0.22,0.304,0.47,6,0.09821428571428571,0.22321428571428573,4,0.232
2021,2021-07-15,Luis Torrens,0,25,85,0.219,0.318,0.521,6,0.11764705882352941,0.25882352941176473,0,0.217
2021,2021-07-15,Kennie Taylor,0,24,39,0.2,0.282,0.314,1,0.07692307692307693,0.358974358974359,0,0.3
2021,2021-07-15,Wyatt Mathisen,0,27,129,0.137,0.31,0.225,2,0.15503875968992248,0.23255813953488372,0,0.169
2021,2021-07-22,José Marmolejos,0,28,353,0.338,0.439,0.672,26,0.1529745042492918,0.1954674220963173,0,0.361
2021,2021-07-22,Jake Fraley,0,26,51,0.325,0.451,0.575,3,0.17647058823529413,0.29411764705882354,3,0.435
2021,2021-07-22,Cal Raleigh,0,24,199,0.324,0.377,0.608,9,0.07035175879396985,0.12562814070351758,3,0.327
2021,2021-07-22,Shed Long Jr.,0,25,36,0.323,0.417,0.516,1,0.1388888888888889,0.1388888888888889,0,0.36
2021,2021-07-22,Jarred Kelenic,0,21,143,0.32,0.392,0.624,9,0.1048951048951049,0.15384615384615385,6,0.323
2021,2021-07-22,Donovan Walton,0,27,334,0.304,0.395,0.519,13,0.10479041916167664,0.10778443113772455,1,0.305
2021,2021-07-22,Jantzen Witte,0,31,455,0.299,0.364,0.491,19,0.09010989010989011,0.17582417582417584,3,0.329
2021,2021-07-22,Kevin Padlo,0,24,121,0.298,0.388,0.596,8,0.1322314049586777,0.17355371900826447,1,0.303
2021,2021-07-22,José Godoy,0,26,325,0.285,0.33,0.413,7,0.05846153846153846,0.1753846153846154,1,0.328
2021,2021-07-22,Luis Liberato,0,25,337,0.279,0.338,0.436,8,0.09198813056379822,0.2344213649851632,3,0.342
2021,2021-07-22,Alen Hanson,0,28,156,0.275,0.344,0.449,2,0.08974358974358974,0.17307692307692307,5,0.327
2021,2021-07-22,Dillon Thomas,0,28,395,0.269,0.377,0.448,13,0.10379746835443038,0.29620253164556964,12,0.374
2021,2021-07-22,Taylor Trammell,0,23,323,0.263,0.362,0.456,12,0.1238390092879257,0.22910216718266255,8,0.313
2021,2021-07-22,Eric Filia,0,28,183,0.262,0.388,0.383,3,0.16393442622950818,0.1366120218579235,4,0.293
2021,2021-07-22,Eric Campbell,0,34,56,0.26,0.327,0.42,1,0.07142857142857142,0.30357142857142855,0,0.375
2021,2021-07-22,Sam Travis,0,27,301,0.256,0.312,0.444,11,0.07308970099667775,0.292358803986711,2,0.335
2021,2021-07-22,Brian O'Keefe,0,27,248,0.253,0.347,0.465,13,0.125,0.2903225806451613,1,0.318
2021,2021-07-22,Jack Reinheimer,0,28,366,0.242,0.311,0.33,4,0.08469945355191257,0.22950819672131148,18,0.309
2021,2021-07-22,Marcus Wilson,0,24,172,0.236,0.355,0.375,4,0.1569767441860465,0.3372093023255814,5,0.361
2021,2021-07-22,Ty Kelly,0,32,90,0.227,0.337,0.333,2,0.14444444444444443,0.16666666666666666,0,0.254
2021,2021-07-22,Jake Hager,0,28,112,0.22,0.304,0.47,6,0.09821428571428571,0.22321428571428573,4,0.232
2021,2021-07-22,Luis Torrens,0,25,85,0.219,0.318,0.521,6,0.11764705882352941,0.25882352941176473,0,0.217
2021,2021-07-22,Kennie Taylor,0,24,39,0.2,0.282,0.314,1,0.07692307692307693,0.358974358974359,0,0.3
2021,2021-07-22,Wyatt Mathisen,0,27,129,0.137,0.31,0.225,2,0.15503875968992248,0.23255813953488372,0,0.169
2021,2021-07-29,José Marmolejos,0,28,353,0.338,0.439,0.672,26,0.1529745042492918,0.1954674220963173,0,0.361
2021,2021-07-29,Jake Fraley,0,26,51,0.325,0.451,0.575,3,0.17647058823529413,0.29411764705882354,3,0.435
2021,2021-07-29,Cal Raleigh,0,24,199,0.324,0.377,0.608,9,0.07035175879396985,0.12562814070351758,3,0.327
2021,2021-07-29,Shed Long Jr.,0,25,36,0.323,0.417,0.516,1,0.1388888888888889,0.1388888888888889,0,0.36
2021,2021-07-29,Jarred Kelenic,0,21,143,0.32,0.392,0.624,9,0.1048951048951049,0.15384615384615385,6,0.323
2021,2021-07-29,Donovan Walton,0,27,334,0.304,0.395,0.519,13,0.10479041916167664,0.10778443113772455,1,0.305
2021,2021-07-29,Jantzen Witte,0,31,455,0.299,0.364,0.491,19,0.09010989010989011,0.17582417582417584,3,0.329
2021,2021-07-29,Kevin Padlo,0,24,121,0.298,0.388,0.596,8,0.1322314049586777,0.17355371900826447,1,0.303
2021,2021-07-29,José Godoy,0,26,325,0.285,0.33,0.413,7,0.05846153846153846,0.1753846153846154,1,0.328
2021,2021-07-29,Luis Liberato,0,25,337,0.279,0.338,0.436,8,0.09198813056379822,0.2344213649851632,3,0.342
2021,2021-07-29,Alen Hanson,0,28,156,0.275,0.344,0.449,2,0.08974358974358974,0.17307692307692307,5,0.327
2021,2021-07-29,Dillon Thomas,0,28,395,0.269,0.377,0.448,13,0.10379746835443038,0.29620253164556964,12,0.374
2021,2021-07-29,Taylor Trammell,0,23,323,0.263,0.362,0.456,12,0.1238390092879257,0.22910216718266255,8,0.313
2021,2021-07-29,Eric Filia,0,28,183,0.262,0.388,0.383,3,0.16393442622950818,0.1366120218579235,4,0.293
2021,2021-07-29,Eric Campbell,0,34,56,0.26,0.327,0.42,1,0.07142857142857142,0.30357142857142855,0,0.375
2021,2021-07-29,Sam Travis,0,27,301,0.256,0.312,0.444,11,0.07308970099667775,0.292358803986711,2,0.335
2021,2021-07-29,Brian O'Keefe,0,27,248,0.253,0.347,0.465,13,0.125,0.2903225806451613,1,0.318
2021,2021-07-29,Jack Reinheimer,0,28,366,0.242,0.311,0.33,4,0.08469945355191257,0.22950819672131148,18,0.309
2021,2021-07-29,Marcus Wilson,0,24,172,0.236,0.355,0.375,4,0.1569767441860465,0.3372093023255814,5,0.361
2021,2021-07-29,Ty Kelly,0,32,90,0.227,0.337,0.333,2,0.14444444444444443,0.16666666666666666,0,0.254
2021,2021-07-29,Jake Hager,0,28,112,0.22,0.304,0.47,6,0.09821428571428571,0.22321428571428573,4,0.232
2021,2021-07-29,Luis Torrens,0,25,85,0.219,0.318,0.521,6,0.11764705882352941,0.25882352941176473,0,0.217
2021,2021-07-29,Kennie Taylor,0,24,39,0.2,0.282,0.314,1,0.07692307692307693,0.358974358974359,0,0.3
2021,2021-07-29,Wyatt Mathisen,0,27,129,0.137,0.31,0.225,2,0.15503875968992248,0.23255813953488372,0,0.169
2021,2021-08-05,José Marmolejos,0,28,353,0.338,0.439,0.672,26,0.1529745042492918,0.1954674220963173,0,0.361
2021,2021-08-05,Jake Fraley,0,26,51,0.325,0.451,0.575,3,0.17647058823529413,0.29411764705882354,3,0.435
2021,2021-08-05,Cal Raleigh,0,24,199,0.324,0.377,0.608,9,0.07035175879396985,0.12562814070351758,3,0.327
2021,2021-08-05,Shed Long Jr.,0,25,36,0.323,0.417,0.516,1,0.1388888888888889,0.1388888888888889,0,0.36
2021,2021-08-05,Jarred Kelenic,0,21,143,0.32,0.392,0.624,9,0.1048951048951049,0.15384615384615385,6,0.323
2021,2021-08-05,Donovan Walton,0,27,334,0.304,0.395,0.519,13,0.10479041916167664,0.10778443113772455,1,0.305
2021,2021-08-05,Jantzen Witte,0,31,455,0.299,0.364,0.491,19,0.09010989010989011,0.17582417582417584,3,0.329
2021,2021-08-05,Kevin Padlo,0,24,121,0.298,0.388,0.596,8,0.1322314049586777,0.17355371900826447,1,0.303
2021,2021-08-05,José Godoy,0,26,325,0.285,0.33,0.413,7,0.05846153846153846,0.1753846153846154,1,0.328
2021,2021-08-05,Luis Liberato,0,25,337,0.279,0.338,0.436,8,0.09198813056379822,0.2344213649851632,3,0.342
2021,2021-08-05,Alen Hanson,0,28,156,0.275,0.344,0.449,2,0.08974358974358974,0.17307692307692307,5,0.327
2021,2021-08-05,Dillon Thomas,0,28,395,0.269,0.377,0.448,13,0.10379746835443038,0.29620253164556964,12,0.374
2021,2021-08-05,Taylor Trammell,0,23,323,0.263,0.362,0.456,12,0.1238390092879257,0.22910216718266255,8,0.313
2021,2021-08-05,Eric Filia,0,28,183,0.262,0.388,0.383,3,0.16393442622950818,0.1366120218579235,4,0.293
2021,2021-08-05,Eric Campbell,0,34,56,0.26,0.327,0.42,1,0.07142857142857142,0.30357142857142855,0,0.375
2021,2021-08-05,Sam Travis,0,27,301,0.256,0.312,0.444,11,0.07308970099667775,0.292358803986711,2,0.335
2021,2021-08-05,Brian O'Keefe,0,27,248,0.253,0.347,0.465,13,0.125,0.2903225806451613,1,0.318
2021,2021-08-05,Jack Reinheimer,0,28,366,0.242,0.311,0.33,4,0.08469945355191257,0.22950819672131148,18,0.309
2021,2021-08-05,Marcus Wilson,0,24,172,0.236,0.355,0.375,4,0.1569767441860465,0.3372093023255814,5,0.361
2021,2021-08-05,Ty Kelly,0,32,90,0.227,0.337,0.333,2,0.14444444444444443,0.16666666666666666,0,0.254
2021,2021-08-05,Jake Hager,0,28,112,0.22,0.304,0.47,6,0.09821428571428571,0.22321428571428573,4,0.232
2021,2021-08-05,Luis Torrens,0,25,85,0.219,0.318,0.521,6,0.11764705882352941,0.25882352941176473,0,0.217
2021,2021-08-05,Kennie Taylor,0,24,39,0.2,0.282,0.314,1,0.07692307692307693,0.358974358974359,0,0.3
2021,2021-08-05,Wyatt Mathisen,0,27,129,0.137,0.31,0.225,2,0.15503875968992248,0.23255813953488372,0,0.169
2021,2021-08-12,José Marmolejos,0,28,353,0.338,0.439,0.672,26,0.1529745042492918,0.1954674220963173,0,0.361
2021,2021-08-12,Jake Fraley,0,26,51,0.325,0.451,0.575,3,0.17647058823529413,0.29411764705882354,3,0.435
2021,2021-08-12,Cal Raleigh,0,24,199,0.324,0.377,0.608,9,0.07035175879396985,0.12562814070351758,3,0.327
2021,2021-08-12,Shed Long Jr.,0,25,36,0.323,0.417,0.516,1,0.1388888888888889,0.1388888888888889,0,0.36
2021,2021-08-12,Jarred Kelenic,0,21,143,0.32,0.392,0.624,9,0.1048951048951049,0.15384615384615385,6,0.323
2021,2021-08-12,Donovan Walton,0,27,334,0.304,0.395,0.519,13,0.10479041916167664,0.10778443113772455,1,0.305
2021,2021-08-12,Jantzen Witte,0,31,455,0.299,0.364,0.491,19,0.09010989010989011,0.17582417582417584,3,0.329
2021,2021-08-12,Kevin Padlo,0,24,121,0.298,0.388,0.596,8,0.1322314049586777,0.17355371900826447,1,0.303
2021,2021-08-12,José Godoy,0,26,325,0.285,0.33,0.413,7,0.05846153846153846,0.1753846153846154,1,0.328
2021,2021-08-12,Luis Liberato,0,25,337,0.279,0.338,0.436,8,0.09198813056379822,0.2344213649851632,3,0.342
2021,2021-08-12,Alen Hanson,0,28,156,0.275,0.344,0.449,2,0.08974358974358974,0.17307692307692307,5,0.327
2021,2021-08-12,Dillon Thomas,0,28,395,0.269,0.377,0.448,13,0.10379746835443038,0.29620253164556964,12,0.374
2021,2021-08-12,Taylor Trammell,0,23,323,0.263,0.362,0.456,12,0.1238390092879257,0.22910216718266255,8,0.313
2021,2021-08-12,Eric Filia,0,28,183,0.262,0.388,0.383,3,0.16393442622950818,0.1366120218579235,4,0.293
2021,2021-08-12,Eric Campbell,0,34,56,0.26,0.327,0.42,1,0.07142857142857142,0.30357142857142855,0,0.375
2021,2021-08-12,Sam Travis,0,27,301,0.256,0.312,0.444,11,0.07308970099667775,0.292358803986711,2,0.335
2021,2021-08-12,Brian O'Keefe,0,27,248,0.253,0.347,0.465,13,0.125,0.2903225806451613,1,0.318
2021,2021-08-12,Jack Reinheimer,0,28,366,0.242,0.311,0.33,4,0.08469945355191257,0.22950819672131148,18,0.309
2021,2021-08-12,Marcus Wilson,0,24,172,0.236,0.355,0.375,4,0.1569767441860465,0.3372093023255814,5,0.361
2021,2021-08-12,Ty Kelly,0,32,90,0.227,0.337,0.333,2,0.14444444444444443,0.16666666666666666,0,0.254
2021,2021-08-12,Jake Hager,0,28,112,0.22,0.304,0.47,6,0.09821428571428571,0.22321428571428573,4,0.232
2021,2021-08-12,Luis Torrens,0,25,85,0.219,0.318,0.521,6,0.11764705882352941,0.25882352941176473,0,0.217
2021,2021-08-12,Kennie Taylor,0,24,39,0.2,0.282,0.314,1,0.07692307692307693,0.358974358974359,0,0.3
2021,2021-08-12,Wyatt Mathisen,0,27,129,0.137,0.31,0.225,2,0.15503875968992248,0.23255813953488372,0,0.169
2021,2021-08-19,José Marmolejos,0,28,353,0.338,0.439,0.672,26,0.1529745042492918,0.1954674220963173,0,0.361
2021,2021-08-19,Jake Fraley,0,26,51,0.325,0.451,0.575,3,0.17647058823529413,0.29411764705882354,3,0.435
2021,2021-08-19,Cal Raleigh,0,24,199,0.324,0.377,0.608,9,0.07035175879396985,0.12562814070351758,3,0.327
2021,2021-08-19,Shed Long Jr.,0,25,36,0.323,0.417,0.516,1,0.1388888888888889,0.1388888888888889,0,0.36
2021,2021-08-19,Jarred Kelenic,0,21,143,0.32,0.392,0.624,9,0.1048951048951049,0.15384615384615385,6,0.323
2021,2021-08-19,Donovan Walton,0,27,334,0.304,0.395,0.519,13,0.10479041916167664,0.10778443113772455,1,0.305
2021,2021-08-19,Jantzen Witte,0,31,455,0.299,0.364,0.491,19,0.09010989010989011,0.17582417582417584,3,0.329
2021,2021-08-19,Kevin Padlo,0,24,121,0.298,0.388,0.596,8,0.1322314049586777,0.17355371900826447,1,0.303
2021,2021-08-19,José Godoy,0,26,325,0.285,0.33,0.413,7,0.05846153846153846,0.1753846153846154,1,0.328
2021,2021-08-19,Luis Liberato,0,25,337,0.279,0.338,0.436,8,0.09198813056379822,0.2344213649851632,3,0.342
2021,2021-08-19,Alen Hanson,0,28,156,0.275,0.344,0.449,2,0.08974358974358974,0.17307692307692307,5,0.327
2021,2021-08-19,Dillon Thomas,0,28,395,0.269,0.377,0.448,13,0.10379746835443038,0.29620253164556964,12,0.374
2021,2021-08-19,Taylor Trammell,0,23,323,0.263,0.362,0.456,12,0.1238390092879257,0.22910216718266255,8,0.313
2021,2021-08-19,Eric Filia,0,28,183,0.262,0.388,0.383,3,0.16393442622950818,0.1366120218579235,4,0.293
2021,2021-08-19,Eric Campbell,0,34,56,0.26,0.327,0.42,1,0.07142857142857142,0.30357142857142855,0,0.375
2021,2021-08-19,Sam Travis,0,27,301,0.256,0.312,0.444,11,0.07308970099667775,0.292358803986711,2,0.335
2021,2021-08-19,Brian O'Keefe,0,27,248,0.253,0.347,0.465,13,0.125,0.2903225806451613,1,0.318
2021,2021-08-19,Jack Reinheimer,0,28,366,0.242,0.311,0.33,4,0.08469945355191257,0.22950819672131148,18,0.309
2021,2021-08-19,Marcus Wilson,0,24,172,0.236,0.355,0.375,4,0.1569767441860465,0.3372093023255814,5,0.361
2021,2021-08-19,Ty Kelly,0,32,90,0.227,0.337,0.333,2,0.14444444444444443,0.16666666666666666,0,0.254
2021,2021-08-19,Jake Hager,0,28,112,0.22,0.304,0.47,6,0.09821428571428571,0.22321428571428573,4,0.232
2021,2021-08-19,Luis Torrens,0,25,85,0.219,0.318,0.521,6,0.11764705882352941,0.25882352941176473,0,0.217
2021,2021-08-19,Kennie Taylor,0,24,39,0.2,0.282,0.314,1,0.07692307692307693,0.358974358974359,0,0.3
2021,2021-08-19,Wyatt Mathisen,0,27,129,0.137,0.31,0.225,2,0.15503875968992248,0.23255813953488372,0,0.169
2021,2021-08-26,José Marmolejos,0,28,353,0.338,0.439,0.672,26,0.1529745042492918,0.1954674220963173,0,0.361
2021,2021-08-26,Jake Fraley,0,26,51,0.325,0.451,0.575,3,0.17647058823529413,0.29411764705882354,3,0.435
2021,2021-08-26,Cal Raleigh,0,24,199,0.324,0.377,0.608,9,0.07035175879396985,0.12562814070351758,3,0.327
2021,2021-08-26,Shed Long Jr.,0,25,36,0.323,0.417,0.516,1,0.1388888888888889,0.1388888888888889,0,0.36
2021,2021-08-26,Jarred Kelenic,0,21,143,0.32,0.392,0.624,9,0.1048951048951049,0.15384615384615385,6,0.323
2021,2021-08-26,Donovan Walton,0,27,334,0.304,0.395,0.519,13,0.10479041916167664,0.10778443113772455,1,0.305
2021,2021-08-26,Jantzen Witte,0,31,455,0.299,0.364,0.491,19,0.09010989010989011,0.17582417582417584,3,0.329
2021,2021-08-26,Kevin Padlo,1,24,121,0.298,0.388,0.596,8,0.1322314049586777,0.17355371900826447,1,0.303
2021,2021-08-26,José Godoy,0,26,325,0.285,0.33,0.413,7,0.05846153846153846,0.1753846153846154,1,0.328
2021,2021-08-26,Luis Liberato,0,25,337,0.279,0.338,0.436,8,0.09198813056379822,0.2344213649851632,3,0.342
2021,2021-08-26,Alen Hanson,0,28,156,0.275,0.344,0.449,2,0.08974358974358974,0.17307692307692307,5,0.327
2021,2021-08-26,Dillon Thomas,0,28,395,0.269,0.377,0.448,13,0.10379746835443038,0.29620253164556964,12,0.374
2021,2021-08-26,Taylor Trammell,0,23,323,0.263,0.362,0.456,12,0.1238390092879257,0.22910216718266255,8,0.313
2021,2021-08-26,Eric Filia,0,28,183,0.262,0.388,0.383,3,0.16393442622950818,0.1366120218579235,4,0.293
2021,2021-08-26,Eric Campbell,0,34,56,0.26,0.327,0.42,1,0.07142857142857142,0.30357142857142855,0,0.375
2021,2021-08-26,Sam Travis,0,27,301,0.256,0.312,0.444,11,0.07308970099667775,0.292358803986711,2,0.335
2021,2021-08-26,Brian O'Keefe,0,27,248,0.253,0.347,0.465,13,0.125,0.2903225806451613,1,0.318
2021,2021-08-26,Jack Reinheimer,0,28,366,0.242,0.311,0.33,4,0.08469945355191257,0.22950819672131148,18,0.309
2021,2021-08-26,Marcus Wilson,0,24,172,0.236,0.355,0.375,4,0.1569767441860465,0.3372093023255814,5,0.361
2021,2021-08-26,Ty Kelly,0,32,90,0.227,0.337,0.333,2,0.14444444444444443,0.16666666666666666,0,0.254
2021,2021-08-26,Jake Hager,0,28,112,0.22,0.304,0.47,6,0.09821428571428571,0.22321428571428573,4,0.232
2021,2021-08-26,Luis Torrens,0,25,85,0.219,0.318,0.521,6,0.11764705882352941,0.25882352941176473,0,0.217
2021,2021-08-26,Kennie Taylor,0,24,39,0.2,0.282,0.314,1,0.07692307692307693,0.358974358974359,0,0.3
2021,2021-08-26,Wyatt Mathisen,0,27,129,0.137,0.31,0.225,2,0.15503875968992248,0.23255813953488372,0,0.169
2021,2021-09-02,José Marmolejos,0,28,353,0.338,0.439,0.672,26,0.1529745042492918,0.1954674220963173,0,0.361
2021,2021-09-02,Jake Fraley,0,26,51,0.325,0.451,0.575,3,0.17647058823529413,0.29411764705882354,3,0.435
2021,2021-09-02,Cal Raleigh,0,24,199,0.324,0.377,0.608,9,0.07035175879396985,0.12562814070351758,3,0.327
2021,2021-09-02,Shed Long Jr.,0,25,36,0.323,0.417,0.516,1,0.1388888888888889,0.1388888888888889,0,0.36
2021,2021-09-02,Jarred Kelenic,0,21,143,0.32,0.392,0.624,9,0.1048951048951049,0.15384615384615385,6,0.323
2021,2021-09-02,Donovan Walton,0,27,334,0.304,0.395,0.519,13,0.10479041916167664,0.10778443113772455,1,0.305
2021,2021-09-02,Jantzen Witte,0,31,455,0.299,0.364,0.491,19,0.09010989010989011,0.17582417582417584,3,0.329
2021,2021-09-02,Kevin Padlo,1,24,121,0.298,0.388,0.596,8,0.1322314049586777,0.17355371900826447,1,0.303
2021,2021-09-02,José Godoy,0,26,325,0.285,0.33,0.413,7,0.05846153846153846,0.1753846153846154,1,0.328
2021,2021-09-02,Luis Liberato,0,25,337,0.279,0.338,0.436,8,0.09198813056379822,0.2344213649851632,3,0.342
2021,2021-09-02,Alen Hanson,0,28,156,0.275,0.344,0.449,2,0.08974358974358974,0.17307692307692307,5,0.327
2021,2021-09-02,Dillon Thomas,0,28,395,0.269,0.377,0.448,13,0.10379746835443038,0.29620253164556964,12,0.374
2021,2021-09-02,Taylor Trammell,0,23,323,0.263,0.362,0.456,12,0.1238390092879257,0.22910216718266255,8,0.313
2021,2021-09-02,Eric Filia,0,28,183,0.262,0.388,0.383,3,0.16393442622950818,0.1366120218579235,4,0.293
2021,2021-09-02,Eric Campbell,0,34,56,0.26,0.327,0.42,1,0.07142857142857142,0.30357142857142855,0,0.375
2021,2021-09-02,Sam Travis,0,27,301,0.256,0.312,0.444,11,0.07308970099667775,0.292358803986711,2,0.335
2021,2021-09-02,Brian O'Keefe,0,27,248,0.253,0.347,0.465,13,0.125,0.2903225806451613,1,0.318
2021,2021-09-02,Jack Reinheimer,0,28,366,0.242,0.311,0.33,4,0.08469945355191257,0.22950819672131148,18,0.309
2021,2021-09-02,Marcus Wilson,0,24,172,0.236,0.355,0.375,4,0.1569767441860465,0.3372093023255814,5,0.361
2021,2021-09-02,Ty Kelly,0,32,90,0.227,0.337,0.333,2,0.14444444444444443,0.16666666666666666,0,0.254
2021,2021-09-02,Jake Hager,0,28,112,0.22,0.304,0.47,6,0.09821428571428571,0.22321428571428573,4,0.232
2021,2021-09-02,Luis Torrens,0,25,85,0.219,0.318,0.521,6,0.11764705882352941,0.25882352941176473,0,0.217
2021,2021-09-02,Kennie Taylor,0,24,39,0.2,0.282,0.314,1,0.07692307692307693,0.358974358974359,0,0.3
2021,2021-09-02,Wyatt Mathisen,0,27,129,0.137,0.31,0.225,2,0.15503875968992248,0.23255813953488372,0,0.169
2021,2021-09-09,José Marmolejos,0,28,353,0.338,0.439,0.672,26,0.1529745042492918,0.1954674220963173,0,0.361
2021,2021-09-09,Jake Fraley,0,26,51,0.325,0.451,0.575,3,0.17647058823529413,0.29411764705882354,3,0.435
2021,2021-09-09,Cal Raleigh,0,24,199,0.324,0.377,0.608,9,0.07035175879396985,0.12562814070351758,3,0.327
2021,2021-09-09,Shed Long Jr.,0,25,36,0.323,0.417,0.516,1,0.1388888888888889,0.1388888888888889,0,0.36
2021,2021-09-09,Jarred Kelenic,0,21,143,0.32,0.392,0.624,9,0.1048951048951049,0.15384615384615385,6,0.323
2021,2021-09-09,Donovan Walton,0,27,334,0.304,0.395,0.519,13,0.10479041916167664,0.10778443113772455,1,0.305
2021,2021-09-09,Jantzen Witte,0,31,455,0.299,0.364,0.491,19,0.09010989010989011,0.17582417582417584,3,0.329
2021,2021-09-09,Kevin Padlo,0,24,121,0.298,0.388,0.596,8,0.1322314049586777,0.17355371900826447,1,0.303
2021,2021-09-09,José Godoy,0,26,325,0.285,0.33,0.413,7,0.05846153846153846,0.1753846153846154,1,0.328
2021,2021-09-09,Luis Liberato,0,25,337,0.279,0.338,0.436,8,0.09198813056379822,0.2344213649851632,3,0.342
2021,2021-09-09,Alen Hanson,0,28,156,0.275,0.344,0.449,2,0.08974358974358974,0.17307692307692307,5,0.327
2021,2021-09-09,Dillon Thomas,0,28,395,0.269,0.377,0.448,13,0.10379746835443038,0.29620253164556964,12,0.374
2021,2021-09-09,Taylor Trammell,0,23,323,0.263,0.362,0.456,12,0.1238390092879257,0.22910216718266255,8,0.313
2021,2021-09-09,Eric Filia,0,28,183,0.262,0.388,0.383,3,0.16393442622950818,0.1366120218579235,4,0.293
2021,2021-09-09,Eric Campbell,0,34,56,0.26,0.327,0.42,1,0.07142857142857142,0.30357142857142855,0,0.375
2021,2021-09-09,Sam Travis,0,27,301,0.256,0.312,0.444,11,0.07308970099667775,0.292358803986711,2,0.335
2021,2021-09-09,Brian O'Keefe,0,27,248,0.253,0.347,0.465,13,0.125,0.2903225806451613,1,0.318
2021,2021-09-09,Jack Reinheimer,0,28,366,0.242,0.311,0.33,4,0.08469945355191257,0.22950819672131148,18,0.309
2021,2021-09-09,Marcus Wilson,0,24,172,0.236,0.355,0.375,4,0.1569767441860465,0.3372093023255814,5,0.361
2021,2021-09-09,Ty Kelly,0,32,90,0.227,0.337,0.333,2,0.14444444444444443,0.16666666666666666,0,0.254
2021,2021-09-09,Jake Hager,0,28,112,0.22,0.304,0.47,6,0.09821428571428571,0.22321428571428573,4,0.232
2021,2021-09-09,Luis Torrens,0,25,85,0.219,0.318,0.521,6,0.11764705882352941,0.25882352941176473,0,0.217
2021,2021-09-09,Kennie Taylor,0,24,39,0.2,0.282,0.314,1,0.07692307692307693,0.358974358974359,0,0.3
2021,2021-09-09,Wyatt Mathisen,0,27,129,0.137,0.31,0.225,2,0.15503875968992248,0.23255813953488372,0,0.169
2021,2021-09-16,José Marmolejos,0,28,353,0.338,0.439,0.672,26,0.1529745042492918,0.1954674220963173,0,0.361
2021,2021-09-16,Jake Fraley,0,26,51,0.325,0.451,0.575,3,0.17647058823529413,0.29411764705882354,3,0.435
2021,2021-09-16,Cal Raleigh,0,24,199,0.324,0.377,0.608,9,0.07035175879396985,0.12562814070351758,3,0.327
2021,2021-09-16,Shed Long Jr.,0,25,36,0.323,0.417,0.516,1,0.1388888888888889,0.1388888888888889,0,0.36
2021,2021-09-16,Jarred Kelenic,0,21,143,0.32,0.392,0.624,9,0.1048951048951049,0.15384615384615385,6,0.323
2021,2021-09-16,Donovan Walton,0,27,334,0.304,0.395,0.519,13,0.10479041916167664,0.10778443113772455,1,0.305
2021,2021-09-16,Jantzen Witte,0,31,455,0.299,0.364,0.491,19,0.09010989010989011,0.17582417582417584,3,0.329
2021,2021-09-16,Kevin Padlo,0,24,121,0.298,0.388,0.596,8,0.1322314049586777,0.17355371900826447,1,0.303
2021,2021-09-16,José Godoy,0,26,325,0.285,0.33,0.413,7,0.05846153846153846,0.1753846153846154,1,0.328
2021,2021-09-16,Luis Liberato,0,25,337,0.279,0.338,0.436,8,0.09198813056379822,0.2344213649851632,3,0.342
2021,2021-09-16,Alen Hanson,0,28,156,0.275,0.344,0.449,2,0.08974358974358974,0.17307692307692307,5,0.327
2021,2021-09-16,Dillon Thomas,0,28,395,0.269,0.377,0.448,13,0.10379746835443038,0.29620253164556964,12,0.374
2021,2021-09-16,Taylor Trammell,0,23,323,0.263,0.362,0.456,12,0.1238390092879257,0.22910216718266255,8,0.313
2021,2021-09-16,Eric Filia,0,28,183,0.262,0.388,0.383,3,0.16393442622950818,0.1366120218579235,4,0.293
2021,2021-09-16,Eric Campbell,0,34,56,0.26,0.327,0.42,1,0.07142857142857142,0.30357142857142855,0,0.375
2021,2021-09-16,Sam Travis,0,27,301,0.256,0.312,0.444,11,0.07308970099667775,0.292358803986711,2,0.335
2021,2021-09-16,Brian O'Keefe,0,27,248,0.253,0.347,0.465,13,0.125,0.2903225806451613,1,0.318
2021,2021-09-16,Jack Reinheimer,0,28,366,0.242,0.311,0.33,4,0.08469945355191257,0.22950819672131148,18,0.309
2021,2021-09-16,Marcus Wilson,0,24,172,0.236,0.355,0.375,4,0.1569767441860465,0.3372093023255814,5,0.361
2021,2021-09-16,Ty Kelly,0,32,90,0.227,0.337,0.333,2,0.14444444444444443,0.16666666666666666,0,0.254
2021,2021-09-16,Jake Hager,0,28,112,0.22,0.304,0.47,6,0.09821428571428571,0.22321428571428573,4,0.232
2021,2021-09-16,Luis Torrens,0,25,85,0.219,0.318,0.521,6,0.11764705882352941,0.25882352941176473,0,0.217
2021,2021-09-16,Kennie Taylor,0,24,39,0.2,0.282,0.314,1,0.07692307692307693,0.358974358974359,0,0.3
2021,2021-09-16,Wyatt Mathisen,0,27,129,0.137,0.31,0.225,2,0.15503875968992248,0.23255813953488372,0,0.169
2021,2021-09-23,José Marmolejos,0,28,353,0.338,0.439,0.672,26,0.1529745042492918,0.1954674220963173,0,0.361
2021,2021-09-23,Jake Fraley,0,26,51,0.325,0.451,0.575,3,0.17647058823529413,0.29411764705882354,3,0.435
2021,2021-09-23,Cal Raleigh,0,24,199,0.324,0.377,0.608,9,0.07035175879396985,0.12562814070351758,3,0.327
2021,2021-09-23,Shed Long Jr.,0,25,36,0.323,0.417,0.516,1,0.1388888888888889,0.1388888888888889,0,0.36
2021,2021-09-23,Jarred Kelenic,0,21,143,0.32,0.392,0.624,9,0.1048951048951049,0.15384615384615385,6,0.323
2021,2021-09-23,Donovan Walton,0,27,334,0.304,0.395,0.519,13,0.10479041916167664,0.10778443113772455,1,0.305
2021,2021-09-23,Jantzen Witte,0,31,455,0.299,0.364,0.491,19,0.09010989010989011,0.17582417582417584,3,0.329
2021,2021-09-23,Kevin Padlo,0,24,121,0.298,0.388,0.596,8,0.1322314049586777,0.17355371900826447,1,0.303
2021,2021-09-23,José Godoy,0,26,325,0.285,0.33,0.413,7,0.05846153846153846,0.1753846153846154,1,0.328
2021,2021-09-23,Luis Liberato,0,25,337,0.279,0.338,0.436,8,0.09198813056379822,0.2344213649851632,3,0.342
2021,2021-09-23,Alen Hanson,0,28,156,0.275,0.344,0.449,2,0.08974358974358974,0.17307692307692307,5,0.327
2021,2021-09-23,Dillon Thomas,0,28,395,0.269,0.377,0.448,13,0.10379746835443038,0.29620253164556964,12,0.374
2021,2021-09-23,Taylor Trammell,0,23,323,0.263,0.362,0.456,12,0.1238390092879257,0.22910216718266255,8,0.313
2021,2021-09-23,Eric Filia,0,28,183,0.262,0.388,0.383,3,0.16393442622950818,0.1366120218579235,4,0.293
2021,2021-09-23,Eric Campbell,0,34,56,0.26,0.327,0.42,1,0.07142857142857142,0.30357142857142855,0,0.375
2021,2021-09-23,Sam Travis,0,27,301,0.256,0.312,0.444,11,0.07308970099667775,0.292358803986711,2,0.335
2021,2021-09-23,Brian O'Keefe,0,27,248,0.253,0.347,0.465,13,0.125,0.2903225806451613,1,0.318
2021,2021-09-23,Jack Reinheimer,0,28,366,0.242,0.311,0.33,4,0.08469945355191257,0.22950819672131148,18,0.309
2021,2021-09-23,Marcus Wilson,0,24,172,0.236,0.355,0.375,4,0.1569767441860465,0.3372093023255814,5,0.361
2021,2021-09-23,Ty Kelly,0,32,90,0.227,0.337,0.333,2,0.14444444444444443,0.16666666666666666,0,0.254
2021,2021-09-23,Jake Hager,0,28,112,0.22,0.304,0.47,6,0.09821428571428571,0.22321428571428573,4,0.232
2021,2021-09-23,Luis Torrens,0,25,85,0.219,0.318,0.521,6,0.11764705882352941,0.25882352941176473,0,0.217
2021,2021-09-23,Kennie Taylor,0,24,39,0.2,0.282,0.314,1,0.07692307692307693,0.358974358974359,0,0.3
2021,2021-09-23,Wyatt Mathisen,0,27,129,0.137,0.31,0.225,2,0.15503875968992248,0.23255813953488372,0,0.169
2021,2021-09-30,José Marmolejos,0,28,353,0.338,0.439,0.672,26,0.1529745042492918,0.1954674220963173,0,0.361
2021,2021-09-30,Jake Fraley,0,26,51,0.325,0.451,0.575,3,0.17647058823529413,0.29411764705882354,3,0.435
2021,2021-09-30,Cal Raleigh,0,24,199,0.324,0.377,0.608,9,0.07035175879396985,0.12562814070351758,3,0.327
2021,2021-09-30,Shed Long Jr.,0,25,36,0.323,0.417,0.516,1,0.1388888888888889,0.1388888888888889,0,0.36
2021,2021-09-30,Jarred Kelenic,0,21,143,0.32,0.392,0.624,9,0.1048951048951049,0.15384615384615385,6,0.323
2021,2021-09-30,Donovan Walton,1,27,334,0.304,0.395,0.519,13,0.10479041916167664,0.10778443113772455,1,0.305
2021,2021-09-30,Jantzen Witte,0,31,455,0.299,0.364,0.491,19,0.09010989010989011,0.17582417582417584,3,0.329
2021,2021-09-30,Kevin Padlo,1,24,121,0.298,0.388,0.596,8,0.1322314049586777,0.17355371900826447,1,0.303
2021,2021-09-30,José Godoy,0,26,325,0.285,0.33,0.413,7,0.05846153846153846,0.1753846153846154,1,0.328
2021,2021-09-30,Luis Liberato,0,25,337,0.279,0.338,0.436,8,0.09198813056379822,0.2344213649851632,3,0.342
2021,2021-09-30,Alen Hanson,0,28,156,0.275,0.344,0.449,2,0.08974358974358974,0.17307692307692307,5,0.327
2021,2021-09-30,Dillon Thomas,0,28,395,0.269,0.377,0.448,13,0.10379746835443038,0.29620253164556964,12,0.374
2021,2021-09-30,Taylor Trammell,1,23,323,0.263,0.362,0.456,12,0.1238390092879257,0.22910216718266255,8,0.313
2021,2021-09-30,Eric Filia,0,28,183,0.262,0.388,0.383,3,0.16393442622950818,0.1366120218579235,4,0.293
2021,2021-09-30,Eric Campbell,0,34,56,0.26,0.327,0.42,1,0.07142857142857142,0.30357142857142855,0,0.375
2021,2021-09-30,Sam Travis,0,27,301,0.256,0.312,0.444,11,0.07308970099667775,0.292358803986711,2,0.335
2021,2021-09-30,Brian O'Keefe,0,27,248,0.253,0.347,0.465,13,0.125,0.2903225806451613,1,0.318
2021,2021-09-30,Jack Reinheimer,0,28,366,0.242,0.311,0.33,4,0.08469945355191257,0.22950819672131148,18,0.309
2021,2021-09-30,Marcus Wilson,1,24,172,0.236,0.355,0.375,4,0.1569767441860465,0.3372093023255814,5,0.361
2021,2021-09-30,Ty Kelly,0,32,90,0.227,0.337,0.333,2,0.14444444444444443,0.16666666666666666,0,0.254
2021,2021-09-30,Jake Hager,0,28,112,0.22,0.304,0.47,6,0.09821428571428571,0.22321428571428573,4,0.232
2021,2021-09-30,Luis Torrens,0,25,85,0.219,0.318,0.521,6,0.11764705882352941,0.25882352941176473,0,0.217
2021,2021-09-30,Kennie Taylor,0,24,39,0.2,0.282,0.314,1,0.07692307692307693,0.358974358974359,0,0.3
2021,2021-09-30,Wyatt Mathisen,0,27,129,0.137,0.31,0.225,2,0.15503875968992248,0.23255813953488372,0,0.169
2022,2022-04-01,Taylor Trammell,0,24,98,0.333,0.408,0.575,5,0.11224489795918367,0.17346938775510204,8,0.369
2022,2022-04-01,Mike Ford,0,29,47,0.317,0.404,0.488,2,0.10638297872340426,0.0851063829787234,0,0.314
2022,2022-04-01,Jarred Kelenic,0,22,394,0.295,0.365,0.557,18,0.08883248730964467,0.20812182741116753,9,0.339
2022,2022-04-01,Donovan Walton,0,28,57,0.294,0.368,0.51,1,0.10526315789473684,0.10526315789473684,2,0.318
2022,2022-04-01,Cal Raleigh,0,25,30,0.286,0.333,0.464,1,0.06666666666666667,0.23333333333333334,0,0.35
2022,2022-04-01,Sam Haggerty,0,28,179,0.283,0.369,0.5,6,0.1005586592178771,0.18994413407821228,15,0.325
2022,2022-04-01,Jonathan Villar,0,31,155,0.283,0.329,0.497,6,0.06451612903225806,0.21935483870967742,10,0.333
2022,2022-04-01,Luis Torrens,0,26,68,0.279,0.324,0.508,3,0.07352941176470588,0.2647058823529412,0,0.333
2022,2022-04-01,Steven Souza Jr.,0,33,96,0.267,0.417,0.533,5,0.19791666666666666,0.2604166666666667,3,0.326
2022,2022-04-01,Erick Mejia,0,27,521,0.261,0.33,0.433,15,0.09404990403071017,0.19769673704414586,19,0.303
2022,2022-04-01,Mason McCoy,0,27,503,0.256,0.332,0.473,21,0.09940357852882704,0.2584493041749503,22,0.311
2022,2022-04-01,Forrest Wall,0,26,467,0.255,0.333,0.354,6,0.08993576017130621,0.2676659528907923,52,0.349
2022,2022-04-01,Brian O'Keefe,0,28,352,0.253,0.33,0.449,13,0.09090909090909091,0.22727272727272727,1,0.3
2022,2022-04-01,Cade Marlowe,0,25,60,0.25,0.35,0.519,3,0.11666666666666667,0.38333333333333336,6,0.385
2022,2022-04-01,Kyle Lewis,0,26,174,0.245,0.362,0.517,12,0.14942528735632185,0.25862068965517243,0,0.267
2022,2022-04-01,Abraham Toro,0,25,69,0.241,0.353,0.431,2,0.14492753623188406,0.17391304347826086,3,0.273
2022,2022-04-01,Mitch Haniger,0,31,33,0.238,0.515,0.524,2,0.30303030303030304,0.09090909090909091,0,0.188
2022,2022-04-01,Derek Hill,0,26,123,0.236,0.32,0.462,5,0.10569105691056911,0.2926829268292683,6,0.299
2022,2022-04-01,Drew Ellis,0,26,289,0.231,0.346,0.488,15,0.14186851211072665,0.27335640138408307,4,0.272
2022,2022-04-01,Joseph Odom,0,30,238,0.231,0.328,0.447,10,0.11764705882352941,0.39915966386554624,2,0.369
2022,2022-04-01,Kevin Padlo,0,25,161,0.229,0.323,0.371,4,0.11180124223602485,0.2546583850931677,7,0.292
2022,2022-04-01,Zach Green,0,28,378,0.227,0.291,0.46,18,0.07407407407407407,0.29894179894179895,1,0.276
2022,2022-04-01,Josh Morgan,0,26,73,0.22,0.342,0.373,2,0.1643835616438356,0.2054794520547945,0,0.25
2022,2022-04-01,César Izturis Jr.,0,22,46,0.22,0.304,0.244,0,0.10869565217391304,0.2391304347826087,3,0.3
2022,2022-04-01,Marcus Wilson,0,25,355,0.218,0.344,0.464,16,0.14929577464788732,0.35492957746478876,14,0.31
2022,2022-04-01,Evan White,0,26,107,0.204,0.308,0.484,7,0.12149532710280374,0.21495327102803738,0,0.19
2022,2022-04-01,Alex Blandino,0,29,188,0.203,0.399,0.341,3,0.22872340425531915,0.2712765957446808,7,0.287
2022,2022-04-01,Justin Upton,0,34,53,0.2,0.288,0.378,2,0.11320754716981132,0.33962264150943394,0,0.269
2022,2022-04-01,Andrew Knapp,0,30,88,0.198,0.25,0.432,4,0.045454545454545456,0.25,0,0.214
2022,2022-04-01,Scott Heineman,0,29,112,0.19,0.277,0.31,2,0.09821428571428571,0.35714285714285715,5,0.293
2022,2022-04-01,Billy Hamilton,0,31,95,0.186,0.263,0.209,0,0.09473684210526316,0.2631578947368421,4,0.262
2022,2022-04-01,Miguel Perez,0,21,34,0.172,0.294,0.379,2,0.14705882352941177,0.5588235294117647,0,0.375
2022,2022-04-01,Trey Amburgey,0,27,69,0.172,0.232,0.281,2,0.057971014492753624,0.2898550724637681,1,0.214
2022,2022-04-08,Taylor Trammell,0,24,98,0.333,0.408,0.575,5,0.11224489795918367,0.17346938775510204,8,0.369
2022,2022-04-08,Mike Ford,0,29,47,0.317,0.404,0.488,2,0.10638297872340426,0.0851063829787234,0,0.314
2022,2022-04-08,Jarred Kelenic,0,22,394,0.295,0.365,0.557,18,0.08883248730964467,0.20812182741116753,9,0.339
2022,2022-04-08,Donovan Walton,0,28,57,0.294,0.368,0.51,1,0.10526315789473684,0.10526315789473684,2,0.318
2022,2022-04-08,Cal Raleigh,0,25,30,0.286,0.333,0.464,1,0.06666666666666667,0.23333333333333334,0,0.35
2022,2022-04-08,Sam Haggerty,0,28,179,0.283,0.369,0.5,6,0.1005586592178771,0.18994413407821228,15,0.325
2022,2022-04-08,Jonathan Villar,0,31,155,0.283,0.329,0.497,6,0.06451612903225806,0.21935483870967742,10,0.333
2022,2022-04-08,Luis Torrens,0,26,68,0.279,0.324,0.508,3,0.07352941176470588,0.2647058823529412,0,0.333
2022,2022-04-08,Steven Souza Jr.,0,33,96,0.267,0.417,0.533,5,0.19791666666666666,0.2604166666666667,3,0.326
2022,2022-04-08,Erick Mejia,0,27,521,0.261,0.33,0.433,15,0.09404990403071017,0.19769673704414586,19,0.303
2022,2022-04-08,Mason McCoy,0,27,503,0.256,0.332,0.473,21,0.09940357852882704,0.2584493041749503,22,0.311
2022,2022-04-08,Forrest Wall,0,26,467,0.255,0.333,0.354,6,0.08993576017130621,0.2676659528907923,52,0.349
2022,2022-04-08,Brian O'Keefe,0,28,352,0.253,0.33,0.449,13,0.09090909090909091,0.22727272727272727,1,0.3
2022,2022-04-08,Cade Marlowe,0,25,60,0.25,0.35,0.519,3,0.11666666666666667,0.38333333333333336,6,0.385
2022,2022-04-08,Kyle Lewis,0,26,174,0.245,0.362,0.517,12,0.14942528735632185,0.25862068965517243,0,0.267
2022,2022-04-08,Abraham Toro,0,25,69,0.241,0.353,0.431,2,0.14492753623188406,0.17391304347826086,3,0.273
2022,2022-04-08,Mitch Haniger,0,31,33,0.238,0.515,0.524,2,0.30303030303030304,0.09090909090909091,0,0.188
2022,2022-04-08,Derek Hill,0,26,123,0.236,0.32,0.462,5,0.10569105691056911,0.2926829268292683,6,0.299
2022,2022-04-08,Drew Ellis,0,26,289,0.231,0.346,0.488,15,0.14186851211072665,0.27335640138408307,4,0.272
2022,2022-04-08,Joseph Odom,0,30,238,0.231,0.328,0.447,10,0.11764705882352941,0.39915966386554624,2,0.369
2022,2022-04-08,Kevin Padlo,0,25,161,0.229,0.323,0.371,4,0.11180124223602485,0.2546583850931677,7,0.292
2022,2022-04-08,Zach Green,0,28,378,0.227,0.291,0.46,18,0.07407407407407407,0.29894179894179895,1,0.276
2022,2022-04-08,Josh Morgan,0,26,73,0.22,0.342,0.373,2,0.1643835616438356,0.2054794520547945,0,0.25
2022,2022-04-08,César Izturis Jr.,0,22,46,0.22,0.304,0.244,0,0.10869565217391304,0.2391304347826087,3,0.3
2022,2022-04-08,Marcus Wilson,0,25,355,0.218,0.344,0.464,16,0.14929577464788732,0.35492957746478876,14,0.31
2022,2022-04-08,Evan White,0,26,107,0.204,0.308,0.484,7,0.12149532710280374,0.21495327102803738,0,0.19
2022,2022-04-08,Alex Blandino,0,29,188,0.203,0.399,0.341,3,0.22872340425531915,0.2712765957446808,7,0.287
2022,2022-04-08,Justin Upton,0,34,53,0.2,0.288,0.378,2,0.11320754716981132,0.33962264150943394,0,0.269
2022,2022-04-08,Andrew Knapp,0,30,88,0.198,0.25,0.432,4,0.045454545454545456,0.25,0,0.214
2022,2022-04-08,Scott Heineman,0,29,112,0.19,0.277,0.31,2,0.09821428571428571,0.35714285714285715,5,0.293
2022,2022-04-08,Billy Hamilton,0,31,95,0.186,0.263,0.209,0,0.09473684210526316,0.2631578947368421,4,0.262
2022,2022-04-08,Miguel Perez,0,21,34,0.172,0.294,0.379,2,0.14705882352941177,0.5588235294117647,0,0.375
2022,2022-04-08,Trey Amburgey,0,27,69,0.172,0.232,0.281,2,0.057971014492753624,0.2898550724637681,1,0.214
2022,2022-04-15,Taylor Trammell,0,24,98,0.333,0.408,0.575,5,0.11224489795918367,0.17346938775510204,8,0.369
2022,2022-04-15,Mike Ford,1,29,47,0.317,0.404,0.488,2,0.10638297872340426,0.0851063829787234,0,0.314
2022,2022-04-15,Jarred Kelenic,0,22,394,0.295,0.365,0.557,18,0.08883248730964467,0.20812182741116753,9,0.339
2022,2022-04-15,Donovan Walton,1,28,57,0.294,0.368,0.51,1,0.10526315789473684,0.10526315789473684,2,0.318
2022,2022-04-15,Cal Raleigh,0,25,30,0.286,0.333,0.464,1,0.06666666666666667,0.23333333333333334,0,0.35
2022,2022-04-15,Sam Haggerty,0,28,179,0.283,0.369,0.5,6,0.1005586592178771,0.18994413407821228,15,0.325
2022,2022-04-15,Jonathan Villar,0,31,155,0.283,0.329,0.497,6,0.06451612903225806,0.21935483870967742,10,0.333
2022,2022-04-15,Luis Torrens,0,26,68,0.279,0.324,0.508,3,0.07352941176470588,0.2647058823529412,0,0.333
2022,2022-04-15,Steven Souza Jr.,0,33,96,0.267,0.417,0.533,5,0.19791666666666666,0.2604166666666667,3,0.326
2022,2022-04-15,Erick Mejia,0,27,521,0.261,0.33,0.433,15,0.09404990403071017,0.19769673704414586,19,0.303
2022,2022-04-15,Mason McCoy,0,27,503,0.256,0.332,0.473,21,0.09940357852882704,0.2584493041749503,22,0.311
2022,2022-04-15,Forrest Wall,0,26,467,0.255,0.333,0.354,6,0.08993576017130621,0.2676659528907923,52,0.349
2022,2022-04-15,Brian O'Keefe,0,28,352,0.253,0.33,0.449,13,0.09090909090909091,0.22727272727272727,1,0.3
2022,2022-04-15,Cade Marlowe,0,25,60,0.25,0.35,0.519,3,0.11666666666666667,0.38333333333333336,6,0.385
2022,2022-04-15,Kyle Lewis,0,26,174,0.245,0.362,0.517,12,0.14942528735632185,0.25862068965517243,0,0.267
2022,2022-04-15,Abraham Toro,0,25,69,0.241,0.353,0.431,2,0.14492753623188406,0.17391304347826086,3,0.273
2022,2022-04-15,Mitch Haniger,0,31,33,0.238,0.515,0.524,2,0.30303030303030304,0.09090909090909091,0,0.188
2022,2022-04-15,Derek Hill,0,26,123,0.236,0.32,0.462,5,0.10569105691056911,0.2926829268292683,6,0.299
2022,2022-04-15,Drew Ellis,0,26,289,0.231,0.346,0.488,15,0.14186851211072665,0.27335640138408307,4,0.272
2022,2022-04-15,Joseph Odom,0,30,238,0.231,0.328,0.447,10,0.11764705882352941,0.39915966386554624,2,0.369
2022,2022-04-15,Kevin Padlo,0,25,161,0.229,0.323,0.371,4,0.11180124223602485,0.2546583850931677,7,0.292
2022,2022-04-15,Zach Green,0,28,378,0.227,0.291,0.46,18,0.07407407407407407,0.29894179894179895,1,0.276
2022,2022-04-15,Josh Morgan,0,26,73,0.22,0.342,0.373,2,0.1643835616438356,0.2054794520547945,0,0.25
2022,2022-04-15,César Izturis Jr.,0,22,46,0.22,0.304,0.244,0,0.10869565217391304,0.2391304347826087,3,0.3
2022,2022-04-15,Marcus Wilson,0,25,355,0.218,0.344,0.464,16,0.14929577464788732,0.35492957746478876,14,0.31
2022,2022-04-15,Evan White,0,26,107,0.204,0.308,0.484,7,0.12149532710280374,0.21495327102803738,0,0.19
2022,2022-04-15,Alex Blandino,0,29,188,0.203,0.399,0.341,3,0.22872340425531915,0.2712765957446808,7,0.287
2022,2022-04-15,Justin Upton,0,34,53,0.2,0.288,0.378,2,0.11320754716981132,0.33962264150943394,0,0.269
2022,2022-04-15,Andrew Knapp,0,30,88,0.198,0.25,0.432,4,0.045454545454545456,0.25,0,0.214
2022,2022-04-15,Scott Heineman,0,29,112,0.19,0.277,0.31,2,0.09821428571428571,0.35714285714285715,5,0.293
2022,2022-04-15,Billy Hamilton,0,31,95,0.186,0.263,0.209,0,0.09473684210526316,0.2631578947368421,4,0.262
2022,2022-04-15,Miguel Perez,0,21,34,0.172,0.294,0.379,2,0.14705882352941177,0.5588235294117647,0,0.375
2022,2022-04-15,Trey Amburgey,0,27,69,0.172,0.232,0.281,2,0.057971014492753624,0.2898550724637681,1,0.214
2022,2022-04-22,Taylor Trammell,0,24,98,0.333,0.408,0.575,5,0.11224489795918367,0.17346938775510204,8,0.369
2022,2022-04-22,Mike Ford,0,29,47,0.317,0.404,0.488,2,0.10638297872340426,0.0851063829787234,0,0.314
2022,2022-04-22,Jarred Kelenic,0,22,394,0.295,0.365,0.557,18,0.08883248730964467,0.20812182741116753,9,0.339
2022,2022-04-22,Donovan Walton,0,28,57,0.294,0.368,0.51,1,0.10526315789473684,0.10526315789473684,2,0.318
2022,2022-04-22,Cal Raleigh,0,25,30,0.286,0.333,0.464,1,0.06666666666666667,0.23333333333333334,0,0.35
2022,2022-04-22,Sam Haggerty,0,28,179,0.283,0.369,0.5,6,0.1005586592178771,0.18994413407821228,15,0.325
2022,2022-04-22,Jonathan Villar,0,31,155,0.283,0.329,0.497,6,0.06451612903225806,0.21935483870967742,10,0.333
2022,2022-04-22,Luis Torrens,0,26,68,0.279,0.324,0.508,3,0.07352941176470588,0.2647058823529412,0,0.333
2022,2022-04-22,Steven Souza Jr.,0,33,96,0.267,0.417,0.533,5,0.19791666666666666,0.2604166666666667,3,0.326
2022,2022-04-22,Erick Mejia,0,27,521,0.261,0.33,0.433,15,0.09404990403071017,0.19769673704414586,19,0.303
2022,2022-04-22,Mason McCoy,0,27,503,0.256,0.332,0.473,21,0.09940357852882704,0.2584493041749503,22,0.311
2022,2022-04-22,Forrest Wall,0,26,467,0.255,0.333,0.354,6,0.08993576017130621,0.2676659528907923,52,0.349
2022,2022-04-22,Brian O'Keefe,0,28,352,0.253,0.33,0.449,13,0.09090909090909091,0.22727272727272727,1,0.3
2022,2022-04-22,Cade Marlowe,0,25,60,0.25,0.35,0.519,3,0.11666666666666667,0.38333333333333336,6,0.385
2022,2022-04-22,Kyle Lewis,0,26,174,0.245,0.362,0.517,12,0.14942528735632185,0.25862068965517243,0,0.267
2022,2022-04-22,Abraham Toro,0,25,69,0.241,0.353,0.431,2,0.14492753623188406,0.17391304347826086,3,0.273
2022,2022-04-22,Mitch Haniger,0,31,33,0.238,0.515,0.524,2,0.30303030303030304,0.09090909090909091,0,0.188
2022,2022-04-22,Derek Hill,0,26,123,0.236,0.32,0.462,5,0.10569105691056911,0.2926829268292683,6,0.299
2022,2022-04-22,Drew Ellis,0,26,289,0.231,0.346,0.488,15,0.14186851211072665,0.27335640138408307,4,0.272
2022,2022-04-22,Joseph Odom,0,30,238,0.231,0.328,0.447,10,0.11764705882352941,0.39915966386554624,2,0.369
2022,2022-04-22,Kevin Padlo,0,25,161,0.229,0.323,0.371,4,0.11180124223602485,0.2546583850931677,7,0.292
2022,2022-04-22,Zach Green,0,28,378,0.227,0.291,0.46,18,0.07407407407407407,0.29894179894179895,1,0.276
2022,2022-04-22,Josh Morgan,0,26,73,0.22,0.342,0.373,2,0.1643835616438356,0.2054794520547945,0,0.25
2022,2022-04-22,César Izturis Jr.,0,22,46,0.22,0.304,0.244,0,0.10869565217391304,0.2391304347826087,3,0.3
2022,2022-04-22,Marcus Wilson,0,25,355,0.218,0.344,0.464,16,0.14929577464788732,0.35492957746478876,14,0.31
2022,2022-04-22,Evan White,0,26,107,0.204,0.308,0.484,7,0.12149532710280374,0.21495327102803738,0,0.19
2022,2022-04-22,Alex Blandino,0,29,188,0.203,0.399,0.341,3,0.22872340425531915,0.2712765957446808,7,0.287
2022,2022-04-22,Justin Upton,0,34,53,0.2,0.288,0.378,2,0.11320754716981132,0.33962264150943394,0,0.269
2022,2022-04-22,Andrew Knapp,0,30,88,0.198,0.25,0.432,4,0.045454545454545456,0.25,0,0.214
2022,2022-04-22,Scott Heineman,0,29,112,0.19,0.277,0.31,2,0.09821428571428571,0.35714285714285715,5,0.293
2022,2022-04-22,Billy Hamilton,0,31,95,0.186,0.263,0.209,0,0.09473684210526316,0.2631578947368421,4,0.262
2022,2022-04-22,Miguel Perez,0,21,34,0.172,0.294,0.379,2,0.14705882352941177,0.5588235294117647,0,0.375
2022,2022-04-22,Trey Amburgey,0,27,69,0.172,0.232,0.281,2,0.057971014492753624,0.2898550724637681,1,0.214
2022,2022-04-29,Taylor Trammell,0,24,98,0.333,0.408,0.575,5,0.11224489795918367,0.17346938775510204,8,0.369
2022,2022-04-29,Mike Ford,0,29,47,0.317,0.404,0.488,2,0.10638297872340426,0.0851063829787234,0,0.314
2022,2022-04-29,Jarred Kelenic,0,22,394,0.295,0.365,0.557,18,0.08883248730964467,0.20812182741116753,9,0.339
2022,2022-04-29,Donovan Walton,0,28,57,0.294,0.368,0.51,1,0.10526315789473684,0.10526315789473684,2,0.318
2022,2022-04-29,Cal Raleigh,0,25,30,0.286,0.333,0.464,1,0.06666666666666667,0.23333333333333334,0,0.35
2022,2022-04-29,Sam Haggerty,0,28,179,0.283,0.369,0.5,6,0.1005586592178771,0.18994413407821228,15,0.325
2022,2022-04-29,Jonathan Villar,0,31,155,0.283,0.329,0.497,6,0.06451612903225806,0.21935483870967742,10,0.333
2022,2022-04-29,Luis Torrens,0,26,68,0.279,0.324,0.508,3,0.07352941176470588,0.2647058823529412,0,0.333
2022,2022-04-29,Steven Souza Jr.,0,33,96,0.267,0.417,0.533,5,0.19791666666666666,0.2604166666666667,3,0.326
2022,2022-04-29,Erick Mejia,0,27,521,0.261,0.33,0.433,15,0.09404990403071017,0.19769673704414586,19,0.303
2022,2022-04-29,Mason McCoy,0,27,503,0.256,0.332,0.473,21,0.09940357852882704,0.2584493041749503,22,0.311
2022,2022-04-29,Forrest Wall,0,26,467,0.255,0.333,0.354,6,0.08993576017130621,0.2676659528907923,52,0.349
2022,2022-04-29,Brian O'Keefe,0,28,352,0.253,0.33,0.449,13,0.09090909090909091,0.22727272727272727,1,0.3
2022,2022-04-29,Cade Marlowe,0,25,60,0.25,0.35,0.519,3,0.11666666666666667,0.38333333333333336,6,0.385
2022,2022-04-29,Kyle Lewis,0,26,174,0.245,0.362,0.517,12,0.14942528735632185,0.25862068965517243,0,0.267
2022,2022-04-29,Abraham Toro,0,25,69,0.241,0.353,0.431,2,0.14492753623188406,0.17391304347826086,3,0.273
2022,2022-04-29,Mitch Haniger,0,31,33,0.238,0.515,0.524,2,0.30303030303030304,0.09090909090909091,0,0.188
2022,2022-04-29,Derek Hill,0,26,123,0.236,0.32,0.462,5,0.10569105691056911,0.2926829268292683,6,0.299
2022,2022-04-29,Drew Ellis,0,26,289,0.231,0.346,0.488,15,0.14186851211072665,0.27335640138408307,4,0.272
2022,2022-04-29,Joseph Odom,0,30,238,0.231,0.328,0.447,10,0.11764705882352941,0.39915966386554624,2,0.369
2022,2022-04-29,Kevin Padlo,0,25,161,0.229,0.323,0.371,4,0.11180124223602485,0.2546583850931677,7,0.292
2022,2022-04-29,Zach Green,0,28,378,0.227,0.291,0.46,18,0.07407407407407407,0.29894179894179895,1,0.276
2022,2022-04-29,Josh Morgan,0,26,73,0.22,0.342,0.373,2,0.1643835616438356,0.2054794520547945,0,0.25
2022,2022-04-29,César Izturis Jr.,0,22,46,0.22,0.304,0.244,0,0.10869565217391304,0.2391304347826087,3,0.3
2022,2022-04-29,Marcus Wilson,0,25,355,0.218,0.344,0.464,16,0.14929577464788732,0.35492957746478876,14,0.31
2022,2022-04-29,Evan White,0,26,107,0.204,0.308,0.484,7,0.12149532710280374,0.21495327102803738,0,0.19
2022,2022-04-29,Alex Blandino,0,29,188,0.203,0.399,0.341,3,0.22872340425531915,0.2712765957446808,7,0.287
2022,2022-04-29,Justin Upton,0,34,53,0.2,0.288,0.378,2,0.11320754716981132,0.33962264150943394,0,0.269
2022,2022-04-29,Andrew Knapp,0,30,88,0.198,0.25,0.432,4,0.045454545454545456,0.25,0,0.214
2022,2022-04-29,Scott Heineman,0,29,112,0.19,0.277,0.31,2,0.09821428571428571,0.35714285714285715,5,0.293
2022,2022-04-29,Billy Hamilton,0,31,95,0.186,0.263,0.209,0,0.09473684210526316,0.2631578947368421,4,0.262
2022,2022-04-29,Miguel Perez,0,21,34,0.172,0.294,0.379,2,0.14705882352941177,0.5588235294117647,0,0.375
2022,2022-04-29,Trey Amburgey,0,27,69,0.172,0.232,0.281,2,0.057971014492753624,0.2898550724637681,1,0.214
2022,2022-05-06,Taylor Trammell,0,24,98,0.333,0.408,0.575,5,0.11224489795918367,0.17346938775510204,8,0.369
2022,2022-05-06,Mike Ford,0,29,47,0.317,0.404,0.488,2,0.10638297872340426,0.0851063829787234,0,0.314
2022,2022-05-06,Jarred Kelenic,1,22,394,0.295,0.365,0.557,18,0.08883248730964467,0.20812182741116753,9,0.339
2022,2022-05-06,Donovan Walton,0,28,57,0.294,0.368,0.51,1,0.10526315789473684,0.10526315789473684,2,0.318
2022,2022-05-06,Cal Raleigh,1,25,30,0.286,0.333,0.464,1,0.06666666666666667,0.23333333333333334,0,0.35
2022,2022-05-06,Sam Haggerty,0,28,179,0.283,0.369,0.5,6,0.1005586592178771,0.18994413407821228,15,0.325
2022,2022-05-06,Jonathan Villar,0,31,155,0.283,0.329,0.497,6,0.06451612903225806,0.21935483870967742,10,0.333
2022,2022-05-06,Luis Torrens,0,26,68,0.279,0.324,0.508,3,0.07352941176470588,0.2647058823529412,0,0.333
2022,2022-05-06,Steven Souza Jr.,1,33,96,0.267,0.417,0.533,5,0.19791666666666666,0.2604166666666667,3,0.326
2022,2022-05-06,Erick Mejia,0,27,521,0.261,0.33,0.433,15,0.09404990403071017,0.19769673704414586,19,0.303
2022,2022-05-06,Mason McCoy,0,27,503,0.256,0.332,0.473,21,0.09940357852882704,0.2584493041749503,22,0.311
2022,2022-05-06,Forrest Wall,0,26,467,0.255,0.333,0.354,6,0.08993576017130621,0.2676659528907923,52,0.349
2022,2022-05-06,Brian O'Keefe,0,28,352,0.253,0.33,0.449,13,0.09090909090909091,0.22727272727272727,1,0.3
2022,2022-05-06,Cade Marlowe,0,25,60,0.25,0.35,0.519,3,0.11666666666666667,0.38333333333333336,6,0.385
2022,2022-05-06,Kyle Lewis,0,26,174,0.245,0.362,0.517,12,0.14942528735632185,0.25862068965517243,0,0.267
2022,2022-05-06,Abraham Toro,0,25,69,0.241,0.353,0.431,2,0.14492753623188406,0.17391304347826086,3,0.273
2022,2022-05-06,Mitch Haniger,0,31,33,0.238,0.515,0.524,2,0.30303030303030304,0.09090909090909091,0,0.188
2022,2022-05-06,Derek Hill,0,26,123,0.236,0.32,0.462,5,0.10569105691056911,0.2926829268292683,6,0.299
2022,2022-05-06,Drew Ellis,0,26,289,0.231,0.346,0.488,15,0.14186851211072665,0.27335640138408307,4,0.272
2022,2022-05-06,Joseph Odom,0,30,238,0.231,0.328,0.447,10,0.11764705882352941,0.39915966386554624,2,0.369
2022,2022-05-06,Kevin Padlo,0,25,161,0.229,0.323,0.371,4,0.11180124223602485,0.2546583850931677,7,0.292
2022,2022-05-06,Zach Green,0,28,378,0.227,0.291,0.46,18,0.07407407407407407,0.29894179894179895,1,0.276
2022,2022-05-06,Josh Morgan,0,26,73,0.22,0.342,0.373,2,0.1643835616438356,0.2054794520547945,0,0.25
2022,2022-05-06,César Izturis Jr.,0,22,46,0.22,0.304,0.244,0,0.10869565217391304,0.2391304347826087,3,0.3
2022,2022-05-06,Marcus Wilson,0,25,355,0.218,0.344,0.464,16,0.14929577464788732,0.35492957746478876,14,0.31
2022,2022-05-06,Evan White,0,26,107,0.204,0.308,0.484,7,0.12149532710280374,0.21495327102803738,0,0.19
2022,2022-05-06,Alex Blandino,0,29,188,0.203,0.399,0.341,3,0.22872340425531915,0.2712765957446808,7,0.287
2022,2022-05-06,Justin Upton,0,34,53,0.2,0.288,0.378,2,0.11320754716981132,0.33962264150943394,0,0.269
2022,2022-05-06,Andrew Knapp,0,30,88,0.198,0.25,0.432,4,0.045454545454545456,0.25,0,0.214
2022,2022-05-06,Scott Heineman,0,29,112,0.19,0.277,0.31,2,0.09821428571428571,0.35714285714285715,5,0.293
2022,2022-05-06,Billy Hamilton,0,31,95,0.186,0.263,0.209,0,0.09473684210526316,0.2631578947368421,4,0.262
2022,2022-05-06,Miguel Perez,0,21,34,0.172,0.294,0.379,2,0.14705882352941177,0.5588235294117647,0,0.375
2022,2022-05-06,Trey Amburgey,0,27,69,0.172,0.232,0.281,2,0.057971014492753624,0.2898550724637681,1,0.214
2022,2022-05-13,Taylor Trammell,0,24,98,0.333,0.408,0.575,5,0.11224489795918367,0.17346938775510204,8,0.369
2022,2022-05-13,Mike Ford,0,29,47,0.317,0.404,0.488,2,0.10638297872340426,0.0851063829787234,0,0.314
2022,2022-05-13,Jarred Kelenic,0,22,394,0.295,0.365,0.557,18,0.08883248730964467,0.20812182741116753,9,0.339
2022,2022-05-13,Donovan Walton,0,28,57,0.294,0.368,0.51,1,0.10526315789473684,0.10526315789473684,2,0.318
2022,2022-05-13,Cal Raleigh,0,25,30,0.286,0.333,0.464,1,0.06666666666666667,0.23333333333333334,0,0.35
2022,2022-05-13,Sam Haggerty,0,28,179,0.283,0.369,0.5,6,0.1005586592178771,0.18994413407821228,15,0.325
2022,2022-05-13,Jonathan Villar,0,31,155,0.283,0.329,0.497,6,0.06451612903225806,0.21935483870967742,10,0.333
2022,2022-05-13,Luis Torrens,0,26,68,0.279,0.324,0.508,3,0.07352941176470588,0.2647058823529412,0,0.333
2022,2022-05-13,Steven Souza Jr.,0,33,96,0.267,0.417,0.533,5,0.19791666666666666,0.2604166666666667,3,0.326
2022,2022-05-13,Erick Mejia,0,27,521,0.261,0.33,0.433,15,0.09404990403071017,0.19769673704414586,19,0.303
2022,2022-05-13,Mason McCoy,0,27,503,0.256,0.332,0.473,21,0.09940357852882704,0.2584493041749503,22,0.311
2022,2022-05-13,Forrest Wall,0,26,467,0.255,0.333,0.354,6,0.08993576017130621,0.2676659528907923,52,0.349
2022,2022-05-13,Brian O'Keefe,0,28,352,0.253,0.33,0.449,13,0.09090909090909091,0.22727272727272727,1,0.3
2022,2022-05-13,Cade Marlowe,0,25,60,0.25,0.35,0.519,3,0.11666666666666667,0.38333333333333336,6,0.385
2022,2022-05-13,Kyle Lewis,0,26,174,0.245,0.362,0.517,12,0.14942528735632185,0.25862068965517243,0,0.267
2022,2022-05-13,Abraham Toro,0,25,69,0.241,0.353,0.431,2,0.14492753623188406,0.17391304347826086,3,0.273
2022,2022-05-13,Mitch Haniger,0,31,33,0.238,0.515,0.524,2,0.30303030303030304,0.09090909090909091,0,0.188
2022,2022-05-13,Derek Hill,0,26,123,0.236,0.32,0.462,5,0.10569105691056911,0.2926829268292683,6,0.299
2022,2022-05-13,Drew Ellis,0,26,289,0.231,0.346,0.488,15,0.14186851211072665,0.27335640138408307,4,0.272
2022,2022-05-13,Joseph Odom,0,30,238,0.231,0.328,0.447,10,0.11764705882352941,0.39915966386554624,2,0.369
2022,2022-05-13,Kevin Padlo,0,25,161,0.229,0.323,0.371,4,0.11180124223602485,0.2546583850931677,7,0.292
2022,2022-05-13,Zach Green,0,28,378,0.227,0.291,0.46,18,0.07407407407407407,0.29894179894179895,1,0.276
2022,2022-05-13,Josh Morgan,0,26,73,0.22,0.342,0.373,2,0.1643835616438356,0.2054794520547945,0,0.25
2022,2022-05-13,César Izturis Jr.,0,22,46,0.22,0.304,0.244,0,0.10869565217391304,0.2391304347826087,3,0.3
2022,2022-05-13,Marcus Wilson,0,25,355,0.218,0.344,0.464,16,0.14929577464788732,0.35492957746478876,14,0.31
2022,2022-05-13,Evan White,0,26,107,0.204,0.308,0.484,7,0.12149532710280374,0.21495327102803738,0,0.19
2022,2022-05-13,Alex Blandino,0,29,188,0.203,0.399,0.341,3,0.22872340425531915,0.2712765957446808,7,0.287
2022,2022-05-13,Justin Upton,0,34,53,0.2,0.288,0.378,2,0.11320754716981132,0.33962264150943394,0,0.269
2022,2022-05-13,Andrew Knapp,0,30,88,0.198,0.25,0.432,4,0.045454545454545456,0.25,0,0.214
2022,2022-05-13,Scott Heineman,0,29,112,0.19,0.277,0.31,2,0.09821428571428571,0.35714285714285715,5,0.293
2022,2022-05-13,Billy Hamilton,0,31,95,0.186,0.263,0.209,0,0.09473684210526316,0.2631578947368421,4,0.262
2022,2022-05-13,Miguel Perez,0,21,34,0.172,0.294,0.379,2,0.14705882352941177,0.5588235294117647,0,0.375
2022,2022-05-13,Trey Amburgey,0,27,69,0.172,0.232,0.281,2,0.057971014492753624,0.2898550724637681,1,0.214
2022,2022-05-20,Taylor Trammell,0,24,98,0.333,0.408,0.575,5,0.11224489795918367,0.17346938775510204,8,0.369
2022,2022-05-20,Mike Ford,0,29,47,0.317,0.404,0.488,2,0.10638297872340426,0.0851063829787234,0,0.314
2022,2022-05-20,Jarred Kelenic,0,22,394,0.295,0.365,0.557,18,0.08883248730964467,0.20812182741116753,9,0.339
2022,2022-05-20,Donovan Walton,0,28,57,0.294,0.368,0.51,1,0.10526315789473684,0.10526315789473684,2,0.318
2022,2022-05-20,Cal Raleigh,0,25,30,0.286,0.333,0.464,1,0.06666666666666667,0.23333333333333334,0,0.35
2022,2022-05-20,Sam Haggerty,1,28,179,0.283,0.369,0.5,6,0.1005586592178771,0.18994413407821228,15,0.325
2022,2022-05-20,Jonathan Villar,0,31,155,0.283,0.329,0.497,6,0.06451612903225806,0.21935483870967742,10,0.333
2022,2022-05-20,Luis Torrens,0,26,68,0.279,0.324,0.508,3,0.07352941176470588,0.2647058823529412,0,0.333
2022,2022-05-20,Steven Souza Jr.,0,33,96,0.267,0.417,0.533,5,0.19791666666666666,0.2604166666666667,3,0.326
2022,2022-05-20,Erick Mejia,0,27,521,0.261,0.33,0.433,15,0.09404990403071017,0.19769673704414586,19,0.303
2022,2022-05-20,Mason McCoy,0,27,503,0.256,0.332,0.473,21,0.09940357852882704,0.2584493041749503,22,0.311
2022,2022-05-20,Forrest Wall,0,26,467,0.255,0.333,0.354,6,0.08993576017130621,0.2676659528907923,52,0.349
2022,2022-05-20,Brian O'Keefe,0,28,352,0.253,0.33,0.449,13,0.09090909090909091,0.22727272727272727,1,0.3
2022,2022-05-20,Cade Marlowe,0,25,60,0.25,0.35,0.519,3,0.11666666666666667,0.38333333333333336,6,0.385
2022,2022-05-20,Kyle Lewis,0,26,174,0.245,0.362,0.517,12,0.14942528735632185,0.25862068965517243,0,0.267
2022,2022-05-20,Abraham Toro,0,25,69,0.241,0.353,0.431,2,0.14492753623188406,0.17391304347826086,3,0.273
2022,2022-05-20,Mitch Haniger,0,31,33,0.238,0.515,0.524,2,0.30303030303030304,0.09090909090909091,0,0.188
2022,2022-05-20,Derek Hill,0,26,123,0.236,0.32,0.462,5,0.10569105691056911,0.2926829268292683,6,0.299
2022,2022-05-20,Drew Ellis,0,26,289,0.231,0.346,0.488,15,0.14186851211072665,0.27335640138408307,4,0.272
2022,2022-05-20,Joseph Odom,0,30,238,0.231,0.328,0.447,10,0.11764705882352941,0.39915966386554624,2,0.369
2022,2022-05-20,Kevin Padlo,0,25,161,0.229,0.323,0.371,4,0.11180124223602485,0.2546583850931677,7,0.292
2022,2022-05-20,Zach Green,0,28,378,0.227,0.291,0.46,18,0.07407407407407407,0.29894179894179895,1,0.276
2022,2022-05-20,Josh Morgan,0,26,73,0.22,0.342,0.373,2,0.1643835616438356,0.2054794520547945,0,0.25
2022,2022-05-20,César Izturis Jr.,0,22,46,0.22,0.304,0.244,0,0.10869565217391304,0.2391304347826087,3,0.3
2022,2022-05-20,Marcus Wilson,0,25,355,0.218,0.344,0.464,16,0.14929577464788732,0.35492957746478876,14,0.31
2022,2022-05-20,Evan White,0,26,107,0.204,0.308,0.484,7,0.12149532710280374,0.21495327102803738,0,0.19
2022,2022-05-20,Alex Blandino,0,29,188,0.203,0.399,0.341,3,0.22872340425531915,0.2712765957446808,7,0.287
2022,2022-05-20,Justin Upton,0,34,53,0.2,0.288,0.378,2,0.11320754716981132,0.33962264150943394,0,0.269
2022,2022-05-20,Andrew Knapp,0,30,88,0.198,0.25,0.432,4,0.045454545454545456,0.25,0,0.214
2022,2022-05-20,Scott Heineman,0,29,112,0.19,0.277,0.31,2,0.09821428571428571,0.35714285714285715,5,0.293
2022,2022-05-20,Billy Hamilton,0,31,95,0.186,0.263,0.209,0,0.09473684210526316,0.2631578947368421,4,0.262
2022,2022-05-20,Miguel Perez,0,21,34,0.172,0.294,0.379,2,0.14705882352941177,0.5588235294117647,0,0.375
2022,2022-05-20,Trey Amburgey,0,27,69,0.172,0.232,0.281,2,0.057971014492753624,0.2898550724637681,1,0.214
2022,2022-05-27,Taylor Trammell,0,24,98,0.333,0.408,0.575,5,0.11224489795918367,0.17346938775510204,8,0.369
2022,2022-05-27,Mike Ford,0,29,47,0.317,0.404,0.488,2,0.10638297872340426,0.0851063829787234,0,0.314
2022,2022-05-27,Jarred Kelenic,0,22,394,0.295,0.365,0.557,18,0.08883248730964467,0.20812182741116753,9,0.339
2022,2022-05-27,Donovan Walton,0,28,57,0.294,0.368,0.51,1,0.10526315789473684,0.10526315789473684,2,0.318
2022,2022-05-27,Cal Raleigh,0,25,30,0.286,0.333,0.464,1,0.06666666666666667,0.23333333333333334,0,0.35
2022,2022-05-27,Sam Haggerty,0,28,179,0.283,0.369,0.5,6,0.1005586592178771,0.18994413407821228,15,0.325
2022,2022-05-27,Jonathan Villar,0,31,155,0.283,0.329,0.497,6,0.06451612903225806,0.21935483870967742,10,0.333
2022,2022-05-27,Luis Torrens,0,26,68,0.279,0.324,0.508,3,0.07352941176470588,0.2647058823529412,0,0.333
2022,2022-05-27,Steven Souza Jr.,0,33,96,0.267,0.417,0.533,5,0.19791666666666666,0.2604166666666667,3,0.326
2022,2022-05-27,Erick Mejia,0,27,521,0.261,0.33,0.433,15,0.09404990403071017,0.19769673704414586,19,0.303
2022,2022-05-27,Mason McCoy,0,27,503,0.256,0.332,0.473,21,0.09940357852882704,0.2584493041749503,22,0.311
2022,2022-05-27,Forrest Wall,0,26,467,0.255,0.333,0.354,6,0.08993576017130621,0.2676659528907923,52,0.349
2022,2022-05-27,Brian O'Keefe,0,28,352,0.253,0.33,0.449,13,0.09090909090909091,0.22727272727272727,1,0.3
2022,2022-05-27,Cade Marlowe,0,25,60,0.25,0.35,0.519,3,0.11666666666666667,0.38333333333333336,6,0.385
2022,2022-05-27,Kyle Lewis,0,26,174,0.245,0.362,0.517,12,0.14942528735632185,0.25862068965517243,0,0.267
2022,2022-05-27,Abraham Toro,0,25,69,0.241,0.353,0.431,2,0.14492753623188406,0.17391304347826086,3,0.273
2022,2022-05-27,Mitch Haniger,0,31,33,0.238,0.515,0.524,2,0.30303030303030304,0.09090909090909091,0,0.188
2022,2022-05-27,Derek Hill,0,26,123,0.236,0.32,0.462,5,0.10569105691056911,0.2926829268292683,6,0.299
2022,2022-05-27,Drew Ellis,0,26,289,0.231,0.346,0.488,15,0.14186851211072665,0.27335640138408307,4,0.272
2022,2022-05-27,Joseph Odom,0,30,238,0.231,0.328,0.447,10,0.11764705882352941,0.39915966386554624,2,0.369
2022,2022-05-27,Kevin Padlo,0,25,161,0.229,0.323,0.371,4,0.11180124223602485,0.2546583850931677,7,0.292
2022,2022-05-27,Zach Green,0,28,378,0.227,0.291,0.46,18,0.07407407407407407,0.29894179894179895,1,0.276
2022,2022-05-27,Josh Morgan,0,26,73,0.22,0.342,0.373,2,0.1643835616438356,0.2054794520547945,0,0.25
2022,2022-05-27,César Izturis Jr.,0,22,46,0.22,0.304,0.244,0,0.10869565217391304,0.2391304347826087,3,0.3
2022,2022-05-27,Marcus Wilson,0,25,355,0.218,0.344,0.464,16,0.14929577464788732,0.35492957746478876,14,0.31
2022,2022-05-27,Evan White,0,26,107,0.204,0.308,0.484,7,0.12149532710280374,0.21495327102803738,0,0.19
2022,2022-05-27,Alex Blandino,0,29,188,0.203,0.399,0.341,3,0.22872340425531915,0.2712765957446808,7,0.287
2022,2022-05-27,Justin Upton,0,34,53,0.2,0.288,0.378,2,0.11320754716981132,0.33962264150943394,0,0.269
2022,2022-05-27,Andrew Knapp,0,30,88,0.198,0.25,0.432,4,0.045454545454545456,0.25,0,0.214
2022,2022-05-27,Scott Heineman,0,29,112,0.19,0.277,0.31,2,0.09821428571428571,0.35714285714285715,5,0.293
2022,2022-05-27,Billy Hamilton,0,31,95,0.186,0.263,0.209,0,0.09473684210526316,0.2631578947368421,4,0.262
2022,2022-05-27,Miguel Perez,0,21,34,0.172,0.294,0.379,2,0.14705882352941177,0.5588235294117647,0,0.375
2022,2022-05-27,Trey Amburgey,0,27,69,0.172,0.232,0.281,2,0.057971014492753624,0.2898550724637681,1,0.214
2022,2022-06-03,Taylor Trammell,0,24,98,0.333,0.408,0.575,5,0.11224489795918367,0.17346938775510204,8,0.369
2022,2022-06-03,Mike Ford,0,29,47,0.317,0.404,0.488,2,0.10638297872340426,0.0851063829787234,0,0.314
2022,2022-06-03,Jarred Kelenic,0,22,394,0.295,0.365,0.557,18,0.08883248730964467,0.20812182741116753,9,0.339
2022,2022-06-03,Donovan Walton,0,28,57,0.294,0.368,0.51,1,0.10526315789473684,0.10526315789473684,2,0.318
2022,2022-06-03,Cal Raleigh,0,25,30,0.286,0.333,0.464,1,0.06666666666666667,0.23333333333333334,0,0.35
2022,2022-06-03,Sam Haggerty,0,28,179,0.283,0.369,0.5,6,0.1005586592178771,0.18994413407821228,15,0.325
2022,2022-06-03,Jonathan Villar,0,31,155,0.283,0.329,0.497,6,0.06451612903225806,0.21935483870967742,10,0.333
2022,2022-06-03,Luis Torrens,0,26,68,0.279,0.324,0.508,3,0.07352941176470588,0.2647058823529412,0,0.333
2022,2022-06-03,Steven Souza Jr.,0,33,96,0.267,0.417,0.533,5,0.19791666666666666,0.2604166666666667,3,0.326
2022,2022-06-03,Erick Mejia,0,27,521,0.261,0.33,0.433,15,0.09404990403071017,0.19769673704414586,19,0.303
2022,2022-06-03,Mason McCoy,0,27,503,0.256,0.332,0.473,21,0.09940357852882704,0.2584493041749503,22,0.311
2022,2022-06-03,Forrest Wall,0,26,467,0.255,0.333,0.354,6,0.08993576017130621,0.2676659528907923,52,0.349
2022,2022-06-03,Brian O'Keefe,0,28,352,0.253,0.33,0.449,13,0.09090909090909091,0.22727272727272727,1,0.3
2022,2022-06-03,Cade Marlowe,0,25,60,0.25,0.35,0.519,3,0.11666666666666667,0.38333333333333336,6,0.385
2022,2022-06-03,Kyle Lewis,0,26,174,0.245,0.362,0.517,12,0.14942528735632185,0.25862068965517243,0,0.267
2022,2022-06-03,Abraham Toro,0,25,69,0.241,0.353,0.431,2,0.14492753623188406,0.17391304347826086,3,0.273
2022,2022-06-03,Mitch Haniger,0,31,33,0.238,0.515,0.524,2,0.30303030303030304,0.09090909090909091,0,0.188
2022,2022-06-03,Derek Hill,0,26,123,0.236,0.32,0.462,5,0.10569105691056911,0.2926829268292683,6,0.299
2022,2022-06-03,Drew Ellis,0,26,289,0.231,0.346,0.488,15,0.14186851211072665,0.27335640138408307,4,0.272
2022,2022-06-03,Joseph Odom,0,30,238,0.231,0.328,0.447,10,0.11764705882352941,0.39915966386554624,2,0.369
2022,2022-06-03,Kevin Padlo,0,25,161,0.229,0.323,0.371,4,0.11180124223602485,0.2546583850931677,7,0.292
2022,2022-06-03,Zach Green,0,28,378,0.227,0.291,0.46,18,0.07407407407407407,0.29894179894179895,1,0.276
2022,2022-06-03,Josh Morgan,0,26,73,0.22,0.342,0.373,2,0.1643835616438356,0.2054794520547945,0,0.25
2022,2022-06-03,César Izturis Jr.,0,22,46,0.22,0.304,0.244,0,0.10869565217391304,0.2391304347826087,3,0.3
2022,2022-06-03,Marcus Wilson,0,25,355,0.218,0.344,0.464,16,0.14929577464788732,0.35492957746478876,14,0.31
2022,2022-06-03,Evan White,0,26,107,0.204,0.308,0.484,7,0.12149532710280374,0.21495327102803738,0,0.19
2022,2022-06-03,Alex Blandino,0,29,188,0.203,0.399,0.341,3,0.22872340425531915,0.2712765957446808,7,0.287
2022,2022-06-03,Justin Upton,0,34,53,0.2,0.288,0.378,2,0.11320754716981132,0.33962264150943394,0,0.269
2022,2022-06-03,Andrew Knapp,0,30,88,0.198,0.25,0.432,4,0.045454545454545456,0.25,0,0.214
2022,2022-06-03,Scott Heineman,0,29,112,0.19,0.277,0.31,2,0.09821428571428571,0.35714285714285715,5,0.293
2022,2022-06-03,Billy Hamilton,0,31,95,0.186,0.263,0.209,0,0.09473684210526316,0.2631578947368421,4,0.262
2022,2022-06-03,Miguel Perez,0,21,34,0.172,0.294,0.379,2,0.14705882352941177,0.5588235294117647,0,0.375
2022,2022-06-03,Trey Amburgey,0,27,69,0.172,0.232,0.281,2,0.057971014492753624,0.2898550724637681,1,0.214
2022,2022-06-10,Taylor Trammell,0,24,98,0.333,0.408,0.575,5,0.11224489795918367,0.17346938775510204,8,0.369
2022,2022-06-10,Mike Ford,0,29,47,0.317,0.404,0.488,2,0.10638297872340426,0.0851063829787234,0,0.314
2022,2022-06-10,Jarred Kelenic,0,22,394,0.295,0.365,0.557,18,0.08883248730964467,0.20812182741116753,9,0.339
2022,2022-06-10,Donovan Walton,0,28,57,0.294,0.368,0.51,1,0.10526315789473684,0.10526315789473684,2,0.318
2022,2022-06-10,Cal Raleigh,0,25,30,0.286,0.333,0.464,1,0.06666666666666667,0.23333333333333334,0,0.35
2022,2022-06-10,Sam Haggerty,0,28,179,0.283,0.369,0.5,6,0.1005586592178771,0.18994413407821228,15,0.325
2022,2022-06-10,Jonathan Villar,0,31,155,0.283,0.329,0.497,6,0.06451612903225806,0.21935483870967742,10,0.333
2022,2022-06-10,Luis Torrens,0,26,68,0.279,0.324,0.508,3,0.07352941176470588,0.2647058823529412,0,0.333
2022,2022-06-10,Steven Souza Jr.,0,33,96,0.267,0.417,0.533,5,0.19791666666666666,0.2604166666666667,3,0.326
2022,2022-06-10,Erick Mejia,0,27,521,0.261,0.33,0.433,15,0.09404990403071017,0.19769673704414586,19,0.303
2022,2022-06-10,Mason McCoy,0,27,503,0.256,0.332,0.473,21,0.09940357852882704,0.2584493041749503,22,0.311
2022,2022-06-10,Forrest Wall,0,26,467,0.255,0.333,0.354,6,0.08993576017130621,0.2676659528907923,52,0.349
2022,2022-06-10,Brian O'Keefe,0,28,352,0.253,0.33,0.449,13,0.09090909090909091,0.22727272727272727,1,0.3
2022,2022-06-10,Cade Marlowe,0,25,60,0.25,0.35,0.519,3,0.11666666666666667,0.38333333333333336,6,0.385
2022,2022-06-10,Kyle Lewis,0,26,174,0.245,0.362,0.517,12,0.14942528735632185,0.25862068965517243,0,0.267
2022,2022-06-10,Abraham Toro,0,25,69,0.241,0.353,0.431,2,0.14492753623188406,0.17391304347826086,3,0.273
2022,2022-06-10,Mitch Haniger,0,31,33,0.238,0.515,0.524,2,0.30303030303030304,0.09090909090909091,0,0.188
2022,2022-06-10,Derek Hill,0,26,123,0.236,0.32,0.462,5,0.10569105691056911,0.2926829268292683,6,0.299
2022,2022-06-10,Drew Ellis,0,26,289,0.231,0.346,0.488,15,0.14186851211072665,0.27335640138408307,4,0.272
2022,2022-06-10,Joseph Odom,0,30,238,0.231,0.328,0.447,10,0.11764705882352941,0.39915966386554624,2,0.369
2022,2022-06-10,Kevin Padlo,0,25,161,0.229,0.323,0.371,4,0.11180124223602485,0.2546583850931677,7,0.292
2022,2022-06-10,Zach Green,0,28,378,0.227,0.291,0.46,18,0.07407407407407407,0.29894179894179895,1,0.276
2022,2022-06-10,Josh Morgan,0,26,73,0.22,0.342,0.373,2,0.1643835616438356,0.2054794520547945,0,0.25
2022,2022-06-10,César Izturis Jr.,0,22,46,0.22,0.304,0.244,0,0.10869565217391304,0.2391304347826087,3,0.3
2022,2022-06-10,Marcus Wilson,0,25,355,0.218,0.344,0.464,16,0.14929577464788732,0.35492957746478876,14,0.31
2022,2022-06-10,Evan White,0,26,107,0.204,0.308,0.484,7,0.12149532710280374,0.21495327102803738,0,0.19
2022,2022-06-10,Alex Blandino,0,29,188,0.203,0.399,0.341,3,0.22872340425531915,0.2712765957446808,7,0.287
2022,2022-06-10,Justin Upton,0,34,53,0.2,0.288,0.378,2,0.11320754716981132,0.33962264150943394,0,0.269
2022,2022-06-10,Andrew Knapp,0,30,88,0.198,0.25,0.432,4,0.045454545454545456,0.25,0,0.214
2022,2022-06-10,Scott Heineman,0,29,112,0.19,0.277,0.31,2,0.09821428571428571,0.35714285714285715,5,0.293
2022,2022-06-10,Billy Hamilton,0,31,95,0.186,0.263,0.209,0,0.09473684210526316,0.2631578947368421,4,0.262
2022,2022-06-10,Miguel Perez,0,21,34,0.172,0.294,0.379,2,0.14705882352941177,0.5588235294117647,0,0.375
2022,2022-06-10,Trey Amburgey,0,27,69,0.172,0.232,0.281,2,0.057971014492753624,0.2898550724637681,1,0.214
2022,2022-06-17,Taylor Trammell,0,24,98,0.333,0.408,0.575,5,0.11224489795918367,0.17346938775510204,8,0.369
2022,2022-06-17,Mike Ford,0,29,47,0.317,0.404,0.488,2,0.10638297872340426,0.0851063829787234,0,0.314
2022,2022-06-17,Jarred Kelenic,0,22,394,0.295,0.365,0.557,18,0.08883248730964467,0.20812182741116753,9,0.339
2022,2022-06-17,Donovan Walton,0,28,57,0.294,0.368,0.51,1,0.10526315789473684,0.10526315789473684,2,0.318
2022,2022-06-17,Cal Raleigh,0,25,30,0.286,0.333,0.464,1,0.06666666666666667,0.23333333333333334,0,0.35
2022,2022-06-17,Sam Haggerty,0,28,179,0.283,0.369,0.5,6,0.1005586592178771,0.18994413407821228,15,0.325
2022,2022-06-17,Jonathan Villar,0,31,155,0.283,0.329,0.497,6,0.06451612903225806,0.21935483870967742,10,0.333
2022,2022-06-17,Luis Torrens,0,26,68,0.279,0.324,0.508,3,0.07352941176470588,0.2647058823529412,0,0.333
2022,2022-06-17,Steven Souza Jr.,0,33,96,0.267,0.417,0.533,5,0.19791666666666666,0.2604166666666667,3,0.326
2022,2022-06-17,Erick Mejia,0,27,521,0.261,0.33,0.433,15,0.09404990403071017,0.19769673704414586,19,0.303
2022,2022-06-17,Mason McCoy,0,27,503,0.256,0.332,0.473,21,0.09940357852882704,0.2584493041749503,22,0.311
2022,2022-06-17,Forrest Wall,0,26,467,0.255,0.333,0.354,6,0.08993576017130621,0.2676659528907923,52,0.349
2022,2022-06-17,Brian O'Keefe,0,28,352,0.253,0.33,0.449,13,0.09090909090909091,0.22727272727272727,1,0.3
2022,2022-06-17,Cade Marlowe,0,25,60,0.25,0.35,0.519,3,0.11666666666666667,0.38333333333333336,6,0.385
2022,2022-06-17,Kyle Lewis,0,26,174,0.245,0.362,0.517,12,0.14942528735632185,0.25862068965517243,0,0.267
2022,2022-06-17,Abraham Toro,0,25,69,0.241,0.353,0.431,2,0.14492753623188406,0.17391304347826086,3,0.273
2022,2022-06-17,Mitch Haniger,0,31,33,0.238,0.515,0.524,2,0.30303030303030304,0.09090909090909091,0,0.188
2022,2022-06-17,Derek Hill,0,26,123,0.236,0.32,0.462,5,0.10569105691056911,0.2926829268292683,6,0.299
2022,2022-06-17,Drew Ellis,0,26,289,0.231,0.346,0.488,15,0.14186851211072665,0.27335640138408307,4,0.272
2022,2022-06-17,Joseph Odom,0,30,238,0.231,0.328,0.447,10,0.11764705882352941,0.39915966386554624,2,0.369
2022,2022-06-17,Kevin Padlo,1,25,161,0.229,0.323,0.371,4,0.11180124223602485,0.2546583850931677,7,0.292
2022,2022-06-17,Zach Green,0,28,378,0.227,0.291,0.46,18,0.07407407407407407,0.29894179894179895,1,0.276
2022,2022-06-17,Josh Morgan,0,26,73,0.22,0.342,0.373,2,0.1643835616438356,0.2054794520547945,0,0.25
2022,2022-06-17,César Izturis Jr.,0,22,46,0.22,0.304,0.244,0,0.10869565217391304,0.2391304347826087,3,0.3
2022,2022-06-17,Marcus Wilson,0,25,355,0.218,0.344,0.464,16,0.14929577464788732,0.35492957746478876,14,0.31
2022,2022-06-17,Evan White,0,26,107,0.204,0.308,0.484,7,0.12149532710280374,0.21495327102803738,0,0.19
2022,2022-06-17,Alex Blandino,0,29,188,0.203,0.399,0.341,3,0.22872340425531915,0.2712765957446808,7,0.287
2022,2022-06-17,Justin Upton,0,34,53,0.2,0.288,0.378,2,0.11320754716981132,0.33962264150943394,0,0.269
2022,2022-06-17,Andrew Knapp,0,30,88,0.198,0.25,0.432,4,0.045454545454545456,0.25,0,0.214
2022,2022-06-17,Scott Heineman,0,29,112,0.19,0.277,0.31,2,0.09821428571428571,0.35714285714285715,5,0.293
2022,2022-06-17,Billy Hamilton,0,31,95,0.186,0.263,0.209,0,0.09473684210526316,0.2631578947368421,4,0.262
2022,2022-06-17,Miguel Perez,0,21,34,0.172,0.294,0.379,2,0.14705882352941177,0.5588235294117647,0,0.375
2022,2022-06-17,Trey Amburgey,0,27,69,0.172,0.232,0.281,2,0.057971014492753624,0.2898550724637681,1,0.214
2022,2022-06-24,Taylor Trammell,0,24,98,0.333,0.408,0.575,5,0.11224489795918367,0.17346938775510204,8,0.369
2022,2022-06-24,Mike Ford,0,29,47,0.317,0.404,0.488,2,0.10638297872340426,0.0851063829787234,0,0.314
2022,2022-06-24,Jarred Kelenic,0,22,394,0.295,0.365,0.557,18,0.08883248730964467,0.20812182741116753,9,0.339
2022,2022-06-24,Donovan Walton,0,28,57,0.294,0.368,0.51,1,0.10526315789473684,0.10526315789473684,2,0.318
2022,2022-06-24,Cal Raleigh,0,25,30,0.286,0.333,0.464,1,0.06666666666666667,0.23333333333333334,0,0.35
2022,2022-06-24,Sam Haggerty,0,28,179,0.283,0.369,0.5,6,0.1005586592178771,0.18994413407821228,15,0.325
2022,2022-06-24,Jonathan Villar,0,31,155,0.283,0.329,0.497,6,0.06451612903225806,0.21935483870967742,10,0.333
2022,2022-06-24,Luis Torrens,0,26,68,0.279,0.324,0.508,3,0.07352941176470588,0.2647058823529412,0,0.333
2022,2022-06-24,Steven Souza Jr.,0,33,96,0.267,0.417,0.533,5,0.19791666666666666,0.2604166666666667,3,0.326
2022,2022-06-24,Erick Mejia,0,27,521,0.261,0.33,0.433,15,0.09404990403071017,0.19769673704414586,19,0.303
2022,2022-06-24,Mason McCoy,0,27,503,0.256,0.332,0.473,21,0.09940357852882704,0.2584493041749503,22,0.311
2022,2022-06-24,Forrest Wall,0,26,467,0.255,0.333,0.354,6,0.08993576017130621,0.2676659528907923,52,0.349
2022,2022-06-24,Brian O'Keefe,0,28,352,0.253,0.33,0.449,13,0.09090909090909091,0.22727272727272727,1,0.3
2022,2022-06-24,Cade Marlowe,0,25,60,0.25,0.35,0.519,3,0.11666666666666667,0.38333333333333336,6,0.385
2022,2022-06-24,Kyle Lewis,0,26,174,0.245,0.362,0.517,12,0.14942528735632185,0.25862068965517243,0,0.267
2022,2022-06-24,Abraham Toro,0,25,69,0.241,0.353,0.431,2,0.14492753623188406,0.17391304347826086,3,0.273
2022,2022-06-24,Mitch Haniger,0,31,33,0.238,0.515,0.524,2,0.30303030303030304,0.09090909090909091,0,0.188
2022,2022-06-24,Derek Hill,0,26,123,0.236,0.32,0.462,5,0.10569105691056911,0.2926829268292683,6,0.299
2022,2022-06-24,Drew Ellis,1,26,289,0.231,0.346,0.488,15,0.14186851211072665,0.27335640138408307,4,0.272
2022,2022-06-24,Joseph Odom,0,30,238,0.231,0.328,0.447,10,0.11764705882352941,0.39915966386554624,2,0.369
2022,2022-06-24,Kevin Padlo,0,25,161,0.229,0.323,0.371,4,0.11180124223602485,0.2546583850931677,7,0.292
2022,2022-06-24,Zach Green,0,28,378,0.227,0.291,0.46,18,0.07407407407407407,0.29894179894179895,1,0.276
2022,2022-06-24,Josh Morgan,0,26,73,0.22,0.342,0.373,2,0.1643835616438356,0.2054794520547945,0,0.25
2022,2022-06-24,César Izturis Jr.,0,22,46,0.22,0.304,0.244,0,0.10869565217391304,0.2391304347826087,3,0.3
2022,2022-06-24,Marcus Wilson,1,25,355,0.218,0.344,0.464,16,0.14929577464788732,0.35492957746478876,14,0.31
2022,2022-06-24,Evan White,0,26,107,0.204,0.308,0.484,7,0.12149532710280374,0.21495327102803738,0,0.19
2022,2022-06-24,Alex Blandino,0,29,188,0.203,0.399,0.341,3,0.22872340425531915,0.2712765957446808,7,0.287
2022,2022-06-24,Justin Upton,0,34,53,0.2,0.288,0.378,2,0.11320754716981132,0.33962264150943394,0,0.269
2022,2022-06-24,Andrew Knapp,1,30,88,0.198,0.25,0.432,4,0.045454545454545456,0.25,0,0.214
2022,2022-06-24,Scott Heineman,0,29,112,0.19,0.277,0.31,2,0.09821428571428571,0.35714285714285715,5,0.293
2022,2022-06-24,Billy Hamilton,0,31,95,0.186,0.263,0.209,0,0.09473684210526316,0.2631578947368421,4,0.262
2022,2022-06-24,Miguel Perez,0,21,34,0.172,0.294,0.379,2,0.14705882352941177,0.5588235294117647,0,0.375
2022,2022-06-24,Trey Amburgey,0,27,69,0.172,0.232,0.281,2,0.057971014492753624,0.2898550724637681,1,0.214
2022,2022-07-01,Taylor Trammell,0,24,98,0.333,0.408,0.575,5,0.11224489795918367,0.17346938775510204,8,0.369
2022,2022-07-01,Mike Ford,0,29,47,0.317,0.404,0.488,2,0.10638297872340426,0.0851063829787234,0,0.314
2022,2022-07-01,Jarred Kelenic,0,22,394,0.295,0.365,0.557,18,0.08883248730964467,0.20812182741116753,9,0.339
2022,2022-07-01,Donovan Walton,0,28,57,0.294,0.368,0.51,1,0.10526315789473684,0.10526315789473684,2,0.318
2022,2022-07-01,Cal Raleigh,0,25,30,0.286,0.333,0.464,1,0.06666666666666667,0.23333333333333334,0,0.35
2022,2022-07-01,Sam Haggerty,0,28,179,0.283,0.369,0.5,6,0.1005586592178771,0.18994413407821228,15,0.325
2022,2022-07-01,Jonathan Villar,0,31,155,0.283,0.329,0.497,6,0.06451612903225806,0.21935483870967742,10,0.333
2022,2022-07-01,Luis Torrens,0,26,68,0.279,0.324,0.508,3,0.07352941176470588,0.2647058823529412,0,0.333
2022,2022-07-01,Steven Souza Jr.,0,33,96,0.267,0.417,0.533,5,0.19791666666666666,0.2604166666666667,3,0.326
2022,2022-07-01,Erick Mejia,0,27,521,0.261,0.33,0.433,15,0.09404990403071017,0.19769673704414586,19,0.303
2022,2022-07-01,Mason McCoy,0,27,503,0.256,0.332,0.473,21,0.09940357852882704,0.2584493041749503,22,0.311
2022,2022-07-01,Forrest Wall,0,26,467,0.255,0.333,0.354,6,0.08993576017130621,0.2676659528907923,52,0.349
2022,2022-07-01,Brian O'Keefe,0,28,352,0.253,0.33,0.449,13,0.09090909090909091,0.22727272727272727,1,0.3
2022,2022-07-01,Cade Marlowe,0,25,60,0.25,0.35,0.519,3,0.11666666666666667,0.38333333333333336,6,0.385
2022,2022-07-01,Kyle Lewis,0,26,174,0.245,0.362,0.517,12,0.14942528735632185,0.25862068965517243,0,0.267
2022,2022-07-01,Abraham Toro,0,25,69,0.241,0.353,0.431,2,0.14492753623188406,0.17391304347826086,3,0.273
2022,2022-07-01,Mitch Haniger,0,31,33,0.238,0.515,0.524,2,0.30303030303030304,0.09090909090909091,0,0.188
2022,2022-07-01,Derek Hill,0,26,123,0.236,0.32,0.462,5,0.10569105691056911,0.2926829268292683,6,0.299
2022,2022-07-01,Drew Ellis,0,26,289,0.231,0.346,0.488,15,0.14186851211072665,0.27335640138408307,4,0.272
2022,2022-07-01,Joseph Odom,0,30,238,0.231,0.328,0.447,10,0.11764705882352941,0.39915966386554624,2,0.369
2022,2022-07-01,Kevin Padlo,0,25,161,0.229,0.323,0.371,4,0.11180124223602485,0.2546583850931677,7,0.292
2022,2022-07-01,Zach Green,0,28,378,0.227,0.291,0.46,18,0.07407407407407407,0.29894179894179895,1,0.276
2022,2022-07-01,Josh Morgan,0,26,73,0.22,0.342,0.373,2,0.1643835616438356,0.2054794520547945,0,0.25
2022,2022-07-01,César Izturis Jr.,0,22,46,0.22,0.304,0.244,0,0.10869565217391304,0.2391304347826087,3,0.3
2022,2022-07-01,Marcus Wilson,0,25,355,0.218,0.344,0.464,16,0.14929577464788732,0.35492957746478876,14,0.31
2022,2022-07-01,Evan White,0,26,107,0.204,0.308,0.484,7,0.12149532710280374,0.21495327102803738,0,0.19
2022,2022-07-01,Alex Blandino,0,29,188,0.203,0.399,0.341,3,0.22872340425531915,0.2712765957446808,7,0.287
2022,2022-07-01,Justin Upton,0,34,53,0.2,0.288,0.378,2,0.11320754716981132,0.33962264150943394,0,0.269
2022,2022-07-01,Andrew Knapp,0,30,88,0.198,0.25,0.432,4,0.045454545454545456,0.25,0,0.214
2022,2022-07-01,Scott Heineman,0,29,112,0.19,0.277,0.31,2,0.09821428571428571,0.35714285714285715,5,0.293
2022,2022-07-01,Billy Hamilton,0,31,95,0.186,0.263,0.209,0,0.09473684210526316,0.2631578947368421,4,0.262
2022,2022-07-01,Miguel Perez,0,21,34,0.172,0.294,0.379,2,0.14705882352941177,0.5588235294117647,0,0.375
2022,2022-07-01,Trey Amburgey,0,27,69,0.172,0.232,0.281,2,0.057971014492753624,0.2898550724637681,1,0.214
2022,2022-07-08,Taylor Trammell,0,24,98,0.333,0.408,0.575,5,0.11224489795918367,0.17346938775510204,8,0.369
2022,2022-07-08,Mike Ford,0,29,47,0.317,0.404,0.488,2,0.10638297872340426,0.0851063829787234,0,0.314
2022,2022-07-08,Jarred Kelenic,0,22,394,0.295,0.365,0.557,18,0.08883248730964467,0.20812182741116753,9,0.339
2022,2022-07-08,Donovan Walton,0,28,57,0.294,0.368,0.51,1,0.10526315789473684,0.10526315789473684,2,0.318
2022,2022-07-08,Cal Raleigh,0,25,30,0.286,0.333,0.464,1,0.06666666666666667,0.23333333333333334,0,0.35
2022,2022-07-08,Sam Haggerty,0,28,179,0.283,0.369,0.5,6,0.1005586592178771,0.18994413407821228,15,0.325
2022,2022-07-08,Jonathan Villar,0,31,155,0.283,0.329,0.497,6,0.06451612903225806,0.21935483870967742,10,0.333
2022,2022-07-08,Luis Torrens,0,26,68,0.279,0.324,0.508,3,0.07352941176470588,0.2647058823529412,0,0.333
2022,2022-07-08,Steven Souza Jr.,0,33,96,0.267,0.417,0.533,5,0.19791666666666666,0.2604166666666667,3,0.326
2022,2022-07-08,Erick Mejia,0,27,521,0.261,0.33,0.433,15,0.09404990403071017,0.19769673704414586,19,0.303
2022,2022-07-08,Mason McCoy,0,27,503,0.256,0.332,0.473,21,0.09940357852882704,0.2584493041749503,22,0.311
2022,2022-07-08,Forrest Wall,0,26,467,0.255,0.333,0.354,6,0.08993576017130621,0.2676659528907923,52,0.349
2022,2022-07-08,Brian O'Keefe,0,28,352,0.253,0.33,0.449,13,0.09090909090909091,0.22727272727272727,1,0.3
2022,2022-07-08,Cade Marlowe,0,25,60,0.25,0.35,0.519,3,0.11666666666666667,0.38333333333333336,6,0.385
2022,2022-07-08,Kyle Lewis,0,26,174,0.245,0.362,0.517,12,0.14942528735632185,0.25862068965517243,0,0.267
2022,2022-07-08,Abraham Toro,0,25,69,0.241,0.353,0.431,2,0.14492753623188406,0.17391304347826086,3,0.273
2022,2022-07-08,Mitch Haniger,0,31,33,0.238,0.515,0.524,2,0.30303030303030304,0.09090909090909091,0,0.188
2022,2022-07-08,Derek Hill,0,26,123,0.236,0.32,0.462,5,0.10569105691056911,0.2926829268292683,6,0.299
2022,2022-07-08,Drew Ellis,0,26,289,0.231,0.346,0.488,15,0.14186851211072665,0.27335640138408307,4,0.272
2022,2022-07-08,Joseph Odom,0,30,238,0.231,0.328,0.447,10,0.11764705882352941,0.39915966386554624,2,0.369
2022,2022-07-08,Kevin Padlo,1,25,161,0.229,0.323,0.371,4,0.11180124223602485,0.2546583850931677,7,0.292
2022,2022-07-08,Zach Green,0,28,378,0.227,0.291,0.46,18,0.07407407407407407,0.29894179894179895,1,0.276
2022,2022-07-08,Josh Morgan,0,26,73,0.22,0.342,0.373,2,0.1643835616438356,0.2054794520547945,0,0.25
2022,2022-07-08,César Izturis Jr.,0,22,46,0.22,0.304,0.244,0,0.10869565217391304,0.2391304347826087,3,0.3
2022,2022-07-08,Marcus Wilson,0,25,355,0.218,0.344,0.464,16,0.14929577464788732,0.35492957746478876,14,0.31
2022,2022-07-08,Evan White,0,26,107,0.204,0.308,0.484,7,0.12149532710280374,0.21495327102803738,0,0.19
2022,2022-07-08,Alex Blandino,0,29,188,0.203,0.399,0.341,3,0.22872340425531915,0.2712765957446808,7,0.287
2022,2022-07-08,Justin Upton,0,34,53,0.2,0.288,0.378,2,0.11320754716981132,0.33962264150943394,0,0.269
2022,2022-07-08,Andrew Knapp,0,30,88,0.198,0.25,0.432,4,0.045454545454545456,0.25,0,0.214
2022,2022-07-08,Scott Heineman,0,29,112,0.19,0.277,0.31,2,0.09821428571428571,0.35714285714285715,5,0.293
2022,2022-07-08,Billy Hamilton,0,31,95,0.186,0.263,0.209,0,0.09473684210526316,0.2631578947368421,4,0.262
2022,2022-07-08,Miguel Perez,0,21,34,0.172,0.294,0.379,2,0.14705882352941177,0.5588235294117647,0,0.375
2022,2022-07-08,Trey Amburgey,0,27,69,0.172,0.232,0.281,2,0.057971014492753624,0.2898550724637681,1,0.214
2022,2022-07-15,Taylor Trammell,0,24,98,0.333,0.408,0.575,5,0.11224489795918367,0.17346938775510204,8,0.369
2022,2022-07-15,Mike Ford,0,29,47,0.317,0.404,0.488,2,0.10638297872340426,0.0851063829787234,0,0.314
2022,2022-07-15,Jarred Kelenic,0,22,394,0.295,0.365,0.557,18,0.08883248730964467,0.20812182741116753,9,0.339
2022,2022-07-15,Donovan Walton,0,28,57,0.294,0.368,0.51,1,0.10526315789473684,0.10526315789473684,2,0.318
2022,2022-07-15,Cal Raleigh,0,25,30,0.286,0.333,0.464,1,0.06666666666666667,0.23333333333333334,0,0.35
2022,2022-07-15,Sam Haggerty,0,28,179,0.283,0.369,0.5,6,0.1005586592178771,0.18994413407821228,15,0.325
2022,2022-07-15,Jonathan Villar,0,31,155,0.283,0.329,0.497,6,0.06451612903225806,0.21935483870967742,10,0.333
2022,2022-07-15,Luis Torrens,0,26,68,0.279,0.324,0.508,3,0.07352941176470588,0.2647058823529412,0,0.333
2022,2022-07-15,Steven Souza Jr.,0,33,96,0.267,0.417,0.533,5,0.19791666666666666,0.2604166666666667,3,0.326
2022,2022-07-15,Erick Mejia,0,27,521,0.261,0.33,0.433,15,0.09404990403071017,0.19769673704414586,19,0.303
2022,2022-07-15,Mason McCoy,0,27,503,0.256,0.332,0.473,21,0.09940357852882704,0.2584493041749503,22,0.311
2022,2022-07-15,Forrest Wall,0,26,467,0.255,0.333,0.354,6,0.08993576017130621,0.2676659528907923,52,0.349
2022,2022-07-15,Brian O'Keefe,0,28,352,0.253,0.33,0.449,13,0.09090909090909091,0.22727272727272727,1,0.3
2022,2022-07-15,Cade Marlowe,0,25,60,0.25,0.35,0.519,3,0.11666666666666667,0.38333333333333336,6,0.385
2022,2022-07-15,Kyle Lewis,0,26,174,0.245,0.362,0.517,12,0.14942528735632185,0.25862068965517243,0,0.267
2022,2022-07-15,Abraham Toro,0,25,69,0.241,0.353,0.431,2,0.14492753623188406,0.17391304347826086,3,0.273
2022,2022-07-15,Mitch Haniger,0,31,33,0.238,0.515,0.524,2,0.30303030303030304,0.09090909090909091,0,0.188
2022,2022-07-15,Derek Hill,0,26,123,0.236,0.32,0.462,5,0.10569105691056911,0.2926829268292683,6,0.299
2022,2022-07-15,Drew Ellis,0,26,289,0.231,0.346,0.488,15,0.14186851211072665,0.27335640138408307,4,0.272
2022,2022-07-15,Joseph Odom,0,30,238,0.231,0.328,0.447,10,0.11764705882352941,0.39915966386554624,2,0.369
2022,2022-07-15,Kevin Padlo,0,25,161,0.229,0.323,0.371,4,0.11180124223602485,0.2546583850931677,7,0.292
2022,2022-07-15,Zach Green,0,28,378,0.227,0.291,0.46,18,0.07407407407407407,0.29894179894179895,1,0.276
2022,2022-07-15,Josh Morgan,0,26,73,0.22,0.342,0.373,2,0.1643835616438356,0.2054794520547945,0,0.25
2022,2022-07-15,César Izturis Jr.,0,22,46,0.22,0.304,0.244,0,0.10869565217391304,0.2391304347826087,3,0.3
2022,2022-07-15,Marcus Wilson,0,25,355,0.218,0.344,0.464,16,0.14929577464788732,0.35492957746478876,14,0.31
2022,2022-07-15,Evan White,0,26,107,0.204,0.308,0.484,7,0.12149532710280374,0.21495327102803738,0,0.19
2022,2022-07-15,Alex Blandino,0,29,188,0.203,0.399,0.341,3,0.22872340425531915,0.2712765957446808,7,0.287
2022,2022-07-15,Justin Upton,0,34,53,0.2,0.288,0.378,2,0.11320754716981132,0.33962264150943394,0,0.269
2022,2022-07-15,Andrew Knapp,0,30,88,0.198,0.25,0.432,4,0.045454545454545456,0.25,0,0.214
2022,2022-07-15,Scott Heineman,0,29,112,0.19,0.277,0.31,2,0.09821428571428571,0.35714285714285715,5,0.293
2022,2022-07-15,Billy Hamilton,0,31,95,0.186,0.263,0.209,0,0.09473684210526316,0.2631578947368421,4,0.262
2022,2022-07-15,Miguel Perez,0,21,34,0.172,0.294,0.379,2,0.14705882352941177,0.5588235294117647,0,0.375
2022,2022-07-15,Trey Amburgey,0,27,69,0.172,0.232,0.281,2,0.057971014492753624,0.2898550724637681,1,0.214
2022,2022-07-22,Taylor Trammell,0,24,98,0.333,0.408,0.575,5,0.11224489795918367,0.17346938775510204,8,0.369
2022,2022-07-22,Mike Ford,0,29,47,0.317,0.404,0.488,2,0.10638297872340426,0.0851063829787234,0,0.314
2022,2022-07-22,Jarred Kelenic,0,22,394,0.295,0.365,0.557,18,0.08883248730964467,0.20812182741116753,9,0.339
2022,2022-07-22,Donovan Walton,0,28,57,0.294,0.368,0.51,1,0.10526315789473684,0.10526315789473684,2,0.318
2022,2022-07-22,Cal Raleigh,0,25,30,0.286,0.333,0.464,1,0.06666666666666667,0.23333333333333334,0,0.35
2022,2022-07-22,Sam Haggerty,0,28,179,0.283,0.369,0.5,6,0.1005586592178771,0.18994413407821228,15,0.325
2022,2022-07-22,Jonathan Villar,0,31,155,0.283,0.329,0.497,6,0.06451612903225806,0.21935483870967742,10,0.333
2022,2022-07-22,Luis Torrens,0,26,68,0.279,0.324,0.508,3,0.07352941176470588,0.2647058823529412,0,0.333
2022,2022-07-22,Steven Souza Jr.,0,33,96,0.267,0.417,0.533,5,0.19791666666666666,0.2604166666666667,3,0.326
2022,2022-07-22,Erick Mejia,0,27,521,0.261,0.33,0.433,15,0.09404990403071017,0.19769673704414586,19,0.303
2022,2022-07-22,Mason McCoy,0,27,503,0.256,0.332,0.473,21,0.09940357852882704,0.2584493041749503,22,0.311
2022,2022-07-22,Forrest Wall,0,26,467,0.255,0.333,0.354,6,0.08993576017130621,0.2676659528907923,52,0.349
2022,2022-07-22,Brian O'Keefe,0,28,352,0.253,0.33,0.449,13,0.09090909090909091,0.22727272727272727,1,0.3
2022,2022-07-22,Cade Marlowe,0,25,60,0.25,0.35,0.519,3,0.11666666666666667,0.38333333333333336,6,0.385
2022,2022-07-22,Kyle Lewis,0,26,174,0.245,0.362,0.517,12,0.14942528735632185,0.25862068965517243,0,0.267
2022,2022-07-22,Abraham Toro,0,25,69,0.241,0.353,0.431,2,0.14492753623188406,0.17391304347826086,3,0.273
2022,2022-07-22,Mitch Haniger,0,31,33,0.238,0.515,0.524,2,0.30303030303030304,0.09090909090909091,0,0.188
2022,2022-07-22,Derek Hill,0,26,123,0.236,0.32,0.462,5,0.10569105691056911,0.2926829268292683,6,0.299
2022,2022-07-22,Drew Ellis,0,26,289,0.231,0.346,0.488,15,0.14186851211072665,0.27335640138408307,4,0.272
2022,2022-07-22,Joseph Odom,0,30,238,0.231,0.328,0.447,10,0.11764705882352941,0.39915966386554624,2,0.369
2022,2022-07-22,Kevin Padlo,0,25,161,0.229,0.323,0.371,4,0.11180124223602485,0.2546583850931677,7,0.292
2022,2022-07-22,Zach Green,0,28,378,0.227,0.291,0.46,18,0.07407407407407407,0.29894179894179895,1,0.276
2022,2022-07-22,Josh Morgan,0,26,73,0.22,0.342,0.373,2,0.1643835616438356,0.2054794520547945,0,0.25
2022,2022-07-22,César Izturis Jr.,0,22,46,0.22,0.304,0.244,0,0.10869565217391304,0.2391304347826087,3,0.3
2022,2022-07-22,Marcus Wilson,0,25,355,0.218,0.344,0.464,16,0.14929577464788732,0.35492957746478876,14,0.31
2022,2022-07-22,Evan White,0,26,107,0.204,0.308,0.484,7,0.12149532710280374,0.21495327102803738,0,0.19
2022,2022-07-22,Alex Blandino,0,29,188,0.203,0.399,0.341,3,0.22872340425531915,0.2712765957446808,7,0.287
2022,2022-07-22,Justin Upton,0,34,53,0.2,0.288,0.378,2,0.11320754716981132,0.33962264150943394,0,0.269
2022,2022-07-22,Andrew Knapp,0,30,88,0.198,0.25,0.432,4,0.045454545454545456,0.25,0,0.214
2022,2022-07-22,Scott Heineman,0,29,112,0.19,0.277,0.31,2,0.09821428571428571,0.35714285714285715,5,0.293
2022,2022-07-22,Billy Hamilton,0,31,95,0.186,0.263,0.209,0,0.09473684210526316,0.2631578947368421,4,0.262
2022,2022-07-22,Miguel Perez,0,21,34,0.172,0.294,0.379,2,0.14705882352941177,0.5588235294117647,0,0.375
2022,2022-07-22,Trey Amburgey,0,27,69,0.172,0.232,0.281,2,0.057971014492753624,0.2898550724637681,1,0.214
2022,2022-07-29,Taylor Trammell,0,24,98,0.333,0.408,0.575,5,0.11224489795918367,0.17346938775510204,8,0.369
2022,2022-07-29,Mike Ford,0,29,47,0.317,0.404,0.488,2,0.10638297872340426,0.0851063829787234,0,0.314
2022,2022-07-29,Jarred Kelenic,0,22,394,0.295,0.365,0.557,18,0.08883248730964467,0.20812182741116753,9,0.339
2022,2022-07-29,Donovan Walton,0,28,57,0.294,0.368,0.51,1,0.10526315789473684,0.10526315789473684,2,0.318
2022,2022-07-29,Cal Raleigh,0,25,30,0.286,0.333,0.464,1,0.06666666666666667,0.23333333333333334,0,0.35
2022,2022-07-29,Sam Haggerty,0,28,179,0.283,0.369,0.5,6,0.1005586592178771,0.18994413407821228,15,0.325
2022,2022-07-29,Jonathan Villar,0,31,155,0.283,0.329,0.497,6,0.06451612903225806,0.21935483870967742,10,0.333
2022,2022-07-29,Luis Torrens,0,26,68,0.279,0.324,0.508,3,0.07352941176470588,0.2647058823529412,0,0.333
2022,2022-07-29,Steven Souza Jr.,0,33,96,0.267,0.417,0.533,5,0.19791666666666666,0.2604166666666667,3,0.326
2022,2022-07-29,Erick Mejia,0,27,521,0.261,0.33,0.433,15,0.09404990403071017,0.19769673704414586,19,0.303
2022,2022-07-29,Mason McCoy,0,27,503,0.256,0.332,0.473,21,0.09940357852882704,0.2584493041749503,22,0.311
2022,2022-07-29,Forrest Wall,0,26,467,0.255,0.333,0.354,6,0.08993576017130621,0.2676659528907923,52,0.349
2022,2022-07-29,Brian O'Keefe,0,28,352,0.253,0.33,0.449,13,0.09090909090909091,0.22727272727272727,1,0.3
2022,2022-07-29,Cade Marlowe,0,25,60,0.25,0.35,0.519,3,0.11666666666666667,0.38333333333333336,6,0.385
2022,2022-07-29,Kyle Lewis,0,26,174,0.245,0.362,0.517,12,0.14942528735632185,0.25862068965517243,0,0.267
2022,2022-07-29,Abraham Toro,0,25,69,0.241,0.353,0.431,2,0.14492753623188406,0.17391304347826086,3,0.273
2022,2022-07-29,Mitch Haniger,0,31,33,0.238,0.515,0.524,2,0.30303030303030304,0.09090909090909091,0,0.188
2022,2022-07-29,Derek Hill,0,26,123,0.236,0.32,0.462,5,0.10569105691056911,0.2926829268292683,6,0.299
2022,2022-07-29,Drew Ellis,0,26,289,0.231,0.346,0.488,15,0.14186851211072665,0.27335640138408307,4,0.272
2022,2022-07-29,Joseph Odom,0,30,238,0.231,0.328,0.447,10,0.11764705882352941,0.39915966386554624,2,0.369
2022,2022-07-29,Kevin Padlo,0,25,161,0.229,0.323,0.371,4,0.11180124223602485,0.2546583850931677,7,0.292
2022,2022-07-29,Zach Green,0,28,378,0.227,0.291,0.46,18,0.07407407407407407,0.29894179894179895,1,0.276
2022,2022-07-29,Josh Morgan,0,26,73,0.22,0.342,0.373,2,0.1643835616438356,0.2054794520547945,0,0.25
2022,2022-07-29,César Izturis Jr.,0,22,46,0.22,0.304,0.244,0,0.10869565217391304,0.2391304347826087,3,0.3
2022,2022-07-29,Marcus Wilson,0,25,355,0.218,0.344,0.464,16,0.14929577464788732,0.35492957746478876,14,0.31
2022,2022-07-29,Evan White,0,26,107,0.204,0.308,0.484,7,0.12149532710280374,0.21495327102803738,0,0.19
2022,2022-07-29,Alex Blandino,0,29,188,0.203,0.399,0.341,3,0.22872340425531915,0.2712765957446808,7,0.287
2022,2022-07-29,Justin Upton,0,34,53,0.2,0.288,0.378,2,0.11320754716981132,0.33962264150943394,0,0.269
2022,2022-07-29,Andrew Knapp,0,30,88,0.198,0.25,0.432,4,0.045454545454545456,0.25,0,0.214
2022,2022-07-29,Scott Heineman,0,29,112,0.19,0.277,0.31,2,0.09821428571428571,0.35714285714285715,5,0.293
2022,2022-07-29,Billy Hamilton,0,31,95,0.186,0.263,0.209,0,0.09473684210526316,0.2631578947368421,4,0.262
2022,2022-07-29,Miguel Perez,0,21,34,0.172,0.294,0.379,2,0.14705882352941177,0.5588235294117647,0,0.375
2022,2022-07-29,Trey Amburgey,0,27,69,0.172,0.232,0.281,2,0.057971014492753624,0.2898550724637681,1,0.214
2022,2022-08-05,Taylor Trammell,0,24,98,0.333,0.408,0.575,5,0.11224489795918367,0.17346938775510204,8,0.369
2022,2022-08-05,Mike Ford,0,29,47,0.317,0.404,0.488,2,0.10638297872340426,0.0851063829787234,0,0.314
2022,2022-08-05,Jarred Kelenic,0,22,394,0.295,0.365,0.557,18,0.08883248730964467,0.20812182741116753,9,0.339
2022,2022-08-05,Donovan Walton,0,28,57,0.294,0.368,0.51,1,0.10526315789473684,0.10526315789473684,2,0.318
2022,2022-08-05,Cal Raleigh,0,25,30,0.286,0.333,0.464,1,0.06666666666666667,0.23333333333333334,0,0.35
2022,2022-08-05,Sam Haggerty,0,28,179,0.283,0.369,0.5,6,0.1005586592178771,0.18994413407821228,15,0.325
2022,2022-08-05,Jonathan Villar,0,31,155,0.283,0.329,0.497,6,0.06451612903225806,0.21935483870967742,10,0.333
2022,2022-08-05,Luis Torrens,0,26,68,0.279,0.324,0.508,3,0.07352941176470588,0.2647058823529412,0,0.333
2022,2022-08-05,Steven Souza Jr.,0,33,96,0.267,0.417,0.533,5,0.19791666666666666,0.2604166666666667,3,0.326
2022,2022-08-05,Erick Mejia,0,27,521,0.261,0.33,0.433,15,0.09404990403071017,0.19769673704414586,19,0.303
2022,2022-08-05,Mason McCoy,0,27,503,0.256,0.332,0.473,21,0.09940357852882704,0.2584493041749503,22,0.311
2022,2022-08-05,Forrest Wall,0,26,467,0.255,0.333,0.354,6,0.08993576017130621,0.2676659528907923,52,0.349
2022,2022-08-05,Brian O'Keefe,0,28,352,0.253,0.33,0.449,13,0.09090909090909091,0.22727272727272727,1,0.3
2022,2022-08-05,Cade Marlowe,0,25,60,0.25,0.35,0.519,3,0.11666666666666667,0.38333333333333336,6,0.385
2022,2022-08-05,Kyle Lewis,0,26,174,0.245,0.362,0.517,12,0.14942528735632185,0.25862068965517243,0,0.267
2022,2022-08-05,Abraham Toro,0,25,69,0.241,0.353,0.431,2,0.14492753623188406,0.17391304347826086,3,0.273
2022,2022-08-05,Mitch Haniger,0,31,33,0.238,0.515,0.524,2,0.30303030303030304,0.09090909090909091,0,0.188
2022,2022-08-05,Derek Hill,0,26,123,0.236,0.32,0.462,5,0.10569105691056911,0.2926829268292683,6,0.299
2022,2022-08-05,Drew Ellis,0,26,289,0.231,0.346,0.488,15,0.14186851211072665,0.27335640138408307,4,0.272
2022,2022-08-05,Joseph Odom,0,30,238,0.231,0.328,0.447,10,0.11764705882352941,0.39915966386554624,2,0.369
2022,2022-08-05,Kevin Padlo,0,25,161,0.229,0.323,0.371,4,0.11180124223602485,0.2546583850931677,7,0.292
2022,2022-08-05,Zach Green,0,28,378,0.227,0.291,0.46,18,0.07407407407407407,0.29894179894179895,1,0.276
2022,2022-08-05,Josh Morgan,0,26,73,0.22,0.342,0.373,2,0.1643835616438356,0.2054794520547945,0,0.25
2022,2022-08-05,César Izturis Jr.,0,22,46,0.22,0.304,0.244,0,0.10869565217391304,0.2391304347826087,3,0.3
2022,2022-08-05,Marcus Wilson,0,25,355,0.218,0.344,0.464,16,0.14929577464788732,0.35492957746478876,14,0.31
2022,2022-08-05,Evan White,0,26,107,0.204,0.308,0.484,7,0.12149532710280374,0.21495327102803738,0,0.19
2022,2022-08-05,Alex Blandino,0,29,188,0.203,0.399,0.341,3,0.22872340425531915,0.2712765957446808,7,0.287
2022,2022-08-05,Justin Upton,0,34,53,0.2,0.288,0.378,2,0.11320754716981132,0.33962264150943394,0,0.269
2022,2022-08-05,Andrew Knapp,0,30,88,0.198,0.25,0.432,4,0.045454545454545456,0.25,0,0.214
2022,2022-08-05,Scott Heineman,0,29,112,0.19,0.277,0.31,2,0.09821428571428571,0.35714285714285715,5,0.293
2022,2022-08-05,Billy Hamilton,0,31,95,0.186,0.263,0.209,0,0.09473684210526316,0.2631578947368421,4,0.262
2022,2022-08-05,Miguel Perez,0,21,34,0.172,0.294,0.379,2,0.14705882352941177,0.5588235294117647,0,0.375
2022,2022-08-05,Trey Amburgey,0,27,69,0.172,0.232,0.281,2,0.057971014492753624,0.2898550724637681,1,0.214
2022,2022-08-12,Taylor Trammell,0,24,98,0.333,0.408,0.575,5,0.11224489795918367,0.17346938775510204,8,0.369
2022,2022-08-12,Mike Ford,0,29,47,0.317,0.404,0.488,2,0.10638297872340426,0.0851063829787234,0,0.314
2022,2022-08-12,Jarred Kelenic,0,22,394,0.295,0.365,0.557,18,0.08883248730964467,0.20812182741116753,9,0.339
2022,2022-08-12,Donovan Walton,0,28,57,0.294,0.368,0.51,1,0.10526315789473684,0.10526315789473684,2,0.318
2022,2022-08-12,Cal Raleigh,0,25,30,0.286,0.333,0.464,1,0.06666666666666667,0.23333333333333334,0,0.35
2022,2022-08-12,Sam Haggerty,0,28,179,0.283,0.369,0.5,6,0.1005586592178771,0.18994413407821228,15,0.325
2022,2022-08-12,Jonathan Villar,0,31,155,0.283,0.329,0.497,6,0.06451612903225806,0.21935483870967742,10,0.333
2022,2022-08-12,Luis Torrens,0,26,68,0.279,0.324,0.508,3,0.07352941176470588,0.2647058823529412,0,0.333
2022,2022-08-12,Steven Souza Jr.,0,33,96,0.267,0.417,0.533,5,0.19791666666666666,0.2604166666666667,3,0.326
2022,2022-08-12,Erick Mejia,0,27,521,0.261,0.33,0.433,15,0.09404990403071017,0.19769673704414586,19,0.303
2022,2022-08-12,Mason McCoy,0,27,503,0.256,0.332,0.473,21,0.09940357852882704,0.2584493041749503,22,0.311
2022,2022-08-12,Forrest Wall,0,26,467,0.255,0.333,0.354,6,0.08993576017130621,0.2676659528907923,52,0.349
2022,2022-08-12,Brian O'Keefe,0,28,352,0.253,0.33,0.449,13,0.09090909090909091,0.22727272727272727,1,0.3
2022,2022-08-12,Cade Marlowe,0,25,60,0.25,0.35,0.519,3,0.11666666666666667,0.38333333333333336,6,0.385
2022,2022-08-12,Kyle Lewis,0,26,174,0.245,0.362,0.517,12,0.14942528735632185,0.25862068965517243,0,0.267
2022,2022-08-12,Abraham Toro,0,25,69,0.241,0.353,0.431,2,0.14492753623188406,0.17391304347826086,3,0.273
2022,2022-08-12,Mitch Haniger,0,31,33,0.238,0.515,0.524,2,0.30303030303030304,0.09090909090909091,0,0.188
2022,2022-08-12,Derek Hill,0,26,123,0.236,0.32,0.462,5,0.10569105691056911,0.2926829268292683,6,0.299
2022,2022-08-12,Drew Ellis,0,26,289,0.231,0.346,0.488,15,0.14186851211072665,0.27335640138408307,4,0.272
2022,2022-08-12,Joseph Odom,0,30,238,0.231,0.328,0.447,10,0.11764705882352941,0.39915966386554624,2,0.369
2022,2022-08-12,Kevin Padlo,0,25,161,0.229,0.323,0.371,4,0.11180124223602485,0.2546583850931677,7,0.292
2022,2022-08-12,Zach Green,0,28,378,0.227,0.291,0.46,18,0.07407407407407407,0.29894179894179895,1,0.276
2022,2022-08-12,Josh Morgan,0,26,73,0.22,0.342,0.373,2,0.1643835616438356,0.2054794520547945,0,0.25
2022,2022-08-12,César Izturis Jr.,0,22,46,0.22,0.304,0.244,0,0.10869565217391304,0.2391304347826087,3,0.3
2022,2022-08-12,Marcus Wilson,0,25,355,0.218,0.344,0.464,16,0.14929577464788732,0.35492957746478876,14,0.31
2022,2022-08-12,Evan White,0,26,107,0.204,0.308,0.484,7,0.12149532710280374,0.21495327102803738,0,0.19
2022,2022-08-12,Alex Blandino,0,29,188,0.203,0.399,0.341,3,0.22872340425531915,0.2712765957446808,7,0.287
2022,2022-08-12,Justin Upton,0,34,53,0.2,0.288,0.378,2,0.11320754716981132,0.33962264150943394,0,0.269
2022,2022-08-12,Andrew Knapp,0,30,88,0.198,0.25,0.432,4,0.045454545454545456,0.25,0,0.214
2022,2022-08-12,Scott Heineman,0,29,112,0.19,0.277,0.31,2,0.09821428571428571,0.35714285714285715,5,0.293
2022,2022-08-12,Billy Hamilton,0,31,95,0.186,0.263,0.209,0,0.09473684210526316,0.2631578947368421,4,0.262
2022,2022-08-12,Miguel Perez,0,21,34,0.172,0.294,0.379,2,0.14705882352941177,0.5588235294117647,0,0.375
2022,2022-08-12,Trey Amburgey,0,27,69,0.172,0.232,0.281,2,0.057971014492753624,0.2898550724637681,1,0.214
2022,2022-08-19,Taylor Trammell,0,24,98,0.333,0.408,0.575,5,0.11224489795918367,0.17346938775510204,8,0.369
2022,2022-08-19,Mike Ford,0,29,47,0.317,0.404,0.488,2,0.10638297872340426,0.0851063829787234,0,0.314
2022,2022-08-19,Jarred Kelenic,0,22,394,0.295,0.365,0.557,18,0.08883248730964467,0.20812182741116753,9,0.339
2022,2022-08-19,Donovan Walton,0,28,57,0.294,0.368,0.51,1,0.10526315789473684,0.10526315789473684,2,0.318
2022,2022-08-19,Cal Raleigh,0,25,30,0.286,0.333,0.464,1,0.06666666666666667,0.23333333333333334,0,0.35
2022,2022-08-19,Sam Haggerty,0,28,179,0.283,0.369,0.5,6,0.1005586592178771,0.18994413407821228,15,0.325
2022,2022-08-19,Jonathan Villar,0,31,155,0.283,0.329,0.497,6,0.06451612903225806,0.21935483870967742,10,0.333
2022,2022-08-19,Luis Torrens,0,26,68,0.279,0.324,0.508,3,0.07352941176470588,0.2647058823529412,0,0.333
2022,2022-08-19,Steven Souza Jr.,0,33,96,0.267,0.417,0.533,5,0.19791666666666666,0.2604166666666667,3,0.326
2022,2022-08-19,Erick Mejia,0,27,521,0.261,0.33,0.433,15,0.09404990403071017,0.19769673704414586,19,0.303
2022,2022-08-19,Mason McCoy,0,27,503,0.256,0.332,0.473,21,0.09940357852882704,0.2584493041749503,22,0.311
2022,2022-08-19,Forrest Wall,0,26,467,0.255,0.333,0.354,6,0.08993576017130621,0.2676659528907923,52,0.349
2022,2022-08-19,Brian O'Keefe,0,28,352,0.253,0.33,0.449,13,0.09090909090909091,0.22727272727272727,1,0.3
2022,2022-08-19,Cade Marlowe,0,25,60,0.25,0.35,0.519,3,0.11666666666666667,0.38333333333333336,6,0.385
2022,2022-08-19,Kyle Lewis,0,26,174,0.245,0.362,0.517,12,0.14942528735632185,0.25862068965517243,0,0.267
2022,2022-08-19,Abraham Toro,0,25,69,0.241,0.353,0.431,2,0.14492753623188406,0.17391304347826086,3,0.273
2022,2022-08-19,Mitch Haniger,0,31,33,0.238,0.515,0.524,2,0.30303030303030304,0.09090909090909091,0,0.188
2022,2022-08-19,Derek Hill,0,26,123,0.236,0.32,0.462,5,0.10569105691056911,0.2926829268292683,6,0.299
2022,2022-08-19,Drew Ellis,0,26,289,0.231,0.346,0.488,15,0.14186851211072665,0.27335640138408307,4,0.272
2022,2022-08-19,Joseph Odom,0,30,238,0.231,0.328,0.447,10,0.11764705882352941,0.39915966386554624,2,0.369
2022,2022-08-19,Kevin Padlo,0,25,161,0.229,0.323,0.371,4,0.11180124223602485,0.2546583850931677,7,0.292
2022,2022-08-19,Zach Green,0,28,378,0.227,0.291,0.46,18,0.07407407407407407,0.29894179894179895,1,0.276
2022,2022-08-19,Josh Morgan,0,26,73,0.22,0.342,0.373,2,0.1643835616438356,0.2054794520547945,0,0.25
2022,2022-08-19,César Izturis Jr.,0,22,46,0.22,0.304,0.244,0,0.10869565217391304,0.2391304347826087,3,0.3
2022,2022-08-19,Marcus Wilson,0,25,355,0.218,0.344,0.464,16,0.14929577464788732,0.35492957746478876,14,0.31
2022,2022-08-19,Evan White,0,26,107,0.204,0.308,0.484,7,0.12149532710280374,0.21495327102803738,0,0.19
2022,2022-08-19,Alex Blandino,0,29,188,0.203,0.399,0.341,3,0.22872340425531915,0.2712765957446808,7,0.287
2022,2022-08-19,Justin Upton,0,34,53,0.2,0.288,0.378,2,0.11320754716981132,0.33962264150943394,0,0.269
2022,2022-08-19,Andrew Knapp,0,30,88,0.198,0.25,0.432,4,0.045454545454545456,0.25,0,0.214
2022,2022-08-19,Scott Heineman,0,29,112,0.19,0.277,0.31,2,0.09821428571428571,0.35714285714285715,5,0.293
2022,2022-08-19,Billy Hamilton,0,31,95,0.186,0.263,0.209,0,0.09473684210526316,0.2631578947368421,4,0.262
2022,2022-08-19,Miguel Perez,0,21,34,0.172,0.294,0.379,2,0.14705882352941177,0.5588235294117647,0,0.375
2022,2022-08-19,Trey Amburgey,0,27,69,0.172,0.232,0.281,2,0.057971014492753624,0.2898550724637681,1,0.214
2022,2022-08-26,Taylor Trammell,1,24,98,0.333,0.408,0.575,5,0.11224489795918367,0.17346938775510204,8,0.369
2022,2022-08-26,Mike Ford,0,29,47,0.317,0.404,0.488,2,0.10638297872340426,0.0851063829787234,0,0.314
2022,2022-08-26,Jarred Kelenic,0,22,394,0.295,0.365,0.557,18,0.08883248730964467,0.20812182741116753,9,0.339
2022,2022-08-26,Donovan Walton,0,28,57,0.294,0.368,0.51,1,0.10526315789473684,0.10526315789473684,2,0.318
2022,2022-08-26,Cal Raleigh,0,25,30,0.286,0.333,0.464,1,0.06666666666666667,0.23333333333333334,0,0.35
2022,2022-08-26,Sam Haggerty,0,28,179,0.283,0.369,0.5,6,0.1005586592178771,0.18994413407821228,15,0.325
2022,2022-08-26,Jonathan Villar,0,31,155,0.283,0.329,0.497,6,0.06451612903225806,0.21935483870967742,10,0.333
2022,2022-08-26,Luis Torrens,0,26,68,0.279,0.324,0.508,3,0.07352941176470588,0.2647058823529412,0,0.333
2022,2022-08-26,Steven Souza Jr.,0,33,96,0.267,0.417,0.533,5,0.19791666666666666,0.2604166666666667,3,0.326
2022,2022-08-26,Erick Mejia,0,27,521,0.261,0.33,0.433,15,0.09404990403071017,0.19769673704414586,19,0.303
2022,2022-08-26,Mason McCoy,0,27,503,0.256,0.332,0.473,21,0.09940357852882704,0.2584493041749503,22,0.311
2022,2022-08-26,Forrest Wall,0,26,467,0.255,0.333,0.354,6,0.08993576017130621,0.2676659528907923,52,0.349
2022,2022-08-26,Brian O'Keefe,0,28,352,0.253,0.33,0.449,13,0.09090909090909091,0.22727272727272727,1,0.3
2022,2022-08-26,Cade Marlowe,0,25,60,0.25,0.35,0.519,3,0.11666666666666667,0.38333333333333336,6,0.385
2022,2022-08-26,Kyle Lewis,0,26,174,0.245,0.362,0.517,12,0.14942528735632185,0.25862068965517243,0,0.267
2022,2022-08-26,Abraham Toro,1,25,69,0.241,0.353,0.431,2,0.14492753623188406,0.17391304347826086,3,0.273
2022,2022-08-26,Mitch Haniger,0,31,33,0.238,0.515,0.524,2,0.30303030303030304,0.09090909090909091,0,0.188
2022,2022-08-26,Derek Hill,0,26,123,0.236,0.32,0.462,5,0.10569105691056911,0.2926829268292683,6,0.299
2022,2022-08-26,Drew Ellis,0,26,289,0.231,0.346,0.488,15,0.14186851211072665,0.27335640138408307,4,0.272
2022,2022-08-26,Joseph Odom,0,30,238,0.231,0.328,0.447,10,0.11764705882352941,0.39915966386554624,2,0.369
2022,2022-08-26,Kevin Padlo,0,25,161,0.229,0.323,0.371,4,0.11180124223602485,0.2546583850931677,7,0.292
2022,2022-08-26,Zach Green,0,28,378,0.227,0.291,0.46,18,0.07407407407407407,0.29894179894179895,1,0.276
2022,2022-08-26,Josh Morgan,0,26,73,0.22,0.342,0.373,2,0.1643835616438356,0.2054794520547945,0,0.25
2022,2022-08-26,César Izturis Jr.,0,22,46,0.22,0.304,0.244,0,0.10869565217391304,0.2391304347826087,3,0.3
2022,2022-08-26,Marcus Wilson,0,25,355,0.218,0.344,0.464,16,0.14929577464788732,0.35492957746478876,14,0.31
2022,2022-08-26,Evan White,0,26,107,0.204,0.308,0.484,7,0.12149532710280374,0.21495327102803738,0,0.19
2022,2022-08-26,Alex Blandino,0,29,188,0.203,0.399,0.341,3,0.22872340425531915,0.2712765957446808,7,0.287
2022,2022-08-26,Justin Upton,0,34,53,0.2,0.288,0.378,2,0.11320754716981132,0.33962264150943394,0,0.269
2022,2022-08-26,Andrew Knapp,0,30,88,0.198,0.25,0.432,4,0.045454545454545456,0.25,0,0.214
2022,2022-08-26,Scott Heineman,0,29,112,0.19,0.277,0.31,2,0.09821428571428571,0.35714285714285715,5,0.293
2022,2022-08-26,Billy Hamilton,0,31,95,0.186,0.263,0.209,0,0.09473684210526316,0.2631578947368421,4,0.262
2022,2022-08-26,Miguel Perez,0,21,34,0.172,0.294,0.379,2,0.14705882352941177,0.5588235294117647,0,0.375
2022,2022-08-26,Trey Amburgey,0,27,69,0.172,0.232,0.281,2,0.057971014492753624,0.2898550724637681,1,0.214
2022,2022-09-02,Taylor Trammell,0,24,98,0.333,0.408,0.575,5,0.11224489795918367,0.17346938775510204,8,0.369
2022,2022-09-02,Mike Ford,0,29,47,0.317,0.404,0.488,2,0.10638297872340426,0.0851063829787234,0,0.314
2022,2022-09-02,Jarred Kelenic,0,22,394,0.295,0.365,0.557,18,0.08883248730964467,0.20812182741116753,9,0.339
2022,2022-09-02,Donovan Walton,0,28,57,0.294,0.368,0.51,1,0.10526315789473684,0.10526315789473684,2,0.318
2022,2022-09-02,Cal Raleigh,0,25,30,0.286,0.333,0.464,1,0.06666666666666667,0.23333333333333334,0,0.35
2022,2022-09-02,Sam Haggerty,0,28,179,0.283,0.369,0.5,6,0.1005586592178771,0.18994413407821228,15,0.325
2022,2022-09-02,Jonathan Villar,0,31,155,0.283,0.329,0.497,6,0.06451612903225806,0.21935483870967742,10,0.333
2022,2022-09-02,Luis Torrens,0,26,68,0.279,0.324,0.508,3,0.07352941176470588,0.2647058823529412,0,0.333
2022,2022-09-02,Steven Souza Jr.,0,33,96,0.267,0.417,0.533,5,0.19791666666666666,0.2604166666666667,3,0.326
2022,2022-09-02,Erick Mejia,0,27,521,0.261,0.33,0.433,15,0.09404990403071017,0.19769673704414586,19,0.303
2022,2022-09-02,Mason McCoy,0,27,503,0.256,0.332,0.473,21,0.09940357852882704,0.2584493041749503,22,0.311
2022,2022-09-02,Forrest Wall,0,26,467,0.255,0.333,0.354,6,0.08993576017130621,0.2676659528907923,52,0.349
2022,2022-09-02,Brian O'Keefe,0,28,352,0.253,0.33,0.449,13,0.09090909090909091,0.22727272727272727,1,0.3
2022,2022-09-02,Cade Marlowe,0,25,60,0.25,0.35,0.519,3,0.11666666666666667,0.38333333333333336,6,0.385
2022,2022-09-02,Kyle Lewis,0,26,174,0.245,0.362,0.517,12,0.14942528735632185,0.25862068965517243,0,0.267
2022,2022-09-02,Abraham Toro,0,25,69,0.241,0.353,0.431,2,0.14492753623188406,0.17391304347826086,3,0.273
2022,2022-09-02,Mitch Haniger,0,31,33,0.238,0.515,0.524,2,0.30303030303030304,0.09090909090909091,0,0.188
2022,2022-09-02,Derek Hill,0,26,123,0.236,0.32,0.462,5,0.10569105691056911,0.2926829268292683,6,0.299
2022,2022-09-02,Drew Ellis,0,26,289,0.231,0.346,0.488,15,0.14186851211072665,0.27335640138408307,4,0.272
2022,2022-09-02,Joseph Odom,0,30,238,0.231,0.328,0.447,10,0.11764705882352941,0.39915966386554624,2,0.369
2022,2022-09-02,Kevin Padlo,0,25,161,0.229,0.323,0.371,4,0.11180124223602485,0.2546583850931677,7,0.292
2022,2022-09-02,Zach Green,0,28,378,0.227,0.291,0.46,18,0.07407407407407407,0.29894179894179895,1,0.276
2022,2022-09-02,Josh Morgan,0,26,73,0.22,0.342,0.373,2,0.1643835616438356,0.2054794520547945,0,0.25
2022,2022-09-02,César Izturis Jr.,0,22,46,0.22,0.304,0.244,0,0.10869565217391304,0.2391304347826087,3,0.3
2022,2022-09-02,Marcus Wilson,0,25,355,0.218,0.344,0.464,16,0.14929577464788732,0.35492957746478876,14,0.31
2022,2022-09-02,Evan White,0,26,107,0.204,0.308,0.484,7,0.12149532710280374,0.21495327102803738,0,0.19
2022,2022-09-02,Alex Blandino,0,29,188,0.203,0.399,0.341,3,0.22872340425531915,0.2712765957446808,7,0.287
2022,2022-09-02,Justin Upton,0,34,53,0.2,0.288,0.378,2,0.11320754716981132,0.33962264150943394,0,0.269
2022,2022-09-02,Andrew Knapp,0,30,88,0.198,0.25,0.432,4,0.045454545454545456,0.25,0,0.214
2022,2022-09-02,Scott Heineman,0,29,112,0.19,0.277,0.31,2,0.09821428571428571,0.35714285714285715,5,0.293
2022,2022-09-02,Billy Hamilton,0,31,95,0.186,0.263,0.209,0,0.09473684210526316,0.2631578947368421,4,0.262
2022,2022-09-02,Miguel Perez,0,21,34,0.172,0.294,0.379,2,0.14705882352941177,0.5588235294117647,0,0.375
2022,2022-09-02,Trey Amburgey,0,27,69,0.172,0.232,0.281,2,0.057971014492753624,0.2898550724637681,1,0.214
2022,2022-09-09,Taylor Trammell,0,24,98,0.333,0.408,0.575,5,0.11224489795918367,0.17346938775510204,8,0.369
2022,2022-09-09,Mike Ford,0,29,47,0.317,0.404,0.488,2,0.10638297872340426,0.0851063829787234,0,0.314
2022,2022-09-09,Jarred Kelenic,0,22,394,0.295,0.365,0.557,18,0.08883248730964467,0.20812182741116753,9,0.339
2022,2022-09-09,Donovan Walton,0,28,57,0.294,0.368,0.51,1,0.10526315789473684,0.10526315789473684,2,0.318
2022,2022-09-09,Cal Raleigh,0,25,30,0.286,0.333,0.464,1,0.06666666666666667,0.23333333333333334,0,0.35
2022,2022-09-09,Sam Haggerty,0,28,179,0.283,0.369,0.5,6,0.1005586592178771,0.18994413407821228,15,0.325
2022,2022-09-09,Jonathan Villar,0,31,155,0.283,0.329,0.497,6,0.06451612903225806,0.21935483870967742,10,0.333
2022,2022-09-09,Luis Torrens,0,26,68,0.279,0.324,0.508,3,0.07352941176470588,0.2647058823529412,0,0.333
2022,2022-09-09,Steven Souza Jr.,0,33,96,0.267,0.417,0.533,5,0.19791666666666666,0.2604166666666667,3,0.326
2022,2022-09-09,Erick Mejia,0,27,521,0.261,0.33,0.433,15,0.09404990403071017,0.19769673704414586,19,0.303
2022,2022-09-09,Mason McCoy,0,27,503,0.256,0.332,0.473,21,0.09940357852882704,0.2584493041749503,22,0.311
2022,2022-09-09,Forrest Wall,0,26,467,0.255,0.333,0.354,6,0.08993576017130621,0.2676659528907923,52,0.349
2022,2022-09-09,Brian O'Keefe,0,28,352,0.253,0.33,0.449,13,0.09090909090909091,0.22727272727272727,1,0.3
2022,2022-09-09,Cade Marlowe,0,25,60,0.25,0.35,0.519,3,0.11666666666666667,0.38333333333333336,6,0.385
2022,2022-09-09,Kyle Lewis,0,26,174,0.245,0.362,0.517,12,0.14942528735632185,0.25862068965517243,0,0.267
2022,2022-09-09,Abraham Toro,0,25,69,0.241,0.353,0.431,2,0.14492753623188406,0.17391304347826086,3,0.273
2022,2022-09-09,Mitch Haniger,0,31,33,0.238,0.515,0.524,2,0.30303030303030304,0.09090909090909091,0,0.188
2022,2022-09-09,Derek Hill,0,26,123,0.236,0.32,0.462,5,0.10569105691056911,0.2926829268292683,6,0.299
2022,2022-09-09,Drew Ellis,0,26,289,0.231,0.346,0.488,15,0.14186851211072665,0.27335640138408307,4,0.272
2022,2022-09-09,Joseph Odom,0,30,238,0.231,0.328,0.447,10,0.11764705882352941,0.39915966386554624,2,0.369
2022,2022-09-09,Kevin Padlo,0,25,161,0.229,0.323,0.371,4,0.11180124223602485,0.2546583850931677,7,0.292
2022,2022-09-09,Zach Green,0,28,378,0.227,0.291,0.46,18,0.07407407407407407,0.29894179894179895,1,0.276
2022,2022-09-09,Josh Morgan,0,26,73,0.22,0.342,0.373,2,0.1643835616438356,0.2054794520547945,0,0.25
2022,2022-09-09,César Izturis Jr.,0,22,46,0.22,0.304,0.244,0,0.10869565217391304,0.2391304347826087,3,0.3
2022,2022-09-09,Marcus Wilson,0,25,355,0.218,0.344,0.464,16,0.14929577464788732,0.35492957746478876,14,0.31
2022,2022-09-09,Evan White,0,26,107,0.204,0.308,0.484,7,0.12149532710280374,0.21495327102803738,0,0.19
2022,2022-09-09,Alex Blandino,0,29,188,0.203,0.399,0.341,3,0.22872340425531915,0.2712765957446808,7,0.287
2022,2022-09-09,Justin Upton,0,34,53,0.2,0.288,0.378,2,0.11320754716981132,0.33962264150943394,0,0.269
2022,2022-09-09,Andrew Knapp,0,30,88,0.198,0.25,0.432,4,0.045454545454545456,0.25,0,0.214
2022,2022-09-09,Scott Heineman,0,29,112,0.19,0.277,0.31,2,0.09821428571428571,0.35714285714285715,5,0.293
2022,2022-09-09,Billy Hamilton,0,31,95,0.186,0.263,0.209,0,0.09473684210526316,0.2631578947368421,4,0.262
2022,2022-09-09,Miguel Perez,0,21,34,0.172,0.294,0.379,2,0.14705882352941177,0.5588235294117647,0,0.375
2022,2022-09-09,Trey Amburgey,0,27,69,0.172,0.232,0.281,2,0.057971014492753624,0.2898550724637681,1,0.214
2022,2022-09-16,Taylor Trammell,1,24,98,0.333,0.408,0.575,5,0.11224489795918367,0.17346938775510204,8,0.369
2022,2022-09-16,Mike Ford,0,29,47,0.317,0.404,0.488,2,0.10638297872340426,0.0851063829787234,0,0.314
2022,2022-09-16,Jarred Kelenic,1,22,394,0.295,0.365,0.557,18,0.08883248730964467,0.20812182741116753,9,0.339
2022,2022-09-16,Donovan Walton,0,28,57,0.294,0.368,0.51,1,0.10526315789473684,0.10526315789473684,2,0.318
2022,2022-09-16,Cal Raleigh,0,25,30,0.286,0.333,0.464,1,0.06666666666666667,0.23333333333333334,0,0.35
2022,2022-09-16,Sam Haggerty,0,28,179,0.283,0.369,0.5,6,0.1005586592178771,0.18994413407821228,15,0.325
2022,2022-09-16,Jonathan Villar,0,31,155,0.283,0.329,0.497,6,0.06451612903225806,0.21935483870967742,10,0.333
2022,2022-09-16,Luis Torrens,1,26,68,0.279,0.324,0.508,3,0.07352941176470588,0.2647058823529412,0,0.333
2022,2022-09-16,Steven Souza Jr.,0,33,96,0.267,0.417,0.533,5,0.19791666666666666,0.2604166666666667,3,0.326
2022,2022-09-16,Erick Mejia,0,27,521,0.261,0.33,0.433,15,0.09404990403071017,0.19769673704414586,19,0.303
2022,2022-09-16,Mason McCoy,0,27,503,0.256,0.332,0.473,21,0.09940357852882704,0.2584493041749503,22,0.311
2022,2022-09-16,Forrest Wall,0,26,467,0.255,0.333,0.354,6,0.08993576017130621,0.2676659528907923,52,0.349
2022,2022-09-16,Brian O'Keefe,0,28,352,0.253,0.33,0.449,13,0.09090909090909091,0.22727272727272727,1,0.3
2022,2022-09-16,Cade Marlowe,0,25,60,0.25,0.35,0.519,3,0.11666666666666667,0.38333333333333336,6,0.385
2022,2022-09-16,Kyle Lewis,0,26,174,0.245,0.362,0.517,12,0.14942528735632185,0.25862068965517243,0,0.267
2022,2022-09-16,Abraham Toro,0,25,69,0.241,0.353,0.431,2,0.14492753623188406,0.17391304347826086,3,0.273
2022,2022-09-16,Mitch Haniger,0,31,33,0.238,0.515,0.524,2,0.30303030303030304,0.09090909090909091,0,0.188
2022,2022-09-16,Derek Hill,0,26,123,0.236,0.32,0.462,5,0.10569105691056911,0.2926829268292683,6,0.299
2022,2022-09-16,Drew Ellis,0,26,289,0.231,0.346,0.488,15,0.14186851211072665,0.27335640138408307,4,0.272
2022,2022-09-16,Joseph Odom,0,30,238,0.231,0.328,0.447,10,0.11764705882352941,0.39915966386554624,2,0.369
2022,2022-09-16,Kevin Padlo,0,25,161,0.229,0.323,0.371,4,0.11180124223602485,0.2546583850931677,7,0.292
2022,2022-09-16,Zach Green,0,28,378,0.227,0.291,0.46,18,0.07407407407407407,0.29894179894179895,1,0.276
2022,2022-09-16,Josh Morgan,0,26,73,0.22,0.342,0.373,2,0.1643835616438356,0.2054794520547945,0,0.25
2022,2022-09-16,César Izturis Jr.,0,22,46,0.22,0.304,0.244,0,0.10869565217391304,0.2391304347826087,3,0.3
2022,2022-09-16,Marcus Wilson,0,25,355,0.218,0.344,0.464,16,0.14929577464788732,0.35492957746478876,14,0.31
2022,2022-09-16,Evan White,0,26,107,0.204,0.308,0.484,7,0.12149532710280374,0.21495327102803738,0,0.19
2022,2022-09-16,Alex Blandino,0,29,188,0.203,0.399,0.341,3,0.22872340425531915,0.2712765957446808,7,0.287
2022,2022-09-16,Justin Upton,0,34,53,0.2,0.288,0.378,2,0.11320754716981132,0.33962264150943394,0,0.269
2022,2022-09-16,Andrew Knapp,0,30,88,0.198,0.25,0.432,4,0.045454545454545456,0.25,0,0.214
2022,2022-09-16,Scott Heineman,0,29,112,0.19,0.277,0.31,2,0.09821428571428571,0.35714285714285715,5,0.293
2022,2022-09-16,Billy Hamilton,0,31,95,0.186,0.263,0.209,0,0.09473684210526316,0.2631578947368421,4,0.262
2022,2022-09-16,Miguel Perez,0,21,34,0.172,0.294,0.379,2,0.14705882352941177,0.5588235294117647,0,0.375
2022,2022-09-16,Trey Amburgey,0,27,69,0.172,0.232,0.281,2,0.057971014492753624,0.2898550724637681,1,0.214
2022,2022-09-23,Taylor Trammell,0,24,98,0.333,0.408,0.575,5,0.11224489795918367,0.17346938775510204,8,0.369
2022,2022-09-23,Mike Ford,0,29,47,0.317,0.404,0.488,2,0.10638297872340426,0.0851063829787234,0,0.314
2022,2022-09-23,Jarred Kelenic,0,22,394,0.295,0.365,0.557,18,0.08883248730964467,0.20812182741116753,9,0.339
2022,2022-09-23,Donovan Walton,0,28,57,0.294,0.368,0.51,1,0.10526315789473684,0.10526315789473684,2,0.318
2022,2022-09-23,Cal Raleigh,0,25,30,0.286,0.333,0.464,1,0.06666666666666667,0.23333333333333334,0,0.35
2022,2022-09-23,Sam Haggerty,0,28,179,0.283,0.369,0.5,6,0.1005586592178771,0.18994413407821228,15,0.325
2022,2022-09-23,Jonathan Villar,0,31,155,0.283,0.329,0.497,6,0.06451612903225806,0.21935483870967742,10,0.333
2022,2022-09-23,Luis Torrens,0,26,68,0.279,0.324,0.508,3,0.07352941176470588,0.2647058823529412,0,0.333
2022,2022-09-23,Steven Souza Jr.,0,33,96,0.267,0.417,0.533,5,0.19791666666666666,0.2604166666666667,3,0.326
2022,2022-09-23,Erick Mejia,0,27,521,0.261,0.33,0.433,15,0.09404990403071017,0.19769673704414586,19,0.303
2022,2022-09-23,Mason McCoy,0,27,503,0.256,0.332,0.473,21,0.09940357852882704,0.2584493041749503,22,0.311
2022,2022-09-23,Forrest Wall,0,26,467,0.255,0.333,0.354,6,0.08993576017130621,0.2676659528907923,52,0.349
2022,2022-09-23,Brian O'Keefe,1,28,352,0.253,0.33,0.449,13,0.09090909090909091,0.22727272727272727,1,0.3
2022,2022-09-23,Cade Marlowe,0,25,60,0.25,0.35,0.519,3,0.11666666666666667,0.38333333333333336,6,0.385
2022,2022-09-23,Kyle Lewis,0,26,174,0.245,0.362,0.517,12,0.14942528735632185,0.25862068965517243,0,0.267
2022,2022-09-23,Abraham Toro,0,25,69,0.241,0.353,0.431,2,0.14492753623188406,0.17391304347826086,3,0.273
2022,2022-09-23,Mitch Haniger,0,31,33,0.238,0.515,0.524,2,0.30303030303030304,0.09090909090909091,0,0.188
2022,2022-09-23,Derek Hill,0,26,123,0.236,0.32,0.462,5,0.10569105691056911,0.2926829268292683,6,0.299
2022,2022-09-23,Drew Ellis,0,26,289,0.231,0.346,0.488,15,0.14186851211072665,0.27335640138408307,4,0.272
2022,2022-09-23,Joseph Odom,0,30,238,0.231,0.328,0.447,10,0.11764705882352941,0.39915966386554624,2,0.369
2022,2022-09-23,Kevin Padlo,0,25,161,0.229,0.323,0.371,4,0.11180124223602485,0.2546583850931677,7,0.292
2022,2022-09-23,Zach Green,0,28,378,0.227,0.291,0.46,18,0.07407407407407407,0.29894179894179895,1,0.276
2022,2022-09-23,Josh Morgan,0,26,73,0.22,0.342,0.373,2,0.1643835616438356,0.2054794520547945,0,0.25
2022,2022-09-23,César Izturis Jr.,0,22,46,0.22,0.304,0.244,0,0.10869565217391304,0.2391304347826087,3,0.3
2022,2022-09-23,Marcus Wilson,0,25,355,0.218,0.344,0.464,16,0.14929577464788732,0.35492957746478876,14,0.31
2022,2022-09-23,Evan White,0,26,107,0.204,0.308,0.484,7,0.12149532710280374,0.21495327102803738,0,0.19
2022,2022-09-23,Alex Blandino,0,29,188,0.203,0.399,0.341,3,0.22872340425531915,0.2712765957446808,7,0.287
2022,2022-09-23,Justin Upton,0,34,53,0.2,0.288,0.378,2,0.11320754716981132,0.33962264150943394,0,0.269
2022,2022-09-23,Andrew Knapp,0,30,88,0.198,0.25,0.432,4,0.045454545454545456,0.25,0,0.214
2022,2022-09-23,Scott Heineman,0,29,112,0.19,0.277,0.31,2,0.09821428571428571,0.35714285714285715,5,0.293
2022,2022-09-23,Billy Hamilton,0,31,95,0.186,0.263,0.209,0,0.09473684210526316,0.2631578947368421,4,0.262
2022,2022-09-23,Miguel Perez,0,21,34,0.172,0.294,0.379,2,0.14705882352941177,0.5588235294117647,0,0.375
2022,2022-09-23,Trey Amburgey,0,27,69,0.172,0.232,0.281,2,0.057971014492753624,0.2898550724637681,1,0.214
2022,2022-09-30,Taylor Trammell,1,24,98,0.333,0.408,0.575,5,0.11224489795918367,0.17346938775510204,8,0.369
2022,2022-09-30,Mike Ford,0,29,47,0.317,0.404,0.488,2,0.10638297872340426,0.0851063829787234,0,0.314
2022,2022-09-30,Jarred Kelenic,0,22,394,0.295,0.365,0.557,18,0.08883248730964467,0.20812182741116753,9,0.339
2022,2022-09-30,Donovan Walton,0,28,57,0.294,0.368,0.51,1,0.10526315789473684,0.10526315789473684,2,0.318
2022,2022-09-30,Cal Raleigh,0,25,30,0.286,0.333,0.464,1,0.06666666666666667,0.23333333333333334,0,0.35
2022,2022-09-30,Sam Haggerty,0,28,179,0.283,0.369,0.5,6,0.1005586592178771,0.18994413407821228,15,0.325
2022,2022-09-30,Jonathan Villar,0,31,155,0.283,0.329,0.497,6,0.06451612903225806,0.21935483870967742,10,0.333
2022,2022-09-30,Luis Torrens,0,26,68,0.279,0.324,0.508,3,0.07352941176470588,0.2647058823529412,0,0.333
2022,2022-09-30,Steven Souza Jr.,0,33,96,0.267,0.417,0.533,5,0.19791666666666666,0.2604166666666667,3,0.326
2022,2022-09-30,Erick Mejia,0,27,521,0.261,0.33,0.433,15,0.09404990403071017,0.19769673704414586,19,0.303
2022,2022-09-30,Mason McCoy,0,27,503,0.256,0.332,0.473,21,0.09940357852882704,0.2584493041749503,22,0.311
2022,2022-09-30,Forrest Wall,0,26,467,0.255,0.333,0.354,6,0.08993576017130621,0.2676659528907923,52,0.349
2022,2022-09-30,Brian O'Keefe,1,28,352,0.253,0.33,0.449,13,0.09090909090909091,0.22727272727272727,1,0.3
2022,2022-09-30,Cade Marlowe,0,25,60,0.25,0.35,0.519,3,0.11666666666666667,0.38333333333333336,6,0.385
2022,2022-09-30,Kyle Lewis,1,26,174,0.245,0.362,0.517,12,0.14942528735632185,0.25862068965517243,0,0.267
2022,2022-09-30,Abraham Toro,1,25,69,0.241,0.353,0.431,2,0.14492753623188406,0.17391304347826086,3,0.273
2022,2022-09-30,Mitch Haniger,0,31,33,0.238,0.515,0.524,2,0.30303030303030304,0.09090909090909091,0,0.188
2022,2022-09-30,Derek Hill,1,26,123,0.236,0.32,0.462,5,0.10569105691056911,0.2926829268292683,6,0.299
2022,2022-09-30,Drew Ellis,1,26,289,0.231,0.346,0.488,15,0.14186851211072665,0.27335640138408307,4,0.272
2022,2022-09-30,Joseph Odom,0,30,238,0.231,0.328,0.447,10,0.11764705882352941,0.39915966386554624,2,0.369
2022,2022-09-30,Kevin Padlo,0,25,161,0.229,0.323,0.371,4,0.11180124223602485,0.2546583850931677,7,0.292
2022,2022-09-30,Zach Green,0,28,378,0.227,0.291,0.46,18,0.07407407407407407,0.29894179894179895,1,0.276
2022,2022-09-30,Josh Morgan,0,26,73,0.22,0.342,0.373,2,0.1643835616438356,0.2054794520547945,0,0.25
2022,2022-09-30,César Izturis Jr.,0,22,46,0.22,0.304,0.244,0,0.10869565217391304,0.2391304347826087,3,0.3
2022,2022-09-30,Marcus Wilson,0,25,355,0.218,0.344,0.464,16,0.14929577464788732,0.35492957746478876,14,0.31
2022,2022-09-30,Evan White,1,26,107,0.204,0.308,0.484,7,0.12149532710280374,0.21495327102803738,0,0.19
2022,2022-09-30,Alex Blandino,0,29,188,0.203,0.399,0.341,3,0.22872340425531915,0.2712765957446808,7,0.287
2022,2022-09-30,Justin Upton,0,34,53,0.2,0.288,0.378,2,0.11320754716981132,0.33962264150943394,0,0.269
2022,2022-09-30,Andrew Knapp,0,30,88,0.198,0.25,0.432,4,0.045454545454545456,0.25,0,0.214
2022,2022-09-30,Scott Heineman,0,29,112,0.19,0.277,0.31,2,0.09821428571428571,0.35714285714285715,5,0.293
2022,2022-09-30,Billy Hamilton,0,31,95,0.186,0.263,0.209,0,0.09473684210526316,0.2631578947368421,4,0.262
2022,2022-09-30,Miguel Perez,0,21,34,0.172,0.294,0.379,2,0.14705882352941177,0.5588235294117647,0,0.375
2022,2022-09-30,Trey Amburgey,0,27,69,0.172,0.232,0.281,2,0.057971014492753624,0.2898550724637681,1,0.214
2023,2023-04-01,Mark Mathias,0,28,68,0.345,0.426,0.5,2,0.1323529411764706,0.19117647058823528,1,0.409
2023,2023-04-01,José Caballero,0,26,40,0.333,0.55,0.593,2,0.3,0.1,5,0.333
2023,2023-04-01,Sam Haggerty,0,29,222,0.324,0.419,0.578,8,0.13063063063063063,0.16666666666666666,19,0.361
2023,2023-04-01,Kean Wong,0,28,109,0.315,0.422,0.5,4,0.14678899082568808,0.1743119266055046,3,0.362
2023,2023-04-01,Jack Larsen,0,28,103,0.313,0.466,0.338,0,0.21359223300970873,0.23300970873786409,1,0.446
2023,2023-04-01,Jarred Kelenic,0,23,43,0.306,0.395,0.472,1,0.13953488372093023,0.2558139534883721,1,0.4
2023,2023-04-01,Mike Ford,0,30,211,0.302,0.427,0.605,13,0.16113744075829384,0.14218009478672985,2,0.3
2023,2023-04-01,Zach DeLoach,0,24,623,0.286,0.387,0.481,23,0.1332263242375602,0.27768860353130015,8,0.38
2023,2023-04-01,César Hernández,0,33,164,0.272,0.436,0.336,0,0.22560975609756098,0.2073170731707317,7,0.37
2023,2023-04-01,Taylor Trammell,0,25,391,0.268,0.39,0.53,21,0.16112531969309463,0.2659846547314578,17,0.323
2023,2023-04-01,Robbie Tenerowicz,0,28,201,0.264,0.358,0.351,3,0.08955223880597014,0.1691542288557214,1,0.312
2023,2023-04-01,Cooper Hummel,0,28,455,0.262,0.409,0.435,8,0.18021978021978022,0.23296703296703297,26,0.348
2023,2023-04-01,Cade Marlowe,0,26,379,0.257,0.338,0.443,11,0.10290237467018469,0.2612137203166227,29,0.33
2023,2023-04-01,Colin Moran,0,30,158,0.257,0.361,0.397,5,0.12025316455696203,0.2088607594936709,0,0.306
2023,2023-04-01,Riley Unroe,0,27,179,0.257,0.399,0.444,5,0.18994413407821228,0.20670391061452514,8,0.314
2023,2023-04-01,Isiah Gilliam,0,26,101,0.253,0.386,0.41,3,0.1485148514851485,0.24752475247524752,3,0.327
2023,2023-04-01,Jake Scheiner,0,27,553,0.252,0.369,0.509,30,0.14647377938517178,0.2423146473779385,5,0.286
2023,2023-04-01,Ryan Bliss,0,23,226,0.251,0.356,0.466,10,0.12831858407079647,0.23008849557522124,20,0.29
2023,2023-04-01,Adam Engel,0,31,315,0.25,0.371,0.451,12,0.1492063492063492,0.30158730158730157,19,0.344
2023,2023-04-01,Pat Valaika,0,30,143,0.24,0.343,0.405,4,0.13286713286713286,0.2097902097902098,1,0.281
2023,2023-04-01,Brian O'Keefe,0,29,403,0.238,0.328,0.504,23,0.1141439205955335,0.2456575682382134,2,0.262
2023,2023-04-01,Mason McCoy,0,28,383,0.234,0.33,0.407,11,0.1174934725848564,0.2950391644908616,20,0.316
2023,2023-04-01,Pedro Severino,0,29,192,0.23,0.286,0.399,7,0.06770833333333333,0.234375,4,0.27
2023,2023-04-01,Delino DeShields,0,30,50,0.222,0.3,0.222,0,0.1,0.16,3,0.27
2023,2023-04-01,Dylan Moore,0,30,30,0.2,0.333,0.24,0,0.13333333333333333,0.3,1,0.313
2023,2023-04-01,Jacob Nottingham,0,28,68,0.2,0.294,0.45,4,0.10294117647058823,0.27941176470588236,0,0.216
2023,2023-04-01,Didi Gregorius,0,33,117,0.192,0.282,0.337,3,0.07692307692307693,0.1282051282051282,1,0.198
2023,2023-04-01,Mike Salvatore,0,26,26,0.13,0.231,0.174,0,0.11538461538461539,0.15384615384615385,0,0.158
2023,2023-04-01,Tanner Kirwer,0,27,30,0.115,0.2,0.115,0,0.1,0.26666666666666666,2,0.158
2023,2023-04-08,Mark Mathias,0,28,68,0.345,0.426,0.5,2,0.1323529411764706,0.19117647058823528,1,0.409
2023,2023-04-08,José Caballero,0,26,40,0.333,0.55,0.593,2,0.3,0.1,5,0.333
2023,2023-04-08,Sam Haggerty,0,29,222,0.324,0.419,0.578,8,0.13063063063063063,0.16666666666666666,19,0.361
2023,2023-04-08,Kean Wong,0,28,109,0.315,0.422,0.5,4,0.14678899082568808,0.1743119266055046,3,0.362
2023,2023-04-08,Jack Larsen,0,28,103,0.313,0.466,0.338,0,0.21359223300970873,0.23300970873786409,1,0.446
2023,2023-04-08,Jarred Kelenic,0,23,43,0.306,0.395,0.472,1,0.13953488372093023,0.2558139534883721,1,0.4
2023,2023-04-08,Mike Ford,0,30,211,0.302,0.427,0.605,13,0.16113744075829384,0.14218009478672985,2,0.3
2023,2023-04-08,Zach DeLoach,0,24,623,0.286,0.387,0.481,23,0.1332263242375602,0.27768860353130015,8,0.38
2023,2023-04-08,César Hernández,0,33,164,0.272,0.436,0.336,0,0.22560975609756098,0.2073170731707317,7,0.37
2023,2023-04-08,Taylor Trammell,0,25,391,0.268,0.39,0.53,21,0.16112531969309463,0.2659846547314578,17,0.323
2023,2023-04-08,Robbie Tenerowicz,0,28,201,0.264,0.358,0.351,3,0.08955223880597014,0.1691542288557214,1,0.312
2023,2023-04-08,Cooper Hummel,0,28,455,0.262,0.409,0.435,8,0.18021978021978022,0.23296703296703297,26,0.348
2023,2023-04-08,Cade Marlowe,0,26,379,0.257,0.338,0.443,11,0.10290237467018469,0.2612137203166227,29,0.33
2023,2023-04-08,Colin Moran,0,30,158,0.257,0.361,0.397,5,0.12025316455696203,0.2088607594936709,0,0.306
2023,2023-04-08,Riley Unroe,0,27,179,0.257,0.399,0.444,5,0.18994413407821228,0.20670391061452514,8,0.314
2023,2023-04-08,Isiah Gilliam,0,26,101,0.253,0.386,0.41,3,0.1485148514851485,0.24752475247524752,3,0.327
2023,2023-04-08,Jake Scheiner,0,27,553,0.252,0.369,0.509,30,0.14647377938517178,0.2423146473779385,5,0.286
2023,2023-04-08,Ryan Bliss,0,23,226,0.251,0.356,0.466,10,0.12831858407079647,0.23008849557522124,20,0.29
2023,2023-04-08,Adam Engel,0,31,315,0.25,0.371,0.451,12,0.1492063492063492,0.30158730158730157,19,0.344
2023,2023-04-08,Pat Valaika,0,30,143,0.24,0.343,0.405,4,0.13286713286713286,0.2097902097902098,1,0.281
2023,2023-04-08,Brian O'Keefe,0,29,403,0.238,0.328,0.504,23,0.1141439205955335,0.2456575682382134,2,0.262
2023,2023-04-08,Mason McCoy,0,28,383,0.234,0.33,0.407,11,0.1174934725848564,0.2950391644908616,20,0.316
2023,2023-04-08,Pedro Severino,0,29,192,0.23,0.286,0.399,7,0.06770833333333333,0.234375,4,0.27
2023,2023-04-08,Delino DeShields,0,30,50,0.222,0.3,0.222,0,0.1,0.16,3,0.27
2023,2023-04-08,Dylan Moore,0,30,30,0.2,0.333,0.24,0,0.13333333333333333,0.3,1,0.313
2023,2023-04-08,Jacob Nottingham,0,28,68,0.2,0.294,0.45,4,0.10294117647058823,0.27941176470588236,0,0.216
2023,2023-04-08,Didi Gregorius,0,33,117,0.192,0.282,0.337,3,0.07692307692307693,0.1282051282051282,1,0.198
2023,2023-04-08,Mike Salvatore,0,26,26,0.13,0.231,0.174,0,0.11538461538461539,0.15384615384615385,0,0.158
2023,2023-04-08,Tanner Kirwer,0,27,30,0.115,0.2,0.115,0,0.1,0.26666666666666666,2,0.158
2023,2023-04-15,Mark Mathias,0,28,68,0.345,0.426,0.5,2,0.1323529411764706,0.19117647058823528,1,0.409
2023,2023-04-15,José Caballero,0,26,40,0.333,0.55,0.593,2,0.3,0.1,5,0.333
2023,2023-04-15,Sam Haggerty,0,29,222,0.324,0.419,0.578,8,0.13063063063063063,0.16666666666666666,19,0.361
2023,2023-04-15,Kean Wong,0,28,109,0.315,0.422,0.5,4,0.14678899082568808,0.1743119266055046,3,0.362
2023,2023-04-15,Jack Larsen,0,28,103,0.313,0.466,0.338,0,0.21359223300970873,0.23300970873786409,1,0.446
2023,2023-04-15,Jarred Kelenic,0,23,43,0.306,0.395,0.472,1,0.13953488372093023,0.2558139534883721,1,0.4
2023,2023-04-15,Mike Ford,0,30,211,0.302,0.427,0.605,13,0.16113744075829384,0.14218009478672985,2,0.3
2023,2023-04-15,Zach DeLoach,0,24,623,0.286,0.387,0.481,23,0.1332263242375602,0.27768860353130015,8,0.38
2023,2023-04-15,César Hernández,0,33,164,0.272,0.436,0.336,0,0.22560975609756098,0.2073170731707317,7,0.37
2023,2023-04-15,Taylor Trammell,0,25,391,0.268,0.39,0.53,21,0.16112531969309463,0.2659846547314578,17,0.323
2023,2023-04-15,Robbie Tenerowicz,0,28,201,0.264,0.358,0.351,3,0.08955223880597014,0.1691542288557214,1,0.312
2023,2023-04-15,Cooper Hummel,0,28,455,0.262,0.409,0.435,8,0.18021978021978022,0.23296703296703297,26,0.348
2023,2023-04-15,Cade Marlowe,0,26,379,0.257,0.338,0.443,11,0.10290237467018469,0.2612137203166227,29,0.33
2023,2023-04-15,Colin Moran,0,30,158,0.257,0.361,0.397,5,0.12025316455696203,0.2088607594936709,0,0.306
2023,2023-04-15,Riley Unroe,0,27,179,0.257,0.399,0.444,5,0.18994413407821228,0.20670391061452514,8,0.314
2023,2023-04-15,Isiah Gilliam,0,26,101,0.253,0.386,0.41,3,0.1485148514851485,0.24752475247524752,3,0.327
2023,2023-04-15,Jake Scheiner,0,27,553,0.252,0.369,0.509,30,0.14647377938517178,0.2423146473779385,5,0.286
2023,2023-04-15,Ryan Bliss,0,23,226,0.251,0.356,0.466,10,0.12831858407079647,0.23008849557522124,20,0.29
2023,2023-04-15,Adam Engel,0,31,315,0.25,0.371,0.451,12,0.1492063492063492,0.30158730158730157,19,0.344
2023,2023-04-15,Pat Valaika,0,30,143,0.24,0.343,0.405,4,0.13286713286713286,0.2097902097902098,1,0.281
2023,2023-04-15,Brian O'Keefe,0,29,403,0.238,0.328,0.504,23,0.1141439205955335,0.2456575682382134,2,0.262
2023,2023-04-15,Mason McCoy,0,28,383,0.234,0.33,0.407,11,0.1174934725848564,0.2950391644908616,20,0.316
2023,2023-04-15,Pedro Severino,0,29,192,0.23,0.286,0.399,7,0.06770833333333333,0.234375,4,0.27
2023,2023-04-15,Delino DeShields,0,30,50,0.222,0.3,0.222,0,0.1,0.16,3,0.27
2023,2023-04-15,Dylan Moore,0,30,30,0.2,0.333,0.24,0,0.13333333333333333,0.3,1,0.313
2023,2023-04-15,Jacob Nottingham,0,28,68,0.2,0.294,0.45,4,0.10294117647058823,0.27941176470588236,0,0.216
2023,2023-04-15,Didi Gregorius,0,33,117,0.192,0.282,0.337,3,0.07692307692307693,0.1282051282051282,1,0.198
2023,2023-04-15,Mike Salvatore,0,26,26,0.13,0.231,0.174,0,0.11538461538461539,0.15384615384615385,0,0.158
2023,2023-04-15,Tanner Kirwer,0,27,30,0.115,0.2,0.115,0,0.1,0.26666666666666666,2,0.158
2023,2023-04-22,Mark Mathias,0,28,68,0.345,0.426,0.5,2,0.1323529411764706,0.19117647058823528,1,0.409
2023,2023-04-22,José Caballero,0,26,40,0.333,0.55,0.593,2,0.3,0.1,5,0.333
2023,2023-04-22,Sam Haggerty,0,29,222,0.324,0.419,0.578,8,0.13063063063063063,0.16666666666666666,19,0.361
2023,2023-04-22,Kean Wong,0,28,109,0.315,0.422,0.5,4,0.14678899082568808,0.1743119266055046,3,0.362
2023,2023-04-22,Jack Larsen,0,28,103,0.313,0.466,0.338,0,0.21359223300970873,0.23300970873786409,1,0.446
2023,2023-04-22,Jarred Kelenic,0,23,43,0.306,0.395,0.472,1,0.13953488372093023,0.2558139534883721,1,0.4
2023,2023-04-22,Mike Ford,0,30,211,0.302,0.427,0.605,13,0.16113744075829384,0.14218009478672985,2,0.3
2023,2023-04-22,Zach DeLoach,0,24,623,0.286,0.387,0.481,23,0.1332263242375602,0.27768860353130015,8,0.38
2023,2023-04-22,César Hernández,0,33,164,0.272,0.436,0.336,0,0.22560975609756098,0.2073170731707317,7,0.37
2023,2023-04-22,Taylor Trammell,0,25,391,0.268,0.39,0.53,21,0.16112531969309463,0.2659846547314578,17,0.323
2023,2023-04-22,Robbie Tenerowicz,0,28,201,0.264,0.358,0.351,3,0.08955223880597014,0.1691542288557214,1,0.312
2023,2023-04-22,Cooper Hummel,0,28,455,0.262,0.409,0.435,8,0.18021978021978022,0.23296703296703297,26,0.348
2023,2023-04-22,Cade Marlowe,0,26,379,0.257,0.338,0.443,11,0.10290237467018469,0.2612137203166227,29,0.33
2023,2023-04-22,Colin Moran,0,30,158,0.257,0.361,0.397,5,0.12025316455696203,0.2088607594936709,0,0.306
2023,2023-04-22,Riley Unroe,0,27,179,0.257,0.399,0.444,5,0.18994413407821228,0.20670391061452514,8,0.314
2023,2023-04-22,Isiah Gilliam,0,26,101,0.253,0.386,0.41,3,0.1485148514851485,0.24752475247524752,3,0.327
2023,2023-04-22,Jake Scheiner,0,27,553,0.252,0.369,0.509,30,0.14647377938517178,0.2423146473779385,5,0.286
2023,2023-04-22,Ryan Bliss,0,23,226,0.251,0.356,0.466,10,0.12831858407079647,0.23008849557522124,20,0.29
2023,2023-04-22,Adam Engel,0,31,315,0.25,0.371,0.451,12,0.1492063492063492,0.30158730158730157,19,0.344
2023,2023-04-22,Pat Valaika,0,30,143,0.24,0.343,0.405,4,0.13286713286713286,0.2097902097902098,1,0.281
2023,2023-04-22,Brian O'Keefe,0,29,403,0.238,0.328,0.504,23,0.1141439205955335,0.2456575682382134,2,0.262
2023,2023-04-22,Mason McCoy,0,28,383,0.234,0.33,0.407,11,0.1174934725848564,0.2950391644908616,20,0.316
2023,2023-04-22,Pedro Severino,0,29,192,0.23,0.286,0.399,7,0.06770833333333333,0.234375,4,0.27
2023,2023-04-22,Delino DeShields,0,30,50,0.222,0.3,0.222,0,0.1,0.16,3,0.27
2023,2023-04-22,Dylan Moore,0,30,30,0.2,0.333,0.24,0,0.13333333333333333,0.3,1,0.313
2023,2023-04-22,Jacob Nottingham,0,28,68,0.2,0.294,0.45,4,0.10294117647058823,0.27941176470588236,0,0.216
2023,2023-04-22,Didi Gregorius,0,33,117,0.192,0.282,0.337,3,0.07692307692307693,0.1282051282051282,1,0.198
2023,2023-04-22,Mike Salvatore,0,26,26,0.13,0.231,0.174,0,0.11538461538461539,0.15384615384615385,0,0.158
2023,2023-04-22,Tanner Kirwer,0,27,30,0.115,0.2,0.115,0,0.1,0.26666666666666666,2,0.158
2023,2023-04-29,Mark Mathias,0,28,68,0.345,0.426,0.5,2,0.1323529411764706,0.19117647058823528,1,0.409
2023,2023-04-29,José Caballero,0,26,40,0.333,0.55,0.593,2,0.3,0.1,5,0.333
2023,2023-04-29,Sam Haggerty,0,29,222,0.324,0.419,0.578,8,0.13063063063063063,0.16666666666666666,19,0.361
2023,2023-04-29,Kean Wong,0,28,109,0.315,0.422,0.5,4,0.14678899082568808,0.1743119266055046,3,0.362
2023,2023-04-29,Jack Larsen,0,28,103,0.313,0.466,0.338,0,0.21359223300970873,0.23300970873786409,1,0.446
2023,2023-04-29,Jarred Kelenic,0,23,43,0.306,0.395,0.472,1,0.13953488372093023,0.2558139534883721,1,0.4
2023,2023-04-29,Mike Ford,0,30,211,0.302,0.427,0.605,13,0.16113744075829384,0.14218009478672985,2,0.3
2023,2023-04-29,Zach DeLoach,0,24,623,0.286,0.387,0.481,23,0.1332263242375602,0.27768860353130015,8,0.38
2023,2023-04-29,César Hernández,0,33,164,0.272,0.436,0.336,0,0.22560975609756098,0.2073170731707317,7,0.37
2023,2023-04-29,Taylor Trammell,0,25,391,0.268,0.39,0.53,21,0.16112531969309463,0.2659846547314578,17,0.323
2023,2023-04-29,Robbie Tenerowicz,0,28,201,0.264,0.358,0.351,3,0.08955223880597014,0.1691542288557214,1,0.312
2023,2023-04-29,Cooper Hummel,0,28,455,0.262,0.409,0.435,8,0.18021978021978022,0.23296703296703297,26,0.348
2023,2023-04-29,Cade Marlowe,0,26,379,0.257,0.338,0.443,11,0.10290237467018469,0.2612137203166227,29,0.33
2023,2023-04-29,Colin Moran,0,30,158,0.257,0.361,0.397,5,0.12025316455696203,0.2088607594936709,0,0.306
2023,2023-04-29,Riley Unroe,0,27,179,0.257,0.399,0.444,5,0.18994413407821228,0.20670391061452514,8,0.314
2023,2023-04-29,Isiah Gilliam,0,26,101,0.253,0.386,0.41,3,0.1485148514851485,0.24752475247524752,3,0.327
2023,2023-04-29,Jake Scheiner,0,27,553,0.252,0.369,0.509,30,0.14647377938517178,0.2423146473779385,5,0.286
2023,2023-04-29,Ryan Bliss,0,23,226,0.251,0.356,0.466,10,0.12831858407079647,0.23008849557522124,20,0.29
2023,2023-04-29,Adam Engel,0,31,315,0.25,0.371,0.451,12,0.1492063492063492,0.30158730158730157,19,0.344
2023,2023-04-29,Pat Valaika,0,30,143,0.24,0.343,0.405,4,0.13286713286713286,0.2097902097902098,1,0.281
2023,2023-04-29,Brian O'Keefe,0,29,403,0.238,0.328,0.504,23,0.1141439205955335,0.2456575682382134,2,0.262
2023,2023-04-29,Mason McCoy,0,28,383,0.234,0.33,0.407,11,0.1174934725848564,0.2950391644908616,20,0.316
2023,2023-04-29,Pedro Severino,0,29,192,0.23,0.286,0.399,7,0.06770833333333333,0.234375,4,0.27
2023,2023-04-29,Delino DeShields,0,30,50,0.222,0.3,0.222,0,0.1,0.16,3,0.27
2023,2023-04-29,Dylan Moore,0,30,30,0.2,0.333,0.24,0,0.13333333333333333,0.3,1,0.313
2023,2023-04-29,Jacob Nottingham,0,28,68,0.2,0.294,0.45,4,0.10294117647058823,0.27941176470588236,0,0.216
2023,2023-04-29,Didi Gregorius,0,33,117,0.192,0.282,0.337,3,0.07692307692307693,0.1282051282051282,1,0.198
2023,2023-04-29,Mike Salvatore,0,26,26,0.13,0.231,0.174,0,0.11538461538461539,0.15384615384615385,0,0.158
2023,2023-04-29,Tanner Kirwer,0,27,30,0.115,0.2,0.115,0,0.1,0.26666666666666666,2,0.158
2023,2023-05-06,Mark Mathias,0,28,68,0.345,0.426,0.5,2,0.1323529411764706,0.19117647058823528,1,0.409
2023,2023-05-06,José Caballero,0,26,40,0.333,0.55,0.593,2,0.3,0.1,5,0.333
2023,2023-05-06,Sam Haggerty,0,29,222,0.324,0.419,0.578,8,0.13063063063063063,0.16666666666666666,19,0.361
2023,2023-05-06,Kean Wong,0,28,109,0.315,0.422,0.5,4,0.14678899082568808,0.1743119266055046,3,0.362
2023,2023-05-06,Jack Larsen,0,28,103,0.313,0.466,0.338,0,0.21359223300970873,0.23300970873786409,1,0.446
2023,2023-05-06,Jarred Kelenic,0,23,43,0.306,0.395,0.472,1,0.13953488372093023,0.2558139534883721,1,0.4
2023,2023-05-06,Mike Ford,0,30,211,0.302,0.427,0.605,13,0.16113744075829384,0.14218009478672985,2,0.3
2023,2023-05-06,Zach DeLoach,0,24,623,0.286,0.387,0.481,23,0.1332263242375602,0.27768860353130015,8,0.38
2023,2023-05-06,César Hernández,0,33,164,0.272,0.436,0.336,0,0.22560975609756098,0.2073170731707317,7,0.37
2023,2023-05-06,Taylor Trammell,0,25,391,0.268,0.39,0.53,21,0.16112531969309463,0.2659846547314578,17,0.323
2023,2023-05-06,Robbie Tenerowicz,0,28,201,0.264,0.358,0.351,3,0.08955223880597014,0.1691542288557214,1,0.312
2023,2023-05-06,Cooper Hummel,0,28,455,0.262,0.409,0.435,8,0.18021978021978022,0.23296703296703297,26,0.348
2023,2023-05-06,Cade Marlowe,0,26,379,0.257,0.338,0.443,11,0.10290237467018469,0.2612137203166227,29,0.33
2023,2023-05-06,Colin Moran,0,30,158,0.257,0.361,0.397,5,0.12025316455696203,0.2088607594936709,0,0.306
2023,2023-05-06,Riley Unroe,0,27,179,0.257,0.399,0.444,5,0.18994413407821228,0.20670391061452514,8,0.314
2023,2023-05-06,Isiah Gilliam,0,26,101,0.253,0.386,0.41,3,0.1485148514851485,0.24752475247524752,3,0.327
2023,2023-05-06,Jake Scheiner,0,27,553,0.252,0.369,0.509,30,0.14647377938517178,0.2423146473779385,5,0.286
2023,2023-05-06,Ryan Bliss,0,23,226,0.251,0.356,0.466,10,0.12831858407079647,0.23008849557522124,20,0.29
2023,2023-05-06,Adam Engel,0,31,315,0.25,0.371,0.451,12,0.1492063492063492,0.30158730158730157,19,0.344
2023,2023-05-06,Pat Valaika,0,30,143,0.24,0.343,0.405,4,0.13286713286713286,0.2097902097902098,1,0.281
2023,2023-05-06,Brian O'Keefe,0,29,403,0.238,0.328,0.504,23,0.1141439205955335,0.2456575682382134,2,0.262
2023,2023-05-06,Mason McCoy,0,28,383,0.234,0.33,0.407,11,0.1174934725848564,0.2950391644908616,20,0.316
2023,2023-05-06,Pedro Severino,0,29,192,0.23,0.286,0.399,7,0.06770833333333333,0.234375,4,0.27
2023,2023-05-06,Delino DeShields,0,30,50,0.222,0.3,0.222,0,0.1,0.16,3,0.27
2023,2023-05-06,Dylan Moore,0,30,30,0.2,0.333,0.24,0,0.13333333333333333,0.3,1,0.313
2023,2023-05-06,Jacob Nottingham,0,28,68,0.2,0.294,0.45,4,0.10294117647058823,0.27941176470588236,0,0.216
2023,2023-05-06,Didi Gregorius,0,33,117,0.192,0.282,0.337,3,0.07692307692307693,0.1282051282051282,1,0.198
2023,2023-05-06,Mike Salvatore,0,26,26,0.13,0.231,0.174,0,0.11538461538461539,0.15384615384615385,0,0.158
2023,2023-05-06,Tanner Kirwer,0,27,30,0.115,0.2,0.115,0,0.1,0.26666666666666666,2,0.158
2023,2023-05-13,Mark Mathias,0,28,68,0.345,0.426,0.5,2,0.1323529411764706,0.19117647058823528,1,0.409
2023,2023-05-13,José Caballero,0,26,40,0.333,0.55,0.593,2,0.3,0.1,5,0.333
2023,2023-05-13,Sam Haggerty,0,29,222,0.324,0.419,0.578,8,0.13063063063063063,0.16666666666666666,19,0.361
2023,2023-05-13,Kean Wong,0,28,109,0.315,0.422,0.5,4,0.14678899082568808,0.1743119266055046,3,0.362
2023,2023-05-13,Jack Larsen,0,28,103,0.313,0.466,0.338,0,0.21359223300970873,0.23300970873786409,1,0.446
2023,2023-05-13,Jarred Kelenic,0,23,43,0.306,0.395,0.472,1,0.13953488372093023,0.2558139534883721,1,0.4
2023,2023-05-13,Mike Ford,0,30,211,0.302,0.427,0.605,13,0.16113744075829384,0.14218009478672985,2,0.3
2023,2023-05-13,Zach DeLoach,0,24,623,0.286,0.387,0.481,23,0.1332263242375602,0.27768860353130015,8,0.38
2023,2023-05-13,César Hernández,0,33,164,0.272,0.436,0.336,0,0.22560975609756098,0.2073170731707317,7,0.37
2023,2023-05-13,Taylor Trammell,0,25,391,0.268,0.39,0.53,21,0.16112531969309463,0.2659846547314578,17,0.323
2023,2023-05-13,Robbie Tenerowicz,0,28,201,0.264,0.358,0.351,3,0.08955223880597014,0.1691542288557214,1,0.312
2023,2023-05-13,Cooper Hummel,0,28,455,0.262,0.409,0.435,8,0.18021978021978022,0.23296703296703297,26,0.348
2023,2023-05-13,Cade Marlowe,0,26,379,0.257,0.338,0.443,11,0.10290237467018469,0.2612137203166227,29,0.33
2023,2023-05-13,Colin Moran,0,30,158,0.257,0.361,0.397,5,0.12025316455696203,0.2088607594936709,0,0.306
2023,2023-05-13,Riley Unroe,0,27,179,0.257,0.399,0.444,5,0.18994413407821228,0.20670391061452514,8,0.314
2023,2023-05-13,Isiah Gilliam,0,26,101,0.253,0.386,0.41,3,0.1485148514851485,0.24752475247524752,3,0.327
2023,2023-05-13,Jake Scheiner,0,27,553,0.252,0.369,0.509,30,0.14647377938517178,0.2423146473779385,5,0.286
2023,2023-05-13,Ryan Bliss,0,23,226,0.251,0.356,0.466,10,0.12831858407079647,0.23008849557522124,20,0.29
2023,2023-05-13,Adam Engel,0,31,315,0.25,0.371,0.451,12,0.1492063492063492,0.30158730158730157,19,0.344
2023,2023-05-13,Pat Valaika,0,30,143,0.24,0.343,0.405,4,0.13286713286713286,0.2097902097902098,1,0.281
2023,2023-05-13,Brian O'Keefe,0,29,403,0.238,0.328,0.504,23,0.1141439205955335,0.2456575682382134,2,0.262
2023,2023-05-13,Mason McCoy,0,28,383,0.234,0.33,0.407,11,0.1174934725848564,0.2950391644908616,20,0.316
2023,2023-05-13,Pedro Severino,0,29,192,0.23,0.286,0.399,7,0.06770833333333333,0.234375,4,0.27
2023,2023-05-13,Delino DeShields,0,30,50,0.222,0.3,0.222,0,0.1,0.16,3,0.27
2023,2023-05-13,Dylan Moore,0,30,30,0.2,0.333,0.24,0,0.13333333333333333,0.3,1,0.313
2023,2023-05-13,Jacob Nottingham,0,28,68,0.2,0.294,0.45,4,0.10294117647058823,0.27941176470588236,0,0.216
2023,2023-05-13,Didi Gregorius,0,33,117,0.192,0.282,0.337,3,0.07692307692307693,0.1282051282051282,1,0.198
2023,2023-05-13,Mike Salvatore,0,26,26,0.13,0.231,0.174,0,0.11538461538461539,0.15384615384615385,0,0.158
2023,2023-05-13,Tanner Kirwer,0,27,30,0.115,0.2,0.115,0,0.1,0.26666666666666666,2,0.158
2023,2023-05-20,Mark Mathias,0,28,68,0.345,0.426,0.5,2,0.1323529411764706,0.19117647058823528,1,0.409
2023,2023-05-20,José Caballero,0,26,40,0.333,0.55,0.593,2,0.3,0.1,5,0.333
2023,2023-05-20,Sam Haggerty,0,29,222,0.324,0.419,0.578,8,0.13063063063063063,0.16666666666666666,19,0.361
2023,2023-05-20,Kean Wong,0,28,109,0.315,0.422,0.5,4,0.14678899082568808,0.1743119266055046,3,0.362
2023,2023-05-20,Jack Larsen,0,28,103,0.313,0.466,0.338,0,0.21359223300970873,0.23300970873786409,1,0.446
2023,2023-05-20,Jarred Kelenic,0,23,43,0.306,0.395,0.472,1,0.13953488372093023,0.2558139534883721,1,0.4
2023,2023-05-20,Mike Ford,0,30,211,0.302,0.427,0.605,13,0.16113744075829384,0.14218009478672985,2,0.3
2023,2023-05-20,Zach DeLoach,0,24,623,0.286,0.387,0.481,23,0.1332263242375602,0.27768860353130015,8,0.38
2023,2023-05-20,César Hernández,0,33,164,0.272,0.436,0.336,0,0.22560975609756098,0.2073170731707317,7,0.37
2023,2023-05-20,Taylor Trammell,0,25,391,0.268,0.39,0.53,21,0.16112531969309463,0.2659846547314578,17,0.323
2023,2023-05-20,Robbie Tenerowicz,0,28,201,0.264,0.358,0.351,3,0.08955223880597014,0.1691542288557214,1,0.312
2023,2023-05-20,Cooper Hummel,0,28,455,0.262,0.409,0.435,8,0.18021978021978022,0.23296703296703297,26,0.348
2023,2023-05-20,Cade Marlowe,0,26,379,0.257,0.338,0.443,11,0.10290237467018469,0.2612137203166227,29,0.33
2023,2023-05-20,Colin Moran,0,30,158,0.257,0.361,0.397,5,0.12025316455696203,0.2088607594936709,0,0.306
2023,2023-05-20,Riley Unroe,0,27,179,0.257,0.399,0.444,5,0.18994413407821228,0.20670391061452514,8,0.314
2023,2023-05-20,Isiah Gilliam,0,26,101,0.253,0.386,0.41,3,0.1485148514851485,0.24752475247524752,3,0.327
2023,2023-05-20,Jake Scheiner,0,27,553,0.252,0.369,0.509,30,0.14647377938517178,0.2423146473779385,5,0.286
2023,2023-05-20,Ryan Bliss,0,23,226,0.251,0.356,0.466,10,0.12831858407079647,0.23008849557522124,20,0.29
2023,2023-05-20,Adam Engel,0,31,315,0.25,0.371,0.451,12,0.1492063492063492,0.30158730158730157,19,0.344
2023,2023-05-20,Pat Valaika,0,30,143,0.24,0.343,0.405,4,0.13286713286713286,0.2097902097902098,1,0.281
2023,2023-05-20,Brian O'Keefe,0,29,403,0.238,0.328,0.504,23,0.1141439205955335,0.2456575682382134,2,0.262
2023,2023-05-20,Mason McCoy,0,28,383,0.234,0.33,0.407,11,0.1174934725848564,0.2950391644908616,20,0.316
2023,2023-05-20,Pedro Severino,0,29,192,0.23,0.286,0.399,7,0.06770833333333333,0.234375,4,0.27
2023,2023-05-20,Delino DeShields,0,30,50,0.222,0.3,0.222,0,0.1,0.16,3,0.27
2023,2023-05-20,Dylan Moore,0,30,30,0.2,0.333,0.24,0,0.13333333333333333,0.3,1,0.313
2023,2023-05-20,Jacob Nottingham,0,28,68,0.2,0.294,0.45,4,0.10294117647058823,0.27941176470588236,0,0.216
2023,2023-05-20,Didi Gregorius,0,33,117,0.192,0.282,0.337,3,0.07692307692307693,0.1282051282051282,1,0.198
2023,2023-05-20,Mike Salvatore,0,26,26,0.13,0.231,0.174,0,0.11538461538461539,0.15384615384615385,0,0.158
2023,2023-05-20,Tanner Kirwer,0,27,30,0.115,0.2,0.115,0,0.1,0.26666666666666666,2,0.158
2023,2023-05-27,Mark Mathias,0,28,68,0.345,0.426,0.5,2,0.1323529411764706,0.19117647058823528,1,0.409
2023,2023-05-27,José Caballero,0,26,40,0.333,0.55,0.593,2,0.3,0.1,5,0.333
2023,2023-05-27,Sam Haggerty,0,29,222,0.324,0.419,0.578,8,0.13063063063063063,0.16666666666666666,19,0.361
2023,2023-05-27,Kean Wong,0,28,109,0.315,0.422,0.5,4,0.14678899082568808,0.1743119266055046,3,0.362
2023,2023-05-27,Jack Larsen,0,28,103,0.313,0.466,0.338,0,0.21359223300970873,0.23300970873786409,1,0.446
2023,2023-05-27,Jarred Kelenic,0,23,43,0.306,0.395,0.472,1,0.13953488372093023,0.2558139534883721,1,0.4
2023,2023-05-27,Mike Ford,1,30,211,0.302,0.427,0.605,13,0.16113744075829384,0.14218009478672985,2,0.3
2023,2023-05-27,Zach DeLoach,0,24,623,0.286,0.387,0.481,23,0.1332263242375602,0.27768860353130015,8,0.38
2023,2023-05-27,César Hernández,0,33,164,0.272,0.436,0.336,0,0.22560975609756098,0.2073170731707317,7,0.37
2023,2023-05-27,Taylor Trammell,0,25,391,0.268,0.39,0.53,21,0.16112531969309463,0.2659846547314578,17,0.323
2023,2023-05-27,Robbie Tenerowicz,0,28,201,0.264,0.358,0.351,3,0.08955223880597014,0.1691542288557214,1,0.312
2023,2023-05-27,Cooper Hummel,0,28,455,0.262,0.409,0.435,8,0.18021978021978022,0.23296703296703297,26,0.348
2023,2023-05-27,Cade Marlowe,0,26,379,0.257,0.338,0.443,11,0.10290237467018469,0.2612137203166227,29,0.33
2023,2023-05-27,Colin Moran,0,30,158,0.257,0.361,0.397,5,0.12025316455696203,0.2088607594936709,0,0.306
2023,2023-05-27,Riley Unroe,0,27,179,0.257,0.399,0.444,5,0.18994413407821228,0.20670391061452514,8,0.314
2023,2023-05-27,Isiah Gilliam,0,26,101,0.253,0.386,0.41,3,0.1485148514851485,0.24752475247524752,3,0.327
2023,2023-05-27,Jake Scheiner,0,27,553,0.252,0.369,0.509,30,0.14647377938517178,0.2423146473779385,5,0.286
2023,2023-05-27,Ryan Bliss,0,23,226,0.251,0.356,0.466,10,0.12831858407079647,0.23008849557522124,20,0.29
2023,2023-05-27,Adam Engel,0,31,315,0.25,0.371,0.451,12,0.1492063492063492,0.30158730158730157,19,0.344
2023,2023-05-27,Pat Valaika,0,30,143,0.24,0.343,0.405,4,0.13286713286713286,0.2097902097902098,1,0.281
2023,2023-05-27,Brian O'Keefe,0,29,403,0.238,0.328,0.504,23,0.1141439205955335,0.2456575682382134,2,0.262
2023,2023-05-27,Mason McCoy,0,28,383,0.234,0.33,0.407,11,0.1174934725848564,0.2950391644908616,20,0.316
2023,2023-05-27,Pedro Severino,0,29,192,0.23,0.286,0.399,7,0.06770833333333333,0.234375,4,0.27
2023,2023-05-27,Delino DeShields,0,30,50,0.222,0.3,0.222,0,0.1,0.16,3,0.27
2023,2023-05-27,Dylan Moore,0,30,30,0.2,0.333,0.24,0,0.13333333333333333,0.3,1,0.313
2023,2023-05-27,Jacob Nottingham,0,28,68,0.2,0.294,0.45,4,0.10294117647058823,0.27941176470588236,0,0.216
2023,2023-05-27,Didi Gregorius,0,33,117,0.192,0.282,0.337,3,0.07692307692307693,0.1282051282051282,1,0.198
2023,2023-05-27,Mike Salvatore,0,26,26,0.13,0.231,0.174,0,0.11538461538461539,0.15384615384615385,0,0.158
2023,2023-05-27,Tanner Kirwer,0,27,30,0.115,0.2,0.115,0,0.1,0.26666666666666666,2,0.158
2023,2023-06-03,Mark Mathias,0,28,68,0.345,0.426,0.5,2,0.1323529411764706,0.19117647058823528,1,0.409
2023,2023-06-03,José Caballero,0,26,40,0.333,0.55,0.593,2,0.3,0.1,5,0.333
2023,2023-06-03,Sam Haggerty,0,29,222,0.324,0.419,0.578,8,0.13063063063063063,0.16666666666666666,19,0.361
2023,2023-06-03,Kean Wong,0,28,109,0.315,0.422,0.5,4,0.14678899082568808,0.1743119266055046,3,0.362
2023,2023-06-03,Jack Larsen,0,28,103,0.313,0.466,0.338,0,0.21359223300970873,0.23300970873786409,1,0.446
2023,2023-06-03,Jarred Kelenic,0,23,43,0.306,0.395,0.472,1,0.13953488372093023,0.2558139534883721,1,0.4
2023,2023-06-03,Mike Ford,0,30,211,0.302,0.427,0.605,13,0.16113744075829384,0.14218009478672985,2,0.3
2023,2023-06-03,Zach DeLoach,0,24,623,0.286,0.387,0.481,23,0.1332263242375602,0.27768860353130015,8,0.38
2023,2023-06-03,César Hernández,0,33,164,0.272,0.436,0.336,0,0.22560975609756098,0.2073170731707317,7,0.37
2023,2023-06-03,Taylor Trammell,0,25,391,0.268,0.39,0.53,21,0.16112531969309463,0.2659846547314578,17,0.323
2023,2023-06-03,Robbie Tenerowicz,0,28,201,0.264,0.358,0.351,3,0.08955223880597014,0.1691542288557214,1,0.312
2023,2023-06-03,Cooper Hummel,0,28,455,0.262,0.409,0.435,8,0.18021978021978022,0.23296703296703297,26,0.348
2023,2023-06-03,Cade Marlowe,0,26,379,0.257,0.338,0.443,11,0.10290237467018469,0.2612137203166227,29,0.33
2023,2023-06-03,Colin Moran,0,30,158,0.257,0.361,0.397,5,0.12025316455696203,0.2088607594936709,0,0.306
2023,2023-06-03,Riley Unroe,0,27,179,0.257,0.399,0.444,5,0.18994413407821228,0.20670391061452514,8,0.314
2023,2023-06-03,Isiah Gilliam,0,26,101,0.253,0.386,0.41,3,0.1485148514851485,0.24752475247524752,3,0.327
2023,2023-06-03,Jake Scheiner,0,27,553,0.252,0.369,0.509,30,0.14647377938517178,0.2423146473779385,5,0.286
2023,2023-06-03,Ryan Bliss,0,23,226,0.251,0.356,0.466,10,0.12831858407079647,0.23008849557522124,20,0.29
2023,2023-06-03,Adam Engel,0,31,315,0.25,0.371,0.451,12,0.1492063492063492,0.30158730158730157,19,0.344
2023,2023-06-03,Pat Valaika,0,30,143,0.24,0.343,0.405,4,0.13286713286713286,0.2097902097902098,1,0.281
2023,2023-06-03,Brian O'Keefe,0,29,403,0.238,0.328,0.504,23,0.1141439205955335,0.2456575682382134,2,0.262
2023,2023-06-03,Mason McCoy,0,28,383,0.234,0.33,0.407,11,0.1174934725848564,0.2950391644908616,20,0.316
2023,2023-06-03,Pedro Severino,0,29,192,0.23,0.286,0.399,7,0.06770833333333333,0.234375,4,0.27
2023,2023-06-03,Delino DeShields,0,30,50,0.222,0.3,0.222,0,0.1,0.16,3,0.27
2023,2023-06-03,Dylan Moore,0,30,30,0.2,0.333,0.24,0,0.13333333333333333,0.3,1,0.313
2023,2023-06-03,Jacob Nottingham,0,28,68,0.2,0.294,0.45,4,0.10294117647058823,0.27941176470588236,0,0.216
2023,2023-06-03,Didi Gregorius,0,33,117,0.192,0.282,0.337,3,0.07692307692307693,0.1282051282051282,1,0.198
2023,2023-06-03,Mike Salvatore,0,26,26,0.13,0.231,0.174,0,0.11538461538461539,0.15384615384615385,0,0.158
2023,2023-06-03,Tanner Kirwer,0,27,30,0.115,0.2,0.115,0,0.1,0.26666666666666666,2,0.158
2023,2023-06-10,Mark Mathias,0,28,68,0.345,0.426,0.5,2,0.1323529411764706,0.19117647058823528,1,0.409
2023,2023-06-10,José Caballero,0,26,40,0.333,0.55,0.593,2,0.3,0.1,5,0.333
2023,2023-06-10,Sam Haggerty,0,29,222,0.324,0.419,0.578,8,0.13063063063063063,0.16666666666666666,19,0.361
2023,2023-06-10,Kean Wong,0,28,109,0.315,0.422,0.5,4,0.14678899082568808,0.1743119266055046,3,0.362
2023,2023-06-10,Jack Larsen,0,28,103,0.313,0.466,0.338,0,0.21359223300970873,0.23300970873786409,1,0.446
2023,2023-06-10,Jarred Kelenic,0,23,43,0.306,0.395,0.472,1,0.13953488372093023,0.2558139534883721,1,0.4
2023,2023-06-10,Mike Ford,0,30,211,0.302,0.427,0.605,13,0.16113744075829384,0.14218009478672985,2,0.3
2023,2023-06-10,Zach DeLoach,0,24,623,0.286,0.387,0.481,23,0.1332263242375602,0.27768860353130015,8,0.38
2023,2023-06-10,César Hernández,0,33,164,0.272,0.436,0.336,0,0.22560975609756098,0.2073170731707317,7,0.37
2023,2023-06-10,Taylor Trammell,0,25,391,0.268,0.39,0.53,21,0.16112531969309463,0.2659846547314578,17,0.323
2023,2023-06-10,Robbie Tenerowicz,0,28,201,0.264,0.358,0.351,3,0.08955223880597014,0.1691542288557214,1,0.312
2023,2023-06-10,Cooper Hummel,0,28,455,0.262,0.409,0.435,8,0.18021978021978022,0.23296703296703297,26,0.348
2023,2023-06-10,Cade Marlowe,0,26,379,0.257,0.338,0.443,11,0.10290237467018469,0.2612137203166227,29,0.33
2023,2023-06-10,Colin Moran,0,30,158,0.257,0.361,0.397,5,0.12025316455696203,0.2088607594936709,0,0.306
2023,2023-06-10,Riley Unroe,0,27,179,0.257,0.399,0.444,5,0.18994413407821228,0.20670391061452514,8,0.314
2023,2023-06-10,Isiah Gilliam,0,26,101,0.253,0.386,0.41,3,0.1485148514851485,0.24752475247524752,3,0.327
2023,2023-06-10,Jake Scheiner,0,27,553,0.252,0.369,0.509,30,0.14647377938517178,0.2423146473779385,5,0.286
2023,2023-06-10,Ryan Bliss,0,23,226,0.251,0.356,0.466,10,0.12831858407079647,0.23008849557522124,20,0.29
2023,2023-06-10,Adam Engel,0,31,315,0.25,0.371,0.451,12,0.1492063492063492,0.30158730158730157,19,0.344
2023,2023-06-10,Pat Valaika,0,30,143,0.24,0.343,0.405,4,0.13286713286713286,0.2097902097902098,1,0.281
2023,2023-06-10,Brian O'Keefe,0,29,403,0.238,0.328,0.504,23,0.1141439205955335,0.2456575682382134,2,0.262
2023,2023-06-10,Mason McCoy,0,28,383,0.234,0.33,0.407,11,0.1174934725848564,0.2950391644908616,20,0.316
2023,2023-06-10,Pedro Severino,0,29,192,0.23,0.286,0.399,7,0.06770833333333333,0.234375,4,0.27
2023,2023-06-10,Delino DeShields,0,30,50,0.222,0.3,0.222,0,0.1,0.16,3,0.27
2023,2023-06-10,Dylan Moore,0,30,30,0.2,0.333,0.24,0,0.13333333333333333,0.3,1,0.313
2023,2023-06-10,Jacob Nottingham,0,28,68,0.2,0.294,0.45,4,0.10294117647058823,0.27941176470588236,0,0.216
2023,2023-06-10,Didi Gregorius,0,33,117,0.192,0.282,0.337,3,0.07692307692307693,0.1282051282051282,1,0.198
2023,2023-06-10,Mike Salvatore,0,26,26,0.13,0.231,0.174,0,0.11538461538461539,0.15384615384615385,0,0.158
2023,2023-06-10,Tanner Kirwer,0,27,30,0.115,0.2,0.115,0,0.1,0.26666666666666666,2,0.158
2023,2023-06-17,Mark Mathias,0,28,68,0.345,0.426,0.5,2,0.1323529411764706,0.19117647058823528,1,0.409
2023,2023-06-17,José Caballero,0,26,40,0.333,0.55,0.593,2,0.3,0.1,5,0.333
2023,2023-06-17,Sam Haggerty,0,29,222,0.324,0.419,0.578,8,0.13063063063063063,0.16666666666666666,19,0.361
2023,2023-06-17,Kean Wong,0,28,109,0.315,0.422,0.5,4,0.14678899082568808,0.1743119266055046,3,0.362
2023,2023-06-17,Jack Larsen,0,28,103,0.313,0.466,0.338,0,0.21359223300970873,0.23300970873786409,1,0.446
2023,2023-06-17,Jarred Kelenic,0,23,43,0.306,0.395,0.472,1,0.13953488372093023,0.2558139534883721,1,0.4
2023,2023-06-17,Mike Ford,0,30,211,0.302,0.427,0.605,13,0.16113744075829384,0.14218009478672985,2,0.3
2023,2023-06-17,Zach DeLoach,0,24,623,0.286,0.387,0.481,23,0.1332263242375602,0.27768860353130015,8,0.38
2023,2023-06-17,César Hernández,0,33,164,0.272,0.436,0.336,0,0.22560975609756098,0.2073170731707317,7,0.37
2023,2023-06-17,Taylor Trammell,0,25,391,0.268,0.39,0.53,21,0.16112531969309463,0.2659846547314578,17,0.323
2023,2023-06-17,Robbie Tenerowicz,0,28,201,0.264,0.358,0.351,3,0.08955223880597014,0.1691542288557214,1,0.312
2023,2023-06-17,Cooper Hummel,0,28,455,0.262,0.409,0.435,8,0.18021978021978022,0.23296703296703297,26,0.348
2023,2023-06-17,Cade Marlowe,0,26,379,0.257,0.338,0.443,11,0.10290237467018469,0.2612137203166227,29,0.33
2023,2023-06-17,Colin Moran,0,30,158,0.257,0.361,0.397,5,0.12025316455696203,0.2088607594936709,0,0.306
2023,2023-06-17,Riley Unroe,0,27,179,0.257,0.399,0.444,5,0.18994413407821228,0.20670391061452514,8,0.314
2023,2023-06-17,Isiah Gilliam,0,26,101,0.253,0.386,0.41,3,0.1485148514851485,0.24752475247524752,3,0.327
2023,2023-06-17,Jake Scheiner,0,27,553,0.252,0.369,0.509,30,0.14647377938517178,0.2423146473779385,5,0.286
2023,2023-06-17,Ryan Bliss,0,23,226,0.251,0.356,0.466,10,0.12831858407079647,0.23008849557522124,20,0.29
2023,2023-06-17,Adam Engel,0,31,315,0.25,0.371,0.451,12,0.1492063492063492,0.30158730158730157,19,0.344
2023,2023-06-17,Pat Valaika,0,30,143,0.24,0.343,0.405,4,0.13286713286713286,0.2097902097902098,1,0.281
2023,2023-06-17,Brian O'Keefe,0,29,403,0.238,0.328,0.504,23,0.1141439205955335,0.2456575682382134,2,0.262
2023,2023-06-17,Mason McCoy,0,28,383,0.234,0.33,0.407,11,0.1174934725848564,0.2950391644908616,20,0.316
2023,2023-06-17,Pedro Severino,0,29,192,0.23,0.286,0.399,7,0.06770833333333333,0.234375,4,0.27
2023,2023-06-17,Delino DeShields,0,30,50,0.222,0.3,0.222,0,0.1,0.16,3,0.27
2023,2023-06-17,Dylan Moore,0,30,30,0.2,0.333,0.24,0,0.13333333333333333,0.3,1,0.313
2023,2023-06-17,Jacob Nottingham,0,28,68,0.2,0.294,0.45,4,0.10294117647058823,0.27941176470588236,0,0.216
2023,2023-06-17,Didi Gregorius,0,33,117,0.192,0.282,0.337,3,0.07692307692307693,0.1282051282051282,1,0.198
2023,2023-06-17,Mike Salvatore,0,26,26,0.13,0.231,0.174,0,0.11538461538461539,0.15384615384615385,0,0.158
2023,2023-06-17,Tanner Kirwer,0,27,30,0.115,0.2,0.115,0,0.1,0.26666666666666666,2,0.158
2023,2023-06-24,Mark Mathias,0,28,68,0.345,0.426,0.5,2,0.1323529411764706,0.19117647058823528,1,0.409
2023,2023-06-24,José Caballero,0,26,40,0.333,0.55,0.593,2,0.3,0.1,5,0.333
2023,2023-06-24,Sam Haggerty,0,29,222,0.324,0.419,0.578,8,0.13063063063063063,0.16666666666666666,19,0.361
2023,2023-06-24,Kean Wong,0,28,109,0.315,0.422,0.5,4,0.14678899082568808,0.1743119266055046,3,0.362
2023,2023-06-24,Jack Larsen,0,28,103,0.313,0.466,0.338,0,0.21359223300970873,0.23300970873786409,1,0.446
2023,2023-06-24,Jarred Kelenic,0,23,43,0.306,0.395,0.472,1,0.13953488372093023,0.2558139534883721,1,0.4
2023,2023-06-24,Mike Ford,0,30,211,0.302,0.427,0.605,13,0.16113744075829384,0.14218009478672985,2,0.3
2023,2023-06-24,Zach DeLoach,0,24,623,0.286,0.387,0.481,23,0.1332263242375602,0.27768860353130015,8,0.38
2023,2023-06-24,César Hernández,0,33,164,0.272,0.436,0.336,0,0.22560975609756098,0.2073170731707317,7,0.37
2023,2023-06-24,Taylor Trammell,0,25,391,0.268,0.39,0.53,21,0.16112531969309463,0.2659846547314578,17,0.323
2023,2023-06-24,Robbie Tenerowicz,0,28,201,0.264,0.358,0.351,3,0.08955223880597014,0.1691542288557214,1,0.312
2023,2023-06-24,Cooper Hummel,0,28,455,0.262,0.409,0.435,8,0.18021978021978022,0.23296703296703297,26,0.348
2023,2023-06-24,Cade Marlowe,0,26,379,0.257,0.338,0.443,11,0.10290237467018469,0.2612137203166227,29,0.33
2023,2023-06-24,Colin Moran,0,30,158,0.257,0.361,0.397,5,0.12025316455696203,0.2088607594936709,0,0.306
2023,2023-06-24,Riley Unroe,0,27,179,0.257,0.399,0.444,5,0.18994413407821228,0.20670391061452514,8,0.314
2023,2023-06-24,Isiah Gilliam,0,26,101,0.253,0.386,0.41,3,0.1485148514851485,0.24752475247524752,3,0.327
2023,2023-06-24,Jake Scheiner,0,27,553,0.252,0.369,0.509,30,0.14647377938517178,0.2423146473779385,5,0.286
2023,2023-06-24,Ryan Bliss,0,23,226,0.251,0.356,0.466,10,0.12831858407079647,0.23008849557522124,20,0.29
2023,2023-06-24,Adam Engel,0,31,315,0.25,0.371,0.451,12,0.1492063492063492,0.30158730158730157,19,0.344
2023,2023-06-24,Pat Valaika,0,30,143,0.24,0.343,0.405,4,0.13286713286713286,0.2097902097902098,1,0.281
2023,2023-06-24,Brian O'Keefe,0,29,403,0.238,0.328,0.504,23,0.1141439205955335,0.2456575682382134,2,0.262
2023,2023-06-24,Mason McCoy,0,28,383,0.234,0.33,0.407,11,0.1174934725848564,0.2950391644908616,20,0.316
2023,2023-06-24,Pedro Severino,0,29,192,0.23,0.286,0.399,7,0.06770833333333333,0.234375,4,0.27
2023,2023-06-24,Delino DeShields,0,30,50,0.222,0.3,0.222,0,0.1,0.16,3,0.27
2023,2023-06-24,Dylan Moore,0,30,30,0.2,0.333,0.24,0,0.13333333333333333,0.3,1,0.313
2023,2023-06-24,Jacob Nottingham,0,28,68,0.2,0.294,0.45,4,0.10294117647058823,0.27941176470588236,0,0.216
2023,2023-06-24,Didi Gregorius,0,33,117,0.192,0.282,0.337,3,0.07692307692307693,0.1282051282051282,1,0.198
2023,2023-06-24,Mike Salvatore,0,26,26,0.13,0.231,0.174,0,0.11538461538461539,0.15384615384615385,0,0.158
2023,2023-06-24,Tanner Kirwer,0,27,30,0.115,0.2,0.115,0,0.1,0.26666666666666666,2,0.158
2023,2023-07-01,Mark Mathias,0,28,68,0.345,0.426,0.5,2,0.1323529411764706,0.19117647058823528,1,0.409
2023,2023-07-01,José Caballero,0,26,40,0.333,0.55,0.593,2,0.3,0.1,5,0.333
2023,2023-07-01,Sam Haggerty,0,29,222,0.324,0.419,0.578,8,0.13063063063063063,0.16666666666666666,19,0.361
2023,2023-07-01,Kean Wong,0,28,109,0.315,0.422,0.5,4,0.14678899082568808,0.1743119266055046,3,0.362
2023,2023-07-01,Jack Larsen,0,28,103,0.313,0.466,0.338,0,0.21359223300970873,0.23300970873786409,1,0.446
2023,2023-07-01,Jarred Kelenic,0,23,43,0.306,0.395,0.472,1,0.13953488372093023,0.2558139534883721,1,0.4
2023,2023-07-01,Mike Ford,0,30,211,0.302,0.427,0.605,13,0.16113744075829384,0.14218009478672985,2,0.3
2023,2023-07-01,Zach DeLoach,0,24,623,0.286,0.387,0.481,23,0.1332263242375602,0.27768860353130015,8,0.38
2023,2023-07-01,César Hernández,0,33,164,0.272,0.436,0.336,0,0.22560975609756098,0.2073170731707317,7,0.37
2023,2023-07-01,Taylor Trammell,0,25,391,0.268,0.39,0.53,21,0.16112531969309463,0.2659846547314578,17,0.323
2023,2023-07-01,Robbie Tenerowicz,0,28,201,0.264,0.358,0.351,3,0.08955223880597014,0.1691542288557214,1,0.312
2023,2023-07-01,Cooper Hummel,0,28,455,0.262,0.409,0.435,8,0.18021978021978022,0.23296703296703297,26,0.348
2023,2023-07-01,Cade Marlowe,0,26,379,0.257,0.338,0.443,11,0.10290237467018469,0.2612137203166227,29,0.33
2023,2023-07-01,Colin Moran,0,30,158,0.257,0.361,0.397,5,0.12025316455696203,0.2088607594936709,0,0.306
2023,2023-07-01,Riley Unroe,0,27,179,0.257,0.399,0.444,5,0.18994413407821228,0.20670391061452514,8,0.314
2023,2023-07-01,Isiah Gilliam,0,26,101,0.253,0.386,0.41,3,0.1485148514851485,0.24752475247524752,3,0.327
2023,2023-07-01,Jake Scheiner,0,27,553,0.252,0.369,0.509,30,0.14647377938517178,0.2423146473779385,5,0.286
2023,2023-07-01,Ryan Bliss,0,23,226,0.251,0.356,0.466,10,0.12831858407079647,0.23008849557522124,20,0.29
2023,2023-07-01,Adam Engel,0,31,315,0.25,0.371,0.451,12,0.1492063492063492,0.30158730158730157,19,0.344
2023,2023-07-01,Pat Valaika,0,30,143,0.24,0.343,0.405,4,0.13286713286713286,0.2097902097902098,1,0.281
2023,2023-07-01,Brian O'Keefe,0,29,403,0.238,0.328,0.504,23,0.1141439205955335,0.2456575682382134,2,0.262
2023,2023-07-01,Mason McCoy,0,28,383,0.234,0.33,0.407,11,0.1174934725848564,0.2950391644908616,20,0.316
2023,2023-07-01,Pedro Severino,0,29,192,0.23,0.286,0.399,7,0.06770833333333333,0.234375,4,0.27
2023,2023-07-01,Delino DeShields,0,30,50,0.222,0.3,0.222,0,0.1,0.16,3,0.27
2023,2023-07-01,Dylan Moore,0,30,30,0.2,0.333,0.24,0,0.13333333333333333,0.3,1,0.313
2023,2023-07-01,Jacob Nottingham,0,28,68,0.2,0.294,0.45,4,0.10294117647058823,0.27941176470588236,0,0.216
2023,2023-07-01,Didi Gregorius,0,33,117,0.192,0.282,0.337,3,0.07692307692307693,0.1282051282051282,1,0.198
2023,2023-07-01,Mike Salvatore,0,26,26,0.13,0.231,0.174,0,0.11538461538461539,0.15384615384615385,0,0.158
2023,2023-07-01,Tanner Kirwer,0,27,30,0.115,0.2,0.115,0,0.1,0.26666666666666666,2,0.158
2023,2023-07-08,Mark Mathias,0,28,68,0.345,0.426,0.5,2,0.1323529411764706,0.19117647058823528,1,0.409
2023,2023-07-08,José Caballero,0,26,40,0.333,0.55,0.593,2,0.3,0.1,5,0.333
2023,2023-07-08,Sam Haggerty,0,29,222,0.324,0.419,0.578,8,0.13063063063063063,0.16666666666666666,19,0.361
2023,2023-07-08,Kean Wong,0,28,109,0.315,0.422,0.5,4,0.14678899082568808,0.1743119266055046,3,0.362
2023,2023-07-08,Jack Larsen,0,28,103,0.313,0.466,0.338,0,0.21359223300970873,0.23300970873786409,1,0.446
2023,2023-07-08,Jarred Kelenic,0,23,43,0.306,0.395,0.472,1,0.13953488372093023,0.2558139534883721,1,0.4
2023,2023-07-08,Mike Ford,0,30,211,0.302,0.427,0.605,13,0.16113744075829384,0.14218009478672985,2,0.3
2023,2023-07-08,Zach DeLoach,0,24,623,0.286,0.387,0.481,23,0.1332263242375602,0.27768860353130015,8,0.38
2023,2023-07-08,César Hernández,0,33,164,0.272,0.436,0.336,0,0.22560975609756098,0.2073170731707317,7,0.37
2023,2023-07-08,Taylor Trammell,0,25,391,0.268,0.39,0.53,21,0.16112531969309463,0.2659846547314578,17,0.323
2023,2023-07-08,Robbie Tenerowicz,0,28,201,0.264,0.358,0.351,3,0.08955223880597014,0.1691542288557214,1,0.312
2023,2023-07-08,Cooper Hummel,0,28,455,0.262,0.409,0.435,8,0.18021978021978022,0.23296703296703297,26,0.348
2023,2023-07-08,Cade Marlowe,0,26,379,0.257,0.338,0.443,11,0.10290237467018469,0.2612137203166227,29,0.33
2023,2023-07-08,Colin Moran,0,30,158,0.257,0.361,0.397,5,0.12025316455696203,0.2088607594936709,0,0.306
2023,2023-07-08,Riley Unroe,0,27,179,0.257,0.399,0.444,5,0.18994413407821228,0.20670391061452514,8,0.314
2023,2023-07-08,Isiah Gilliam,0,26,101,0.253,0.386,0.41,3,0.1485148514851485,0.24752475247524752,3,0.327
2023,2023-07-08,Jake Scheiner,0,27,553,0.252,0.369,0.509,30,0.14647377938517178,0.2423146473779385,5,0.286
2023,2023-07-08,Ryan Bliss,0,23,226,0.251,0.356,0.466,10,0.12831858407079647,0.23008849557522124,20,0.29
2023,2023-07-08,Adam Engel,0,31,315,0.25,0.371,0.451,12,0.1492063492063492,0.30158730158730157,19,0.344
2023,2023-07-08,Pat Valaika,0,30,143,0.24,0.343,0.405,4,0.13286713286713286,0.2097902097902098,1,0.281
2023,2023-07-08,Brian O'Keefe,0,29,403,0.238,0.328,0.504,23,0.1141439205955335,0.2456575682382134,2,0.262
2023,2023-07-08,Mason McCoy,0,28,383,0.234,0.33,0.407,11,0.1174934725848564,0.2950391644908616,20,0.316
2023,2023-07-08,Pedro Severino,0,29,192,0.23,0.286,0.399,7,0.06770833333333333,0.234375,4,0.27
2023,2023-07-08,Delino DeShields,0,30,50,0.222,0.3,0.222,0,0.1,0.16,3,0.27
2023,2023-07-08,Dylan Moore,0,30,30,0.2,0.333,0.24,0,0.13333333333333333,0.3,1,0.313
2023,2023-07-08,Jacob Nottingham,0,28,68,0.2,0.294,0.45,4,0.10294117647058823,0.27941176470588236,0,0.216
2023,2023-07-08,Didi Gregorius,0,33,117,0.192,0.282,0.337,3,0.07692307692307693,0.1282051282051282,1,0.198
2023,2023-07-08,Mike Salvatore,0,26,26,0.13,0.231,0.174,0,0.11538461538461539,0.15384615384615385,0,0.158
2023,2023-07-08,Tanner Kirwer,0,27,30,0.115,0.2,0.115,0,0.1,0.26666666666666666,2,0.158
2023,2023-07-15,Mark Mathias,0,28,68,0.345,0.426,0.5,2,0.1323529411764706,0.19117647058823528,1,0.409
2023,2023-07-15,José Caballero,0,26,40,0.333,0.55,0.593,2,0.3,0.1,5,0.333
2023,2023-07-15,Sam Haggerty,0,29,222,0.324,0.419,0.578,8,0.13063063063063063,0.16666666666666666,19,0.361
2023,2023-07-15,Kean Wong,0,28,109,0.315,0.422,0.5,4,0.14678899082568808,0.1743119266055046,3,0.362
2023,2023-07-15,Jack Larsen,0,28,103,0.313,0.466,0.338,0,0.21359223300970873,0.23300970873786409,1,0.446
2023,2023-07-15,Jarred Kelenic,0,23,43,0.306,0.395,0.472,1,0.13953488372093023,0.2558139534883721,1,0.4
2023,2023-07-15,Mike Ford,0,30,211,0.302,0.427,0.605,13,0.16113744075829384,0.14218009478672985,2,0.3
2023,2023-07-15,Zach DeLoach,0,24,623,0.286,0.387,0.481,23,0.1332263242375602,0.27768860353130015,8,0.38
2023,2023-07-15,César Hernández,0,33,164,0.272,0.436,0.336,0,0.22560975609756098,0.2073170731707317,7,0.37
2023,2023-07-15,Taylor Trammell,1,25,391,0.268,0.39,0.53,21,0.16112531969309463,0.2659846547314578,17,0.323
2023,2023-07-15,Robbie Tenerowicz,0,28,201,0.264,0.358,0.351,3,0.08955223880597014,0.1691542288557214,1,0.312
2023,2023-07-15,Cooper Hummel,0,28,455,0.262,0.409,0.435,8,0.18021978021978022,0.23296703296703297,26,0.348
2023,2023-07-15,Cade Marlowe,1,26,379,0.257,0.338,0.443,11,0.10290237467018469,0.2612137203166227,29,0.33
2023,2023-07-15,Colin Moran,0,30,158,0.257,0.361,0.397,5,0.12025316455696203,0.2088607594936709,0,0.306
2023,2023-07-15,Riley Unroe,0,27,179,0.257,0.399,0.444,5,0.18994413407821228,0.20670391061452514,8,0.314
2023,2023-07-15,Isiah Gilliam,0,26,101,0.253,0.386,0.41,3,0.1485148514851485,0.24752475247524752,3,0.327
2023,2023-07-15,Jake Scheiner,0,27,553,0.252,0.369,0.509,30,0.14647377938517178,0.2423146473779385,5,0.286
2023,2023-07-15,Ryan Bliss,0,23,226,0.251,0.356,0.466,10,0.12831858407079647,0.23008849557522124,20,0.29
2023,2023-07-15,Adam Engel,0,31,315,0.25,0.371,0.451,12,0.1492063492063492,0.30158730158730157,19,0.344
2023,2023-07-15,Pat Valaika,0,30,143,0.24,0.343,0.405,4,0.13286713286713286,0.2097902097902098,1,0.281
2023,2023-07-15,Brian O'Keefe,0,29,403,0.238,0.328,0.504,23,0.1141439205955335,0.2456575682382134,2,0.262
2023,2023-07-15,Mason McCoy,0,28,383,0.234,0.33,0.407,11,0.1174934725848564,0.2950391644908616,20,0.316
2023,2023-07-15,Pedro Severino,0,29,192,0.23,0.286,0.399,7,0.06770833333333333,0.234375,4,0.27
2023,2023-07-15,Delino DeShields,0,30,50,0.222,0.3,0.222,0,0.1,0.16,3,0.27
2023,2023-07-15,Dylan Moore,0,30,30,0.2,0.333,0.24,0,0.13333333333333333,0.3,1,0.313
2023,2023-07-15,Jacob Nottingham,0,28,68,0.2,0.294,0.45,4,0.10294117647058823,0.27941176470588236,0,0.216
2023,2023-07-15,Didi Gregorius,0,33,117,0.192,0.282,0.337,3,0.07692307692307693,0.1282051282051282,1,0.198
2023,2023-07-15,Mike Salvatore,0,26,26,0.13,0.231,0.174,0,0.11538461538461539,0.15384615384615385,0,0.158
2023,2023-07-15,Tanner Kirwer,0,27,30,0.115,0.2,0.115,0,0.1,0.26666666666666666,2,0.158
2023,2023-07-22,Mark Mathias,0,28,68,0.345,0.426,0.5,2,0.1323529411764706,0.19117647058823528,1,0.409
2023,2023-07-22,José Caballero,0,26,40,0.333,0.55,0.593,2,0.3,0.1,5,0.333
2023,2023-07-22,Sam Haggerty,0,29,222,0.324,0.419,0.578,8,0.13063063063063063,0.16666666666666666,19,0.361
2023,2023-07-22,Kean Wong,0,28,109,0.315,0.422,0.5,4,0.14678899082568808,0.1743119266055046,3,0.362
2023,2023-07-22,Jack Larsen,0,28,103,0.313,0.466,0.338,0,0.21359223300970873,0.23300970873786409,1,0.446
2023,2023-07-22,Jarred Kelenic,0,23,43,0.306,0.395,0.472,1,0.13953488372093023,0.2558139534883721,1,0.4
2023,2023-07-22,Mike Ford,0,30,211,0.302,0.427,0.605,13,0.16113744075829384,0.14218009478672985,2,0.3
2023,2023-07-22,Zach DeLoach,0,24,623,0.286,0.387,0.481,23,0.1332263242375602,0.27768860353130015,8,0.38
2023,2023-07-22,César Hernández,0,33,164,0.272,0.436,0.336,0,0.22560975609756098,0.2073170731707317,7,0.37
2023,2023-07-22,Taylor Trammell,0,25,391,0.268,0.39,0.53,21,0.16112531969309463,0.2659846547314578,17,0.323
2023,2023-07-22,Robbie Tenerowicz,0,28,201,0.264,0.358,0.351,3,0.08955223880597014,0.1691542288557214,1,0.312
2023,2023-07-22,Cooper Hummel,0,28,455,0.262,0.409,0.435,8,0.18021978021978022,0.23296703296703297,26,0.348
2023,2023-07-22,Cade Marlowe,0,26,379,0.257,0.338,0.443,11,0.10290237467018469,0.2612137203166227,29,0.33
2023,2023-07-22,Colin Moran,0,30,158,0.257,0.361,0.397,5,0.12025316455696203,0.2088607594936709,0,0.306
2023,2023-07-22,Riley Unroe,0,27,179,0.257,0.399,0.444,5,0.18994413407821228,0.20670391061452514,8,0.314
2023,2023-07-22,Isiah Gilliam,0,26,101,0.253,0.386,0.41,3,0.1485148514851485,0.24752475247524752,3,0.327
2023,2023-07-22,Jake Scheiner,0,27,553,0.252,0.369,0.509,30,0.14647377938517178,0.2423146473779385,5,0.286
2023,2023-07-22,Ryan Bliss,0,23,226,0.251,0.356,0.466,10,0.12831858407079647,0.23008849557522124,20,0.29
2023,2023-07-22,Adam Engel,0,31,315,0.25,0.371,0.451,12,0.1492063492063492,0.30158730158730157,19,0.344
2023,2023-07-22,Pat Valaika,0,30,143,0.24,0.343,0.405,4,0.13286713286713286,0.2097902097902098,1,0.281
2023,2023-07-22,Brian O'Keefe,0,29,403,0.238,0.328,0.504,23,0.1141439205955335,0.2456575682382134,2,0.262
2023,2023-07-22,Mason McCoy,0,28,383,0.234,0.33,0.407,11,0.1174934725848564,0.2950391644908616,20,0.316
2023,2023-07-22,Pedro Severino,0,29,192,0.23,0.286,0.399,7,0.06770833333333333,0.234375,4,0.27
2023,2023-07-22,Delino DeShields,0,30,50,0.222,0.3,0.222,0,0.1,0.16,3,0.27
2023,2023-07-22,Dylan Moore,0,30,30,0.2,0.333,0.24,0,0.13333333333333333,0.3,1,0.313
2023,2023-07-22,Jacob Nottingham,0,28,68,0.2,0.294,0.45,4,0.10294117647058823,0.27941176470588236,0,0.216
2023,2023-07-22,Didi Gregorius,0,33,117,0.192,0.282,0.337,3,0.07692307692307693,0.1282051282051282,1,0.198
2023,2023-07-22,Mike Salvatore,0,26,26,0.13,0.231,0.174,0,0.11538461538461539,0.15384615384615385,0,0.158
2023,2023-07-22,Tanner Kirwer,0,27,30,0.115,0.2,0.115,0,0.1,0.26666666666666666,2,0.158
2023,2023-07-29,Mark Mathias,0,28,68,0.345,0.426,0.5,2,0.1323529411764706,0.19117647058823528,1,0.409
2023,2023-07-29,José Caballero,0,26,40,0.333,0.55,0.593,2,0.3,0.1,5,0.333
2023,2023-07-29,Sam Haggerty,0,29,222,0.324,0.419,0.578,8,0.13063063063063063,0.16666666666666666,19,0.361
2023,2023-07-29,Kean Wong,0,28,109,0.315,0.422,0.5,4,0.14678899082568808,0.1743119266055046,3,0.362
2023,2023-07-29,Jack Larsen,0,28,103,0.313,0.466,0.338,0,0.21359223300970873,0.23300970873786409,1,0.446
2023,2023-07-29,Jarred Kelenic,0,23,43,0.306,0.395,0.472,1,0.13953488372093023,0.2558139534883721,1,0.4
2023,2023-07-29,Mike Ford,0,30,211,0.302,0.427,0.605,13,0.16113744075829384,0.14218009478672985,2,0.3
2023,2023-07-29,Zach DeLoach,0,24,623,0.286,0.387,0.481,23,0.1332263242375602,0.27768860353130015,8,0.38
2023,2023-07-29,César Hernández,0,33,164,0.272,0.436,0.336,0,0.22560975609756098,0.2073170731707317,7,0.37
2023,2023-07-29,Taylor Trammell,0,25,391,0.268,0.39,0.53,21,0.16112531969309463,0.2659846547314578,17,0.323
2023,2023-07-29,Robbie Tenerowicz,0,28,201,0.264,0.358,0.351,3,0.08955223880597014,0.1691542288557214,1,0.312
2023,2023-07-29,Cooper Hummel,0,28,455,0.262,0.409,0.435,8,0.18021978021978022,0.23296703296703297,26,0.348
2023,2023-07-29,Cade Marlowe,0,26,379,0.257,0.338,0.443,11,0.10290237467018469,0.2612137203166227,29,0.33
2023,2023-07-29,Colin Moran,0,30,158,0.257,0.361,0.397,5,0.12025316455696203,0.2088607594936709,0,0.306
2023,2023-07-29,Riley Unroe,0,27,179,0.257,0.399,0.444,5,0.18994413407821228,0.20670391061452514,8,0.314
2023,2023-07-29,Isiah Gilliam,0,26,101,0.253,0.386,0.41,3,0.1485148514851485,0.24752475247524752,3,0.327
2023,2023-07-29,Jake Scheiner,0,27,553,0.252,0.369,0.509,30,0.14647377938517178,0.2423146473779385,5,0.286
2023,2023-07-29,Ryan Bliss,0,23,226,0.251,0.356,0.466,10,0.12831858407079647,0.23008849557522124,20,0.29
2023,2023-07-29,Adam Engel,0,31,315,0.25,0.371,0.451,12,0.1492063492063492,0.30158730158730157,19,0.344
2023,2023-07-29,Pat Valaika,0,30,143,0.24,0.343,0.405,4,0.13286713286713286,0.2097902097902098,1,0.281
2023,2023-07-29,Brian O'Keefe,0,29,403,0.238,0.328,0.504,23,0.1141439205955335,0.2456575682382134,2,0.262
2023,2023-07-29,Mason McCoy,0,28,383,0.234,0.33,0.407,11,0.1174934725848564,0.2950391644908616,20,0.316
2023,2023-07-29,Pedro Severino,0,29,192,0.23,0.286,0.399,7,0.06770833333333333,0.234375,4,0.27
2023,2023-07-29,Delino DeShields,0,30,50,0.222,0.3,0.222,0,0.1,0.16,3,0.27
2023,2023-07-29,Dylan Moore,0,30,30,0.2,0.333,0.24,0,0.13333333333333333,0.3,1,0.313
2023,2023-07-29,Jacob Nottingham,0,28,68,0.2,0.294,0.45,4,0.10294117647058823,0.27941176470588236,0,0.216
2023,2023-07-29,Didi Gregorius,0,33,117,0.192,0.282,0.337,3,0.07692307692307693,0.1282051282051282,1,0.198
2023,2023-07-29,Mike Salvatore,0,26,26,0.13,0.231,0.174,0,0.11538461538461539,0.15384615384615385,0,0.158
2023,2023-07-29,Tanner Kirwer,0,27,30,0.115,0.2,0.115,0,0.1,0.26666666666666666,2,0.158
2023,2023-08-05,Mark Mathias,0,28,68,0.345,0.426,0.5,2,0.1323529411764706,0.19117647058823528,1,0.409
2023,2023-08-05,José Caballero,0,26,40,0.333,0.55,0.593,2,0.3,0.1,5,0.333
2023,2023-08-05,Sam Haggerty,1,29,222,0.324,0.419,0.578,8,0.13063063063063063,0.16666666666666666,19,0.361
2023,2023-08-05,Kean Wong,0,28,109,0.315,0.422,0.5,4,0.14678899082568808,0.1743119266055046,3,0.362
2023,2023-08-05,Jack Larsen,0,28,103,0.313,0.466,0.338,0,0.21359223300970873,0.23300970873786409,1,0.446
2023,2023-08-05,Jarred Kelenic,0,23,43,0.306,0.395,0.472,1,0.13953488372093023,0.2558139534883721,1,0.4
2023,2023-08-05,Mike Ford,0,30,211,0.302,0.427,0.605,13,0.16113744075829384,0.14218009478672985,2,0.3
2023,2023-08-05,Zach DeLoach,0,24,623,0.286,0.387,0.481,23,0.1332263242375602,0.27768860353130015,8,0.38
2023,2023-08-05,César Hernández,0,33,164,0.272,0.436,0.336,0,0.22560975609756098,0.2073170731707317,7,0.37
2023,2023-08-05,Taylor Trammell,0,25,391,0.268,0.39,0.53,21,0.16112531969309463,0.2659846547314578,17,0.323
2023,2023-08-05,Robbie Tenerowicz,0,28,201,0.264,0.358,0.351,3,0.08955223880597014,0.1691542288557214,1,0.312
2023,2023-08-05,Cooper Hummel,0,28,455,0.262,0.409,0.435,8,0.18021978021978022,0.23296703296703297,26,0.348
2023,2023-08-05,Cade Marlowe,0,26,379,0.257,0.338,0.443,11,0.10290237467018469,0.2612137203166227,29,0.33
2023,2023-08-05,Colin Moran,0,30,158,0.257,0.361,0.397,5,0.12025316455696203,0.2088607594936709,0,0.306
2023,2023-08-05,Riley Unroe,0,27,179,0.257,0.399,0.444,5,0.18994413407821228,0.20670391061452514,8,0.314
2023,2023-08-05,Isiah Gilliam,0,26,101,0.253,0.386,0.41,3,0.1485148514851485,0.24752475247524752,3,0.327
2023,2023-08-05,Jake Scheiner,0,27,553,0.252,0.369,0.509,30,0.14647377938517178,0.2423146473779385,5,0.286
2023,2023-08-05,Ryan Bliss,0,23,226,0.251,0.356,0.466,10,0.12831858407079647,0.23008849557522124,20,0.29
2023,2023-08-05,Adam Engel,0,31,315,0.25,0.371,0.451,12,0.1492063492063492,0.30158730158730157,19,0.344
2023,2023-08-05,Pat Valaika,0,30,143,0.24,0.343,0.405,4,0.13286713286713286,0.2097902097902098,1,0.281
2023,2023-08-05,Brian O'Keefe,0,29,403,0.238,0.328,0.504,23,0.1141439205955335,0.2456575682382134,2,0.262
2023,2023-08-05,Mason McCoy,0,28,383,0.234,0.33,0.407,11,0.1174934725848564,0.2950391644908616,20,0.316
2023,2023-08-05,Pedro Severino,0,29,192,0.23,0.286,0.399,7,0.06770833333333333,0.234375,4,0.27
2023,2023-08-05,Delino DeShields,0,30,50,0.222,0.3,0.222,0,0.1,0.16,3,0.27
2023,2023-08-05,Dylan Moore,0,30,30,0.2,0.333,0.24,0,0.13333333333333333,0.3,1,0.313
2023,2023-08-05,Jacob Nottingham,0,28,68,0.2,0.294,0.45,4,0.10294117647058823,0.27941176470588236,0,0.216
2023,2023-08-05,Didi Gregorius,0,33,117,0.192,0.282,0.337,3,0.07692307692307693,0.1282051282051282,1,0.198
2023,2023-08-05,Mike Salvatore,0,26,26,0.13,0.231,0.174,0,0.11538461538461539,0.15384615384615385,0,0.158
2023,2023-08-05,Tanner Kirwer,0,27,30,0.115,0.2,0.115,0,0.1,0.26666666666666666,2,0.158
2023,2023-08-12,Mark Mathias,0,28,68,0.345,0.426,0.5,2,0.1323529411764706,0.19117647058823528,1,0.409
2023,2023-08-12,José Caballero,0,26,40,0.333,0.55,0.593,2,0.3,0.1,5,0.333
2023,2023-08-12,Sam Haggerty,0,29,222,0.324,0.419,0.578,8,0.13063063063063063,0.16666666666666666,19,0.361
2023,2023-08-12,Kean Wong,0,28,109,0.315,0.422,0.5,4,0.14678899082568808,0.1743119266055046,3,0.362
2023,2023-08-12,Jack Larsen,0,28,103,0.313,0.466,0.338,0,0.21359223300970873,0.23300970873786409,1,0.446
2023,2023-08-12,Jarred Kelenic,0,23,43,0.306,0.395,0.472,1,0.13953488372093023,0.2558139534883721,1,0.4
2023,2023-08-12,Mike Ford,0,30,211,0.302,0.427,0.605,13,0.16113744075829384,0.14218009478672985,2,0.3
2023,2023-08-12,Zach DeLoach,0,24,623,0.286,0.387,0.481,23,0.1332263242375602,0.27768860353130015,8,0.38
2023,2023-08-12,César Hernández,0,33,164,0.272,0.436,0.336,0,0.22560975609756098,0.2073170731707317,7,0.37
2023,2023-08-12,Taylor Trammell,0,25,391,0.268,0.39,0.53,21,0.16112531969309463,0.2659846547314578,17,0.323
2023,2023-08-12,Robbie Tenerowicz,0,28,201,0.264,0.358,0.351,3,0.08955223880597014,0.1691542288557214,1,0.312
2023,2023-08-12,Cooper Hummel,0,28,455,0.262,0.409,0.435,8,0.18021978021978022,0.23296703296703297,26,0.348
2023,2023-08-12,Cade Marlowe,0,26,379,0.257,0.338,0.443,11,0.10290237467018469,0.2612137203166227,29,0.33
2023,2023-08-12,Colin Moran,0,30,158,0.257,0.361,0.397,5,0.12025316455696203,0.2088607594936709,0,0.306
2023,2023-08-12,Riley Unroe,0,27,179,0.257,0.399,0.444,5,0.18994413407821228,0.20670391061452514,8,0.314
2023,2023-08-12,Isiah Gilliam,0,26,101,0.253,0.386,0.41,3,0.1485148514851485,0.24752475247524752,3,0.327
2023,2023-08-12,Jake Scheiner,0,27,553,0.252,0.369,0.509,30,0.14647377938517178,0.2423146473779385,5,0.286
2023,2023-08-12,Ryan Bliss,0,23,226,0.251,0.356,0.466,10,0.12831858407079647,0.23008849557522124,20,0.29
2023,2023-08-12,Adam Engel,0,31,315,0.25,0.371,0.451,12,0.1492063492063492,0.30158730158730157,19,0.344
2023,2023-08-12,Pat Valaika,0,30,143,0.24,0.343,0.405,4,0.13286713286713286,0.2097902097902098,1,0.281
2023,2023-08-12,Brian O'Keefe,1,29,403,0.238,0.328,0.504,23,0.1141439205955335,0.2456575682382134,2,0.262
2023,2023-08-12,Mason McCoy,0,28,383,0.234,0.33,0.407,11,0.1174934725848564,0.2950391644908616,20,0.316
2023,2023-08-12,Pedro Severino,0,29,192,0.23,0.286,0.399,7,0.06770833333333333,0.234375,4,0.27
2023,2023-08-12,Delino DeShields,0,30,50,0.222,0.3,0.222,0,0.1,0.16,3,0.27
2023,2023-08-12,Dylan Moore,0,30,30,0.2,0.333,0.24,0,0.13333333333333333,0.3,1,0.313
2023,2023-08-12,Jacob Nottingham,0,28,68,0.2,0.294,0.45,4,0.10294117647058823,0.27941176470588236,0,0.216
2023,2023-08-12,Didi Gregorius,0,33,117,0.192,0.282,0.337,3,0.07692307692307693,0.1282051282051282,1,0.198
2023,2023-08-12,Mike Salvatore,0,26,26,0.13,0.231,0.174,0,0.11538461538461539,0.15384615384615385,0,0.158
2023,2023-08-12,Tanner Kirwer,0,27,30,0.115,0.2,0.115,0,0.1,0.26666666666666666,2,0.158
2023,2023-08-19,Mark Mathias,0,28,68,0.345,0.426,0.5,2,0.1323529411764706,0.19117647058823528,1,0.409
2023,2023-08-19,José Caballero,0,26,40,0.333,0.55,0.593,2,0.3,0.1,5,0.333
2023,2023-08-19,Sam Haggerty,0,29,222,0.324,0.419,0.578,8,0.13063063063063063,0.16666666666666666,19,0.361
2023,2023-08-19,Kean Wong,0,28,109,0.315,0.422,0.5,4,0.14678899082568808,0.1743119266055046,3,0.362
2023,2023-08-19,Jack Larsen,0,28,103,0.313,0.466,0.338,0,0.21359223300970873,0.23300970873786409,1,0.446
2023,2023-08-19,Jarred Kelenic,0,23,43,0.306,0.395,0.472,1,0.13953488372093023,0.2558139534883721,1,0.4
2023,2023-08-19,Mike Ford,0,30,211,0.302,0.427,0.605,13,0.16113744075829384,0.14218009478672985,2,0.3
2023,2023-08-19,Zach DeLoach,0,24,623,0.286,0.387,0.481,23,0.1332263242375602,0.27768860353130015,8,0.38
2023,2023-08-19,César Hernández,0,33,164,0.272,0.436,0.336,0,0.22560975609756098,0.2073170731707317,7,0.37
2023,2023-08-19,Taylor Trammell,0,25,391,0.268,0.39,0.53,21,0.16112531969309463,0.2659846547314578,17,0.323
2023,2023-08-19,Robbie Tenerowicz,0,28,201,0.264,0.358,0.351,3,0.08955223880597014,0.1691542288557214,1,0.312
2023,2023-08-19,Cooper Hummel,0,28,455,0.262,0.409,0.435,8,0.18021978021978022,0.23296703296703297,26,0.348
2023,2023-08-19,Cade Marlowe,0,26,379,0.257,0.338,0.443,11,0.10290237467018469,0.2612137203166227,29,0.33
2023,2023-08-19,Colin Moran,0,30,158,0.257,0.361,0.397,5,0.12025316455696203,0.2088607594936709,0,0.306
2023,2023-08-19,Riley Unroe,0,27,179,0.257,0.399,0.444,5,0.18994413407821228,0.20670391061452514,8,0.314
2023,2023-08-19,Isiah Gilliam,0,26,101,0.253,0.386,0.41,3,0.1485148514851485,0.24752475247524752,3,0.327
2023,2023-08-19,Jake Scheiner,0,27,553,0.252,0.369,0.509,30,0.14647377938517178,0.2423146473779385,5,0.286
2023,2023-08-19,Ryan Bliss,0,23,226,0.251,0.356,0.466,10,0.12831858407079647,0.23008849557522124,20,0.29
2023,2023-08-19,Adam Engel,0,31,315,0.25,0.371,0.451,12,0.1492063492063492,0.30158730158730157,19,0.344
2023,2023-08-19,Pat Valaika,0,30,143,0.24,0.343,0.405,4,0.13286713286713286,0.2097902097902098,1,0.281
2023,2023-08-19,Brian O'Keefe,0,29,403,0.238,0.328,0.504,23,0.1141439205955335,0.2456575682382134,2,0.262
2023,2023-08-19,Mason McCoy,0,28,383,0.234,0.33,0.407,11,0.1174934725848564,0.2950391644908616,20,0.316
2023,2023-08-19,Pedro Severino,0,29,192,0.23,0.286,0.399,7,0.06770833333333333,0.234375,4,0.27
2023,2023-08-19,Delino DeShields,0,30,50,0.222,0.3,0.222,0,0.1,0.16,3,0.27
2023,2023-08-19,Dylan Moore,0,30,30,0.2,0.333,0.24,0,0.13333333333333333,0.3,1,0.313
2023,2023-08-19,Jacob Nottingham,0,28,68,0.2,0.294,0.45,4,0.10294117647058823,0.27941176470588236,0,0.216
2023,2023-08-19,Didi Gregorius,0,33,117,0.192,0.282,0.337,3,0.07692307692307693,0.1282051282051282,1,0.198
2023,2023-08-19,Mike Salvatore,0,26,26,0.13,0.231,0.174,0,0.11538461538461539,0.15384615384615385,0,0.158
2023,2023-08-19,Tanner Kirwer,0,27,30,0.115,0.2,0.115,0,0.1,0.26666666666666666,2,0.158
2023,2023-08-26,Mark Mathias,0,28,68,0.345,0.426,0.5,2,0.1323529411764706,0.19117647058823528,1,0.409
2023,2023-08-26,José Caballero,0,26,40,0.333,0.55,0.593,2,0.3,0.1,5,0.333
2023,2023-08-26,Sam Haggerty,1,29,222,0.324,0.419,0.578,8,0.13063063063063063,0.16666666666666666,19,0.361
2023,2023-08-26,Kean Wong,0,28,109,0.315,0.422,0.5,4,0.14678899082568808,0.1743119266055046,3,0.362
2023,2023-08-26,Jack Larsen,0,28,103,0.313,0.466,0.338,0,0.21359223300970873,0.23300970873786409,1,0.446
2023,2023-08-26,Jarred Kelenic,0,23,43,0.306,0.395,0.472,1,0.13953488372093023,0.2558139534883721,1,0.4
2023,2023-08-26,Mike Ford,0,30,211,0.302,0.427,0.605,13,0.16113744075829384,0.14218009478672985,2,0.3
2023,2023-08-26,Zach DeLoach,0,24,623,0.286,0.387,0.481,23,0.1332263242375602,0.27768860353130015,8,0.38
2023,2023-08-26,César Hernández,0,33,164,0.272,0.436,0.336,0,0.22560975609756098,0.2073170731707317,7,0.37
2023,2023-08-26,Taylor Trammell,0,25,391,0.268,0.39,0.53,21,0.16112531969309463,0.2659846547314578,17,0.323
2023,2023-08-26,Robbie Tenerowicz,0,28,201,0.264,0.358,0.351,3,0.08955223880597014,0.1691542288557214,1,0.312
2023,2023-08-26,Cooper Hummel,0,28,455,0.262,0.409,0.435,8,0.18021978021978022,0.23296703296703297,26,0.348
2023,2023-08-26,Cade Marlowe,0,26,379,0.257,0.338,0.443,11,0.10290237467018469,0.2612137203166227,29,0.33
2023,2023-08-26,Colin Moran,0,30,158,0.257,0.361,0.397,5,0.12025316455696203,0.2088607594936709,0,0.306
2023,2023-08-26,Riley Unroe,0,27,179,0.257,0.399,0.444,5,0.18994413407821228,0.20670391061452514,8,0.314
2023,2023-08-26,Isiah Gilliam,0,26,101,0.253,0.386,0.41,3,0.1485148514851485,0.24752475247524752,3,0.327
2023,2023-08-26,Jake Scheiner,0,27,553,0.252,0.369,0.509,30,0.14647377938517178,0.2423146473779385,5,0.286
2023,2023-08-26,Ryan Bliss,0,23,226,0.251,0.356,0.466,10,0.12831858407079647,0.23008849557522124,20,0.29
2023,2023-08-26,Adam Engel,0,31,315,0.25,0.371,0.451,12,0.1492063492063492,0.30158730158730157,19,0.344
2023,2023-08-26,Pat Valaika,0,30,143,0.24,0.343,0.405,4,0.13286713286713286,0.2097902097902098,1,0.281
2023,2023-08-26,Brian O'Keefe,0,29,403,0.238,0.328,0.504,23,0.1141439205955335,0.2456575682382134,2,0.262
2023,2023-08-26,Mason McCoy,0,28,383,0.234,0.33,0.407,11,0.1174934725848564,0.2950391644908616,20,0.316
2023,2023-08-26,Pedro Severino,0,29,192,0.23,0.286,0.399,7,0.06770833333333333,0.234375,4,0.27
2023,2023-08-26,Delino DeShields,0,30,50,0.222,0.3,0.222,0,0.1,0.16,3,0.27
2023,2023-08-26,Dylan Moore,0,30,30,0.2,0.333,0.24,0,0.13333333333333333,0.3,1,0.313
2023,2023-08-26,Jacob Nottingham,0,28,68,0.2,0.294,0.45,4,0.10294117647058823,0.27941176470588236,0,0.216
2023,2023-08-26,Didi Gregorius,0,33,117,0.192,0.282,0.337,3,0.07692307692307693,0.1282051282051282,1,0.198
2023,2023-08-26,Mike Salvatore,0,26,26,0.13,0.231,0.174,0,0.11538461538461539,0.15384615384615385,0,0.158
2023,2023-08-26,Tanner Kirwer,0,27,30,0.115,0.2,0.115,0,0.1,0.26666666666666666,2,0.158
2023,2023-09-02,Mark Mathias,0,28,68,0.345,0.426,0.5,2,0.1323529411764706,0.19117647058823528,1,0.409
2023,2023-09-02,José Caballero,0,26,40,0.333,0.55,0.593,2,0.3,0.1,5,0.333
2023,2023-09-02,Sam Haggerty,0,29,222,0.324,0.419,0.578,8,0.13063063063063063,0.16666666666666666,19,0.361
2023,2023-09-02,Kean Wong,0,28,109,0.315,0.422,0.5,4,0.14678899082568808,0.1743119266055046,3,0.362
2023,2023-09-02,Jack Larsen,0,28,103,0.313,0.466,0.338,0,0.21359223300970873,0.23300970873786409,1,0.446
2023,2023-09-02,Jarred Kelenic,0,23,43,0.306,0.395,0.472,1,0.13953488372093023,0.2558139534883721,1,0.4
2023,2023-09-02,Mike Ford,0,30,211,0.302,0.427,0.605,13,0.16113744075829384,0.14218009478672985,2,0.3
2023,2023-09-02,Zach DeLoach,0,24,623,0.286,0.387,0.481,23,0.1332263242375602,0.27768860353130015,8,0.38
2023,2023-09-02,César Hernández,0,33,164,0.272,0.436,0.336,0,0.22560975609756098,0.2073170731707317,7,0.37
2023,2023-09-02,Taylor Trammell,0,25,391,0.268,0.39,0.53,21,0.16112531969309463,0.2659846547314578,17,0.323
2023,2023-09-02,Robbie Tenerowicz,0,28,201,0.264,0.358,0.351,3,0.08955223880597014,0.1691542288557214,1,0.312
2023,2023-09-02,Cooper Hummel,0,28,455,0.262,0.409,0.435,8,0.18021978021978022,0.23296703296703297,26,0.348
2023,2023-09-02,Cade Marlowe,0,26,379,0.257,0.338,0.443,11,0.10290237467018469,0.2612137203166227,29,0.33
2023,2023-09-02,Colin Moran,0,30,158,0.257,0.361,0.397,5,0.12025316455696203,0.2088607594936709,0,0.306
2023,2023-09-02,Riley Unroe,0,27,179,0.257,0.399,0.444,5,0.18994413407821228,0.20670391061452514,8,0.314
2023,2023-09-02,Isiah Gilliam,0,26,101,0.253,0.386,0.41,3,0.1485148514851485,0.24752475247524752,3,0.327
2023,2023-09-02,Jake Scheiner,0,27,553,0.252,0.369,0.509,30,0.14647377938517178,0.2423146473779385,5,0.286
2023,2023-09-02,Ryan Bliss,0,23,226,0.251,0.356,0.466,10,0.12831858407079647,0.23008849557522124,20,0.29
2023,2023-09-02,Adam Engel,0,31,315,0.25,0.371,0.451,12,0.1492063492063492,0.30158730158730157,19,0.344
2023,2023-09-02,Pat Valaika,0,30,143,0.24,0.343,0.405,4,0.13286713286713286,0.2097902097902098,1,0.281
2023,2023-09-02,Brian O'Keefe,0,29,403,0.238,0.328,0.504,23,0.1141439205955335,0.2456575682382134,2,0.262
2023,2023-09-02,Mason McCoy,0,28,383,0.234,0.33,0.407,11,0.1174934725848564,0.2950391644908616,20,0.316
2023,2023-09-02,Pedro Severino,0,29,192,0.23,0.286,0.399,7,0.06770833333333333,0.234375,4,0.27
2023,2023-09-02,Delino DeShields,0,30,50,0.222,0.3,0.222,0,0.1,0.16,3,0.27
2023,2023-09-02,Dylan Moore,0,30,30,0.2,0.333,0.24,0,0.13333333333333333,0.3,1,0.313
2023,2023-09-02,Jacob Nottingham,0,28,68,0.2,0.294,0.45,4,0.10294117647058823,0.27941176470588236,0,0.216
2023,2023-09-02,Didi Gregorius,0,33,117,0.192,0.282,0.337,3,0.07692307692307693,0.1282051282051282,1,0.198
2023,2023-09-02,Mike Salvatore,0,26,26,0.13,0.231,0.174,0,0.11538461538461539,0.15384615384615385,0,0.158
2023,2023-09-02,Tanner Kirwer,0,27,30,0.115,0.2,0.115,0,0.1,0.26666666666666666,2,0.158
2023,2023-09-09,Mark Mathias,0,28,68,0.345,0.426,0.5,2,0.1323529411764706,0.19117647058823528,1,0.409
2023,2023-09-09,José Caballero,0,26,40,0.333,0.55,0.593,2,0.3,0.1,5,0.333
2023,2023-09-09,Sam Haggerty,0,29,222,0.324,0.419,0.578,8,0.13063063063063063,0.16666666666666666,19,0.361
2023,2023-09-09,Kean Wong,0,28,109,0.315,0.422,0.5,4,0.14678899082568808,0.1743119266055046,3,0.362
2023,2023-09-09,Jack Larsen,0,28,103,0.313,0.466,0.338,0,0.21359223300970873,0.23300970873786409,1,0.446
2023,2023-09-09,Jarred Kelenic,0,23,43,0.306,0.395,0.472,1,0.13953488372093023,0.2558139534883721,1,0.4
2023,2023-09-09,Mike Ford,0,30,211,0.302,0.427,0.605,13,0.16113744075829384,0.14218009478672985,2,0.3
2023,2023-09-09,Zach DeLoach,0,24,623,0.286,0.387,0.481,23,0.1332263242375602,0.27768860353130015,8,0.38
2023,2023-09-09,César Hernández,0,33,164,0.272,0.436,0.336,0,0.22560975609756098,0.2073170731707317,7,0.37
2023,2023-09-09,Taylor Trammell,0,25,391,0.268,0.39,0.53,21,0.16112531969309463,0.2659846547314578,17,0.323
2023,2023-09-09,Robbie Tenerowicz,0,28,201,0.264,0.358,0.351,3,0.08955223880597014,0.1691542288557214,1,0.312
2023,2023-09-09,Cooper Hummel,0,28,455,0.262,0.409,0.435,8,0.18021978021978022,0.23296703296703297,26,0.348
2023,2023-09-09,Cade Marlowe,0,26,379,0.257,0.338,0.443,11,0.10290237467018469,0.2612137203166227,29,0.33
2023,2023-09-09,Colin Moran,0,30,158,0.257,0.361,0.397,5,0.12025316455696203,0.2088607594936709,0,0.306
2023,2023-09-09,Riley Unroe,0,27,179,0.257,0.399,0.444,5,0.18994413407821228,0.20670391061452514,8,0.314
2023,2023-09-09,Isiah Gilliam,0,26,101,0.253,0.386,0.41,3,0.1485148514851485,0.24752475247524752,3,0.327
2023,2023-09-09,Jake Scheiner,0,27,553,0.252,0.369,0.509,30,0.14647377938517178,0.2423146473779385,5,0.286
2023,2023-09-09,Ryan Bliss,0,23,226,0.251,0.356,0.466,10,0.12831858407079647,0.23008849557522124,20,0.29
2023,2023-09-09,Adam Engel,0,31,315,0.25,0.371,0.451,12,0.1492063492063492,0.30158730158730157,19,0.344
2023,2023-09-09,Pat Valaika,0,30,143,0.24,0.343,0.405,4,0.13286713286713286,0.2097902097902098,1,0.281
2023,2023-09-09,Brian O'Keefe,0,29,403,0.238,0.328,0.504,23,0.1141439205955335,0.2456575682382134,2,0.262
2023,2023-09-09,Mason McCoy,0,28,383,0.234,0.33,0.407,11,0.1174934725848564,0.2950391644908616,20,0.316
2023,2023-09-09,Pedro Severino,0,29,192,0.23,0.286,0.399,7,0.06770833333333333,0.234375,4,0.27
2023,2023-09-09,Delino DeShields,0,30,50,0.222,0.3,0.222,0,0.1,0.16,3,0.27
2023,2023-09-09,Dylan Moore,0,30,30,0.2,0.333,0.24,0,0.13333333333333333,0.3,1,0.313
2023,2023-09-09,Jacob Nottingham,0,28,68,0.2,0.294,0.45,4,0.10294117647058823,0.27941176470588236,0,0.216
2023,2023-09-09,Didi Gregorius,0,33,117,0.192,0.282,0.337,3,0.07692307692307693,0.1282051282051282,1,0.198
2023,2023-09-09,Mike Salvatore,0,26,26,0.13,0.231,0.174,0,0.11538461538461539,0.15384615384615385,0,0.158
2023,2023-09-09,Tanner Kirwer,0,27,30,0.115,0.2,0.115,0,0.1,0.26666666666666666,2,0.158
2023,2023-09-16,Mark Mathias,0,28,68,0.345,0.426,0.5,2,0.1323529411764706,0.19117647058823528,1,0.409
2023,2023-09-16,José Caballero,0,26,40,0.333,0.55,0.593,2,0.3,0.1,5,0.333
2023,2023-09-16,Sam Haggerty,0,29,222,0.324,0.419,0.578,8,0.13063063063063063,0.16666666666666666,19,0.361
2023,2023-09-16,Kean Wong,0,28,109,0.315,0.422,0.5,4,0.14678899082568808,0.1743119266055046,3,0.362
2023,2023-09-16,Jack Larsen,0,28,103,0.313,0.466,0.338,0,0.21359223300970873,0.23300970873786409,1,0.446
2023,2023-09-16,Jarred Kelenic,0,23,43,0.306,0.395,0.472,1,0.13953488372093023,0.2558139534883721,1,0.4
2023,2023-09-16,Mike Ford,0,30,211,0.302,0.427,0.605,13,0.16113744075829384,0.14218009478672985,2,0.3
2023,2023-09-16,Zach DeLoach,0,24,623,0.286,0.387,0.481,23,0.1332263242375602,0.27768860353130015,8,0.38
2023,2023-09-16,César Hernández,0,33,164,0.272,0.436,0.336,0,0.22560975609756098,0.2073170731707317,7,0.37
2023,2023-09-16,Taylor Trammell,0,25,391,0.268,0.39,0.53,21,0.16112531969309463,0.2659846547314578,17,0.323
2023,2023-09-16,Robbie Tenerowicz,0,28,201,0.264,0.358,0.351,3,0.08955223880597014,0.1691542288557214,1,0.312
2023,2023-09-16,Cooper Hummel,0,28,455,0.262,0.409,0.435,8,0.18021978021978022,0.23296703296703297,26,0.348
2023,2023-09-16,Cade Marlowe,0,26,379,0.257,0.338,0.443,11,0.10290237467018469,0.2612137203166227,29,0.33
2023,2023-09-16,Colin Moran,0,30,158,0.257,0.361,0.397,5,0.12025316455696203,0.2088607594936709,0,0.306
2023,2023-09-16,Riley Unroe,0,27,179,0.257,0.399,0.444,5,0.18994413407821228,0.20670391061452514,8,0.314
2023,2023-09-16,Isiah Gilliam,0,26,101,0.253,0.386,0.41,3,0.1485148514851485,0.24752475247524752,3,0.327
2023,2023-09-16,Jake Scheiner,0,27,553,0.252,0.369,0.509,30,0.14647377938517178,0.2423146473779385,5,0.286
2023,2023-09-16,Ryan Bliss,0,23,226,0.251,0.356,0.466,10,0.12831858407079647,0.23008849557522124,20,0.29
2023,2023-09-16,Adam Engel,0,31,315,0.25,0.371,0.451,12,0.1492063492063492,0.30158730158730157,19,0.344
2023,2023-09-16,Pat Valaika,0,30,143,0.24,0.343,0.405,4,0.13286713286713286,0.2097902097902098,1,0.281
2023,2023-09-16,Brian O'Keefe,0,29,403,0.238,0.328,0.504,23,0.1141439205955335,0.2456575682382134,2,0.262
2023,2023-09-16,Mason McCoy,0,28,383,0.234,0.33,0.407,11,0.1174934725848564,0.2950391644908616,20,0.316
2023,2023-09-16,Pedro Severino,0,29,192,0.23,0.286,0.399,7,0.06770833333333333,0.234375,4,0.27
2023,2023-09-16,Delino DeShields,0,30,50,0.222,0.3,0.222,0,0.1,0.16,3,0.27
2023,2023-09-16,Dylan Moore,0,30,30,0.2,0.333,0.24,0,0.13333333333333333,0.3,1,0.313
2023,2023-09-16,Jacob Nottingham,0,28,68,0.2,0.294,0.45,4,0.10294117647058823,0.27941176470588236,0,0.216
2023,2023-09-16,Didi Gregorius,0,33,117,0.192,0.282,0.337,3,0.07692307692307693,0.1282051282051282,1,0.198
2023,2023-09-16,Mike Salvatore,0,26,26,0.13,0.231,0.174,0,0.11538461538461539,0.15384615384615385,0,0.158
2023,2023-09-16,Tanner Kirwer,0,27,30,0.115,0.2,0.115,0,0.1,0.26666666666666666,2,0.158
2023,2023-09-23,Mark Mathias,0,28,68,0.345,0.426,0.5,2,0.1323529411764706,0.19117647058823528,1,0.409
2023,2023-09-23,José Caballero,0,26,40,0.333,0.55,0.593,2,0.3,0.1,5,0.333
2023,2023-09-23,Sam Haggerty,0,29,222,0.324,0.419,0.578,8,0.13063063063063063,0.16666666666666666,19,0.361
2023,2023-09-23,Kean Wong,0,28,109,0.315,0.422,0.5,4,0.14678899082568808,0.1743119266055046,3,0.362
2023,2023-09-23,Jack Larsen,0,28,103,0.313,0.466,0.338,0,0.21359223300970873,0.23300970873786409,1,0.446
2023,2023-09-23,Jarred Kelenic,0,23,43,0.306,0.395,0.472,1,0.13953488372093023,0.2558139534883721,1,0.4
2023,2023-09-23,Mike Ford,0,30,211,0.302,0.427,0.605,13,0.16113744075829384,0.14218009478672985,2,0.3
2023,2023-09-23,Zach DeLoach,0,24,623,0.286,0.387,0.481,23,0.1332263242375602,0.27768860353130015,8,0.38
2023,2023-09-23,César Hernández,0,33,164,0.272,0.436,0.336,0,0.22560975609756098,0.2073170731707317,7,0.37
2023,2023-09-23,Taylor Trammell,0,25,391,0.268,0.39,0.53,21,0.16112531969309463,0.2659846547314578,17,0.323
2023,2023-09-23,Robbie Tenerowicz,0,28,201,0.264,0.358,0.351,3,0.08955223880597014,0.1691542288557214,1,0.312
2023,2023-09-23,Cooper Hummel,0,28,455,0.262,0.409,0.435,8,0.18021978021978022,0.23296703296703297,26,0.348
2023,2023-09-23,Cade Marlowe,0,26,379,0.257,0.338,0.443,11,0.10290237467018469,0.2612137203166227,29,0.33
2023,2023-09-23,Colin Moran,0,30,158,0.257,0.361,0.397,5,0.12025316455696203,0.2088607594936709,0,0.306
2023,2023-09-23,Riley Unroe,0,27,179,0.257,0.399,0.444,5,0.18994413407821228,0.20670391061452514,8,0.314
2023,2023-09-23,Isiah Gilliam,0,26,101,0.253,0.386,0.41,3,0.1485148514851485,0.24752475247524752,3,0.327
2023,2023-09-23,Jake Scheiner,0,27,553,0.252,0.369,0.509,30,0.14647377938517178,0.2423146473779385,5,0.286
2023,2023-09-23,Ryan Bliss,0,23,226,0.251,0.356,0.466,10,0.12831858407079647,0.23008849557522124,20,0.29
2023,2023-09-23,Adam Engel,0,31,315,0.25,0.371,0.451,12,0.1492063492063492,0.30158730158730157,19,0.344
2023,2023-09-23,Pat Valaika,0,30,143,0.24,0.343,0.405,4,0.13286713286713286,0.2097902097902098,1,0.281
2023,2023-09-23,Brian O'Keefe,0,29,403,0.238,0.328,0.504,23,0.1141439205955335,0.2456575682382134,2,0.262
2023,2023-09-23,Mason McCoy,0,28,383,0.234,0.33,0.407,11,0.1174934725848564,0.2950391644908616,20,0.316
2023,2023-09-23,Pedro Severino,0,29,192,0.23,0.286,0.399,7,0.06770833333333333,0.234375,4,0.27
2023,2023-09-23,Delino DeShields,0,30,50,0.222,0.3,0.222,0,0.1,0.16,3,0.27
2023,2023-09-23,Dylan Moore,0,30,30,0.2,0.333,0.24,0,0.13333333333333333,0.3,1,0.313
2023,2023-09-23,Jacob Nottingham,0,28,68,0.2,0.294,0.45,4,0.10294117647058823,0.27941176470588236,0,0.216
2023,2023-09-23,Didi Gregorius,0,33,117,0.192,0.282,0.337,3,0.07692307692307693,0.1282051282051282,1,0.198
2023,2023-09-23,Mike Salvatore,0,26,26,0.13,0.231,0.174,0,0.11538461538461539,0.15384615384615385,0,0.158
2023,2023-09-23,Tanner Kirwer,0,27,30,0.115,0.2,0.115,0,0.1,0.26666666666666666,2,0.158
2023,2023-09-30,Mark Mathias,0,28,68,0.345,0.426,0.5,2,0.1323529411764706,0.19117647058823528,1,0.409
2023,2023-09-30,José Caballero,0,26,40,0.333,0.55,0.593,2,0.3,0.1,5,0.333
2023,2023-09-30,Sam Haggerty,0,29,222,0.324,0.419,0.578,8,0.13063063063063063,0.16666666666666666,19,0.361
2023,2023-09-30,Kean Wong,0,28,109,0.315,0.422,0.5,4,0.14678899082568808,0.1743119266055046,3,0.362
2023,2023-09-30,Jack Larsen,0,28,103,0.313,0.466,0.338,0,0.21359223300970873,0.23300970873786409,1,0.446
2023,2023-09-30,Jarred Kelenic,0,23,43,0.306,0.395,0.472,1,0.13953488372093023,0.2558139534883721,1,0.4
2023,2023-09-30,Mike Ford,0,30,211,0.302,0.427,0.605,13,0.16113744075829384,0.14218009478672985,2,0.3
2023,2023-09-30,Zach DeLoach,0,24,623,0.286,0.387,0.481,23,0.1332263242375602,0.27768860353130015,8,0.38
2023,2023-09-30,César Hernández,0,33,164,0.272,0.436,0.336,0,0.22560975609756098,0.2073170731707317,7,0.37
2023,2023-09-30,Taylor Trammell,1,25,391,0.268,0.39,0.53,21,0.16112531969309463,0.2659846547314578,17,0.323
2023,2023-09-30,Robbie Tenerowicz,0,28,201,0.264,0.358,0.351,3,0.08955223880597014,0.1691542288557214,1,0.312
2023,2023-09-30,Cooper Hummel,1,28,455,0.262,0.409,0.435,8,0.18021978021978022,0.23296703296703297,26,0.348
2023,2023-09-30,Cade Marlowe,1,26,379,0.257,0.338,0.443,11,0.10290237467018469,0.2612137203166227,29,0.33
2023,2023-09-30,Colin Moran,0,30,158,0.257,0.361,0.397,5,0.12025316455696203,0.2088607594936709,0,0.306
2023,2023-09-30,Riley Unroe,0,27,179,0.257,0.399,0.444,5,0.18994413407821228,0.20670391061452514,8,0.314
2023,2023-09-30,Isiah Gilliam,0,26,101,0.253,0.386,0.41,3,0.1485148514851485,0.24752475247524752,3,0.327
2023,2023-09-30,Jake Scheiner,0,27,553,0.252,0.369,0.509,30,0.14647377938517178,0.2423146473779385,5,0.286
2023,2023-09-30,Ryan Bliss,0,23,226,0.251,0.356,0.466,10,0.12831858407079647,0.23008849557522124,20,0.29
2023,2023-09-30,Adam Engel,0,31,315,0.25,0.371,0.451,12,0.1492063492063492,0.30158730158730157,19,0.344
2023,2023-09-30,Pat Valaika,0,30,143,0.24,0.343,0.405,4,0.13286713286713286,0.2097902097902098,1,0.281
2023,2023-09-30,Brian O'Keefe,1,29,403,0.238,0.328,0.504,23,0.1141439205955335,0.2456575682382134,2,0.262
2023,2023-09-30,Mason McCoy,0,28,383,0.234,0.33,0.407,11,0.1174934725848564,0.2950391644908616,20,0.316
2023,2023-09-30,Pedro Severino,0,29,192,0.23,0.286,0.399,7,0.06770833333333333,0.234375,4,0.27
2023,2023-09-30,Delino DeShields,0,30,50,0.222,0.3,0.222,0,0.1,0.16,3,0.27
2023,2023-09-30,Dylan Moore,0,30,30,0.2,0.333,0.24,0,0.13333333333333333,0.3,1,0.313
2023,2023-09-30,Jacob Nottingham,0,28,68,0.2,0.294,0.45,4,0.10294117647058823,0.27941176470588236,0,0.216
2023,2023-09-30,Didi Gregorius,0,33,117,0.192,0.282,0.337,3,0.07692307692307693,0.1282051282051282,1,0.198
2023,2023-09-30,Mike Salvatore,0,26,26,0.13,0.231,0.174,0,0.11538461538461539,0.15384615384615385,0,0.158
2023,2023-09-30,Tanner Kirwer,0,27,30,0.115,0.2,0.115,0,0.1,0.26666666666666666,2,0.158
2024,2024-04-01,Kobe Kato,0,25,69,0.356,0.435,0.492,0,0.11594202898550725,0.21739130434782608,6,0.467
2024,2024-04-01,Rhylan Thomas,0,24,196,0.322,0.365,0.373,1,0.0663265306122449,0.061224489795918366,10,0.337
2024,2024-04-01,Nick Solak,0,29,347,0.311,0.406,0.446,9,0.11815561959654179,0.15273775216138327,10,0.352
2024,2024-04-01,Sam Haggerty,0,30,81,0.31,0.388,0.338,0,0.09876543209876543,0.2345679012345679,7,0.423
2024,2024-04-01,Jason Vosler,0,30,524,0.303,0.371,0.573,31,0.08778625954198473,0.21564885496183206,4,0.337
2024,2024-04-01,Leo Rivas,0,26,266,0.296,0.441,0.424,4,0.20676691729323307,0.19172932330827067,24,0.368
2024,2024-04-01,Blake Hunt,0,25,86,0.293,0.372,0.533,4,0.06976744186046512,0.11627906976744186,0,0.29
2024,2024-04-01,Michael Chavis,0,28,191,0.29,0.366,0.485,7,0.08376963350785341,0.18848167539267016,1,0.331
2024,2024-04-01,Dominic Canzone,0,26,130,0.287,0.354,0.513,7,0.09230769230769231,0.18461538461538463,2,0.302
2024,2024-04-01,Spencer Packard,0,26,176,0.279,0.358,0.416,2,0.10795454545454546,0.14772727272727273,0,0.32
2024,2024-04-01,Jake Slaughter,0,27,368,0.276,0.345,0.43,10,0.07880434782608696,0.266304347826087,11,0.362
2024,2024-04-01,Jonatan Clase,0,22,280,0.274,0.373,0.483,10,0.14285714285714285,0.2571428571428571,26,0.344
2024,2024-04-01,Brian Anderson,0,31,176,0.27,0.358,0.439,6,0.11363636363636363,0.2215909090909091,0,0.315
2024,2024-04-01,Ryan Bliss,0,24,433,0.269,0.377,0.456,12,0.14087759815242495,0.22401847575057737,50,0.331
2024,2024-04-01,Samad Taylor,1,25,599,0.262,0.352,0.38,11,0.11352253756260434,0.2604340567612688,50,0.352
2024,2024-04-01,Luis Urías,0,27,350,0.26,0.378,0.413,10,0.13714285714285715,0.16285714285714287,8,0.289
2024,2024-04-01,Tyler Locklear,0,23,318,0.26,0.371,0.43,8,0.12264150943396226,0.2389937106918239,5,0.33
2024,2024-04-01,Michael Papierski,0,28,336,0.242,0.358,0.372,6,0.14583333333333334,0.19940476190476192,1,0.292
2024,2024-04-01,Cade Marlowe,0,27,411,0.235,0.341,0.395,13,0.13381995133819952,0.3236009732360097,43,0.332
2024,2024-04-01,Isiah Gilliam,0,27,139,0.222,0.396,0.435,4,0.22302158273381295,0.31654676258992803,6,0.333
2024,2024-04-01,Duke Ellis,0,26,117,0.212,0.291,0.385,4,0.09401709401709402,0.2564102564102564,17,0.254
2024,2024-04-01,Logan Warmoth,0,28,67,0.2,0.308,0.273,1,0.11940298507462686,0.26865671641791045,3,0.27
2024,2024-04-01,Seby Zavala,0,30,123,0.188,0.325,0.376,4,0.13008130081300814,0.34959349593495936,0,0.273
2024,2024-04-01,Michael Pérez,0,31,60,0.176,0.3,0.392,3,0.13333333333333333,0.25,0,0.182
2024,2024-04-08,Kobe Kato,0,25,69,0.356,0.435,0.492,0,0.11594202898550725,0.21739130434782608,6,0.467
2024,2024-04-08,Rhylan Thomas,0,24,196,0.322,0.365,0.373,1,0.0663265306122449,0.061224489795918366,10,0.337
2024,2024-04-08,Nick Solak,0,29,347,0.311,0.406,0.446,9,0.11815561959654179,0.15273775216138327,10,0.352
2024,2024-04-08,Sam Haggerty,0,30,81,0.31,0.388,0.338,0,0.09876543209876543,0.2345679012345679,7,0.423
2024,2024-04-08,Jason Vosler,0,30,524,0.303,0.371,0.573,31,0.08778625954198473,0.21564885496183206,4,0.337
2024,2024-04-08,Leo Rivas,0,26,266,0.296,0.441,0.424,4,0.20676691729323307,0.19172932330827067,24,0.368
2024,2024-04-08,Blake Hunt,0,25,86,0.293,0.372,0.533,4,0.06976744186046512,0.11627906976744186,0,0.29
2024,2024-04-08,Michael Chavis,0,28,191,0.29,0.366,0.485,7,0.08376963350785341,0.18848167539267016,1,0.331
2024,2024-04-08,Dominic Canzone,0,26,130,0.287,0.354,0.513,7,0.09230769230769231,0.18461538461538463,2,0.302
2024,2024-04-08,Spencer Packard,0,26,176,0.279,0.358,0.416,2,0.10795454545454546,0.14772727272727273,0,0.32
2024,2024-04-08,Jake Slaughter,0,27,368,0.276,0.345,0.43,10,0.07880434782608696,0.266304347826087,11,0.362
2024,2024-04-08,Jonatan Clase,1,22,280,0.274,0.373,0.483,10,0.14285714285714285,0.2571428571428571,26,0.344
2024,2024-04-08,Brian Anderson,0,31,176,0.27,0.358,0.439,6,0.11363636363636363,0.2215909090909091,0,0.315
2024,2024-04-08,Ryan Bliss,0,24,433,0.269,0.377,0.456,12,0.14087759815242495,0.22401847575057737,50,0.331
2024,2024-04-08,Samad Taylor,0,25,599,0.262,0.352,0.38,11,0.11352253756260434,0.2604340567612688,50,0.352
2024,2024-04-08,Luis Urías,0,27,350,0.26,0.378,0.413,10,0.13714285714285715,0.16285714285714287,8,0.289
2024,2024-04-08,Tyler Locklear,0,23,318,0.26,0.371,0.43,8,0.12264150943396226,0.2389937106918239,5,0.33
2024,2024-04-08,Michael Papierski,0,28,336,0.242,0.358,0.372,6,0.14583333333333334,0.19940476190476192,1,0.292
2024,2024-04-08,Cade Marlowe,0,27,411,0.235,0.341,0.395,13,0.13381995133819952,0.3236009732360097,43,0.332
2024,2024-04-08,Isiah Gilliam,0,27,139,0.222,0.396,0.435,4,0.22302158273381295,0.31654676258992803,6,0.333
2024,2024-04-08,Duke Ellis,0,26,117,0.212,0.291,0.385,4,0.09401709401709402,0.2564102564102564,17,0.254
2024,2024-04-08,Logan Warmoth,0,28,67,0.2,0.308,0.273,1,0.11940298507462686,0.26865671641791045,3,0.27
2024,2024-04-08,Seby Zavala,0,30,123,0.188,0.325,0.376,4,0.13008130081300814,0.34959349593495936,0,0.273
2024,2024-04-08,Michael Pérez,0,31,60,0.176,0.3,0.392,3,0.13333333333333333,0.25,0,0.182
2024,2024-04-15,Kobe Kato,0,25,69,0.356,0.435,0.492,0,0.11594202898550725,0.21739130434782608,6,0.467
2024,2024-04-15,Rhylan Thomas,0,24,196,0.322,0.365,0.373,1,0.0663265306122449,0.061224489795918366,10,0.337
2024,2024-04-15,Nick Solak,0,29,347,0.311,0.406,0.446,9,0.11815561959654179,0.15273775216138327,10,0.352
2024,2024-04-15,Sam Haggerty,0,30,81,0.31,0.388,0.338,0,0.09876543209876543,0.2345679012345679,7,0.423
2024,2024-04-15,Jason Vosler,0,30,524,0.303,0.371,0.573,31,0.08778625954198473,0.21564885496183206,4,0.337
2024,2024-04-15,Leo Rivas,0,26,266,0.296,0.441,0.424,4,0.20676691729323307,0.19172932330827067,24,0.368
2024,2024-04-15,Blake Hunt,0,25,86,0.293,0.372,0.533,4,0.06976744186046512,0.11627906976744186,0,0.29
2024,2024-04-15,Michael Chavis,0,28,191,0.29,0.366,0.485,7,0.08376963350785341,0.18848167539267016,1,0.331
2024,2024-04-15,Dominic Canzone,0,26,130,0.287,0.354,0.513,7,0.09230769230769231,0.18461538461538463,2,0.302
2024,2024-04-15,Spencer Packard,0,26,176,0.279,0.358,0.416,2,0.10795454545454546,0.14772727272727273,0,0.32
2024,2024-04-15,Jake Slaughter,0,27,368,0.276,0.345,0.43,10,0.07880434782608696,0.266304347826087,11,0.362
2024,2024-04-15,Jonatan Clase,0,22,280,0.274,0.373,0.483,10,0.14285714285714285,0.2571428571428571,26,0.344
2024,2024-04-15,Brian Anderson,0,31,176,0.27,0.358,0.439,6,0.11363636363636363,0.2215909090909091,0,0.315
2024,2024-04-15,Ryan Bliss,0,24,433,0.269,0.377,0.456,12,0.14087759815242495,0.22401847575057737,50,0.331
2024,2024-04-15,Samad Taylor,0,25,599,0.262,0.352,0.38,11,0.11352253756260434,0.2604340567612688,50,0.352
2024,2024-04-15,Luis Urías,0,27,350,0.26,0.378,0.413,10,0.13714285714285715,0.16285714285714287,8,0.289
2024,2024-04-15,Tyler Locklear,0,23,318,0.26,0.371,0.43,8,0.12264150943396226,0.2389937106918239,5,0.33
2024,2024-04-15,Michael Papierski,0,28,336,0.242,0.358,0.372,6,0.14583333333333334,0.19940476190476192,1,0.292
2024,2024-04-15,Cade Marlowe,0,27,411,0.235,0.341,0.395,13,0.13381995133819952,0.3236009732360097,43,0.332
2024,2024-04-15,Isiah Gilliam,0,27,139,0.222,0.396,0.435,4,0.22302158273381295,0.31654676258992803,6,0.333
2024,2024-04-15,Duke Ellis,0,26,117,0.212,0.291,0.385,4,0.09401709401709402,0.2564102564102564,17,0.254
2024,2024-04-15,Logan Warmoth,0,28,67,0.2,0.308,0.273,1,0.11940298507462686,0.26865671641791045,3,0.27
2024,2024-04-15,Seby Zavala,0,30,123,0.188,0.325,0.376,4,0.13008130081300814,0.34959349593495936,0,0.273
2024,2024-04-15,Michael Pérez,0,31,60,0.176,0.3,0.392,3,0.13333333333333333,0.25,0,0.182
2024,2024-04-22,Kobe Kato,0,25,69,0.356,0.435,0.492,0,0.11594202898550725,0.21739130434782608,6,0.467
2024,2024-04-22,Rhylan Thomas,0,24,196,0.322,0.365,0.373,1,0.0663265306122449,0.061224489795918366,10,0.337
2024,2024-04-22,Nick Solak,0,29,347,0.311,0.406,0.446,9,0.11815561959654179,0.15273775216138327,10,0.352
2024,2024-04-22,Sam Haggerty,1,30,81,0.31,0.388,0.338,0,0.09876543209876543,0.2345679012345679,7,0.423
2024,2024-04-22,Jason Vosler,0,30,524,0.303,0.371,0.573,31,0.08778625954198473,0.21564885496183206,4,0.337
2024,2024-04-22,Leo Rivas,1,26,266,0.296,0.441,0.424,4,0.20676691729323307,0.19172932330827067,24,0.368
2024,2024-04-22,Blake Hunt,0,25,86,0.293,0.372,0.533,4,0.06976744186046512,0.11627906976744186,0,0.29
2024,2024-04-22,Michael Chavis,0,28,191,0.29,0.366,0.485,7,0.08376963350785341,0.18848167539267016,1,0.331
2024,2024-04-22,Dominic Canzone,0,26,130,0.287,0.354,0.513,7,0.09230769230769231,0.18461538461538463,2,0.302
2024,2024-04-22,Spencer Packard,0,26,176,0.279,0.358,0.416,2,0.10795454545454546,0.14772727272727273,0,0.32
2024,2024-04-22,Jake Slaughter,0,27,368,0.276,0.345,0.43,10,0.07880434782608696,0.266304347826087,11,0.362
2024,2024-04-22,Jonatan Clase,0,22,280,0.274,0.373,0.483,10,0.14285714285714285,0.2571428571428571,26,0.344
2024,2024-04-22,Brian Anderson,0,31,176,0.27,0.358,0.439,6,0.11363636363636363,0.2215909090909091,0,0.315
2024,2024-04-22,Ryan Bliss,0,24,433,0.269,0.377,0.456,12,0.14087759815242495,0.22401847575057737,50,0.331
2024,2024-04-22,Samad Taylor,0,25,599,0.262,0.352,0.38,11,0.11352253756260434,0.2604340567612688,50,0.352
2024,2024-04-22,Luis Urías,0,27,350,0.26,0.378,0.413,10,0.13714285714285715,0.16285714285714287,8,0.289
2024,2024-04-22,Tyler Locklear,0,23,318,0.26,0.371,0.43,8,0.12264150943396226,0.2389937106918239,5,0.33
2024,2024-04-22,Michael Papierski,0,28,336,0.242,0.358,0.372,6,0.14583333333333334,0.19940476190476192,1,0.292
2024,2024-04-22,Cade Marlowe,0,27,411,0.235,0.341,0.395,13,0.13381995133819952,0.3236009732360097,43,0.332
2024,2024-04-22,Isiah Gilliam,0,27,139,0.222,0.396,0.435,4,0.22302158273381295,0.31654676258992803,6,0.333
2024,2024-04-22,Duke Ellis,0,26,117,0.212,0.291,0.385,4,0.09401709401709402,0.2564102564102564,17,0.254
2024,2024-04-22,Logan Warmoth,0,28,67,0.2,0.308,0.273,1,0.11940298507462686,0.26865671641791045,3,0.27
2024,2024-04-22,Seby Zavala,0,30,123,0.188,0.325,0.376,4,0.13008130081300814,0.34959349593495936,0,0.273
2024,2024-04-22,Michael Pérez,0,31,60,0.176,0.3,0.392,3,0.13333333333333333,0.25,0,0.182
2024,2024-04-29,Kobe Kato,0,25,69,0.356,0.435,0.492,0,0.11594202898550725,0.21739130434782608,6,0.467
2024,2024-04-29,Rhylan Thomas,0,24,196,0.322,0.365,0.373,1,0.0663265306122449,0.061224489795918366,10,0.337
2024,2024-04-29,Nick Solak,0,29,347,0.311,0.406,0.446,9,0.11815561959654179,0.15273775216138327,10,0.352
2024,2024-04-29,Sam Haggerty,0,30,81,0.31,0.388,0.338,0,0.09876543209876543,0.2345679012345679,7,0.423
2024,2024-04-29,Jason Vosler,0,30,524,0.303,0.371,0.573,31,0.08778625954198473,0.21564885496183206,4,0.337
2024,2024-04-29,Leo Rivas,0,26,266,0.296,0.441,0.424,4,0.20676691729323307,0.19172932330827067,24,0.368
2024,2024-04-29,Blake Hunt,0,25,86,0.293,0.372,0.533,4,0.06976744186046512,0.11627906976744186,0,0.29
2024,2024-04-29,Michael Chavis,0,28,191,0.29,0.366,0.485,7,0.08376963350785341,0.18848167539267016,1,0.331
2024,2024-04-29,Dominic Canzone,0,26,130,0.287,0.354,0.513,7,0.09230769230769231,0.18461538461538463,2,0.302
2024,2024-04-29,Spencer Packard,0,26,176,0.279,0.358,0.416,2,0.10795454545454546,0.14772727272727273,0,0.32
2024,2024-04-29,Jake Slaughter,0,27,368,0.276,0.345,0.43,10,0.07880434782608696,0.266304347826087,11,0.362
2024,2024-04-29,Jonatan Clase,0,22,280,0.274,0.373,0.483,10,0.14285714285714285,0.2571428571428571,26,0.344
2024,2024-04-29,Brian Anderson,0,31,176,0.27,0.358,0.439,6,0.11363636363636363,0.2215909090909091,0,0.315
2024,2024-04-29,Ryan Bliss,0,24,433,0.269,0.377,0.456,12,0.14087759815242495,0.22401847575057737,50,0.331
2024,2024-04-29,Samad Taylor,0,25,599,0.262,0.352,0.38,11,0.11352253756260434,0.2604340567612688,50,0.352
2024,2024-04-29,Luis Urías,0,27,350,0.26,0.378,0.413,10,0.13714285714285715,0.16285714285714287,8,0.289
2024,2024-04-29,Tyler Locklear,0,23,318,0.26,0.371,0.43,8,0.12264150943396226,0.2389937106918239,5,0.33
2024,2024-04-29,Michael Papierski,0,28,336,0.242,0.358,0.372,6,0.14583333333333334,0.19940476190476192,1,0.292
2024,2024-04-29,Cade Marlowe,0,27,411,0.235,0.341,0.395,13,0.13381995133819952,0.3236009732360097,43,0.332
2024,2024-04-29,Isiah Gilliam,0,27,139,0.222,0.396,0.435,4,0.22302158273381295,0.31654676258992803,6,0.333
2024,2024-04-29,Duke Ellis,0,26,117,0.212,0.291,0.385,4,0.09401709401709402,0.2564102564102564,17,0.254
2024,2024-04-29,Logan Warmoth,0,28,67,0.2,0.308,0.273,1,0.11940298507462686,0.26865671641791045,3,0.27
2024,2024-04-29,Seby Zavala,0,30,123,0.188,0.325,0.376,4,0.13008130081300814,0.34959349593495936,0,0.273
2024,2024-04-29,Michael Pérez,0,31,60,0.176,0.3,0.392,3,0.13333333333333333,0.25,0,0.182
2024,2024-05-06,Kobe Kato,0,25,69,0.356,0.435,0.492,0,0.11594202898550725,0.21739130434782608,6,0.467
2024,2024-05-06,Rhylan Thomas,0,24,196,0.322,0.365,0.373,1,0.0663265306122449,0.061224489795918366,10,0.337
2024,2024-05-06,Nick Solak,0,29,347,0.311,0.406,0.446,9,0.11815561959654179,0.15273775216138327,10,0.352
2024,2024-05-06,Sam Haggerty,0,30,81,0.31,0.388,0.338,0,0.09876543209876543,0.2345679012345679,7,0.423
2024,2024-05-06,Jason Vosler,0,30,524,0.303,0.371,0.573,31,0.08778625954198473,0.21564885496183206,4,0.337
2024,2024-05-06,Leo Rivas,0,26,266,0.296,0.441,0.424,4,0.20676691729323307,0.19172932330827067,24,0.368
2024,2024-05-06,Blake Hunt,0,25,86,0.293,0.372,0.533,4,0.06976744186046512,0.11627906976744186,0,0.29
2024,2024-05-06,Michael Chavis,0,28,191,0.29,0.366,0.485,7,0.08376963350785341,0.18848167539267016,1,0.331
2024,2024-05-06,Dominic Canzone,0,26,130,0.287,0.354,0.513,7,0.09230769230769231,0.18461538461538463,2,0.302
2024,2024-05-06,Spencer Packard,0,26,176,0.279,0.358,0.416,2,0.10795454545454546,0.14772727272727273,0,0.32
2024,2024-05-06,Jake Slaughter,0,27,368,0.276,0.345,0.43,10,0.07880434782608696,0.266304347826087,11,0.362
2024,2024-05-06,Jonatan Clase,0,22,280,0.274,0.373,0.483,10,0.14285714285714285,0.2571428571428571,26,0.344
2024,2024-05-06,Brian Anderson,0,31,176,0.27,0.358,0.439,6,0.11363636363636363,0.2215909090909091,0,0.315
2024,2024-05-06,Ryan Bliss,0,24,433,0.269,0.377,0.456,12,0.14087759815242495,0.22401847575057737,50,0.331
2024,2024-05-06,Samad Taylor,0,25,599,0.262,0.352,0.38,11,0.11352253756260434,0.2604340567612688,50,0.352
2024,2024-05-06,Luis Urías,0,27,350,0.26,0.378,0.413,10,0.13714285714285715,0.16285714285714287,8,0.289
2024,2024-05-06,Tyler Locklear,0,23,318,0.26,0.371,0.43,8,0.12264150943396226,0.2389937106918239,5,0.33
2024,2024-05-06,Michael Papierski,0,28,336,0.242,0.358,0.372,6,0.14583333333333334,0.19940476190476192,1,0.292
2024,2024-05-06,Cade Marlowe,0,27,411,0.235,0.341,0.395,13,0.13381995133819952,0.3236009732360097,43,0.332
2024,2024-05-06,Isiah Gilliam,0,27,139,0.222,0.396,0.435,4,0.22302158273381295,0.31654676258992803,6,0.333
2024,2024-05-06,Duke Ellis,0,26,117,0.212,0.291,0.385,4,0.09401709401709402,0.2564102564102564,17,0.254
2024,2024-05-06,Logan Warmoth,0,28,67,0.2,0.308,0.273,1,0.11940298507462686,0.26865671641791045,3,0.27
2024,2024-05-06,Seby Zavala,0,30,123,0.188,0.325,0.376,4,0.13008130081300814,0.34959349593495936,0,0.273
2024,2024-05-06,Michael Pérez,0,31,60,0.176,0.3,0.392,3,0.13333333333333333,0.25,0,0.182
2024,2024-05-13,Kobe Kato,0,25,69,0.356,0.435,0.492,0,0.11594202898550725,0.21739130434782608,6,0.467
2024,2024-05-13,Rhylan Thomas,0,24,196,0.322,0.365,0.373,1,0.0663265306122449,0.061224489795918366,10,0.337
2024,2024-05-13,Nick Solak,0,29,347,0.311,0.406,0.446,9,0.11815561959654179,0.15273775216138327,10,0.352
2024,2024-05-13,Sam Haggerty,0,30,81,0.31,0.388,0.338,0,0.09876543209876543,0.2345679012345679,7,0.423
2024,2024-05-13,Jason Vosler,0,30,524,0.303,0.371,0.573,31,0.08778625954198473,0.21564885496183206,4,0.337
2024,2024-05-13,Leo Rivas,0,26,266,0.296,0.441,0.424,4,0.20676691729323307,0.19172932330827067,24,0.368
2024,2024-05-13,Blake Hunt,0,25,86,0.293,0.372,0.533,4,0.06976744186046512,0.11627906976744186,0,0.29
2024,2024-05-13,Michael Chavis,0,28,191,0.29,0.366,0.485,7,0.08376963350785341,0.18848167539267016,1,0.331
2024,2024-05-13,Dominic Canzone,0,26,130,0.287,0.354,0.513,7,0.09230769230769231,0.18461538461538463,2,0.302
2024,2024-05-13,Spencer Packard,0,26,176,0.279,0.358,0.416,2,0.10795454545454546,0.14772727272727273,0,0.32
2024,2024-05-13,Jake Slaughter,0,27,368,0.276,0.345,0.43,10,0.07880434782608696,0.266304347826087,11,0.362
2024,2024-05-13,Jonatan Clase,0,22,280,0.274,0.373,0.483,10,0.14285714285714285,0.2571428571428571,26,0.344
2024,2024-05-13,Brian Anderson,0,31,176,0.27,0.358,0.439,6,0.11363636363636363,0.2215909090909091,0,0.315
2024,2024-05-13,Ryan Bliss,0,24,433,0.269,0.377,0.456,12,0.14087759815242495,0.22401847575057737,50,0.331
2024,2024-05-13,Samad Taylor,0,25,599,0.262,0.352,0.38,11,0.11352253756260434,0.2604340567612688,50,0.352
2024,2024-05-13,Luis Urías,0,27,350,0.26,0.378,0.413,10,0.13714285714285715,0.16285714285714287,8,0.289
2024,2024-05-13,Tyler Locklear,0,23,318,0.26,0.371,0.43,8,0.12264150943396226,0.2389937106918239,5,0.33
2024,2024-05-13,Michael Papierski,0,28,336,0.242,0.358,0.372,6,0.14583333333333334,0.19940476190476192,1,0.292
2024,2024-05-13,Cade Marlowe,0,27,411,0.235,0.341,0.395,13,0.13381995133819952,0.3236009732360097,43,0.332
2024,2024-05-13,Isiah Gilliam,0,27,139,0.222,0.396,0.435,4,0.22302158273381295,0.31654676258992803,6,0.333
2024,2024-05-13,Duke Ellis,0,26,117,0.212,0.291,0.385,4,0.09401709401709402,0.2564102564102564,17,0.254
2024,2024-05-13,Logan Warmoth,0,28,67,0.2,0.308,0.273,1,0.11940298507462686,0.26865671641791045,3,0.27
2024,2024-05-13,Seby Zavala,0,30,123,0.188,0.325,0.376,4,0.13008130081300814,0.34959349593495936,0,0.273
2024,2024-05-13,Michael Pérez,0,31,60,0.176,0.3,0.392,3,0.13333333333333333,0.25,0,0.182
2024,2024-05-20,Kobe Kato,0,25,69,0.356,0.435,0.492,0,0.11594202898550725,0.21739130434782608,6,0.467
2024,2024-05-20,Rhylan Thomas,0,24,196,0.322,0.365,0.373,1,0.0663265306122449,0.061224489795918366,10,0.337
2024,2024-05-20,Nick Solak,0,29,347,0.311,0.406,0.446,9,0.11815561959654179,0.15273775216138327,10,0.352
2024,2024-05-20,Sam Haggerty,1,30,81,0.31,0.388,0.338,0,0.09876543209876543,0.2345679012345679,7,0.423
2024,2024-05-20,Jason Vosler,0,30,524,0.303,0.371,0.573,31,0.08778625954198473,0.21564885496183206,4,0.337
2024,2024-05-20,Leo Rivas,0,26,266,0.296,0.441,0.424,4,0.20676691729323307,0.19172932330827067,24,0.368
2024,2024-05-20,Blake Hunt,0,25,86,0.293,0.372,0.533,4,0.06976744186046512,0.11627906976744186,0,0.29
2024,2024-05-20,Michael Chavis,0,28,191,0.29,0.366,0.485,7,0.08376963350785341,0.18848167539267016,1,0.331
2024,2024-05-20,Dominic Canzone,0,26,130,0.287,0.354,0.513,7,0.09230769230769231,0.18461538461538463,2,0.302
2024,2024-05-20,Spencer Packard,0,26,176,0.279,0.358,0.416,2,0.10795454545454546,0.14772727272727273,0,0.32
2024,2024-05-20,Jake Slaughter,0,27,368,0.276,0.345,0.43,10,0.07880434782608696,0.266304347826087,11,0.362
2024,2024-05-20,Jonatan Clase,1,22,280,0.274,0.373,0.483,10,0.14285714285714285,0.2571428571428571,26,0.344
2024,2024-05-20,Brian Anderson,0,31,176,0.27,0.358,0.439,6,0.11363636363636363,0.2215909090909091,0,0.315
2024,2024-05-20,Ryan Bliss,1,24,433,0.269,0.377,0.456,12,0.14087759815242495,0.22401847575057737,50,0.331
2024,2024-05-20,Samad Taylor,0,25,599,0.262,0.352,0.38,11,0.11352253756260434,0.2604340567612688,50,0.352
2024,2024-05-20,Luis Urías,0,27,350,0.26,0.378,0.413,10,0.13714285714285715,0.16285714285714287,8,0.289
2024,2024-05-20,Tyler Locklear,0,23,318,0.26,0.371,0.43,8,0.12264150943396226,0.2389937106918239,5,0.33
2024,2024-05-20,Michael Papierski,0,28,336,0.242,0.358,0.372,6,0.14583333333333334,0.19940476190476192,1,0.292
2024,2024-05-20,Cade Marlowe,0,27,411,0.235,0.341,0.395,13,0.13381995133819952,0.3236009732360097,43,0.332
2024,2024-05-20,Isiah Gilliam,0,27,139,0.222,0.396,0.435,4,0.22302158273381295,0.31654676258992803,6,0.333
2024,2024-05-20,Duke Ellis,0,26,117,0.212,0.291,0.385,4,0.09401709401709402,0.2564102564102564,17,0.254
2024,2024-05-20,Logan Warmoth,0,28,67,0.2,0.308,0.273,1,0.11940298507462686,0.26865671641791045,3,0.27
2024,2024-05-20,Seby Zavala,0,30,123,0.188,0.325,0.376,4,0.13008130081300814,0.34959349593495936,0,0.273
2024,2024-05-20,Michael Pérez,0,31,60,0.176,0.3,0.392,3,0.13333333333333333,0.25,0,0.182
2024,2024-05-27,Kobe Kato,0,25,69,0.356,0.435,0.492,0,0.11594202898550725,0.21739130434782608,6,0.467
2024,2024-05-27,Rhylan Thomas,0,24,196,0.322,0.365,0.373,1,0.0663265306122449,0.061224489795918366,10,0.337
2024,2024-05-27,Nick Solak,0,29,347,0.311,0.406,0.446,9,0.11815561959654179,0.15273775216138327,10,0.352
2024,2024-05-27,Sam Haggerty,0,30,81,0.31,0.388,0.338,0,0.09876543209876543,0.2345679012345679,7,0.423
2024,2024-05-27,Jason Vosler,0,30,524,0.303,0.371,0.573,31,0.08778625954198473,0.21564885496183206,4,0.337
2024,2024-05-27,Leo Rivas,0,26,266,0.296,0.441,0.424,4,0.20676691729323307,0.19172932330827067,24,0.368
2024,2024-05-27,Blake Hunt,0,25,86,0.293,0.372,0.533,4,0.06976744186046512,0.11627906976744186,0,0.29
2024,2024-05-27,Michael Chavis,0,28,191,0.29,0.366,0.485,7,0.08376963350785341,0.18848167539267016,1,0.331
2024,2024-05-27,Dominic Canzone,0,26,130,0.287,0.354,0.513,7,0.09230769230769231,0.18461538461538463,2,0.302
2024,2024-05-27,Spencer Packard,0,26,176,0.279,0.358,0.416,2,0.10795454545454546,0.14772727272727273,0,0.32
2024,2024-05-27,Jake Slaughter,0,27,368,0.276,0.345,0.43,10,0.07880434782608696,0.266304347826087,11,0.362
2024,2024-05-27,Jonatan Clase,0,22,280,0.274,0.373,0.483,10,0.14285714285714285,0.2571428571428571,26,0.344
2024,2024-05-27,Brian Anderson,0,31,176,0.27,0.358,0.439,6,0.11363636363636363,0.2215909090909091,0,0.315
2024,2024-05-27,Ryan Bliss,0,24,433,0.269,0.377,0.456,12,0.14087759815242495,0.22401847575057737,50,0.331
2024,2024-05-27,Samad Taylor,0,25,599,0.262,0.352,0.38,11,0.11352253756260434,0.2604340567612688,50,0.352
2024,2024-05-27,Luis Urías,0,27,350,0.26,0.378,0.413,10,0.13714285714285715,0.16285714285714287,8,0.289
2024,2024-05-27,Tyler Locklear,0,23,318,0.26,0.371,0.43,8,0.12264150943396226,0.2389937106918239,5,0.33
2024,2024-05-27,Michael Papierski,0,28,336,0.242,0.358,0.372,6,0.14583333333333334,0.19940476190476192,1,0.292
2024,2024-05-27,Cade Marlowe,0,27,411,0.235,0.341,0.395,13,0.13381995133819952,0.3236009732360097,43,0.332
2024,2024-05-27,Isiah Gilliam,0,27,139,0.222,0.396,0.435,4,0.22302158273381295,0.31654676258992803,6,0.333
2024,2024-05-27,Duke Ellis,0,26,117,0.212,0.291,0.385,4,0.09401709401709402,0.2564102564102564,17,0.254
2024,2024-05-27,Logan Warmoth,0,28,67,0.2,0.308,0.273,1,0.11940298507462686,0.26865671641791045,3,0.27
2024,2024-05-27,Seby Zavala,0,30,123,0.188,0.325,0.376,4,0.13008130081300814,0.34959349593495936,0,0.273
2024,2024-05-27,Michael Pérez,0,31,60,0.176,0.3,0.392,3,0.13333333333333333,0.25,0,0.182
2024,2024-06-03,Kobe Kato,0,25,69,0.356,0.435,0.492,0,0.11594202898550725,0.21739130434782608,6,0.467
2024,2024-06-03,Rhylan Thomas,0,24,196,0.322,0.365,0.373,1,0.0663265306122449,0.061224489795918366,10,0.337
2024,2024-06-03,Nick Solak,0,29,347,0.311,0.406,0.446,9,0.11815561959654179,0.15273775216138327,10,0.352
2024,2024-06-03,Sam Haggerty,0,30,81,0.31,0.388,0.338,0,0.09876543209876543,0.2345679012345679,7,0.423
2024,2024-06-03,Jason Vosler,0,30,524,0.303,0.371,0.573,31,0.08778625954198473,0.21564885496183206,4,0.337
2024,2024-06-03,Leo Rivas,1,26,266,0.296,0.441,0.424,4,0.20676691729323307,0.19172932330827067,24,0.368
2024,2024-06-03,Blake Hunt,0,25,86,0.293,0.372,0.533,4,0.06976744186046512,0.11627906976744186,0,0.29
2024,2024-06-03,Michael Chavis,0,28,191,0.29,0.366,0.485,7,0.08376963350785341,0.18848167539267016,1,0.331
2024,2024-06-03,Dominic Canzone,0,26,130,0.287,0.354,0.513,7,0.09230769230769231,0.18461538461538463,2,0.302
2024,2024-06-03,Spencer Packard,0,26,176,0.279,0.358,0.416,2,0.10795454545454546,0.14772727272727273,0,0.32
2024,2024-06-03,Jake Slaughter,0,27,368,0.276,0.345,0.43,10,0.07880434782608696,0.266304347826087,11,0.362
2024,2024-06-03,Jonatan Clase,0,22,280,0.274,0.373,0.483,10,0.14285714285714285,0.2571428571428571,26,0.344
2024,2024-06-03,Brian Anderson,0,31,176,0.27,0.358,0.439,6,0.11363636363636363,0.2215909090909091,0,0.315
2024,2024-06-03,Ryan Bliss,0,24,433,0.269,0.377,0.456,12,0.14087759815242495,0.22401847575057737,50,0.331
2024,2024-06-03,Samad Taylor,0,25,599,0.262,0.352,0.38,11,0.11352253756260434,0.2604340567612688,50,0.352
2024,2024-06-03,Luis Urías,0,27,350,0.26,0.378,0.413,10,0.13714285714285715,0.16285714285714287,8,0.289
2024,2024-06-03,Tyler Locklear,1,23,318,0.26,0.371,0.43,8,0.12264150943396226,0.2389937106918239,5,0.33
2024,2024-06-03,Michael Papierski,0,28,336,0.242,0.358,0.372,6,0.14583333333333334,0.19940476190476192,1,0.292
2024,2024-06-03,Cade Marlowe,0,27,411,0.235,0.341,0.395,13,0.13381995133819952,0.3236009732360097,43,0.332
2024,2024-06-03,Isiah Gilliam,0,27,139,0.222,0.396,0.435,4,0.22302158273381295,0.31654676258992803,6,0.333
2024,2024-06-03,Duke Ellis,0,26,117,0.212,0.291,0.385,4,0.09401709401709402,0.2564102564102564,17,0.254
2024,2024-06-03,Logan Warmoth,0,28,67,0.2,0.308,0.273,1,0.11940298507462686,0.26865671641791045,3,0.27
2024,2024-06-03,Seby Zavala,0,30,123,0.188,0.325,0.376,4,0.13008130081300814,0.34959349593495936,0,0.273
2024,2024-06-03,Michael Pérez,0,31,60,0.176,0.3,0.392,3,0.13333333333333333,0.25,0,0.182
2024,2024-06-10,Kobe Kato,0,25,69,0.356,0.435,0.492,0,0.11594202898550725,0.21739130434782608,6,0.467
2024,2024-06-10,Rhylan Thomas,0,24,196,0.322,0.365,0.373,1,0.0663265306122449,0.061224489795918366,10,0.337
2024,2024-06-10,Nick Solak,0,29,347,0.311,0.406,0.446,9,0.11815561959654179,0.15273775216138327,10,0.352
2024,2024-06-10,Sam Haggerty,0,30,81,0.31,0.388,0.338,0,0.09876543209876543,0.2345679012345679,7,0.423
2024,2024-06-10,Jason Vosler,0,30,524,0.303,0.371,0.573,31,0.08778625954198473,0.21564885496183206,4,0.337
2024,2024-06-10,Leo Rivas,0,26,266,0.296,0.441,0.424,4,0.20676691729323307,0.19172932330827067,24,0.368
2024,2024-06-10,Blake Hunt,0,25,86,0.293,0.372,0.533,4,0.06976744186046512,0.11627906976744186,0,0.29
2024,2024-06-10,Michael Chavis,0,28,191,0.29,0.366,0.485,7,0.08376963350785341,0.18848167539267016,1,0.331
2024,2024-06-10,Dominic Canzone,0,26,130,0.287,0.354,0.513,7,0.09230769230769231,0.18461538461538463,2,0.302
2024,2024-06-10,Spencer Packard,0,26,176,0.279,0.358,0.416,2,0.10795454545454546,0.14772727272727273,0,0.32
2024,2024-06-10,Jake Slaughter,0,27,368,0.276,0.345,0.43,10,0.07880434782608696,0.266304347826087,11,0.362
2024,2024-06-10,Jonatan Clase,0,22,280,0.274,0.373,0.483,10,0.14285714285714285,0.2571428571428571,26,0.344
2024,2024-06-10,Brian Anderson,0,31,176,0.27,0.358,0.439,6,0.11363636363636363,0.2215909090909091,0,0.315
2024,2024-06-10,Ryan Bliss,0,24,433,0.269,0.377,0.456,12,0.14087759815242495,0.22401847575057737,50,0.331
2024,2024-06-10,Samad Taylor,0,25,599,0.262,0.352,0.38,11,0.11352253756260434,0.2604340567612688,50,0.352
2024,2024-06-10,Luis Urías,0,27,350,0.26,0.378,0.413,10,0.13714285714285715,0.16285714285714287,8,0.289
2024,2024-06-10,Tyler Locklear,0,23,318,0.26,0.371,0.43,8,0.12264150943396226,0.2389937106918239,5,0.33
2024,2024-06-10,Michael Papierski,0,28,336,0.242,0.358,0.372,6,0.14583333333333334,0.19940476190476192,1,0.292
2024,2024-06-10,Cade Marlowe,0,27,411,0.235,0.341,0.395,13,0.13381995133819952,0.3236009732360097,43,0.332
2024,2024-06-10,Isiah Gilliam,0,27,139,0.222,0.396,0.435,4,0.22302158273381295,0.31654676258992803,6,0.333
2024,2024-06-10,Duke Ellis,0,26,117,0.212,0.291,0.385,4,0.09401709401709402,0.2564102564102564,17,0.254
2024,2024-06-10,Logan Warmoth,0,28,67,0.2,0.308,0.273,1,0.11940298507462686,0.26865671641791045,3,0.27
2024,2024-06-10,Seby Zavala,0,30,123,0.188,0.325,0.376,4,0.13008130081300814,0.34959349593495936,0,0.273
2024,2024-06-10,Michael Pérez,0,31,60,0.176,0.3,0.392,3,0.13333333333333333,0.25,0,0.182
2024,2024-06-17,Kobe Kato,0,25,69,0.356,0.435,0.492,0,0.11594202898550725,0.21739130434782608,6,0.467
2024,2024-06-17,Rhylan Thomas,0,24,196,0.322,0.365,0.373,1,0.0663265306122449,0.061224489795918366,10,0.337
2024,2024-06-17,Nick Solak,0,29,347,0.311,0.406,0.446,9,0.11815561959654179,0.15273775216138327,10,0.352
2024,2024-06-17,Sam Haggerty,0,30,81,0.31,0.388,0.338,0,0.09876543209876543,0.2345679012345679,7,0.423
2024,2024-06-17,Jason Vosler,0,30,524,0.303,0.371,0.573,31,0.08778625954198473,0.21564885496183206,4,0.337
2024,2024-06-17,Leo Rivas,0,26,266,0.296,0.441,0.424,4,0.20676691729323307,0.19172932330827067,24,0.368
2024,2024-06-17,Blake Hunt,0,25,86,0.293,0.372,0.533,4,0.06976744186046512,0.11627906976744186,0,0.29
2024,2024-06-17,Michael Chavis,0,28,191,0.29,0.366,0.485,7,0.08376963350785341,0.18848167539267016,1,0.331
2024,2024-06-17,Dominic Canzone,0,26,130,0.287,0.354,0.513,7,0.09230769230769231,0.18461538461538463,2,0.302
2024,2024-06-17,Spencer Packard,0,26,176,0.279,0.358,0.416,2,0.10795454545454546,0.14772727272727273,0,0.32
2024,2024-06-17,Jake Slaughter,0,27,368,0.276,0.345,0.43,10,0.07880434782608696,0.266304347826087,11,0.362
2024,2024-06-17,Jonatan Clase,0,22,280,0.274,0.373,0.483,10,0.14285714285714285,0.2571428571428571,26,0.344
2024,2024-06-17,Brian Anderson,0,31,176,0.27,0.358,0.439,6,0.11363636363636363,0.2215909090909091,0,0.315
2024,2024-06-17,Ryan Bliss,0,24,433,0.269,0.377,0.456,12,0.14087759815242495,0.22401847575057737,50,0.331
2024,2024-06-17,Samad Taylor,0,25,599,0.262,0.352,0.38,11,0.11352253756260434,0.2604340567612688,50,0.352
2024,2024-06-17,Luis Urías,0,27,350,0.26,0.378,0.413,10,0.13714285714285715,0.16285714285714287,8,0.289
2024,2024-06-17,Tyler Locklear,0,23,318,0.26,0.371,0.43,8,0.12264150943396226,0.2389937106918239,5,0.33
2024,2024-06-17,Michael Papierski,0,28,336,0.242,0.358,0.372,6,0.14583333333333334,0.19940476190476192,1,0.292
2024,2024-06-17,Cade Marlowe,0,27,411,0.235,0.341,0.395,13,0.13381995133819952,0.3236009732360097,43,0.332
2024,2024-06-17,Isiah Gilliam,0,27,139,0.222,0.396,0.435,4,0.22302158273381295,0.31654676258992803,6,0.333
2024,2024-06-17,Duke Ellis,0,26,117,0.212,0.291,0.385,4,0.09401709401709402,0.2564102564102564,17,0.254
2024,2024-06-17,Logan Warmoth,0,28,67,0.2,0.308,0.273,1,0.11940298507462686,0.26865671641791045,3,0.27
2024,2024-06-17,Seby Zavala,0,30,123,0.188,0.325,0.376,4,0.13008130081300814,0.34959349593495936,0,0.273
2024,2024-06-17,Michael Pérez,0,31,60,0.176,0.3,0.392,3,0.13333333333333333,0.25,0,0.182
2024,2024-06-24,Kobe Kato,0,25,69,0.356,0.435,0.492,0,0.11594202898550725,0.21739130434782608,6,0.467
2024,2024-06-24,Rhylan Thomas,0,24,196,0.322,0.365,0.373,1,0.0663265306122449,0.061224489795918366,10,0.337
2024,2024-06-24,Nick Solak,0,29,347,0.311,0.406,0.446,9,0.11815561959654179,0.15273775216138327,10,0.352
2024,2024-06-24,Sam Haggerty,0,30,81,0.31,0.388,0.338,0,0.09876543209876543,0.2345679012345679,7,0.423
2024,2024-06-24,Jason Vosler,0,30,524,0.303,0.371,0.573,31,0.08778625954198473,0.21564885496183206,4,0.337
2024,2024-06-24,Leo Rivas,0,26,266,0.296,0.441,0.424,4,0.20676691729323307,0.19172932330827067,24,0.368
2024,2024-06-24,Blake Hunt,0,25,86,0.293,0.372,0.533,4,0.06976744186046512,0.11627906976744186,0,0.29
2024,2024-06-24,Michael Chavis,0,28,191,0.29,0.366,0.485,7,0.08376963350785341,0.18848167539267016,1,0.331
2024,2024-06-24,Dominic Canzone,0,26,130,0.287,0.354,0.513,7,0.09230769230769231,0.18461538461538463,2,0.302
2024,2024-06-24,Spencer Packard,0,26,176,0.279,0.358,0.416,2,0.10795454545454546,0.14772727272727273,0,0.32
2024,2024-06-24,Jake Slaughter,0,27,368,0.276,0.345,0.43,10,0.07880434782608696,0.266304347826087,11,0.362
2024,2024-06-24,Jonatan Clase,0,22,280,0.274,0.373,0.483,10,0.14285714285714285,0.2571428571428571,26,0.344
2024,2024-06-24,Brian Anderson,0,31,176,0.27,0.358,0.439,6,0.11363636363636363,0.2215909090909091,0,0.315
2024,2024-06-24,Ryan Bliss,0,24,433,0.269,0.377,0.456,12,0.14087759815242495,0.22401847575057737,50,0.331
2024,2024-06-24,Samad Taylor,0,25,599,0.262,0.352,0.38,11,0.11352253756260434,0.2604340567612688,50,0.352
2024,2024-06-24,Luis Urías,0,27,350,0.26,0.378,0.413,10,0.13714285714285715,0.16285714285714287,8,0.289
2024,2024-06-24,Tyler Locklear,0,23,318,0.26,0.371,0.43,8,0.12264150943396226,0.2389937106918239,5,0.33
2024,2024-06-24,Michael Papierski,0,28,336,0.242,0.358,0.372,6,0.14583333333333334,0.19940476190476192,1,0.292
2024,2024-06-24,Cade Marlowe,0,27,411,0.235,0.341,0.395,13,0.13381995133819952,0.3236009732360097,43,0.332
2024,2024-06-24,Isiah Gilliam,0,27,139,0.222,0.396,0.435,4,0.22302158273381295,0.31654676258992803,6,0.333
2024,2024-06-24,Duke Ellis,0,26,117,0.212,0.291,0.385,4,0.09401709401709402,0.2564102564102564,17,0.254
2024,2024-06-24,Logan Warmoth,0,28,67,0.2,0.308,0.273,1,0.11940298507462686,0.26865671641791045,3,0.27
2024,2024-06-24,Seby Zavala,0,30,123,0.188,0.325,0.376,4,0.13008130081300814,0.34959349593495936,0,0.273
2024,2024-06-24,Michael Pérez,0,31,60,0.176,0.3,0.392,3,0.13333333333333333,0.25,0,0.182
2024,2024-07-01,Kobe Kato,0,25,69,0.356,0.435,0.492,0,0.11594202898550725,0.21739130434782608,6,0.467
2024,2024-07-01,Rhylan Thomas,0,24,196,0.322,0.365,0.373,1,0.0663265306122449,0.061224489795918366,10,0.337
2024,2024-07-01,Nick Solak,0,29,347,0.311,0.406,0.446,9,0.11815561959654179,0.15273775216138327,10,0.352
2024,2024-07-01,Sam Haggerty,0,30,81,0.31,0.388,0.338,0,0.09876543209876543,0.2345679012345679,7,0.423
2024,2024-07-01,Jason Vosler,0,30,524,0.303,0.371,0.573,31,0.08778625954198473,0.21564885496183206,4,0.337
2024,2024-07-01,Leo Rivas,0,26,266,0.296,0.441,0.424,4,0.20676691729323307,0.19172932330827067,24,0.368
2024,2024-07-01,Blake Hunt,0,25,86,0.293,0.372,0.533,4,0.06976744186046512,0.11627906976744186,0,0.29
2024,2024-07-01,Michael Chavis,0,28,191,0.29,0.366,0.485,7,0.08376963350785341,0.18848167539267016,1,0.331
2024,2024-07-01,Dominic Canzone,0,26,130,0.287,0.354,0.513,7,0.09230769230769231,0.18461538461538463,2,0.302
2024,2024-07-01,Spencer Packard,0,26,176,0.279,0.358,0.416,2,0.10795454545454546,0.14772727272727273,0,0.32
2024,2024-07-01,Jake Slaughter,0,27,368,0.276,0.345,0.43,10,0.07880434782608696,0.266304347826087,11,0.362
2024,2024-07-01,Jonatan Clase,0,22,280,0.274,0.373,0.483,10,0.14285714285714285,0.2571428571428571,26,0.344
2024,2024-07-01,Brian Anderson,0,31,176,0.27,0.358,0.439,6,0.11363636363636363,0.2215909090909091,0,0.315
2024,2024-07-01,Ryan Bliss,0,24,433,0.269,0.377,0.456,12,0.14087759815242495,0.22401847575057737,50,0.331
2024,2024-07-01,Samad Taylor,0,25,599,0.262,0.352,0.38,11,0.11352253756260434,0.2604340567612688,50,0.352
2024,2024-07-01,Luis Urías,0,27,350,0.26,0.378,0.413,10,0.13714285714285715,0.16285714285714287,8,0.289
2024,2024-07-01,Tyler Locklear,0,23,318,0.26,0.371,0.43,8,0.12264150943396226,0.2389937106918239,5,0.33
2024,2024-07-01,Michael Papierski,0,28,336,0.242,0.358,0.372,6,0.14583333333333334,0.19940476190476192,1,0.292
2024,2024-07-01,Cade Marlowe,0,27,411,0.235,0.341,0.395,13,0.13381995133819952,0.3236009732360097,43,0.332
2024,2024-07-01,Isiah Gilliam,0,27,139,0.222,0.396,0.435,4,0.22302158273381295,0.31654676258992803,6,0.333
2024,2024-07-01,Duke Ellis,0,26,117,0.212,0.291,0.385,4,0.09401709401709402,0.2564102564102564,17,0.254
2024,2024-07-01,Logan Warmoth,0,28,67,0.2,0.308,0.273,1,0.11940298507462686,0.26865671641791045,3,0.27
2024,2024-07-01,Seby Zavala,1,30,123,0.188,0.325,0.376,4,0.13008130081300814,0.34959349593495936,0,0.273
2024,2024-07-01,Michael Pérez,0,31,60,0.176,0.3,0.392,3,0.13333333333333333,0.25,0,0.182
2024,2024-07-08,Kobe Kato,0,25,69,0.356,0.435,0.492,0,0.11594202898550725,0.21739130434782608,6,0.467
2024,2024-07-08,Rhylan Thomas,0,24,196,0.322,0.365,0.373,1,0.0663265306122449,0.061224489795918366,10,0.337
2024,2024-07-08,Nick Solak,0,29,347,0.311,0.406,0.446,9,0.11815561959654179,0.15273775216138327,10,0.352
2024,2024-07-08,Sam Haggerty,0,30,81,0.31,0.388,0.338,0,0.09876543209876543,0.2345679012345679,7,0.423
2024,2024-07-08,Jason Vosler,0,30,524,0.303,0.371,0.573,31,0.08778625954198473,0.21564885496183206,4,0.337
2024,2024-07-08,Leo Rivas,0,26,266,0.296,0.441,0.424,4,0.20676691729323307,0.19172932330827067,24,0.368
2024,2024-07-08,Blake Hunt,0,25,86,0.293,0.372,0.533,4,0.06976744186046512,0.11627906976744186,0,0.29
2024,2024-07-08,Michael Chavis,0,28,191,0.29,0.366,0.485,7,0.08376963350785341,0.18848167539267016,1,0.331
2024,2024-07-08,Dominic Canzone,0,26,130,0.287,0.354,0.513,7,0.09230769230769231,0.18461538461538463,2,0.302
2024,2024-07-08,Spencer Packard,0,26,176,0.279,0.358,0.416,2,0.10795454545454546,0.14772727272727273,0,0.32
2024,2024-07-08,Jake Slaughter,0,27,368,0.276,0.345,0.43,10,0.07880434782608696,0.266304347826087,11,0.362
2024,2024-07-08,Jonatan Clase,1,22,280,0.274,0.373,0.483,10,0.14285714285714285,0.2571428571428571,26,0.344
2024,2024-07-08,Brian Anderson,0,31,176,0.27,0.358,0.439,6,0.11363636363636363,0.2215909090909091,0,0.315
2024,2024-07-08,Ryan Bliss,0,24,433,0.269,0.377,0.456,12,0.14087759815242495,0.22401847575057737,50,0.331
2024,2024-07-08,Samad Taylor,0,25,599,0.262,0.352,0.38,11,0.11352253756260434,0.2604340567612688,50,0.352
2024,2024-07-08,Luis Urías,0,27,350,0.26,0.378,0.413,10,0.13714285714285715,0.16285714285714287,8,0.289
2024,2024-07-08,Tyler Locklear,0,23,318,0.26,0.371,0.43,8,0.12264150943396226,0.2389937106918239,5,0.33
2024,2024-07-08,Michael Papierski,0,28,336,0.242,0.358,0.372,6,0.14583333333333334,0.19940476190476192,1,0.292
2024,2024-07-08,Cade Marlowe,0,27,411,0.235,0.341,0.395,13,0.13381995133819952,0.3236009732360097,43,0.332
2024,2024-07-08,Isiah Gilliam,0,27,139,0.222,0.396,0.435,4,0.22302158273381295,0.31654676258992803,6,0.333
2024,2024-07-08,Duke Ellis,0,26,117,0.212,0.291,0.385,4,0.09401709401709402,0.2564102564102564,17,0.254
2024,2024-07-08,Logan Warmoth,0,28,67,0.2,0.308,0.273,1,0.11940298507462686,0.26865671641791045,3,0.27
2024,2024-07-08,Seby Zavala,0,30,123,0.188,0.325,0.376,4,0.13008130081300814,0.34959349593495936,0,0.273
2024,2024-07-08,Michael Pérez,0,31,60,0.176,0.3,0.392,3,0.13333333333333333,0.25,0,0.182
2024,2024-07-15,Kobe Kato,0,25,69,0.356,0.435,0.492,0,0.11594202898550725,0.21739130434782608,6,0.467
2024,2024-07-15,Rhylan Thomas,0,24,196,0.322,0.365,0.373,1,0.0663265306122449,0.061224489795918366,10,0.337
2024,2024-07-15,Nick Solak,0,29,347,0.311,0.406,0.446,9,0.11815561959654179,0.15273775216138327,10,0.352
2024,2024-07-15,Sam Haggerty,0,30,81,0.31,0.388,0.338,0,0.09876543209876543,0.2345679012345679,7,0.423
2024,2024-07-15,Jason Vosler,1,30,524,0.303,0.371,0.573,31,0.08778625954198473,0.21564885496183206,4,0.337
2024,2024-07-15,Leo Rivas,0,26,266,0.296,0.441,0.424,4,0.20676691729323307,0.19172932330827067,24,0.368
2024,2024-07-15,Blake Hunt,0,25,86,0.293,0.372,0.533,4,0.06976744186046512,0.11627906976744186,0,0.29
2024,2024-07-15,Michael Chavis,0,28,191,0.29,0.366,0.485,7,0.08376963350785341,0.18848167539267016,1,0.331
2024,2024-07-15,Dominic Canzone,0,26,130,0.287,0.354,0.513,7,0.09230769230769231,0.18461538461538463,2,0.302
2024,2024-07-15,Spencer Packard,0,26,176,0.279,0.358,0.416,2,0.10795454545454546,0.14772727272727273,0,0.32
2024,2024-07-15,Jake Slaughter,0,27,368,0.276,0.345,0.43,10,0.07880434782608696,0.266304347826087,11,0.362
2024,2024-07-15,Jonatan Clase,0,22,280,0.274,0.373,0.483,10,0.14285714285714285,0.2571428571428571,26,0.344
2024,2024-07-15,Brian Anderson,0,31,176,0.27,0.358,0.439,6,0.11363636363636363,0.2215909090909091,0,0.315
2024,2024-07-15,Ryan Bliss,0,24,433,0.269,0.377,0.456,12,0.14087759815242495,0.22401847575057737,50,0.331
2024,2024-07-15,Samad Taylor,0,25,599,0.262,0.352,0.38,11,0.11352253756260434,0.2604340567612688,50,0.352
2024,2024-07-15,Luis Urías,0,27,350,0.26,0.378,0.413,10,0.13714285714285715,0.16285714285714287,8,0.289
2024,2024-07-15,Tyler Locklear,0,23,318,0.26,0.371,0.43,8,0.12264150943396226,0.2389937106918239,5,0.33
2024,2024-07-15,Michael Papierski,0,28,336,0.242,0.358,0.372,6,0.14583333333333334,0.19940476190476192,1,0.292
2024,2024-07-15,Cade Marlowe,0,27,411,0.235,0.341,0.395,13,0.13381995133819952,0.3236009732360097,43,0.332
2024,2024-07-15,Isiah Gilliam,0,27,139,0.222,0.396,0.435,4,0.22302158273381295,0.31654676258992803,6,0.333
2024,2024-07-15,Duke Ellis,0,26,117,0.212,0.291,0.385,4,0.09401709401709402,0.2564102564102564,17,0.254
2024,2024-07-15,Logan Warmoth,0,28,67,0.2,0.308,0.273,1,0.11940298507462686,0.26865671641791045,3,0.27
2024,2024-07-15,Seby Zavala,0,30,123,0.188,0.325,0.376,4,0.13008130081300814,0.34959349593495936,0,0.273
2024,2024-07-15,Michael Pérez,0,31,60,0.176,0.3,0.392,3,0.13333333333333333,0.25,0,0.182
2024,2024-07-22,Kobe Kato,0,25,69,0.356,0.435,0.492,0,0.11594202898550725,0.21739130434782608,6,0.467
2024,2024-07-22,Rhylan Thomas,0,24,196,0.322,0.365,0.373,1,0.0663265306122449,0.061224489795918366,10,0.337
2024,2024-07-22,Nick Solak,0,29,347,0.311,0.406,0.446,9,0.11815561959654179,0.15273775216138327,10,0.352
2024,2024-07-22,Sam Haggerty,0,30,81,0.31,0.388,0.338,0,0.09876543209876543,0.2345679012345679,7,0.423
2024,2024-07-22,Jason Vosler,0,30,524,0.303,0.371,0.573,31,0.08778625954198473,0.21564885496183206,4,0.337
2024,2024-07-22,Leo Rivas,1,26,266,0.296,0.441,0.424,4,0.20676691729323307,0.19172932330827067,24,0.368
2024,2024-07-22,Blake Hunt,0,25,86,0.293,0.372,0.533,4,0.06976744186046512,0.11627906976744186,0,0.29
2024,2024-07-22,Michael Chavis,0,28,191,0.29,0.366,0.485,7,0.08376963350785341,0.18848167539267016,1,0.331
2024,2024-07-22,Dominic Canzone,0,26,130,0.287,0.354,0.513,7,0.09230769230769231,0.18461538461538463,2,0.302
2024,2024-07-22,Spencer Packard,0,26,176,0.279,0.358,0.416,2,0.10795454545454546,0.14772727272727273,0,0.32
2024,2024-07-22,Jake Slaughter,0,27,368,0.276,0.345,0.43,10,0.07880434782608696,0.266304347826087,11,0.362
2024,2024-07-22,Jonatan Clase,1,22,280,0.274,0.373,0.483,10,0.14285714285714285,0.2571428571428571,26,0.344
2024,2024-07-22,Brian Anderson,0,31,176,0.27,0.358,0.439,6,0.11363636363636363,0.2215909090909091,0,0.315
2024,2024-07-22,Ryan Bliss,0,24,433,0.269,0.377,0.456,12,0.14087759815242495,0.22401847575057737,50,0.331
2024,2024-07-22,Samad Taylor,0,25,599,0.262,0.352,0.38,11,0.11352253756260434,0.2604340567612688,50,0.352
2024,2024-07-22,Luis Urías,0,27,350,0.26,0.378,0.413,10,0.13714285714285715,0.16285714285714287,8,0.289
2024,2024-07-22,Tyler Locklear,1,23,318,0.26,0.371,0.43,8,0.12264150943396226,0.2389937106918239,5,0.33
2024,2024-07-22,Michael Papierski,0,28,336,0.242,0.358,0.372,6,0.14583333333333334,0.19940476190476192,1,0.292
2024,2024-07-22,Cade Marlowe,1,27,411,0.235,0.341,0.395,13,0.13381995133819952,0.3236009732360097,43,0.332
2024,2024-07-22,Isiah Gilliam,0,27,139,0.222,0.396,0.435,4,0.22302158273381295,0.31654676258992803,6,0.333
2024,2024-07-22,Duke Ellis,0,26,117,0.212,0.291,0.385,4,0.09401709401709402,0.2564102564102564,17,0.254
2024,2024-07-22,Logan Warmoth,0,28,67,0.2,0.308,0.273,1,0.11940298507462686,0.26865671641791045,3,0.27
2024,2024-07-22,Seby Zavala,0,30,123,0.188,0.325,0.376,4,0.13008130081300814,0.34959349593495936,0,0.273
2024,2024-07-22,Michael Pérez,0,31,60,0.176,0.3,0.392,3,0.13333333333333333,0.25,0,0.182
2024,2024-07-29,Kobe Kato,0,25,69,0.356,0.435,0.492,0,0.11594202898550725,0.21739130434782608,6,0.467
2024,2024-07-29,Rhylan Thomas,0,24,196,0.322,0.365,0.373,1,0.0663265306122449,0.061224489795918366,10,0.337
2024,2024-07-29,Nick Solak,0,29,347,0.311,0.406,0.446,9,0.11815561959654179,0.15273775216138327,10,0.352
2024,2024-07-29,Sam Haggerty,0,30,81,0.31,0.388,0.338,0,0.09876543209876543,0.2345679012345679,7,0.423
2024,2024-07-29,Jason Vosler,0,30,524,0.303,0.371,0.573,31,0.08778625954198473,0.21564885496183206,4,0.337
2024,2024-07-29,Leo Rivas,0,26,266,0.296,0.441,0.424,4,0.20676691729323307,0.19172932330827067,24,0.368
2024,2024-07-29,Blake Hunt,0,25,86,0.293,0.372,0.533,4,0.06976744186046512,0.11627906976744186,0,0.29
2024,2024-07-29,Michael Chavis,0,28,191,0.29,0.366,0.485,7,0.08376963350785341,0.18848167539267016,1,0.331
2024,2024-07-29,Dominic Canzone,0,26,130,0.287,0.354,0.513,7,0.09230769230769231,0.18461538461538463,2,0.302
2024,2024-07-29,Spencer Packard,0,26,176,0.279,0.358,0.416,2,0.10795454545454546,0.14772727272727273,0,0.32
2024,2024-07-29,Jake Slaughter,0,27,368,0.276,0.345,0.43,10,0.07880434782608696,0.266304347826087,11,0.362
2024,2024-07-29,Jonatan Clase,0,22,280,0.274,0.373,0.483,10,0.14285714285714285,0.2571428571428571,26,0.344
2024,2024-07-29,Brian Anderson,0,31,176,0.27,0.358,0.439,6,0.11363636363636363,0.2215909090909091,0,0.315
2024,2024-07-29,Ryan Bliss,0,24,433,0.269,0.377,0.456,12,0.14087759815242495,0.22401847575057737,50,0.331
2024,2024-07-29,Samad Taylor,0,25,599,0.262,0.352,0.38,11,0.11352253756260434,0.2604340567612688,50,0.352
2024,2024-07-29,Luis Urías,0,27,350,0.26,0.378,0.413,10,0.13714285714285715,0.16285714285714287,8,0.289
2024,2024-07-29,Tyler Locklear,0,23,318,0.26,0.371,0.43,8,0.12264150943396226,0.2389937106918239,5,0.33
2024,2024-07-29,Michael Papierski,0,28,336,0.242,0.358,0.372,6,0.14583333333333334,0.19940476190476192,1,0.292
2024,2024-07-29,Cade Marlowe,0,27,411,0.235,0.341,0.395,13,0.13381995133819952,0.3236009732360097,43,0.332
2024,2024-07-29,Isiah Gilliam,0,27,139,0.222,0.396,0.435,4,0.22302158273381295,0.31654676258992803,6,0.333
2024,2024-07-29,Duke Ellis,0,26,117,0.212,0.291,0.385,4,0.09401709401709402,0.2564102564102564,17,0.254
2024,2024-07-29,Logan Warmoth,0,28,67,0.2,0.308,0.273,1,0.11940298507462686,0.26865671641791045,3,0.27
2024,2024-07-29,Seby Zavala,0,30,123,0.188,0.325,0.376,4,0.13008130081300814,0.34959349593495936,0,0.273
2024,2024-07-29,Michael Pérez,0,31,60,0.176,0.3,0.392,3,0.13333333333333333,0.25,0,0.182
2024,2024-08-05,Kobe Kato,0,25,69,0.356,0.435,0.492,0,0.11594202898550725,0.21739130434782608,6,0.467
2024,2024-08-05,Rhylan Thomas,0,24,196,0.322,0.365,0.373,1,0.0663265306122449,0.061224489795918366,10,0.337
2024,2024-08-05,Nick Solak,0,29,347,0.311,0.406,0.446,9,0.11815561959654179,0.15273775216138327,10,0.352
2024,2024-08-05,Sam Haggerty,0,30,81,0.31,0.388,0.338,0,0.09876543209876543,0.2345679012345679,7,0.423
2024,2024-08-05,Jason Vosler,0,30,524,0.303,0.371,0.573,31,0.08778625954198473,0.21564885496183206,4,0.337
2024,2024-08-05,Leo Rivas,0,26,266,0.296,0.441,0.424,4,0.20676691729323307,0.19172932330827067,24,0.368
2024,2024-08-05,Blake Hunt,0,25,86,0.293,0.372,0.533,4,0.06976744186046512,0.11627906976744186,0,0.29
2024,2024-08-05,Michael Chavis,0,28,191,0.29,0.366,0.485,7,0.08376963350785341,0.18848167539267016,1,0.331
2024,2024-08-05,Dominic Canzone,0,26,130,0.287,0.354,0.513,7,0.09230769230769231,0.18461538461538463,2,0.302
2024,2024-08-05,Spencer Packard,0,26,176,0.279,0.358,0.416,2,0.10795454545454546,0.14772727272727273,0,0.32
2024,2024-08-05,Jake Slaughter,0,27,368,0.276,0.345,0.43,10,0.07880434782608696,0.266304347826087,11,0.362
2024,2024-08-05,Jonatan Clase,0,22,280,0.274,0.373,0.483,10,0.14285714285714285,0.2571428571428571,26,0.344
2024,2024-08-05,Brian Anderson,0,31,176,0.27,0.358,0.439,6,0.11363636363636363,0.2215909090909091,0,0.315
2024,2024-08-05,Ryan Bliss,1,24,433,0.269,0.377,0.456,12,0.14087759815242495,0.22401847575057737,50,0.331
2024,2024-08-05,Samad Taylor,0,25,599,0.262,0.352,0.38,11,0.11352253756260434,0.2604340567612688,50,0.352
2024,2024-08-05,Luis Urías,0,27,350,0.26,0.378,0.413,10,0.13714285714285715,0.16285714285714287,8,0.289
2024,2024-08-05,Tyler Locklear,0,23,318,0.26,0.371,0.43,8,0.12264150943396226,0.2389937106918239,5,0.33
2024,2024-08-05,Michael Papierski,0,28,336,0.242,0.358,0.372,6,0.14583333333333334,0.19940476190476192,1,0.292
2024,2024-08-05,Cade Marlowe,0,27,411,0.235,0.341,0.395,13,0.13381995133819952,0.3236009732360097,43,0.332
2024,2024-08-05,Isiah Gilliam,0,27,139,0.222,0.396,0.435,4,0.22302158273381295,0.31654676258992803,6,0.333
2024,2024-08-05,Duke Ellis,0,26,117,0.212,0.291,0.385,4,0.09401709401709402,0.2564102564102564,17,0.254
2024,2024-08-05,Logan Warmoth,0,28,67,0.2,0.308,0.273,1,0.11940298507462686,0.26865671641791045,3,0.27
2024,2024-08-05,Seby Zavala,0,30,123,0.188,0.325,0.376,4,0.13008130081300814,0.34959349593495936,0,0.273
2024,2024-08-05,Michael Pérez,0,31,60,0.176,0.3,0.392,3,0.13333333333333333,0.25,0,0.182
2024,2024-08-12,Kobe Kato,0,25,69,0.356,0.435,0.492,0,0.11594202898550725,0.21739130434782608,6,0.467
2024,2024-08-12,Rhylan Thomas,0,24,196,0.322,0.365,0.373,1,0.0663265306122449,0.061224489795918366,10,0.337
2024,2024-08-12,Nick Solak,0,29,347,0.311,0.406,0.446,9,0.11815561959654179,0.15273775216138327,10,0.352
2024,2024-08-12,Sam Haggerty,0,30,81,0.31,0.388,0.338,0,0.09876543209876543,0.2345679012345679,7,0.423
2024,2024-08-12,Jason Vosler,0,30,524,0.303,0.371,0.573,31,0.08778625954198473,0.21564885496183206,4,0.337
2024,2024-08-12,Leo Rivas,0,26,266,0.296,0.441,0.424,4,0.20676691729323307,0.19172932330827067,24,0.368
2024,2024-08-12,Blake Hunt,0,25,86,0.293,0.372,0.533,4,0.06976744186046512,0.11627906976744186,0,0.29
2024,2024-08-12,Michael Chavis,0,28,191,0.29,0.366,0.485,7,0.08376963350785341,0.18848167539267016,1,0.331
2024,2024-08-12,Dominic Canzone,0,26,130,0.287,0.354,0.513,7,0.09230769230769231,0.18461538461538463,2,0.302
2024,2024-08-12,Spencer Packard,0,26,176,0.279,0.358,0.416,2,0.10795454545454546,0.14772727272727273,0,0.32
2024,2024-08-12,Jake Slaughter,0,27,368,0.276,0.345,0.43,10,0.07880434782608696,0.266304347826087,11,0.362
2024,2024-08-12,Jonatan Clase,0,22,280,0.274,0.373,0.483,10,0.14285714285714285,0.2571428571428571,26,0.344
2024,2024-08-12,Brian Anderson,0,31,176,0.27,0.358,0.439,6,0.11363636363636363,0.2215909090909091,0,0.315
2024,2024-08-12,Ryan Bliss,0,24,433,0.269,0.377,0.456,12,0.14087759815242495,0.22401847575057737,50,0.331
2024,2024-08-12,Samad Taylor,0,25,599,0.262,0.352,0.38,11,0.11352253756260434,0.2604340567612688,50,0.352
2024,2024-08-12,Luis Urías,0,27,350,0.26,0.378,0.413,10,0.13714285714285715,0.16285714285714287,8,0.289
2024,2024-08-12,Tyler Locklear,0,23,318,0.26,0.371,0.43,8,0.12264150943396226,0.2389937106918239,5,0.33
2024,2024-08-12,Michael Papierski,0,28,336,0.242,0.358,0.372,6,0.14583333333333334,0.19940476190476192,1,0.292
2024,2024-08-12,Cade Marlowe,0,27,411,0.235,0.341,0.395,13,0.13381995133819952,0.3236009732360097,43,0.332
2024,2024-08-12,Isiah Gilliam,0,27,139,0.222,0.396,0.435,4,0.22302158273381295,0.31654676258992803,6,0.333
2024,2024-08-12,Duke Ellis,0,26,117,0.212,0.291,0.385,4,0.09401709401709402,0.2564102564102564,17,0.254
2024,2024-08-12,Logan Warmoth,0,28,67,0.2,0.308,0.273,1,0.11940298507462686,0.26865671641791045,3,0.27
2024,2024-08-12,Seby Zavala,0,30,123,0.188,0.325,0.376,4,0.13008130081300814,0.34959349593495936,0,0.273
2024,2024-08-12,Michael Pérez,0,31,60,0.176,0.3,0.392,3,0.13333333333333333,0.25,0,0.182
2024,2024-08-19,Kobe Kato,0,25,69,0.356,0.435,0.492,0,0.11594202898550725,0.21739130434782608,6,0.467
2024,2024-08-19,Rhylan Thomas,0,24,196,0.322,0.365,0.373,1,0.0663265306122449,0.061224489795918366,10,0.337
2024,2024-08-19,Nick Solak,0,29,347,0.311,0.406,0.446,9,0.11815561959654179,0.15273775216138327,10,0.352
2024,2024-08-19,Sam Haggerty,0,30,81,0.31,0.388,0.338,0,0.09876543209876543,0.2345679012345679,7,0.423
2024,2024-08-19,Jason Vosler,0,30,524,0.303,0.371,0.573,31,0.08778625954198473,0.21564885496183206,4,0.337
2024,2024-08-19,Leo Rivas,0,26,266,0.296,0.441,0.424,4,0.20676691729323307,0.19172932330827067,24,0.368
2024,2024-08-19,Blake Hunt,0,25,86,0.293,0.372,0.533,4,0.06976744186046512,0.11627906976744186,0,0.29
2024,2024-08-19,Michael Chavis,0,28,191,0.29,0.366,0.485,7,0.08376963350785341,0.18848167539267016,1,0.331
2024,2024-08-19,Dominic Canzone,0,26,130,0.287,0.354,0.513,7,0.09230769230769231,0.18461538461538463,2,0.302
2024,2024-08-19,Spencer Packard,0,26,176,0.279,0.358,0.416,2,0.10795454545454546,0.14772727272727273,0,0.32
2024,2024-08-19,Jake Slaughter,0,27,368,0.276,0.345,0.43,10,0.07880434782608696,0.266304347826087,11,0.362
2024,2024-08-19,Jonatan Clase,0,22,280,0.274,0.373,0.483,10,0.14285714285714285,0.2571428571428571,26,0.344
2024,2024-08-19,Brian Anderson,0,31,176,0.27,0.358,0.439,6,0.11363636363636363,0.2215909090909091,0,0.315
2024,2024-08-19,Ryan Bliss,0,24,433,0.269,0.377,0.456,12,0.14087759815242495,0.22401847575057737,50,0.331
2024,2024-08-19,Samad Taylor,0,25,599,0.262,0.352,0.38,11,0.11352253756260434,0.2604340567612688,50,0.352
2024,2024-08-19,Luis Urías,0,27,350,0.26,0.378,0.413,10,0.13714285714285715,0.16285714285714287,8,0.289
2024,2024-08-19,Tyler Locklear,0,23,318,0.26,0.371,0.43,8,0.12264150943396226,0.2389937106918239,5,0.33
2024,2024-08-19,Michael Papierski,0,28,336,0.242,0.358,0.372,6,0.14583333333333334,0.19940476190476192,1,0.292
2024,2024-08-19,Cade Marlowe,0,27,411,0.235,0.341,0.395,13,0.13381995133819952,0.3236009732360097,43,0.332
2024,2024-08-19,Isiah Gilliam,0,27,139,0.222,0.396,0.435,4,0.22302158273381295,0.31654676258992803,6,0.333
2024,2024-08-19,Duke Ellis,0,26,117,0.212,0.291,0.385,4,0.09401709401709402,0.2564102564102564,17,0.254
2024,2024-08-19,Logan Warmoth,0,28,67,0.2,0.308,0.273,1,0.11940298507462686,0.26865671641791045,3,0.27
2024,2024-08-19,Seby Zavala,0,30,123,0.188,0.325,0.376,4,0.13008130081300814,0.34959349593495936,0,0.273
2024,2024-08-19,Michael Pérez,0,31,60,0.176,0.3,0.392,3,0.13333333333333333,0.25,0,0.182
2024,2024-08-26,Kobe Kato,0,25,69,0.356,0.435,0.492,0,0.11594202898550725,0.21739130434782608,6,0.467
2024,2024-08-26,Rhylan Thomas,0,24,196,0.322,0.365,0.373,1,0.0663265306122449,0.061224489795918366,10,0.337
2024,2024-08-26,Nick Solak,0,29,347,0.311,0.406,0.446,9,0.11815561959654179,0.15273775216138327,10,0.352
2024,2024-08-26,Sam Haggerty,0,30,81,0.31,0.388,0.338,0,0.09876543209876543,0.2345679012345679,7,0.423
2024,2024-08-26,Jason Vosler,0,30,524,0.303,0.371,0.573,31,0.08778625954198473,0.21564885496183206,4,0.337
2024,2024-08-26,Leo Rivas,0,26,266,0.296,0.441,0.424,4,0.20676691729323307,0.19172932330827067,24,0.368
2024,2024-08-26,Blake Hunt,0,25,86,0.293,0.372,0.533,4,0.06976744186046512,0.11627906976744186,0,0.29
2024,2024-08-26,Michael Chavis,0,28,191,0.29,0.366,0.485,7,0.08376963350785341,0.18848167539267016,1,0.331
2024,2024-08-26,Dominic Canzone,0,26,130,0.287,0.354,0.513,7,0.09230769230769231,0.18461538461538463,2,0.302
2024,2024-08-26,Spencer Packard,0,26,176,0.279,0.358,0.416,2,0.10795454545454546,0.14772727272727273,0,0.32
2024,2024-08-26,Jake Slaughter,0,27,368,0.276,0.345,0.43,10,0.07880434782608696,0.266304347826087,11,0.362
2024,2024-08-26,Jonatan Clase,0,22,280,0.274,0.373,0.483,10,0.14285714285714285,0.2571428571428571,26,0.344
2024,2024-08-26,Brian Anderson,0,31,176,0.27,0.358,0.439,6,0.11363636363636363,0.2215909090909091,0,0.315
2024,2024-08-26,Ryan Bliss,0,24,433,0.269,0.377,0.456,12,0.14087759815242495,0.22401847575057737,50,0.331
2024,2024-08-26,Samad Taylor,0,25,599,0.262,0.352,0.38,11,0.11352253756260434,0.2604340567612688,50,0.352
2024,2024-08-26,Luis Urías,1,27,350,0.26,0.378,0.413,10,0.13714285714285715,0.16285714285714287,8,0.289
2024,2024-08-26,Tyler Locklear,0,23,318,0.26,0.371,0.43,8,0.12264150943396226,0.2389937106918239,5,0.33
2024,2024-08-26,Michael Papierski,0,28,336,0.242,0.358,0.372,6,0.14583333333333334,0.19940476190476192,1,0.292
2024,2024-08-26,Cade Marlowe,0,27,411,0.235,0.341,0.395,13,0.13381995133819952,0.3236009732360097,43,0.332
2024,2024-08-26,Isiah Gilliam,0,27,139,0.222,0.396,0.435,4,0.22302158273381295,0.31654676258992803,6,0.333
2024,2024-08-26,Duke Ellis,0,26,117,0.212,0.291,0.385,4,0.09401709401709402,0.2564102564102564,17,0.254
2024,2024-08-26,Logan Warmoth,0,28,67,0.2,0.308,0.273,1,0.11940298507462686,0.26865671641791045,3,0.27
2024,2024-08-26,Seby Zavala,0,30,123,0.188,0.325,0.376,4,0.13008130081300814,0.34959349593495936,0,0.273
2024,2024-08-26,Michael Pérez,0,31,60,0.176,0.3,0.392,3,0.13333333333333333,0.25,0,0.182
2024,2024-09-02,Kobe Kato,0,25,69,0.356,0.435,0.492,0,0.11594202898550725,0.21739130434782608,6,0.467
2024,2024-09-02,Rhylan Thomas,0,24,196,0.322,0.365,0.373,1,0.0663265306122449,0.061224489795918366,10,0.337
2024,2024-09-02,Nick Solak,0,29,347,0.311,0.406,0.446,9,0.11815561959654179,0.15273775216138327,10,0.352
2024,2024-09-02,Sam Haggerty,0,30,81,0.31,0.388,0.338,0,0.09876543209876543,0.2345679012345679,7,0.423
2024,2024-09-02,Jason Vosler,0,30,524,0.303,0.371,0.573,31,0.08778625954198473,0.21564885496183206,4,0.337
2024,2024-09-02,Leo Rivas,0,26,266,0.296,0.441,0.424,4,0.20676691729323307,0.19172932330827067,24,0.368
2024,2024-09-02,Blake Hunt,0,25,86,0.293,0.372,0.533,4,0.06976744186046512,0.11627906976744186,0,0.29
2024,2024-09-02,Michael Chavis,0,28,191,0.29,0.366,0.485,7,0.08376963350785341,0.18848167539267016,1,0.331
2024,2024-09-02,Dominic Canzone,0,26,130,0.287,0.354,0.513,7,0.09230769230769231,0.18461538461538463,2,0.302
2024,2024-09-02,Spencer Packard,0,26,176,0.279,0.358,0.416,2,0.10795454545454546,0.14772727272727273,0,0.32
2024,2024-09-02,Jake Slaughter,0,27,368,0.276,0.345,0.43,10,0.07880434782608696,0.266304347826087,11,0.362
2024,2024-09-02,Jonatan Clase,0,22,280,0.274,0.373,0.483,10,0.14285714285714285,0.2571428571428571,26,0.344
2024,2024-09-02,Brian Anderson,0,31,176,0.27,0.358,0.439,6,0.11363636363636363,0.2215909090909091,0,0.315
2024,2024-09-02,Ryan Bliss,0,24,433,0.269,0.377,0.456,12,0.14087759815242495,0.22401847575057737,50,0.331
2024,2024-09-02,Samad Taylor,0,25,599,0.262,0.352,0.38,11,0.11352253756260434,0.2604340567612688,50,0.352
2024,2024-09-02,Luis Urías,0,27,350,0.26,0.378,0.413,10,0.13714285714285715,0.16285714285714287,8,0.289
2024,2024-09-02,Tyler Locklear,0,23,318,0.26,0.371,0.43,8,0.12264150943396226,0.2389937106918239,5,0.33
2024,2024-09-02,Michael Papierski,0,28,336,0.242,0.358,0.372,6,0.14583333333333334,0.19940476190476192,1,0.292
2024,2024-09-02,Cade Marlowe,0,27,411,0.235,0.341,0.395,13,0.13381995133819952,0.3236009732360097,43,0.332
2024,2024-09-02,Isiah Gilliam,0,27,139,0.222,0.396,0.435,4,0.22302158273381295,0.31654676258992803,6,0.333
2024,2024-09-02,Duke Ellis,0,26,117,0.212,0.291,0.385,4,0.09401709401709402,0.2564102564102564,17,0.254
2024,2024-09-02,Logan Warmoth,0,28,67,0.2,0.308,0.273,1,0.11940298507462686,0.26865671641791045,3,0.27
2024,2024-09-02,Seby Zavala,0,30,123,0.188,0.325,0.376,4,0.13008130081300814,0.34959349593495936,0,0.273
2024,2024-09-02,Michael Pérez,0,31,60,0.176,0.3,0.392,3,0.13333333333333333,0.25,0,0.182
2024,2024-09-09,Kobe Kato,0,25,69,0.356,0.435,0.492,0,0.11594202898550725,0.21739130434782608,6,0.467
2024,2024-09-09,Rhylan Thomas,0,24,196,0.322,0.365,0.373,1,0.0663265306122449,0.061224489795918366,10,0.337
2024,2024-09-09,Nick Solak,0,29,347,0.311,0.406,0.446,9,0.11815561959654179,0.15273775216138327,10,0.352
2024,2024-09-09,Sam Haggerty,0,30,81,0.31,0.388,0.338,0,0.09876543209876543,0.2345679012345679,7,0.423
2024,2024-09-09,Jason Vosler,0,30,524,0.303,0.371,0.573,31,0.08778625954198473,0.21564885496183206,4,0.337
2024,2024-09-09,Leo Rivas,0,26,266,0.296,0.441,0.424,4,0.20676691729323307,0.19172932330827067,24,0.368
2024,2024-09-09,Blake Hunt,0,25,86,0.293,0.372,0.533,4,0.06976744186046512,0.11627906976744186,0,0.29
2024,2024-09-09,Michael Chavis,0,28,191,0.29,0.366,0.485,7,0.08376963350785341,0.18848167539267016,1,0.331
2024,2024-09-09,Dominic Canzone,0,26,130,0.287,0.354,0.513,7,0.09230769230769231,0.18461538461538463,2,0.302
2024,2024-09-09,Spencer Packard,0,26,176,0.279,0.358,0.416,2,0.10795454545454546,0.14772727272727273,0,0.32
2024,2024-09-09,Jake Slaughter,0,27,368,0.276,0.345,0.43,10,0.07880434782608696,0.266304347826087,11,0.362
2024,2024-09-09,Jonatan Clase,0,22,280,0.274,0.373,0.483,10,0.14285714285714285,0.2571428571428571,26,0.344
2024,2024-09-09,Brian Anderson,0,31,176,0.27,0.358,0.439,6,0.11363636363636363,0.2215909090909091,0,0.315
2024,2024-09-09,Ryan Bliss,0,24,433,0.269,0.377,0.456,12,0.14087759815242495,0.22401847575057737,50,0.331
2024,2024-09-09,Samad Taylor,0,25,599,0.262,0.352,0.38,11,0.11352253756260434,0.2604340567612688,50,0.352
2024,2024-09-09,Luis Urías,0,27,350,0.26,0.378,0.413,10,0.13714285714285715,0.16285714285714287,8,0.289
2024,2024-09-09,Tyler Locklear,0,23,318,0.26,0.371,0.43,8,0.12264150943396226,0.2389937106918239,5,0.33
2024,2024-09-09,Michael Papierski,0,28,336,0.242,0.358,0.372,6,0.14583333333333334,0.19940476190476192,1,0.292
2024,2024-09-09,Cade Marlowe,0,27,411,0.235,0.341,0.395,13,0.13381995133819952,0.3236009732360097,43,0.332
2024,2024-09-09,Isiah Gilliam,0,27,139,0.222,0.396,0.435,4,0.22302158273381295,0.31654676258992803,6,0.333
2024,2024-09-09,Duke Ellis,0,26,117,0.212,0.291,0.385,4,0.09401709401709402,0.2564102564102564,17,0.254
2024,2024-09-09,Logan Warmoth,0,28,67,0.2,0.308,0.273,1,0.11940298507462686,0.26865671641791045,3,0.27
2024,2024-09-09,Seby Zavala,1,30,123,0.188,0.325,0.376,4,0.13008130081300814,0.34959349593495936,0,0.273
2024,2024-09-09,Michael Pérez,0,31,60,0.176,0.3,0.392,3,0.13333333333333333,0.25,0,0.182
2024,2024-09-16,Kobe Kato,0,25,69,0.356,0.435,0.492,0,0.11594202898550725,0.21739130434782608,6,0.467
2024,2024-09-16,Rhylan Thomas,0,24,196,0.322,0.365,0.373,1,0.0663265306122449,0.061224489795918366,10,0.337
2024,2024-09-16,Nick Solak,0,29,347,0.311,0.406,0.446,9,0.11815561959654179,0.15273775216138327,10,0.352
2024,2024-09-16,Sam Haggerty,0,30,81,0.31,0.388,0.338,0,0.09876543209876543,0.2345679012345679,7,0.423
2024,2024-09-16,Jason Vosler,0,30,524,0.303,0.371,0.573,31,0.08778625954198473,0.21564885496183206,4,0.337
2024,2024-09-16,Leo Rivas,0,26,266,0.296,0.441,0.424,4,0.20676691729323307,0.19172932330827067,24,0.368
2024,2024-09-16,Blake Hunt,0,25,86,0.293,0.372,0.533,4,0.06976744186046512,0.11627906976744186,0,0.29
2024,2024-09-16,Michael Chavis,0,28,191,0.29,0.366,0.485,7,0.08376963350785341,0.18848167539267016,1,0.331
2024,2024-09-16,Dominic Canzone,0,26,130,0.287,0.354,0.513,7,0.09230769230769231,0.18461538461538463,2,0.302
2024,2024-09-16,Spencer Packard,0,26,176,0.279,0.358,0.416,2,0.10795454545454546,0.14772727272727273,0,0.32
2024,2024-09-16,Jake Slaughter,0,27,368,0.276,0.345,0.43,10,0.07880434782608696,0.266304347826087,11,0.362
2024,2024-09-16,Jonatan Clase,0,22,280,0.274,0.373,0.483,10,0.14285714285714285,0.2571428571428571,26,0.344
2024,2024-09-16,Brian Anderson,0,31,176,0.27,0.358,0.439,6,0.11363636363636363,0.2215909090909091,0,0.315
2024,2024-09-16,Ryan Bliss,0,24,433,0.269,0.377,0.456,12,0.14087759815242495,0.22401847575057737,50,0.331
2024,2024-09-16,Samad Taylor,0,25,599,0.262,0.352,0.38,11,0.11352253756260434,0.2604340567612688,50,0.352
2024,2024-09-16,Luis Urías,0,27,350,0.26,0.378,0.413,10,0.13714285714285715,0.16285714285714287,8,0.289
2024,2024-09-16,Tyler Locklear,0,23,318,0.26,0.371,0.43,8,0.12264150943396226,0.2389937106918239,5,0.33
2024,2024-09-16,Michael Papierski,0,28,336,0.242,0.358,0.372,6,0.14583333333333334,0.19940476190476192,1,0.292
2024,2024-09-16,Cade Marlowe,0,27,411,0.235,0.341,0.395,13,0.13381995133819952,0.3236009732360097,43,0.332
2024,2024-09-16,Isiah Gilliam,0,27,139,0.222,0.396,0.435,4,0.22302158273381295,0.31654676258992803,6,0.333
2024,2024-09-16,Duke Ellis,0,26,117,0.212,0.291,0.385,4,0.09401709401709402,0.2564102564102564,17,0.254
2024,2024-09-16,Logan Warmoth,0,28,67,0.2,0.308,0.273,1,0.11940298507462686,0.26865671641791045,3,0.27
2024,2024-09-16,Seby Zavala,0,30,123,0.188,0.325,0.376,4,0.13008130081300814,0.34959349593495936,0,0.273
2024,2024-09-16,Michael Pérez,0,31,60,0.176,0.3,0.392,3,0.13333333333333333,0.25,0,0.182
2024,2024-09-23,Kobe Kato,0,25,69,0.356,0.435,0.492,0,0.11594202898550725,0.21739130434782608,6,0.467
2024,2024-09-23,Rhylan Thomas,0,24,196,0.322,0.365,0.373,1,0.0663265306122449,0.061224489795918366,10,0.337
2024,2024-09-23,Nick Solak,0,29,347,0.311,0.406,0.446,9,0.11815561959654179,0.15273775216138327,10,0.352
2024,2024-09-23,Sam Haggerty,0,30,81,0.31,0.388,0.338,0,0.09876543209876543,0.2345679012345679,7,0.423
2024,2024-09-23,Jason Vosler,0,30,524,0.303,0.371,0.573,31,0.08778625954198473,0.21564885496183206,4,0.337
2024,2024-09-23,Leo Rivas,0,26,266,0.296,0.441,0.424,4,0.20676691729323307,0.19172932330827067,24,0.368
2024,2024-09-23,Blake Hunt,0,25,86,0.293,0.372,0.533,4,0.06976744186046512,0.11627906976744186,0,0.29
2024,2024-09-23,Michael Chavis,0,28,191,0.29,0.366,0.485,7,0.08376963350785341,0.18848167539267016,1,0.331
2024,2024-09-23,Dominic Canzone,0,26,130,0.287,0.354,0.513,7,0.09230769230769231,0.18461538461538463,2,0.302
2024,2024-09-23,Spencer Packard,0,26,176,0.279,0.358,0.416,2,0.10795454545454546,0.14772727272727273,0,0.32
2024,2024-09-23,Jake Slaughter,0,27,368,0.276,0.345,0.43,10,0.07880434782608696,0.266304347826087,11,0.362
2024,2024-09-23,Jonatan Clase,0,22,280,0.274,0.373,0.483,10,0.14285714285714285,0.2571428571428571,26,0.344
2024,2024-09-23,Brian Anderson,0,31,176,0.27,0.358,0.439,6,0.11363636363636363,0.2215909090909091,0,0.315
2024,2024-09-23,Ryan Bliss,0,24,433,0.269,0.377,0.456,12,0.14087759815242495,0.22401847575057737,50,0.331
2024,2024-09-23,Samad Taylor,0,25,599,0.262,0.352,0.38,11,0.11352253756260434,0.2604340567612688,50,0.352
2024,2024-09-23,Luis Urías,0,27,350,0.26,0.378,0.413,10,0.13714285714285715,0.16285714285714287,8,0.289
2024,2024-09-23,Tyler Locklear,0,23,318,0.26,0.371,0.43,8,0.12264150943396226,0.2389937106918239,5,0.33
2024,2024-09-23,Michael Papierski,0,28,336,0.242,0.358,0.372,6,0.14583333333333334,0.19940476190476192,1,0.292
2024,2024-09-23,Cade Marlowe,0,27,411,0.235,0.341,0.395,13,0.13381995133819952,0.3236009732360097,43,0.332
2024,2024-09-23,Isiah Gilliam,0,27,139,0.222,0.396,0.435,4,0.22302158273381295,0.31654676258992803,6,0.333
2024,2024-09-23,Duke Ellis,0,26,117,0.212,0.291,0.385,4,0.09401709401709402,0.2564102564102564,17,0.254
2024,2024-09-23,Logan Warmoth,0,28,67,0.2,0.308,0.273,1,0.11940298507462686,0.26865671641791045,3,0.27
2024,2024-09-23,Seby Zavala,0,30,123,0.188,0.325,0.376,4,0.13008130081300814,0.34959349593495936,0,0.273
2024,2024-09-23,Michael Pérez,0,31,60,0.176,0.3,0.392,3,0.13333333333333333,0.25,0,0.182
2024,2024-09-30,Kobe Kato,0,25,69,0.356,0.435,0.492,0,0.11594202898550725,0.21739130434782608,6,0.467
2024,2024-09-30,Rhylan Thomas,0,24,196,0.322,0.365,0.373,1,0.0663265306122449,0.061224489795918366,10,0.337
2024,2024-09-30,Nick Solak,0,29,347,0.311,0.406,0.446,9,0.11815561959654179,0.15273775216138327,10,0.352
2024,2024-09-30,Sam Haggerty,0,30,81,0.31,0.388,0.338,0,0.09876543209876543,0.2345679012345679,7,0.423
2024,2024-09-30,Jason Vosler,0,30,524,0.303,0.371,0.573,31,0.08778625954198473,0.21564885496183206,4,0.337
2024,2024-09-30,Leo Rivas,0,26,266,0.296,0.441,0.424,4,0.20676691729323307,0.19172932330827067,24,0.368
2024,2024-09-30,Blake Hunt,0,25,86,0.293,0.372,0.533,4,0.06976744186046512,0.11627906976744186,0,0.29
2024,2024-09-30,Michael Chavis,0,28,191,0.29,0.366,0.485,7,0.08376963350785341,0.18848167539267016,1,0.331
2024,2024-09-30,Dominic Canzone,1,26,130,0.287,0.354,0.513,7,0.09230769230769231,0.18461538461538463,2,0.302
2024,2024-09-30,Spencer Packard,0,26,176,0.279,0.358,0.416,2,0.10795454545454546,0.14772727272727273,0,0.32
2024,2024-09-30,Jake Slaughter,0,27,368,0.276,0.345,0.43,10,0.07880434782608696,0.266304347826087,11,0.362
2024,2024-09-30,Jonatan Clase,0,22,280,0.274,0.373,0.483,10,0.14285714285714285,0.2571428571428571,26,0.344
2024,2024-09-30,Brian Anderson,0,31,176,0.27,0.358,0.439,6,0.11363636363636363,0.2215909090909091,0,0.315
2024,2024-09-30,Ryan Bliss,1,24,433,0.269,0.377,0.456,12,0.14087759815242495,0.22401847575057737,50,0.331
2024,2024-09-30,Samad Taylor,1,25,599,0.262,0.352,0.38,11,0.11352253756260434,0.2604340567612688,50,0.352
2024,2024-09-30,Luis Urías,0,27,350,0.26,0.378,0.413,10,0.13714285714285715,0.16285714285714287,8,0.289
2024,2024-09-30,Tyler Locklear,1,23,318,0.26,0.371,0.43,8,0.12264150943396226,0.2389937106918239,5,0.33
2024,2024-09-30,Michael Papierski,0,28,336,0.242,0.358,0.372,6,0.14583333333333334,0.19940476190476192,1,0.292
2024,2024-09-30,Cade Marlowe,1,27,411,0.235,0.341,0.395,13,0.13381995133819952,0.3236009732360097,43,0.332
2024,2024-09-30,Isiah Gilliam,0,27,139,0.222,0.396,0.435,4,0.22302158273381295,0.31654676258992803,6,0.333
2024,2024-09-30,Duke Ellis,0,26,117,0.212,0.291,0.385,4,0.09401709401709402,0.2564102564102564,17,0.254
2024,2024-09-30,Logan Warmoth,0,28,67,0.2,0.308,0.273,1,0.11940298507462686,0.26865671641791045,3,0.27
2024,2024-09-30,Seby Zavala,0,30,123,0.188,0.325,0.376,4,0.13008130081300814,0.34959349593495936,0,0.273
2024,2024-09-30,Michael Pérez,0,31,60,0.176,0.3,0.392,3,0.13333333333333333,0.25,0,0.182
2025,2025-04-01,Colt Emerson,0,19,27,0.364,0.444,0.727,2,0.1111111111111111,0.2222222222222222,1,0.4
2025,2025-04-01,Rhylan Thomas,0,25,618,0.325,0.38,0.411,7,0.0744336569579288,0.05177993527508091,35,0.332
2025,2025-04-01,Leo Rivas,0,27,299,0.318,0.471,0.507,10,0.20735785953177258,0.19732441471571907,24,0.389
2025,2025-04-01,Tyler Locklear,0,24,434,0.316,0.401,0.542,19,0.10829493087557604,0.21889400921658986,18,0.375
2025,2025-04-01,Cade Marlowe,0,28,182,0.316,0.401,0.474,4,0.12637362637362637,0.23626373626373626,12,0.4
2025,2025-04-01,Luke Raley,0,30,38,0.314,0.368,0.6,3,0.05263157894736842,0.3157894736842105,0,0.4
2025,2025-04-01,Ben Williamson,0,24,240,0.314,0.392,0.462,5,0.10416666666666667,0.13333333333333333,10,0.349
2025,2025-04-01,Victor Robles,0,28,32,0.31,0.375,0.517,1,0.0,0.28125,2,0.421
2025,2025-04-01,Dominic Canzone,1,27,197,0.296,0.36,0.564,13,0.09137055837563451,0.2131979695431472,3,0.323
2025,2025-04-01,Samad Taylor,0,26,657,0.296,0.378,0.461,17,0.1111111111111111,0.1872146118721461,44,0.35
2025,2025-04-01,Miles Mastrobuoni,0,29,142,0.296,0.415,0.417,1,0.176056338028169,0.1267605633802817,9,0.337
2025,2025-04-01,Harry Ford,0,22,458,0.283,0.408,0.46,16,0.1615720524017467,0.19213973799126638,7,0.33
2025,2025-04-01,Leody Taveras,0,26,372,0.28,0.358,0.446,11,0.11021505376344086,0.1532258064516129,27,0.305
2025,2025-04-01,Spencer Packard,0,27,494,0.278,0.391,0.413,10,0.12955465587044535,0.13157894736842105,1,0.308
2025,2025-04-01,Cole Young,0,21,245,0.277,0.392,0.461,5,0.12653061224489795,0.11428571428571428,4,0.301
2025,2025-04-01,Blake Hunt,0,26,280,0.272,0.368,0.452,8,0.125,0.22142857142857142,1,0.331
2025,2025-04-01,Victor Labrada,0,25,236,0.265,0.397,0.376,1,0.15677966101694915,0.17796610169491525,14,0.331
2025,2025-04-01,Jack López,0,32,396,0.232,0.275,0.347,9,0.050505050505050504,0.2803030303030303,13,0.306
2025,2025-04-01,Colin Davis,0,26,90,0.224,0.337,0.368,3,0.12222222222222222,0.2111111111111111,5,0.259
2025,2025-04-01,Austin Shenton,0,27,352,0.217,0.324,0.413,14,0.1278409090909091,0.26136363636363635,0,0.259
2025,2025-04-01,Jacob Nottingham,0,30,65,0.193,0.277,0.298,0,0.06153846153846154,0.38461538461538464,0,0.333
2025,2025-04-01,Nick Dunn,0,28,108,0.184,0.25,0.255,1,0.08333333333333333,0.09259259259259259,1,0.193
2025,2025-04-01,Jacob Hurtubise,0,27,34,0.167,0.353,0.167,0,0.14705882352941177,0.08823529411764706,3,0.174
2025,2025-04-08,Colt Emerson,0,19,27,0.364,0.444,0.727,2,0.1111111111111111,0.2222222222222222,1,0.4
2025,2025-04-08,Rhylan Thomas,0,25,618,0.325,0.38,0.411,7,0.0744336569579288,0.05177993527508091,35,0.332
2025,2025-04-08,Leo Rivas,1,27,299,0.318,0.471,0.507,10,0.20735785953177258,0.19732441471571907,24,0.389
2025,2025-04-08,Tyler Locklear,0,24,434,0.316,0.401,0.542,19,0.10829493087557604,0.21889400921658986,18,0.375
2025,2025-04-08,Cade Marlowe,0,28,182,0.316,0.401,0.474,4,0.12637362637362637,0.23626373626373626,12,0.4
2025,2025-04-08,Luke Raley,0,30,38,0.314,0.368,0.6,3,0.05263157894736842,0.3157894736842105,0,0.4
2025,2025-04-08,Ben Williamson,1,24,240,0.314,0.392,0.462,5,0.10416666666666667,0.13333333333333333,10,0.349
2025,2025-04-08,Victor Robles,0,28,32,0.31,0.375,0.517,1,0.0,0.28125,2,0.421
2025,2025-04-08,Dominic Canzone,0,27,197,0.296,0.36,0.564,13,0.09137055837563451,0.2131979695431472,3,0.323
2025,2025-04-08,Samad Taylor,0,26,657,0.296,0.378,0.461,17,0.1111111111111111,0.1872146118721461,44,0.35
2025,2025-04-08,Miles Mastrobuoni,0,29,142,0.296,0.415,0.417,1,0.176056338028169,0.1267605633802817,9,0.337
2025,2025-04-08,Harry Ford,0,22,458,0.283,0.408,0.46,16,0.1615720524017467,0.19213973799126638,7,0.33
2025,2025-04-08,Leody Taveras,0,26,372,0.28,0.358,0.446,11,0.11021505376344086,0.1532258064516129,27,0.305
2025,2025-04-08,Spencer Packard,0,27,494,0.278,0.391,0.413,10,0.12955465587044535,0.13157894736842105,1,0.308
2025,2025-04-08,Cole Young,0,21,245,0.277,0.392,0.461,5,0.12653061224489795,0.11428571428571428,4,0.301
2025,2025-04-08,Blake Hunt,0,26,280,0.272,0.368,0.452,8,0.125,0.22142857142857142,1,0.331
2025,2025-04-08,Victor Labrada,0,25,236,0.265,0.397,0.376,1,0.15677966101694915,0.17796610169491525,14,0.331
2025,2025-04-08,Jack López,0,32,396,0.232,0.275,0.347,9,0.050505050505050504,0.2803030303030303,13,0.306
2025,2025-04-08,Colin Davis,0,26,90,0.224,0.337,0.368,3,0.12222222222222222,0.2111111111111111,5,0.259
2025,2025-04-08,Austin Shenton,0,27,352,0.217,0.324,0.413,14,0.1278409090909091,0.26136363636363635,0,0.259
2025,2025-04-08,Jacob Nottingham,0,30,65,0.193,0.277,0.298,0,0.06153846153846154,0.38461538461538464,0,0.333
2025,2025-04-08,Nick Dunn,0,28,108,0.184,0.25,0.255,1,0.08333333333333333,0.09259259259259259,1,0.193
2025,2025-04-08,Jacob Hurtubise,0,27,34,0.167,0.353,0.167,0,0.14705882352941177,0.08823529411764706,3,0.174
2025,2025-04-15,Colt Emerson,0,19,27,0.364,0.444,0.727,2,0.1111111111111111,0.2222222222222222,1,0.4
2025,2025-04-15,Rhylan Thomas,0,25,618,0.325,0.38,0.411,7,0.0744336569579288,0.05177993527508091,35,0.332
2025,2025-04-15,Leo Rivas,0,27,299,0.318,0.471,0.507,10,0.20735785953177258,0.19732441471571907,24,0.389
2025,2025-04-15,Tyler Locklear,0,24,434,0.316,0.401,0.542,19,0.10829493087557604,0.21889400921658986,18,0.375
2025,2025-04-15,Cade Marlowe,0,28,182,0.316,0.401,0.474,4,0.12637362637362637,0.23626373626373626,12,0.4
2025,2025-04-15,Luke Raley,0,30,38,0.314,0.368,0.6,3,0.05263157894736842,0.3157894736842105,0,0.4
2025,2025-04-15,Ben Williamson,0,24,240,0.314,0.392,0.462,5,0.10416666666666667,0.13333333333333333,10,0.349
2025,2025-04-15,Victor Robles,0,28,32,0.31,0.375,0.517,1,0.0,0.28125,2,0.421
2025,2025-04-15,Dominic Canzone,0,27,197,0.296,0.36,0.564,13,0.09137055837563451,0.2131979695431472,3,0.323
2025,2025-04-15,Samad Taylor,0,26,657,0.296,0.378,0.461,17,0.1111111111111111,0.1872146118721461,44,0.35
2025,2025-04-15,Miles Mastrobuoni,0,29,142,0.296,0.415,0.417,1,0.176056338028169,0.1267605633802817,9,0.337
2025,2025-04-15,Harry Ford,0,22,458,0.283,0.408,0.46,16,0.1615720524017467,0.19213973799126638,7,0.33
2025,2025-04-15,Leody Taveras,0,26,372,0.28,0.358,0.446,11,0.11021505376344086,0.1532258064516129,27,0.305
2025,2025-04-15,Spencer Packard,0,27,494,0.278,0.391,0.413,10,0.12955465587044535,0.13157894736842105,1,0.308
2025,2025-04-15,Cole Young,0,21,245,0.277,0.392,0.461,5,0.12653061224489795,0.11428571428571428,4,0.301
2025,2025-04-15,Blake Hunt,0,26,280,0.272,0.368,0.452,8,0.125,0.22142857142857142,1,0.331
2025,2025-04-15,Victor Labrada,0,25,236,0.265,0.397,0.376,1,0.15677966101694915,0.17796610169491525,14,0.331
2025,2025-04-15,Jack López,0,32,396,0.232,0.275,0.347,9,0.050505050505050504,0.2803030303030303,13,0.306
2025,2025-04-15,Colin Davis,0,26,90,0.224,0.337,0.368,3,0.12222222222222222,0.2111111111111111,5,0.259
2025,2025-04-15,Austin Shenton,0,27,352,0.217,0.324,0.413,14,0.1278409090909091,0.26136363636363635,0,0.259
2025,2025-04-15,Jacob Nottingham,0,30,65,0.193,0.277,0.298,0,0.06153846153846154,0.38461538461538464,0,0.333
2025,2025-04-15,Nick Dunn,0,28,108,0.184,0.25,0.255,1,0.08333333333333333,0.09259259259259259,1,0.193
2025,2025-04-15,Jacob Hurtubise,0,27,34,0.167,0.353,0.167,0,0.14705882352941177,0.08823529411764706,3,0.174
2025,2025-04-22,Colt Emerson,0,19,27,0.364,0.444,0.727,2,0.1111111111111111,0.2222222222222222,1,0.4
2025,2025-04-22,Rhylan Thomas,0,25,618,0.325,0.38,0.411,7,0.0744336569579288,0.05177993527508091,35,0.332
2025,2025-04-22,Leo Rivas,0,27,299,0.318,0.471,0.507,10,0.20735785953177258,0.19732441471571907,24,0.389
2025,2025-04-22,Tyler Locklear,0,24,434,0.316,0.401,0.542,19,0.10829493087557604,0.21889400921658986,18,0.375
2025,2025-04-22,Cade Marlowe,0,28,182,0.316,0.401,0.474,4,0.12637362637362637,0.23626373626373626,12,0.4
2025,2025-04-22,Luke Raley,0,30,38,0.314,0.368,0.6,3,0.05263157894736842,0.3157894736842105,0,0.4
2025,2025-04-22,Ben Williamson,0,24,240,0.314,0.392,0.462,5,0.10416666666666667,0.13333333333333333,10,0.349
2025,2025-04-22,Victor Robles,0,28,32,0.31,0.375,0.517,1,0.0,0.28125,2,0.421
2025,2025-04-22,Dominic Canzone,0,27,197,0.296,0.36,0.564,13,0.09137055837563451,0.2131979695431472,3,0.323
2025,2025-04-22,Samad Taylor,1,26,657,0.296,0.378,0.461,17,0.1111111111111111,0.1872146118721461,44,0.35
2025,2025-04-22,Miles Mastrobuoni,0,29,142,0.296,0.415,0.417,1,0.176056338028169,0.1267605633802817,9,0.337
2025,2025-04-22,Harry Ford,0,22,458,0.283,0.408,0.46,16,0.1615720524017467,0.19213973799126638,7,0.33
2025,2025-04-22,Leody Taveras,0,26,372,0.28,0.358,0.446,11,0.11021505376344086,0.1532258064516129,27,0.305
2025,2025-04-22,Spencer Packard,0,27,494,0.278,0.391,0.413,10,0.12955465587044535,0.13157894736842105,1,0.308
2025,2025-04-22,Cole Young,0,21,245,0.277,0.392,0.461,5,0.12653061224489795,0.11428571428571428,4,0.301
2025,2025-04-22,Blake Hunt,0,26,280,0.272,0.368,0.452,8,0.125,0.22142857142857142,1,0.331
2025,2025-04-22,Victor Labrada,0,25,236,0.265,0.397,0.376,1,0.15677966101694915,0.17796610169491525,14,0.331
2025,2025-04-22,Jack López,0,32,396,0.232,0.275,0.347,9,0.050505050505050504,0.2803030303030303,13,0.306
2025,2025-04-22,Colin Davis,0,26,90,0.224,0.337,0.368,3,0.12222222222222222,0.2111111111111111,5,0.259
2025,2025-04-22,Austin Shenton,0,27,352,0.217,0.324,0.413,14,0.1278409090909091,0.26136363636363635,0,0.259
2025,2025-04-22,Jacob Nottingham,0,30,65,0.193,0.277,0.298,0,0.06153846153846154,0.38461538461538464,0,0.333
2025,2025-04-22,Nick Dunn,0,28,108,0.184,0.25,0.255,1,0.08333333333333333,0.09259259259259259,1,0.193
2025,2025-04-22,Jacob Hurtubise,0,27,34,0.167,0.353,0.167,0,0.14705882352941177,0.08823529411764706,3,0.174
2025,2025-04-29,Colt Emerson,0,19,27,0.364,0.444,0.727,2,0.1111111111111111,0.2222222222222222,1,0.4
2025,2025-04-29,Rhylan Thomas,1,25,618,0.325,0.38,0.411,7,0.0744336569579288,0.05177993527508091,35,0.332
2025,2025-04-29,Leo Rivas,0,27,299,0.318,0.471,0.507,10,0.20735785953177258,0.19732441471571907,24,0.389
2025,2025-04-29,Tyler Locklear,0,24,434,0.316,0.401,0.542,19,0.10829493087557604,0.21889400921658986,18,0.375
2025,2025-04-29,Cade Marlowe,0,28,182,0.316,0.401,0.474,4,0.12637362637362637,0.23626373626373626,12,0.4
2025,2025-04-29,Luke Raley,0,30,38,0.314,0.368,0.6,3,0.05263157894736842,0.3157894736842105,0,0.4
2025,2025-04-29,Ben Williamson,0,24,240,0.314,0.392,0.462,5,0.10416666666666667,0.13333333333333333,10,0.349
2025,2025-04-29,Victor Robles,0,28,32,0.31,0.375,0.517,1,0.0,0.28125,2,0.421
2025,2025-04-29,Dominic Canzone,0,27,197,0.296,0.36,0.564,13,0.09137055837563451,0.2131979695431472,3,0.323
2025,2025-04-29,Samad Taylor,0,26,657,0.296,0.378,0.461,17,0.1111111111111111,0.1872146118721461,44,0.35
2025,2025-04-29,Miles Mastrobuoni,0,29,142,0.296,0.415,0.417,1,0.176056338028169,0.1267605633802817,9,0.337
2025,2025-04-29,Harry Ford,0,22,458,0.283,0.408,0.46,16,0.1615720524017467,0.19213973799126638,7,0.33
2025,2025-04-29,Leody Taveras,0,26,372,0.28,0.358,0.446,11,0.11021505376344086,0.1532258064516129,27,0.305
2025,2025-04-29,Spencer Packard,0,27,494,0.278,0.391,0.413,10,0.12955465587044535,0.13157894736842105,1,0.308
2025,2025-04-29,Cole Young,0,21,245,0.277,0.392,0.461,5,0.12653061224489795,0.11428571428571428,4,0.301
2025,2025-04-29,Blake Hunt,0,26,280,0.272,0.368,0.452,8,0.125,0.22142857142857142,1,0.331
2025,2025-04-29,Victor Labrada,0,25,236,0.265,0.397,0.376,1,0.15677966101694915,0.17796610169491525,14,0.331
2025,2025-04-29,Jack López,0,32,396,0.232,0.275,0.347,9,0.050505050505050504,0.2803030303030303,13,0.306
2025,2025-04-29,Colin Davis,0,26,90,0.224,0.337,0.368,3,0.12222222222222222,0.2111111111111111,5,0.259
2025,2025-04-29,Austin Shenton,0,27,352,0.217,0.324,0.413,14,0.1278409090909091,0.26136363636363635,0,0.259
2025,2025-04-29,Jacob Nottingham,0,30,65,0.193,0.277,0.298,0,0.06153846153846154,0.38461538461538464,0,0.333
2025,2025-04-29,Nick Dunn,0,28,108,0.184,0.25,0.255,1,0.08333333333333333,0.09259259259259259,1,0.193
2025,2025-04-29,Jacob Hurtubise,0,27,34,0.167,0.353,0.167,0,0.14705882352941177,0.08823529411764706,3,0.174
2025,2025-05-06,Colt Emerson,0,19,27,0.364,0.444,0.727,2,0.1111111111111111,0.2222222222222222,1,0.4
2025,2025-05-06,Rhylan Thomas,0,25,618,0.325,0.38,0.411,7,0.0744336569579288,0.05177993527508091,35,0.332
2025,2025-05-06,Leo Rivas,0,27,299,0.318,0.471,0.507,10,0.20735785953177258,0.19732441471571907,24,0.389
2025,2025-05-06,Tyler Locklear,0,24,434,0.316,0.401,0.542,19,0.10829493087557604,0.21889400921658986,18,0.375
2025,2025-05-06,Cade Marlowe,0,28,182,0.316,0.401,0.474,4,0.12637362637362637,0.23626373626373626,12,0.4
2025,2025-05-06,Luke Raley,0,30,38,0.314,0.368,0.6,3,0.05263157894736842,0.3157894736842105,0,0.4
2025,2025-05-06,Ben Williamson,0,24,240,0.314,0.392,0.462,5,0.10416666666666667,0.13333333333333333,10,0.349
2025,2025-05-06,Victor Robles,0,28,32,0.31,0.375,0.517,1,0.0,0.28125,2,0.421
2025,2025-05-06,Dominic Canzone,0,27,197,0.296,0.36,0.564,13,0.09137055837563451,0.2131979695431472,3,0.323
2025,2025-05-06,Samad Taylor,0,26,657,0.296,0.378,0.461,17,0.1111111111111111,0.1872146118721461,44,0.35
2025,2025-05-06,Miles Mastrobuoni,0,29,142,0.296,0.415,0.417,1,0.176056338028169,0.1267605633802817,9,0.337
2025,2025-05-06,Harry Ford,0,22,458,0.283,0.408,0.46,16,0.1615720524017467,0.19213973799126638,7,0.33
2025,2025-05-06,Leody Taveras,0,26,372,0.28,0.358,0.446,11,0.11021505376344086,0.1532258064516129,27,0.305
2025,2025-05-06,Spencer Packard,0,27,494,0.278,0.391,0.413,10,0.12955465587044535,0.13157894736842105,1,0.308
2025,2025-05-06,Cole Young,0,21,245,0.277,0.392,0.461,5,0.12653061224489795,0.11428571428571428,4,0.301
2025,2025-05-06,Blake Hunt,0,26,280,0.272,0.368,0.452,8,0.125,0.22142857142857142,1,0.331
2025,2025-05-06,Victor Labrada,0,25,236,0.265,0.397,0.376,1,0.15677966101694915,0.17796610169491525,14,0.331
2025,2025-05-06,Jack López,0,32,396,0.232,0.275,0.347,9,0.050505050505050504,0.2803030303030303,13,0.306
2025,2025-05-06,Colin Davis,0,26,90,0.224,0.337,0.368,3,0.12222222222222222,0.2111111111111111,5,0.259
2025,2025-05-06,Austin Shenton,0,27,352,0.217,0.324,0.413,14,0.1278409090909091,0.26136363636363635,0,0.259
2025,2025-05-06,Jacob Nottingham,0,30,65,0.193,0.277,0.298,0,0.06153846153846154,0.38461538461538464,0,0.333
2025,2025-05-06,Nick Dunn,0,28,108,0.184,0.25,0.255,1,0.08333333333333333,0.09259259259259259,1,0.193
2025,2025-05-06,Jacob Hurtubise,0,27,34,0.167,0.353,0.167,0,0.14705882352941177,0.08823529411764706,3,0.174
2025,2025-05-13,Colt Emerson,0,19,27,0.364,0.444,0.727,2,0.1111111111111111,0.2222222222222222,1,0.4
2025,2025-05-13,Rhylan Thomas,0,25,618,0.325,0.38,0.411,7,0.0744336569579288,0.05177993527508091,35,0.332
2025,2025-05-13,Leo Rivas,0,27,299,0.318,0.471,0.507,10,0.20735785953177258,0.19732441471571907,24,0.389
2025,2025-05-13,Tyler Locklear,0,24,434,0.316,0.401,0.542,19,0.10829493087557604,0.21889400921658986,18,0.375
2025,2025-05-13,Cade Marlowe,0,28,182,0.316,0.401,0.474,4,0.12637362637362637,0.23626373626373626,12,0.4
2025,2025-05-13,Luke Raley,0,30,38,0.314,0.368,0.6,3,0.05263157894736842,0.3157894736842105,0,0.4
2025,2025-05-13,Ben Williamson,0,24,240,0.314,0.392,0.462,5,0.10416666666666667,0.13333333333333333,10,0.349
2025,2025-05-13,Victor Robles,0,28,32,0.31,0.375,0.517,1,0.0,0.28125,2,0.421
2025,2025-05-13,Dominic Canzone,0,27,197,0.296,0.36,0.564,13,0.09137055837563451,0.2131979695431472,3,0.323
2025,2025-05-13,Samad Taylor,0,26,657,0.296,0.378,0.461,17,0.1111111111111111,0.1872146118721461,44,0.35
2025,2025-05-13,Miles Mastrobuoni,0,29,142,0.296,0.415,0.417,1,0.176056338028169,0.1267605633802817,9,0.337
2025,2025-05-13,Harry Ford,0,22,458,0.283,0.408,0.46,16,0.1615720524017467,0.19213973799126638,7,0.33
2025,2025-05-13,Leody Taveras,0,26,372,0.28,0.358,0.446,11,0.11021505376344086,0.1532258064516129,27,0.305
2025,2025-05-13,Spencer Packard,0,27,494,0.278,0.391,0.413,10,0.12955465587044535,0.13157894736842105,1,0.308
2025,2025-05-13,Cole Young,0,21,245,0.277,0.392,0.461,5,0.12653061224489795,0.11428571428571428,4,0.301
2025,2025-05-13,Blake Hunt,0,26,280,0.272,0.368,0.452,8,0.125,0.22142857142857142,1,0.331
2025,2025-05-13,Victor Labrada,0,25,236,0.265,0.397,0.376,1,0.15677966101694915,0.17796610169491525,14,0.331
2025,2025-05-13,Jack López,0,32,396,0.232,0.275,0.347,9,0.050505050505050504,0.2803030303030303,13,0.306
2025,2025-05-13,Colin Davis,0,26,90,0.224,0.337,0.368,3,0.12222222222222222,0.2111111111111111,5,0.259
2025,2025-05-13,Austin Shenton,0,27,352,0.217,0.324,0.413,14,0.1278409090909091,0.26136363636363635,0,0.259
2025,2025-05-13,Jacob Nottingham,0,30,65,0.193,0.277,0.298,0,0.06153846153846154,0.38461538461538464,0,0.333
2025,2025-05-13,Nick Dunn,0,28,108,0.184,0.25,0.255,1,0.08333333333333333,0.09259259259259259,1,0.193
2025,2025-05-13,Jacob Hurtubise,0,27,34,0.167,0.353,0.167,0,0.14705882352941177,0.08823529411764706,3,0.174
2025,2025-05-20,Colt Emerson,0,19,27,0.364,0.444,0.727,2,0.1111111111111111,0.2222222222222222,1,0.4
2025,2025-05-20,Rhylan Thomas,0,25,618,0.325,0.38,0.411,7,0.0744336569579288,0.05177993527508091,35,0.332
2025,2025-05-20,Leo Rivas,0,27,299,0.318,0.471,0.507,10,0.20735785953177258,0.19732441471571907,24,0.389
2025,2025-05-20,Tyler Locklear,0,24,434,0.316,0.401,0.542,19,0.10829493087557604,0.21889400921658986,18,0.375
2025,2025-05-20,Cade Marlowe,0,28,182,0.316,0.401,0.474,4,0.12637362637362637,0.23626373626373626,12,0.4
2025,2025-05-20,Luke Raley,0,30,38,0.314,0.368,0.6,3,0.05263157894736842,0.3157894736842105,0,0.4
2025,2025-05-20,Ben Williamson,0,24,240,0.314,0.392,0.462,5,0.10416666666666667,0.13333333333333333,10,0.349
2025,2025-05-20,Victor Robles,0,28,32,0.31,0.375,0.517,1,0.0,0.28125,2,0.421
2025,2025-05-20,Dominic Canzone,0,27,197,0.296,0.36,0.564,13,0.09137055837563451,0.2131979695431472,3,0.323
2025,2025-05-20,Samad Taylor,0,26,657,0.296,0.378,0.461,17,0.1111111111111111,0.1872146118721461,44,0.35
2025,2025-05-20,Miles Mastrobuoni,0,29,142,0.296,0.415,0.417,1,0.176056338028169,0.1267605633802817,9,0.337
2025,2025-05-20,Harry Ford,0,22,458,0.283,0.408,0.46,16,0.1615720524017467,0.19213973799126638,7,0.33
2025,2025-05-20,Leody Taveras,0,26,372,0.28,0.358,0.446,11,0.11021505376344086,0.1532258064516129,27,0.305
2025,2025-05-20,Spencer Packard,0,27,494,0.278,0.391,0.413,10,0.12955465587044535,0.13157894736842105,1,0.308
2025,2025-05-20,Cole Young,0,21,245,0.277,0.392,0.461,5,0.12653061224489795,0.11428571428571428,4,0.301
2025,2025-05-20,Blake Hunt,0,26,280,0.272,0.368,0.452,8,0.125,0.22142857142857142,1,0.331
2025,2025-05-20,Victor Labrada,0,25,236,0.265,0.397,0.376,1,0.15677966101694915,0.17796610169491525,14,0.331
2025,2025-05-20,Jack López,0,32,396,0.232,0.275,0.347,9,0.050505050505050504,0.2803030303030303,13,0.306
2025,2025-05-20,Colin Davis,0,26,90,0.224,0.337,0.368,3,0.12222222222222222,0.2111111111111111,5,0.259
2025,2025-05-20,Austin Shenton,0,27,352,0.217,0.324,0.413,14,0.1278409090909091,0.26136363636363635,0,0.259
2025,2025-05-20,Jacob Nottingham,0,30,65,0.193,0.277,0.298,0,0.06153846153846154,0.38461538461538464,0,0.333
2025,2025-05-20,Nick Dunn,0,28,108,0.184,0.25,0.255,1,0.08333333333333333,0.09259259259259259,1,0.193
2025,2025-05-20,Jacob Hurtubise,0,27,34,0.167,0.353,0.167,0,0.14705882352941177,0.08823529411764706,3,0.174
2025,2025-05-27,Colt Emerson,0,19,27,0.364,0.444,0.727,2,0.1111111111111111,0.2222222222222222,1,0.4
2025,2025-05-27,Rhylan Thomas,0,25,618,0.325,0.38,0.411,7,0.0744336569579288,0.05177993527508091,35,0.332
2025,2025-05-27,Leo Rivas,0,27,299,0.318,0.471,0.507,10,0.20735785953177258,0.19732441471571907,24,0.389
2025,2025-05-27,Tyler Locklear,0,24,434,0.316,0.401,0.542,19,0.10829493087557604,0.21889400921658986,18,0.375
2025,2025-05-27,Cade Marlowe,0,28,182,0.316,0.401,0.474,4,0.12637362637362637,0.23626373626373626,12,0.4
2025,2025-05-27,Luke Raley,0,30,38,0.314,0.368,0.6,3,0.05263157894736842,0.3157894736842105,0,0.4
2025,2025-05-27,Ben Williamson,0,24,240,0.314,0.392,0.462,5,0.10416666666666667,0.13333333333333333,10,0.349
2025,2025-05-27,Victor Robles,0,28,32,0.31,0.375,0.517,1,0.0,0.28125,2,0.421
2025,2025-05-27,Dominic Canzone,0,27,197,0.296,0.36,0.564,13,0.09137055837563451,0.2131979695431472,3,0.323
2025,2025-05-27,Samad Taylor,0,26,657,0.296,0.378,0.461,17,0.1111111111111111,0.1872146118721461,44,0.35
2025,2025-05-27,Miles Mastrobuoni,0,29,142,0.296,0.415,0.417,1,0.176056338028169,0.1267605633802817,9,0.337
2025,2025-05-27,Harry Ford,0,22,458,0.283,0.408,0.46,16,0.1615720524017467,0.19213973799126638,7,0.33
2025,2025-05-27,Leody Taveras,0,26,372,0.28,0.358,0.446,11,0.11021505376344086,0.1532258064516129,27,0.305
2025,2025-05-27,Spencer Packard,0,27,494,0.278,0.391,0.413,10,0.12955465587044535,0.13157894736842105,1,0.308
2025,2025-05-27,Cole Young,1,21,245,0.277,0.392,0.461,5,0.12653061224489795,0.11428571428571428,4,0.301
2025,2025-05-27,Blake Hunt,0,26,280,0.272,0.368,0.452,8,0.125,0.22142857142857142,1,0.331
2025,2025-05-27,Victor Labrada,0,25,236,0.265,0.397,0.376,1,0.15677966101694915,0.17796610169491525,14,0.331
2025,2025-05-27,Jack López,0,32,396,0.232,0.275,0.347,9,0.050505050505050504,0.2803030303030303,13,0.306
2025,2025-05-27,Colin Davis,0,26,90,0.224,0.337,0.368,3,0.12222222222222222,0.2111111111111111,5,0.259
2025,2025-05-27,Austin Shenton,0,27,352,0.217,0.324,0.413,14,0.1278409090909091,0.26136363636363635,0,0.259
2025,2025-05-27,Jacob Nottingham,0,30,65,0.193,0.277,0.298,0,0.06153846153846154,0.38461538461538464,0,0.333
2025,2025-05-27,Nick Dunn,0,28,108,0.184,0.25,0.255,1,0.08333333333333333,0.09259259259259259,1,0.193
2025,2025-05-27,Jacob Hurtubise,0,27,34,0.167,0.353,0.167,0,0.14705882352941177,0.08823529411764706,3,0.174
2025,2025-06-03,Colt Emerson,0,19,27,0.364,0.444,0.727,2,0.1111111111111111,0.2222222222222222,1,0.4
2025,2025-06-03,Rhylan Thomas,0,25,618,0.325,0.38,0.411,7,0.0744336569579288,0.05177993527508091,35,0.332
2025,2025-06-03,Leo Rivas,0,27,299,0.318,0.471,0.507,10,0.20735785953177258,0.19732441471571907,24,0.389
2025,2025-06-03,Tyler Locklear,0,24,434,0.316,0.401,0.542,19,0.10829493087557604,0.21889400921658986,18,0.375
2025,2025-06-03,Cade Marlowe,0,28,182,0.316,0.401,0.474,4,0.12637362637362637,0.23626373626373626,12,0.4
2025,2025-06-03,Luke Raley,0,30,38,0.314,0.368,0.6,3,0.05263157894736842,0.3157894736842105,0,0.4
2025,2025-06-03,Ben Williamson,0,24,240,0.314,0.392,0.462,5,0.10416666666666667,0.13333333333333333,10,0.349
2025,2025-06-03,Victor Robles,0,28,32,0.31,0.375,0.517,1,0.0,0.28125,2,0.421
2025,2025-06-03,Dominic Canzone,1,27,197,0.296,0.36,0.564,13,0.09137055837563451,0.2131979695431472,3,0.323
2025,2025-06-03,Samad Taylor,0,26,657,0.296,0.378,0.461,17,0.1111111111111111,0.1872146118721461,44,0.35
2025,2025-06-03,Miles Mastrobuoni,0,29,142,0.296,0.415,0.417,1,0.176056338028169,0.1267605633802817,9,0.337
2025,2025-06-03,Harry Ford,0,22,458,0.283,0.408,0.46,16,0.1615720524017467,0.19213973799126638,7,0.33
2025,2025-06-03,Leody Taveras,0,26,372,0.28,0.358,0.446,11,0.11021505376344086,0.1532258064516129,27,0.305
2025,2025-06-03,Spencer Packard,0,27,494,0.278,0.391,0.413,10,0.12955465587044535,0.13157894736842105,1,0.308
2025,2025-06-03,Cole Young,0,21,245,0.277,0.392,0.461,5,0.12653061224489795,0.11428571428571428,4,0.301
2025,2025-06-03,Blake Hunt,0,26,280,0.272,0.368,0.452,8,0.125,0.22142857142857142,1,0.331
2025,2025-06-03,Victor Labrada,0,25,236,0.265,0.397,0.376,1,0.15677966101694915,0.17796610169491525,14,0.331
2025,2025-06-03,Jack López,0,32,396,0.232,0.275,0.347,9,0.050505050505050504,0.2803030303030303,13,0.306
2025,2025-06-03,Colin Davis,0,26,90,0.224,0.337,0.368,3,0.12222222222222222,0.2111111111111111,5,0.259
2025,2025-06-03,Austin Shenton,0,27,352,0.217,0.324,0.413,14,0.1278409090909091,0.26136363636363635,0,0.259
2025,2025-06-03,Jacob Nottingham,0,30,65,0.193,0.277,0.298,0,0.06153846153846154,0.38461538461538464,0,0.333
2025,2025-06-03,Nick Dunn,0,28,108,0.184,0.25,0.255,1,0.08333333333333333,0.09259259259259259,1,0.193
2025,2025-06-03,Jacob Hurtubise,0,27,34,0.167,0.353,0.167,0,0.14705882352941177,0.08823529411764706,3,0.174
2025,2025-06-10,Colt Emerson,0,19,27,0.364,0.444,0.727,2,0.1111111111111111,0.2222222222222222,1,0.4
2025,2025-06-10,Rhylan Thomas,0,25,618,0.325,0.38,0.411,7,0.0744336569579288,0.05177993527508091,35,0.332
2025,2025-06-10,Leo Rivas,0,27,299,0.318,0.471,0.507,10,0.20735785953177258,0.19732441471571907,24,0.389
2025,2025-06-10,Tyler Locklear,0,24,434,0.316,0.401,0.542,19,0.10829493087557604,0.21889400921658986,18,0.375
2025,2025-06-10,Cade Marlowe,0,28,182,0.316,0.401,0.474,4,0.12637362637362637,0.23626373626373626,12,0.4
2025,2025-06-10,Luke Raley,0,30,38,0.314,0.368,0.6,3,0.05263157894736842,0.3157894736842105,0,0.4
2025,2025-06-10,Ben Williamson,0,24,240,0.314,0.392,0.462,5,0.10416666666666667,0.13333333333333333,10,0.349
2025,2025-06-10,Victor Robles,0,28,32,0.31,0.375,0.517,1,0.0,0.28125,2,0.421
2025,2025-06-10,Dominic Canzone,0,27,197,0.296,0.36,0.564,13,0.09137055837563451,0.2131979695431472,3,0.323
2025,2025-06-10,Samad Taylor,0,26,657,0.296,0.378,0.461,17,0.1111111111111111,0.1872146118721461,44,0.35
2025,2025-06-10,Miles Mastrobuoni,0,29,142,0.296,0.415,0.417,1,0.176056338028169,0.1267605633802817,9,0.337
2025,2025-06-10,Harry Ford,0,22,458,0.283,0.408,0.46,16,0.1615720524017467,0.19213973799126638,7,0.33
2025,2025-06-10,Leody Taveras,0,26,372,0.28,0.358,0.446,11,0.11021505376344086,0.1532258064516129,27,0.305
2025,2025-06-10,Spencer Packard,0,27,494,0.278,0.391,0.413,10,0.12955465587044535,0.13157894736842105,1,0.308
2025,2025-06-10,Cole Young,0,21,245,0.277,0.392,0.461,5,0.12653061224489795,0.11428571428571428,4,0.301
2025,2025-06-10,Blake Hunt,0,26,280,0.272,0.368,0.452,8,0.125,0.22142857142857142,1,0.331
2025,2025-06-10,Victor Labrada,0,25,236,0.265,0.397,0.376,1,0.15677966101694915,0.17796610169491525,14,0.331
2025,2025-06-10,Jack López,0,32,396,0.232,0.275,0.347,9,0.050505050505050504,0.2803030303030303,13,0.306
2025,2025-06-10,Colin Davis,0,26,90,0.224,0.337,0.368,3,0.12222222222222222,0.2111111111111111,5,0.259
2025,2025-06-10,Austin Shenton,0,27,352,0.217,0.324,0.413,14,0.1278409090909091,0.26136363636363635,0,0.259
2025,2025-06-10,Jacob Nottingham,0,30,65,0.193,0.277,0.298,0,0.06153846153846154,0.38461538461538464,0,0.333
2025,2025-06-10,Nick Dunn,0,28,108,0.184,0.25,0.255,1,0.08333333333333333,0.09259259259259259,1,0.193
2025,2025-06-10,Jacob Hurtubise,0,27,34,0.167,0.353,0.167,0,0.14705882352941177,0.08823529411764706,3,0.174
2025,2025-06-17,Colt Emerson,0,19,27,0.364,0.444,0.727,2,0.1111111111111111,0.2222222222222222,1,0.4
2025,2025-06-17,Rhylan Thomas,0,25,618,0.325,0.38,0.411,7,0.0744336569579288,0.05177993527508091,35,0.332
2025,2025-06-17,Leo Rivas,0,27,299,0.318,0.471,0.507,10,0.20735785953177258,0.19732441471571907,24,0.389
2025,2025-06-17,Tyler Locklear,0,24,434,0.316,0.401,0.542,19,0.10829493087557604,0.21889400921658986,18,0.375
2025,2025-06-17,Cade Marlowe,0,28,182,0.316,0.401,0.474,4,0.12637362637362637,0.23626373626373626,12,0.4
2025,2025-06-17,Luke Raley,0,30,38,0.314,0.368,0.6,3,0.05263157894736842,0.3157894736842105,0,0.4
2025,2025-06-17,Ben Williamson,0,24,240,0.314,0.392,0.462,5,0.10416666666666667,0.13333333333333333,10,0.349
2025,2025-06-17,Victor Robles,0,28,32,0.31,0.375,0.517,1,0.0,0.28125,2,0.421
2025,2025-06-17,Dominic Canzone,0,27,197,0.296,0.36,0.564,13,0.09137055837563451,0.2131979695431472,3,0.323
2025,2025-06-17,Samad Taylor,0,26,657,0.296,0.378,0.461,17,0.1111111111111111,0.1872146118721461,44,0.35
2025,2025-06-17,Miles Mastrobuoni,0,29,142,0.296,0.415,0.417,1,0.176056338028169,0.1267605633802817,9,0.337
2025,2025-06-17,Harry Ford,0,22,458,0.283,0.408,0.46,16,0.1615720524017467,0.19213973799126638,7,0.33
2025,2025-06-17,Leody Taveras,0,26,372,0.28,0.358,0.446,11,0.11021505376344086,0.1532258064516129,27,0.305
2025,2025-06-17,Spencer Packard,0,27,494,0.278,0.391,0.413,10,0.12955465587044535,0.13157894736842105,1,0.308
2025,2025-06-17,Cole Young,0,21,245,0.277,0.392,0.461,5,0.12653061224489795,0.11428571428571428,4,0.301
2025,2025-06-17,Blake Hunt,0,26,280,0.272,0.368,0.452,8,0.125,0.22142857142857142,1,0.331
2025,2025-06-17,Victor Labrada,0,25,236,0.265,0.397,0.376,1,0.15677966101694915,0.17796610169491525,14,0.331
2025,2025-06-17,Jack López,0,32,396,0.232,0.275,0.347,9,0.050505050505050504,0.2803030303030303,13,0.306
2025,2025-06-17,Colin Davis,0,26,90,0.224,0.337,0.368,3,0.12222222222222222,0.2111111111111111,5,0.259
2025,2025-06-17,Austin Shenton,0,27,352,0.217,0.324,0.413,14,0.1278409090909091,0.26136363636363635,0,0.259
2025,2025-06-17,Jacob Nottingham,0,30,65,0.193,0.277,0.298,0,0.06153846153846154,0.38461538461538464,0,0.333
2025,2025-06-17,Nick Dunn,0,28,108,0.184,0.25,0.255,1,0.08333333333333333,0.09259259259259259,1,0.193
2025,2025-06-17,Jacob Hurtubise,0,27,34,0.167,0.353,0.167,0,0.14705882352941177,0.08823529411764706,3,0.174
2025,2025-06-24,Colt Emerson,0,19,27,0.364,0.444,0.727,2,0.1111111111111111,0.2222222222222222,1,0.4
2025,2025-06-24,Rhylan Thomas,0,25,618,0.325,0.38,0.411,7,0.0744336569579288,0.05177993527508091,35,0.332
2025,2025-06-24,Leo Rivas,0,27,299,0.318,0.471,0.507,10,0.20735785953177258,0.19732441471571907,24,0.389
2025,2025-06-24,Tyler Locklear,0,24,434,0.316,0.401,0.542,19,0.10829493087557604,0.21889400921658986,18,0.375
2025,2025-06-24,Cade Marlowe,0,28,182,0.316,0.401,0.474,4,0.12637362637362637,0.23626373626373626,12,0.4
2025,2025-06-24,Luke Raley,0,30,38,0.314,0.368,0.6,3,0.05263157894736842,0.3157894736842105,0,0.4
2025,2025-06-24,Ben Williamson,0,24,240,0.314,0.392,0.462,5,0.10416666666666667,0.13333333333333333,10,0.349
2025,2025-06-24,Victor Robles,0,28,32,0.31,0.375,0.517,1,0.0,0.28125,2,0.421
2025,2025-06-24,Dominic Canzone,0,27,197,0.296,0.36,0.564,13,0.09137055837563451,0.2131979695431472,3,0.323
2025,2025-06-24,Samad Taylor,0,26,657,0.296,0.378,0.461,17,0.1111111111111111,0.1872146118721461,44,0.35
2025,2025-06-24,Miles Mastrobuoni,0,29,142,0.296,0.415,0.417,1,0.176056338028169,0.1267605633802817,9,0.337
2025,2025-06-24,Harry Ford,0,22,458,0.283,0.408,0.46,16,0.1615720524017467,0.19213973799126638,7,0.33
2025,2025-06-24,Leody Taveras,0,26,372,0.28,0.358,0.446,11,0.11021505376344086,0.1532258064516129,27,0.305
2025,2025-06-24,Spencer Packard,0,27,494,0.278,0.391,0.413,10,0.12955465587044535,0.13157894736842105,1,0.308
2025,2025-06-24,Cole Young,0,21,245,0.277,0.392,0.461,5,0.12653061224489795,0.11428571428571428,4,0.301
2025,2025-06-24,Blake Hunt,0,26,280,0.272,0.368,0.452,8,0.125,0.22142857142857142,1,0.331
2025,2025-06-24,Victor Labrada,0,25,236,0.265,0.397,0.376,1,0.15677966101694915,0.17796610169491525,14,0.331
2025,2025-06-24,Jack López,0,32,396,0.232,0.275,0.347,9,0.050505050505050504,0.2803030303030303,13,0.306
2025,2025-06-24,Colin Davis,0,26,90,0.224,0.337,0.368,3,0.12222222222222222,0.2111111111111111,5,0.259
2025,2025-06-24,Austin Shenton,0,27,352,0.217,0.324,0.413,14,0.1278409090909091,0.26136363636363635,0,0.259
2025,2025-06-24,Jacob Nottingham,0,30,65,0.193,0.277,0.298,0,0.06153846153846154,0.38461538461538464,0,0.333
2025,2025-06-24,Nick Dunn,0,28,108,0.184,0.25,0.255,1,0.08333333333333333,0.09259259259259259,1,0.193
2025,2025-06-24,Jacob Hurtubise,0,27,34,0.167,0.353,0.167,0,0.14705882352941177,0.08823529411764706,3,0.174
2025,2025-07-01,Colt Emerson,0,19,27,0.364,0.444,0.727,2,0.1111111111111111,0.2222222222222222,1,0.4
2025,2025-07-01,Rhylan Thomas,0,25,618,0.325,0.38,0.411,7,0.0744336569579288,0.05177993527508091,35,0.332
2025,2025-07-01,Leo Rivas,0,27,299,0.318,0.471,0.507,10,0.20735785953177258,0.19732441471571907,24,0.389
2025,2025-07-01,Tyler Locklear,0,24,434,0.316,0.401,0.542,19,0.10829493087557604,0.21889400921658986,18,0.375
2025,2025-07-01,Cade Marlowe,0,28,182,0.316,0.401,0.474,4,0.12637362637362637,0.23626373626373626,12,0.4
2025,2025-07-01,Luke Raley,0,30,38,0.314,0.368,0.6,3,0.05263157894736842,0.3157894736842105,0,0.4
2025,2025-07-01,Ben Williamson,0,24,240,0.314,0.392,0.462,5,0.10416666666666667,0.13333333333333333,10,0.349
2025,2025-07-01,Victor Robles,0,28,32,0.31,0.375,0.517,1,0.0,0.28125,2,0.421
2025,2025-07-01,Dominic Canzone,0,27,197,0.296,0.36,0.564,13,0.09137055837563451,0.2131979695431472,3,0.323
2025,2025-07-01,Samad Taylor,0,26,657,0.296,0.378,0.461,17,0.1111111111111111,0.1872146118721461,44,0.35
2025,2025-07-01,Miles Mastrobuoni,0,29,142,0.296,0.415,0.417,1,0.176056338028169,0.1267605633802817,9,0.337
2025,2025-07-01,Harry Ford,0,22,458,0.283,0.408,0.46,16,0.1615720524017467,0.19213973799126638,7,0.33
2025,2025-07-01,Leody Taveras,0,26,372,0.28,0.358,0.446,11,0.11021505376344086,0.1532258064516129,27,0.305
2025,2025-07-01,Spencer Packard,0,27,494,0.278,0.391,0.413,10,0.12955465587044535,0.13157894736842105,1,0.308
2025,2025-07-01,Cole Young,0,21,245,0.277,0.392,0.461,5,0.12653061224489795,0.11428571428571428,4,0.301
2025,2025-07-01,Blake Hunt,0,26,280,0.272,0.368,0.452,8,0.125,0.22142857142857142,1,0.331
2025,2025-07-01,Victor Labrada,0,25,236,0.265,0.397,0.376,1,0.15677966101694915,0.17796610169491525,14,0.331
2025,2025-07-01,Jack López,0,32,396,0.232,0.275,0.347,9,0.050505050505050504,0.2803030303030303,13,0.306
2025,2025-07-01,Colin Davis,0,26,90,0.224,0.337,0.368,3,0.12222222222222222,0.2111111111111111,5,0.259
2025,2025-07-01,Austin Shenton,0,27,352,0.217,0.324,0.413,14,0.1278409090909091,0.26136363636363635,0,0.259
2025,2025-07-01,Jacob Nottingham,0,30,65,0.193,0.277,0.298,0,0.06153846153846154,0.38461538461538464,0,0.333
2025,2025-07-01,Nick Dunn,0,28,108,0.184,0.25,0.255,1,0.08333333333333333,0.09259259259259259,1,0.193
2025,2025-07-01,Jacob Hurtubise,0,27,34,0.167,0.353,0.167,0,0.14705882352941177,0.08823529411764706,3,0.174
2025,2025-07-08,Colt Emerson,0,19,27,0.364,0.444,0.727,2,0.1111111111111111,0.2222222222222222,1,0.4
2025,2025-07-08,Rhylan Thomas,0,25,618,0.325,0.38,0.411,7,0.0744336569579288,0.05177993527508091,35,0.332
2025,2025-07-08,Leo Rivas,0,27,299,0.318,0.471,0.507,10,0.20735785953177258,0.19732441471571907,24,0.389
2025,2025-07-08,Tyler Locklear,0,24,434,0.316,0.401,0.542,19,0.10829493087557604,0.21889400921658986,18,0.375
2025,2025-07-08,Cade Marlowe,0,28,182,0.316,0.401,0.474,4,0.12637362637362637,0.23626373626373626,12,0.4
2025,2025-07-08,Luke Raley,0,30,38,0.314,0.368,0.6,3,0.05263157894736842,0.3157894736842105,0,0.4
2025,2025-07-08,Ben Williamson,0,24,240,0.314,0.392,0.462,5,0.10416666666666667,0.13333333333333333,10,0.349
2025,2025-07-08,Victor Robles,0,28,32,0.31,0.375,0.517,1,0.0,0.28125,2,0.421
2025,2025-07-08,Dominic Canzone,0,27,197,0.296,0.36,0.564,13,0.09137055837563451,0.2131979695431472,3,0.323
2025,2025-07-08,Samad Taylor,0,26,657,0.296,0.378,0.461,17,0.1111111111111111,0.1872146118721461,44,0.35
2025,2025-07-08,Miles Mastrobuoni,0,29,142,0.296,0.415,0.417,1,0.176056338028169,0.1267605633802817,9,0.337
2025,2025-07-08,Harry Ford,0,22,458,0.283,0.408,0.46,16,0.1615720524017467,0.19213973799126638,7,0.33
2025,2025-07-08,Leody Taveras,0,26,372,0.28,0.358,0.446,11,0.11021505376344086,0.1532258064516129,27,0.305
2025,2025-07-08,Spencer Packard,0,27,494,0.278,0.391,0.413,10,0.12955465587044535,0.13157894736842105,1,0.308
2025,2025-07-08,Cole Young,0,21,245,0.277,0.392,0.461,5,0.12653061224489795,0.11428571428571428,4,0.301
2025,2025-07-08,Blake Hunt,0,26,280,0.272,0.368,0.452,8,0.125,0.22142857142857142,1,0.331
2025,2025-07-08,Victor Labrada,0,25,236,0.265,0.397,0.376,1,0.15677966101694915,0.17796610169491525,14,0.331
2025,2025-07-08,Jack López,0,32,396,0.232,0.275,0.347,9,0.050505050505050504,0.2803030303030303,13,0.306
2025,2025-07-08,Colin Davis,0,26,90,0.224,0.337,0.368,3,0.12222222222222222,0.2111111111111111,5,0.259
2025,2025-07-08,Austin Shenton,0,27,352,0.217,0.324,0.413,14,0.1278409090909091,0.26136363636363635,0,0.259
2025,2025-07-08,Jacob Nottingham,0,30,65,0.193,0.277,0.298,0,0.06153846153846154,0.38461538461538464,0,0.333
2025,2025-07-08,Nick Dunn,0,28,108,0.184,0.25,0.255,1,0.08333333333333333,0.09259259259259259,1,0.193
2025,2025-07-08,Jacob Hurtubise,0,27,34,0.167,0.353,0.167,0,0.14705882352941177,0.08823529411764706,3,0.174
2025,2025-07-15,Colt Emerson,0,19,27,0.364,0.444,0.727,2,0.1111111111111111,0.2222222222222222,1,0.4
2025,2025-07-15,Rhylan Thomas,0,25,618,0.325,0.38,0.411,7,0.0744336569579288,0.05177993527508091,35,0.332
2025,2025-07-15,Leo Rivas,0,27,299,0.318,0.471,0.507,10,0.20735785953177258,0.19732441471571907,24,0.389
2025,2025-07-15,Tyler Locklear,0,24,434,0.316,0.401,0.542,19,0.10829493087557604,0.21889400921658986,18,0.375
2025,2025-07-15,Cade Marlowe,0,28,182,0.316,0.401,0.474,4,0.12637362637362637,0.23626373626373626,12,0.4
2025,2025-07-15,Luke Raley,0,30,38,0.314,0.368,0.6,3,0.05263157894736842,0.3157894736842105,0,0.4
2025,2025-07-15,Ben Williamson,0,24,240,0.314,0.392,0.462,5,0.10416666666666667,0.13333333333333333,10,0.349
2025,2025-07-15,Victor Robles,0,28,32,0.31,0.375,0.517,1,0.0,0.28125,2,0.421
2025,2025-07-15,Dominic Canzone,0,27,197,0.296,0.36,0.564,13,0.09137055837563451,0.2131979695431472,3,0.323
2025,2025-07-15,Samad Taylor,0,26,657,0.296,0.378,0.461,17,0.1111111111111111,0.1872146118721461,44,0.35
2025,2025-07-15,Miles Mastrobuoni,0,29,142,0.296,0.415,0.417,1,0.176056338028169,0.1267605633802817,9,0.337
2025,2025-07-15,Harry Ford,0,22,458,0.283,0.408,0.46,16,0.1615720524017467,0.19213973799126638,7,0.33
2025,2025-07-15,Leody Taveras,0,26,372,0.28,0.358,0.446,11,0.11021505376344086,0.1532258064516129,27,0.305
2025,2025-07-15,Spencer Packard,0,27,494,0.278,0.391,0.413,10,0.12955465587044535,0.13157894736842105,1,0.308
2025,2025-07-15,Cole Young,0,21,245,0.277,0.392,0.461,5,0.12653061224489795,0.11428571428571428,4,0.301
2025,2025-07-15,Blake Hunt,0,26,280,0.272,0.368,0.452,8,0.125,0.22142857142857142,1,0.331
2025,2025-07-15,Victor Labrada,0,25,236,0.265,0.397,0.376,1,0.15677966101694915,0.17796610169491525,14,0.331
2025,2025-07-15,Jack López,0,32,396,0.232,0.275,0.347,9,0.050505050505050504,0.2803030303030303,13,0.306
2025,2025-07-15,Colin Davis,0,26,90,0.224,0.337,0.368,3,0.12222222222222222,0.2111111111111111,5,0.259
2025,2025-07-15,Austin Shenton,0,27,352,0.217,0.324,0.413,14,0.1278409090909091,0.26136363636363635,0,0.259
2025,2025-07-15,Jacob Nottingham,0,30,65,0.193,0.277,0.298,0,0.06153846153846154,0.38461538461538464,0,0.333
2025,2025-07-15,Nick Dunn,0,28,108,0.184,0.25,0.255,1,0.08333333333333333,0.09259259259259259,1,0.193
2025,2025-07-15,Jacob Hurtubise,0,27,34,0.167,0.353,0.167,0,0.14705882352941177,0.08823529411764706,3,0.174
2025,2025-07-22,Colt Emerson,0,19,27,0.364,0.444,0.727,2,0.1111111111111111,0.2222222222222222,1,0.4
2025,2025-07-22,Rhylan Thomas,0,25,618,0.325,0.38,0.411,7,0.0744336569579288,0.05177993527508091,35,0.332
2025,2025-07-22,Leo Rivas,0,27,299,0.318,0.471,0.507,10,0.20735785953177258,0.19732441471571907,24,0.389
2025,2025-07-22,Tyler Locklear,0,24,434,0.316,0.401,0.542,19,0.10829493087557604,0.21889400921658986,18,0.375
2025,2025-07-22,Cade Marlowe,0,28,182,0.316,0.401,0.474,4,0.12637362637362637,0.23626373626373626,12,0.4
2025,2025-07-22,Luke Raley,0,30,38,0.314,0.368,0.6,3,0.05263157894736842,0.3157894736842105,0,0.4
2025,2025-07-22,Ben Williamson,0,24,240,0.314,0.392,0.462,5,0.10416666666666667,0.13333333333333333,10,0.349
2025,2025-07-22,Victor Robles,0,28,32,0.31,0.375,0.517,1,0.0,0.28125,2,0.421
2025,2025-07-22,Dominic Canzone,0,27,197,0.296,0.36,0.564,13,0.09137055837563451,0.2131979695431472,3,0.323
2025,2025-07-22,Samad Taylor,0,26,657,0.296,0.378,0.461,17,0.1111111111111111,0.1872146118721461,44,0.35
2025,2025-07-22,Miles Mastrobuoni,0,29,142,0.296,0.415,0.417,1,0.176056338028169,0.1267605633802817,9,0.337
2025,2025-07-22,Harry Ford,0,22,458,0.283,0.408,0.46,16,0.1615720524017467,0.19213973799126638,7,0.33
2025,2025-07-22,Leody Taveras,0,26,372,0.28,0.358,0.446,11,0.11021505376344086,0.1532258064516129,27,0.305
2025,2025-07-22,Spencer Packard,0,27,494,0.278,0.391,0.413,10,0.12955465587044535,0.13157894736842105,1,0.308
2025,2025-07-22,Cole Young,0,21,245,0.277,0.392,0.461,5,0.12653061224489795,0.11428571428571428,4,0.301
2025,2025-07-22,Blake Hunt,0,26,280,0.272,0.368,0.452,8,0.125,0.22142857142857142,1,0.331
2025,2025-07-22,Victor Labrada,0,25,236,0.265,0.397,0.376,1,0.15677966101694915,0.17796610169491525,14,0.331
2025,2025-07-22,Jack López,0,32,396,0.232,0.275,0.347,9,0.050505050505050504,0.2803030303030303,13,0.306
2025,2025-07-22,Colin Davis,0,26,90,0.224,0.337,0.368,3,0.12222222222222222,0.2111111111111111,5,0.259
2025,2025-07-22,Austin Shenton,0,27,352,0.217,0.324,0.413,14,0.1278409090909091,0.26136363636363635,0,0.259
2025,2025-07-22,Jacob Nottingham,0,30,65,0.193,0.277,0.298,0,0.06153846153846154,0.38461538461538464,0,0.333
2025,2025-07-22,Nick Dunn,0,28,108,0.184,0.25,0.255,1,0.08333333333333333,0.09259259259259259,1,0.193
2025,2025-07-22,Jacob Hurtubise,0,27,34,0.167,0.353,0.167,0,0.14705882352941177,0.08823529411764706,3,0.174
2025,2025-07-29,Colt Emerson,0,19,27,0.364,0.444,0.727,2,0.1111111111111111,0.2222222222222222,1,0.4
2025,2025-07-29,Rhylan Thomas,0,25,618,0.325,0.38,0.411,7,0.0744336569579288,0.05177993527508091,35,0.332
2025,2025-07-29,Leo Rivas,0,27,299,0.318,0.471,0.507,10,0.20735785953177258,0.19732441471571907,24,0.389
2025,2025-07-29,Tyler Locklear,1,24,434,0.316,0.401,0.542,19,0.10829493087557604,0.21889400921658986,18,0.375
2025,2025-07-29,Cade Marlowe,0,28,182,0.316,0.401,0.474,4,0.12637362637362637,0.23626373626373626,12,0.4
2025,2025-07-29,Luke Raley,0,30,38,0.314,0.368,0.6,3,0.05263157894736842,0.3157894736842105,0,0.4
2025,2025-07-29,Ben Williamson,0,24,240,0.314,0.392,0.462,5,0.10416666666666667,0.13333333333333333,10,0.349
2025,2025-07-29,Victor Robles,0,28,32,0.31,0.375,0.517,1,0.0,0.28125,2,0.421
2025,2025-07-29,Dominic Canzone,0,27,197,0.296,0.36,0.564,13,0.09137055837563451,0.2131979695431472,3,0.323
2025,2025-07-29,Samad Taylor,0,26,657,0.296,0.378,0.461,17,0.1111111111111111,0.1872146118721461,44,0.35
2025,2025-07-29,Miles Mastrobuoni,1,29,142,0.296,0.415,0.417,1,0.176056338028169,0.1267605633802817,9,0.337
2025,2025-07-29,Harry Ford,0,22,458,0.283,0.408,0.46,16,0.1615720524017467,0.19213973799126638,7,0.33
2025,2025-07-29,Leody Taveras,0,26,372,0.28,0.358,0.446,11,0.11021505376344086,0.1532258064516129,27,0.305
2025,2025-07-29,Spencer Packard,0,27,494,0.278,0.391,0.413,10,0.12955465587044535,0.13157894736842105,1,0.308
2025,2025-07-29,Cole Young,0,21,245,0.277,0.392,0.461,5,0.12653061224489795,0.11428571428571428,4,0.301
2025,2025-07-29,Blake Hunt,0,26,280,0.272,0.368,0.452,8,0.125,0.22142857142857142,1,0.331
2025,2025-07-29,Victor Labrada,0,25,236,0.265,0.397,0.376,1,0.15677966101694915,0.17796610169491525,14,0.331
2025,2025-07-29,Jack López,0,32,396,0.232,0.275,0.347,9,0.050505050505050504,0.2803030303030303,13,0.306
2025,2025-07-29,Colin Davis,0,26,90,0.224,0.337,0.368,3,0.12222222222222222,0.2111111111111111,5,0.259
2025,2025-07-29,Austin Shenton,0,27,352,0.217,0.324,0.413,14,0.1278409090909091,0.26136363636363635,0,0.259
2025,2025-07-29,Jacob Nottingham,0,30,65,0.193,0.277,0.298,0,0.06153846153846154,0.38461538461538464,0,0.333
2025,2025-07-29,Nick Dunn,0,28,108,0.184,0.25,0.255,1,0.08333333333333333,0.09259259259259259,1,0.193
2025,2025-07-29,Jacob Hurtubise,0,27,34,0.167,0.353,0.167,0,0.14705882352941177,0.08823529411764706,3,0.174
2025,2025-08-05,Colt Emerson,0,19,27,0.364,0.444,0.727,2,0.1111111111111111,0.2222222222222222,1,0.4
2025,2025-08-05,Rhylan Thomas,0,25,618,0.325,0.38,0.411,7,0.0744336569579288,0.05177993527508091,35,0.332
2025,2025-08-05,Leo Rivas,0,27,299,0.318,0.471,0.507,10,0.20735785953177258,0.19732441471571907,24,0.389
2025,2025-08-05,Tyler Locklear,0,24,434,0.316,0.401,0.542,19,0.10829493087557604,0.21889400921658986,18,0.375
2025,2025-08-05,Cade Marlowe,0,28,182,0.316,0.401,0.474,4,0.12637362637362637,0.23626373626373626,12,0.4
2025,2025-08-05,Luke Raley,0,30,38,0.314,0.368,0.6,3,0.05263157894736842,0.3157894736842105,0,0.4
2025,2025-08-05,Ben Williamson,0,24,240,0.314,0.392,0.462,5,0.10416666666666667,0.13333333333333333,10,0.349
2025,2025-08-05,Victor Robles,0,28,32,0.31,0.375,0.517,1,0.0,0.28125,2,0.421
2025,2025-08-05,Dominic Canzone,0,27,197,0.296,0.36,0.564,13,0.09137055837563451,0.2131979695431472,3,0.323
2025,2025-08-05,Samad Taylor,0,26,657,0.296,0.378,0.461,17,0.1111111111111111,0.1872146118721461,44,0.35
2025,2025-08-05,Miles Mastrobuoni,0,29,142,0.296,0.415,0.417,1,0.176056338028169,0.1267605633802817,9,0.337
2025,2025-08-05,Harry Ford,0,22,458,0.283,0.408,0.46,16,0.1615720524017467,0.19213973799126638,7,0.33
2025,2025-08-05,Leody Taveras,0,26,372,0.28,0.358,0.446,11,0.11021505376344086,0.1532258064516129,27,0.305
2025,2025-08-05,Spencer Packard,0,27,494,0.278,0.391,0.413,10,0.12955465587044535,0.13157894736842105,1,0.308
2025,2025-08-05,Cole Young,0,21,245,0.277,0.392,0.461,5,0.12653061224489795,0.11428571428571428,4,0.301
2025,2025-08-05,Blake Hunt,0,26,280,0.272,0.368,0.452,8,0.125,0.22142857142857142,1,0.331
2025,2025-08-05,Victor Labrada,0,25,236,0.265,0.397,0.376,1,0.15677966101694915,0.17796610169491525,14,0.331
2025,2025-08-05,Jack López,0,32,396,0.232,0.275,0.347,9,0.050505050505050504,0.2803030303030303,13,0.306
2025,2025-08-05,Colin Davis,0,26,90,0.224,0.337,0.368,3,0.12222222222222222,0.2111111111111111,5,0.259
2025,2025-08-05,Austin Shenton,0,27,352,0.217,0.324,0.413,14,0.1278409090909091,0.26136363636363635,0,0.259
2025,2025-08-05,Jacob Nottingham,0,30,65,0.193,0.277,0.298,0,0.06153846153846154,0.38461538461538464,0,0.333
2025,2025-08-05,Nick Dunn,0,28,108,0.184,0.25,0.255,1,0.08333333333333333,0.09259259259259259,1,0.193
2025,2025-08-05,Jacob Hurtubise,0,27,34,0.167,0.353,0.167,0,0.14705882352941177,0.08823529411764706,3,0.174
2025,2025-08-12,Colt Emerson,0,19,27,0.364,0.444,0.727,2,0.1111111111111111,0.2222222222222222,1,0.4
2025,2025-08-12,Rhylan Thomas,0,25,618,0.325,0.38,0.411,7,0.0744336569579288,0.05177993527508091,35,0.332
2025,2025-08-12,Leo Rivas,0,27,299,0.318,0.471,0.507,10,0.20735785953177258,0.19732441471571907,24,0.389
2025,2025-08-12,Tyler Locklear,0,24,434,0.316,0.401,0.542,19,0.10829493087557604,0.21889400921658986,18,0.375
2025,2025-08-12,Cade Marlowe,0,28,182,0.316,0.401,0.474,4,0.12637362637362637,0.23626373626373626,12,0.4
2025,2025-08-12,Luke Raley,0,30,38,0.314,0.368,0.6,3,0.05263157894736842,0.3157894736842105,0,0.4
2025,2025-08-12,Ben Williamson,0,24,240,0.314,0.392,0.462,5,0.10416666666666667,0.13333333333333333,10,0.349
2025,2025-08-12,Victor Robles,0,28,32,0.31,0.375,0.517,1,0.0,0.28125,2,0.421
2025,2025-08-12,Dominic Canzone,0,27,197,0.296,0.36,0.564,13,0.09137055837563451,0.2131979695431472,3,0.323
2025,2025-08-12,Samad Taylor,0,26,657,0.296,0.378,0.461,17,0.1111111111111111,0.1872146118721461,44,0.35
2025,2025-08-12,Miles Mastrobuoni,1,29,142,0.296,0.415,0.417,1,0.176056338028169,0.1267605633802817,9,0.337
2025,2025-08-12,Harry Ford,0,22,458,0.283,0.408,0.46,16,0.1615720524017467,0.19213973799126638,7,0.33
2025,2025-08-12,Leody Taveras,0,26,372,0.28,0.358,0.446,11,0.11021505376344086,0.1532258064516129,27,0.305
2025,2025-08-12,Spencer Packard,0,27,494,0.278,0.391,0.413,10,0.12955465587044535,0.13157894736842105,1,0.308
2025,2025-08-12,Cole Young,0,21,245,0.277,0.392,0.461,5,0.12653061224489795,0.11428571428571428,4,0.301
2025,2025-08-12,Blake Hunt,0,26,280,0.272,0.368,0.452,8,0.125,0.22142857142857142,1,0.331
2025,2025-08-12,Victor Labrada,0,25,236,0.265,0.397,0.376,1,0.15677966101694915,0.17796610169491525,14,0.331
2025,2025-08-12,Jack López,0,32,396,0.232,0.275,0.347,9,0.050505050505050504,0.2803030303030303,13,0.306
2025,2025-08-12,Colin Davis,0,26,90,0.224,0.337,0.368,3,0.12222222222222222,0.2111111111111111,5,0.259
2025,2025-08-12,Austin Shenton,0,27,352,0.217,0.324,0.413,14,0.1278409090909091,0.26136363636363635,0,0.259
2025,2025-08-12,Jacob Nottingham,0,30,65,0.193,0.277,0.298,0,0.06153846153846154,0.38461538461538464,0,0.333
2025,2025-08-12,Nick Dunn,0,28,108,0.184,0.25,0.255,1,0.08333333333333333,0.09259259259259259,1,0.193
2025,2025-08-12,Jacob Hurtubise,0,27,34,0.167,0.353,0.167,0,0.14705882352941177,0.08823529411764706,3,0.174
2025,2025-08-19,Colt Emerson,0,19,27,0.364,0.444,0.727,2,0.1111111111111111,0.2222222222222222,1,0.4
2025,2025-08-19,Rhylan Thomas,0,25,618,0.325,0.38,0.411,7,0.0744336569579288,0.05177993527508091,35,0.332
2025,2025-08-19,Leo Rivas,0,27,299,0.318,0.471,0.507,10,0.20735785953177258,0.19732441471571907,24,0.389
2025,2025-08-19,Tyler Locklear,0,24,434,0.316,0.401,0.542,19,0.10829493087557604,0.21889400921658986,18,0.375
2025,2025-08-19,Cade Marlowe,0,28,182,0.316,0.401,0.474,4,0.12637362637362637,0.23626373626373626,12,0.4
2025,2025-08-19,Luke Raley,0,30,38,0.314,0.368,0.6,3,0.05263157894736842,0.3157894736842105,0,0.4
2025,2025-08-19,Ben Williamson,0,24,240,0.314,0.392,0.462,5,0.10416666666666667,0.13333333333333333,10,0.349
2025,2025-08-19,Victor Robles,0,28,32,0.31,0.375,0.517,1,0.0,0.28125,2,0.421
2025,2025-08-19,Dominic Canzone,0,27,197,0.296,0.36,0.564,13,0.09137055837563451,0.2131979695431472,3,0.323
2025,2025-08-19,Samad Taylor,0,26,657,0.296,0.378,0.461,17,0.1111111111111111,0.1872146118721461,44,0.35
2025,2025-08-19,Miles Mastrobuoni,0,29,142,0.296,0.415,0.417,1,0.176056338028169,0.1267605633802817,9,0.337
2025,2025-08-19,Harry Ford,0,22,458,0.283,0.408,0.46,16,0.1615720524017467,0.19213973799126638,7,0.33
2025,2025-08-19,Leody Taveras,0,26,372,0.28,0.358,0.446,11,0.11021505376344086,0.1532258064516129,27,0.305
2025,2025-08-19,Spencer Packard,0,27,494,0.278,0.391,0.413,10,0.12955465587044535,0.13157894736842105,1,0.308
2025,2025-08-19,Cole Young,0,21,245,0.277,0.392,0.461,5,0.12653061224489795,0.11428571428571428,4,0.301
2025,2025-08-19,Blake Hunt,0,26,280,0.272,0.368,0.452,8,0.125,0.22142857142857142,1,0.331
2025,2025-08-19,Victor Labrada,0,25,236,0.265,0.397,0.376,1,0.15677966101694915,0.17796610169491525,14,0.331
2025,2025-08-19,Jack López,0,32,396,0.232,0.275,0.347,9,0.050505050505050504,0.2803030303030303,13,0.306
2025,2025-08-19,Colin Davis,0,26,90,0.224,0.337,0.368,3,0.12222222222222222,0.2111111111111111,5,0.259
2025,2025-08-19,Austin Shenton,0,27,352,0.217,0.324,0.413,14,0.1278409090909091,0.26136363636363635,0,0.259
2025,2025-08-19,Jacob Nottingham,0,30,65,0.193,0.277,0.298,0,0.06153846153846154,0.38461538461538464,0,0.333
2025,2025-08-19,Nick Dunn,0,28,108,0.184,0.25,0.255,1,0.08333333333333333,0.09259259259259259,1,0.193
2025,2025-08-19,Jacob Hurtubise,0,27,34,0.167,0.353,0.167,0,0.14705882352941177,0.08823529411764706,3,0.174
2025,2025-08-26,Colt Emerson,0,19,27,0.364,0.444,0.727,2,0.1111111111111111,0.2222222222222222,1,0.4
2025,2025-08-26,Rhylan Thomas,0,25,618,0.325,0.38,0.411,7,0.0744336569579288,0.05177993527508091,35,0.332
2025,2025-08-26,Leo Rivas,1,27,299,0.318,0.471,0.507,10,0.20735785953177258,0.19732441471571907,24,0.389
2025,2025-08-26,Tyler Locklear,0,24,434,0.316,0.401,0.542,19,0.10829493087557604,0.21889400921658986,18,0.375
2025,2025-08-26,Cade Marlowe,0,28,182,0.316,0.401,0.474,4,0.12637362637362637,0.23626373626373626,12,0.4
2025,2025-08-26,Luke Raley,0,30,38,0.314,0.368,0.6,3,0.05263157894736842,0.3157894736842105,0,0.4
2025,2025-08-26,Ben Williamson,0,24,240,0.314,0.392,0.462,5,0.10416666666666667,0.13333333333333333,10,0.349
2025,2025-08-26,Victor Robles,0,28,32,0.31,0.375,0.517,1,0.0,0.28125,2,0.421
2025,2025-08-26,Dominic Canzone,0,27,197,0.296,0.36,0.564,13,0.09137055837563451,0.2131979695431472,3,0.323
2025,2025-08-26,Samad Taylor,0,26,657,0.296,0.378,0.461,17,0.1111111111111111,0.1872146118721461,44,0.35
2025,2025-08-26,Miles Mastrobuoni,0,29,142,0.296,0.415,0.417,1,0.176056338028169,0.1267605633802817,9,0.337
2025,2025-08-26,Harry Ford,1,22,458,0.283,0.408,0.46,16,0.1615720524017467,0.19213973799126638,7,0.33
2025,2025-08-26,Leody Taveras,0,26,372,0.28,0.358,0.446,11,0.11021505376344086,0.1532258064516129,27,0.305
2025,2025-08-26,Spencer Packard,0,27,494,0.278,0.391,0.413,10,0.12955465587044535,0.13157894736842105,1,0.308
2025,2025-08-26,Cole Young,0,21,245,0.277,0.392,0.461,5,0.12653061224489795,0.11428571428571428,4,0.301
2025,2025-08-26,Blake Hunt,0,26,280,0.272,0.368,0.452,8,0.125,0.22142857142857142,1,0.331
2025,2025-08-26,Victor Labrada,0,25,236,0.265,0.397,0.376,1,0.15677966101694915,0.17796610169491525,14,0.331
2025,2025-08-26,Jack López,0,32,396,0.232,0.275,0.347,9,0.050505050505050504,0.2803030303030303,13,0.306
2025,2025-08-26,Colin Davis,0,26,90,0.224,0.337,0.368,3,0.12222222222222222,0.2111111111111111,5,0.259
2025,2025-08-26,Austin Shenton,0,27,352,0.217,0.324,0.413,14,0.1278409090909091,0.26136363636363635,0,0.259
2025,2025-08-26,Jacob Nottingham,0,30,65,0.193,0.277,0.298,0,0.06153846153846154,0.38461538461538464,0,0.333
2025,2025-08-26,Nick Dunn,0,28,108,0.184,0.25,0.255,1,0.08333333333333333,0.09259259259259259,1,0.193
2025,2025-08-26,Jacob Hurtubise,0,27,34,0.167,0.353,0.167,0,0.14705882352941177,0.08823529411764706,3,0.174
2025,2025-09-02,Colt Emerson,0,19,27,0.364,0.444,0.727,2,0.1111111111111111,0.2222222222222222,1,0.4
2025,2025-09-02,Rhylan Thomas,0,25,618,0.325,0.38,0.411,7,0.0744336569579288,0.05177993527508091,35,0.332
2025,2025-09-02,Leo Rivas,0,27,299,0.318,0.471,0.507,10,0.20735785953177258,0.19732441471571907,24,0.389
2025,2025-09-02,Tyler Locklear,0,24,434,0.316,0.401,0.542,19,0.10829493087557604,0.21889400921658986,18,0.375
2025,2025-09-02,Cade Marlowe,0,28,182,0.316,0.401,0.474,4,0.12637362637362637,0.23626373626373626,12,0.4
2025,2025-09-02,Luke Raley,0,30,38,0.314,0.368,0.6,3,0.05263157894736842,0.3157894736842105,0,0.4
2025,2025-09-02,Ben Williamson,0,24,240,0.314,0.392,0.462,5,0.10416666666666667,0.13333333333333333,10,0.349
2025,2025-09-02,Victor Robles,0,28,32,0.31,0.375,0.517,1,0.0,0.28125,2,0.421
2025,2025-09-02,Dominic Canzone,0,27,197,0.296,0.36,0.564,13,0.09137055837563451,0.2131979695431472,3,0.323
2025,2025-09-02,Samad Taylor,0,26,657,0.296,0.378,0.461,17,0.1111111111111111,0.1872146118721461,44,0.35
2025,2025-09-02,Miles Mastrobuoni,0,29,142,0.296,0.415,0.417,1,0.176056338028169,0.1267605633802817,9,0.337
2025,2025-09-02,Harry Ford,0,22,458,0.283,0.408,0.46,16,0.1615720524017467,0.19213973799126638,7,0.33
2025,2025-09-02,Leody Taveras,0,26,372,0.28,0.358,0.446,11,0.11021505376344086,0.1532258064516129,27,0.305
2025,2025-09-02,Spencer Packard,0,27,494,0.278,0.391,0.413,10,0.12955465587044535,0.13157894736842105,1,0.308
2025,2025-09-02,Cole Young,0,21,245,0.277,0.392,0.461,5,0.12653061224489795,0.11428571428571428,4,0.301
2025,2025-09-02,Blake Hunt,0,26,280,0.272,0.368,0.452,8,0.125,0.22142857142857142,1,0.331
2025,2025-09-02,Victor Labrada,0,25,236,0.265,0.397,0.376,1,0.15677966101694915,0.17796610169491525,14,0.331
2025,2025-09-02,Jack López,0,32,396,0.232,0.275,0.347,9,0.050505050505050504,0.2803030303030303,13,0.306
2025,2025-09-02,Colin Davis,0,26,90,0.224,0.337,0.368,3,0.12222222222222222,0.2111111111111111,5,0.259
2025,2025-09-02,Austin Shenton,0,27,352,0.217,0.324,0.413,14,0.1278409090909091,0.26136363636363635,0,0.259
2025,2025-09-02,Jacob Nottingham,0,30,65,0.193,0.277,0.298,0,0.06153846153846154,0.38461538461538464,0,0.333
2025,2025-09-02,Nick Dunn,0,28,108,0.184,0.25,0.255,1,0.08333333333333333,0.09259259259259259,1,0.193
2025,2025-09-02,Jacob Hurtubise,0,27,34,0.167,0.353,0.167,0,0.14705882352941177,0.08823529411764706,3,0.174
2025,2025-09-09,Colt Emerson,0,19,27,0.364,0.444,0.727,2,0.1111111111111111,0.2222222222222222,1,0.4
2025,2025-09-09,Rhylan Thomas,0,25,618,0.325,0.38,0.411,7,0.0744336569579288,0.05177993527508091,35,0.332
2025,2025-09-09,Leo Rivas,0,27,299,0.318,0.471,0.507,10,0.20735785953177258,0.19732441471571907,24,0.389
2025,2025-09-09,Tyler Locklear,0,24,434,0.316,0.401,0.542,19,0.10829493087557604,0.21889400921658986,18,0.375
2025,2025-09-09,Cade Marlowe,0,28,182,0.316,0.401,0.474,4,0.12637362637362637,0.23626373626373626,12,0.4
2025,2025-09-09,Luke Raley,0,30,38,0.314,0.368,0.6,3,0.05263157894736842,0.3157894736842105,0,0.4
2025,2025-09-09,Ben Williamson,0,24,240,0.314,0.392,0.462,5,0.10416666666666667,0.13333333333333333,10,0.349
2025,2025-09-09,Victor Robles,0,28,32,0.31,0.375,0.517,1,0.0,0.28125,2,0.421
2025,2025-09-09,Dominic Canzone,0,27,197,0.296,0.36,0.564,13,0.09137055837563451,0.2131979695431472,3,0.323
2025,2025-09-09,Samad Taylor,0,26,657,0.296,0.378,0.461,17,0.1111111111111111,0.1872146118721461,44,0.35
2025,2025-09-09,Miles Mastrobuoni,0,29,142,0.296,0.415,0.417,1,0.176056338028169,0.1267605633802817,9,0.337
2025,2025-09-09,Harry Ford,0,22,458,0.283,0.408,0.46,16,0.1615720524017467,0.19213973799126638,7,0.33
2025,2025-09-09,Leody Taveras,0,26,372,0.28,0.358,0.446,11,0.11021505376344086,0.1532258064516129,27,0.305
2025,2025-09-09,Spencer Packard,0,27,494,0.278,0.391,0.413,10,0.12955465587044535,0.13157894736842105,1,0.308
2025,2025-09-09,Cole Young,0,21,245,0.277,0.392,0.461,5,0.12653061224489795,0.11428571428571428,4,0.301
2025,2025-09-09,Blake Hunt,0,26,280,0.272,0.368,0.452,8,0.125,0.22142857142857142,1,0.331
2025,2025-09-09,Victor Labrada,0,25,236,0.265,0.397,0.376,1,0.15677966101694915,0.17796610169491525,14,0.331
2025,2025-09-09,Jack López,0,32,396,0.232,0.275,0.347,9,0.050505050505050504,0.2803030303030303,13,0.306
2025,2025-09-09,Colin Davis,0,26,90,0.224,0.337,0.368,3,0.12222222222222222,0.2111111111111111,5,0.259
2025,2025-09-09,Austin Shenton,0,27,352,0.217,0.324,0.413,14,0.1278409090909091,0.26136363636363635,0,0.259
2025,2025-09-09,Jacob Nottingham,0,30,65,0.193,0.277,0.298,0,0.06153846153846154,0.38461538461538464,0,0.333
2025,2025-09-09,Nick Dunn,0,28,108,0.184,0.25,0.255,1,0.08333333333333333,0.09259259259259259,1,0.193
2025,2025-09-09,Jacob Hurtubise,0,27,34,0.167,0.353,0.167,0,0.14705882352941177,0.08823529411764706,3,0.174
2025,2025-09-16,Colt Emerson,0,19,27,0.364,0.444,0.727,2,0.1111111111111111,0.2222222222222222,1,0.4
2025,2025-09-16,Rhylan Thomas,0,25,618,0.325,0.38,0.411,7,0.0744336569579288,0.05177993527508091,35,0.332
2025,2025-09-16,Leo Rivas,0,27,299,0.318,0.471,0.507,10,0.20735785953177258,0.19732441471571907,24,0.389
2025,2025-09-16,Tyler Locklear,0,24,434,0.316,0.401,0.542,19,0.10829493087557604,0.21889400921658986,18,0.375
2025,2025-09-16,Cade Marlowe,0,28,182,0.316,0.401,0.474,4,0.12637362637362637,0.23626373626373626,12,0.4
2025,2025-09-16,Luke Raley,0,30,38,0.314,0.368,0.6,3,0.05263157894736842,0.3157894736842105,0,0.4
2025,2025-09-16,Ben Williamson,0,24,240,0.314,0.392,0.462,5,0.10416666666666667,0.13333333333333333,10,0.349
2025,2025-09-16,Victor Robles,0,28,32,0.31,0.375,0.517,1,0.0,0.28125,2,0.421
2025,2025-09-16,Dominic Canzone,0,27,197,0.296,0.36,0.564,13,0.09137055837563451,0.2131979695431472,3,0.323
2025,2025-09-16,Samad Taylor,0,26,657,0.296,0.378,0.461,17,0.1111111111111111,0.1872146118721461,44,0.35
2025,2025-09-16,Miles Mastrobuoni,0,29,142,0.296,0.415,0.417,1,0.176056338028169,0.1267605633802817,9,0.337
2025,2025-09-16,Harry Ford,0,22,458,0.283,0.408,0.46,16,0.1615720524017467,0.19213973799126638,7,0.33
2025,2025-09-16,Leody Taveras,0,26,372,0.28,0.358,0.446,11,0.11021505376344086,0.1532258064516129,27,0.305
2025,2025-09-16,Spencer Packard,0,27,494,0.278,0.391,0.413,10,0.12955465587044535,0.13157894736842105,1,0.308
2025,2025-09-16,Cole Young,0,21,245,0.277,0.392,0.461,5,0.12653061224489795,0.11428571428571428,4,0.301
2025,2025-09-16,Blake Hunt,0,26,280,0.272,0.368,0.452,8,0.125,0.22142857142857142,1,0.331
2025,2025-09-16,Victor Labrada,0,25,236,0.265,0.397,0.376,1,0.15677966101694915,0.17796610169491525,14,0.331
2025,2025-09-16,Jack López,0,32,396,0.232,0.275,0.347,9,0.050505050505050504,0.2803030303030303,13,0.306
2025,2025-09-16,Colin Davis,0,26,90,0.224,0.337,0.368,3,0.12222222222222222,0.2111111111111111,5,0.259
2025,2025-09-16,Austin Shenton,0,27,352,0.217,0.324,0.413,14,0.1278409090909091,0.26136363636363635,0,0.259
2025,2025-09-16,Jacob Nottingham,0,30,65,0.193,0.277,0.298,0,0.06153846153846154,0.38461538461538464,0,0.333
2025,2025-09-16,Nick Dunn,0,28,108,0.184,0.25,0.255,1,0.08333333333333333,0.09259259259259259,1,0.193
2025,2025-09-16,Jacob Hurtubise,0,27,34,0.167,0.353,0.167,0,0.14705882352941177,0.08823529411764706,3,0.174
2025,2025-09-23,Colt Emerson,0,19,27,0.364,0.444,0.727,2,0.1111111111111111,0.2222222222222222,1,0.4
2025,2025-09-23,Rhylan Thomas,1,25,618,0.325,0.38,0.411,7,0.0744336569579288,0.05177993527508091,35,0.332
2025,2025-09-23,Leo Rivas,0,27,299,0.318,0.471,0.507,10,0.20735785953177258,0.19732441471571907,24,0.389
2025,2025-09-23,Tyler Locklear,0,24,434,0.316,0.401,0.542,19,0.10829493087557604,0.21889400921658986,18,0.375
2025,2025-09-23,Cade Marlowe,0,28,182,0.316,0.401,0.474,4,0.12637362637362637,0.23626373626373626,12,0.4
2025,2025-09-23,Luke Raley,0,30,38,0.314,0.368,0.6,3,0.05263157894736842,0.3157894736842105,0,0.4
2025,2025-09-23,Ben Williamson,1,24,240,0.314,0.392,0.462,5,0.10416666666666667,0.13333333333333333,10,0.349
2025,2025-09-23,Victor Robles,0,28,32,0.31,0.375,0.517,1,0.0,0.28125,2,0.421
2025,2025-09-23,Dominic Canzone,0,27,197,0.296,0.36,0.564,13,0.09137055837563451,0.2131979695431472,3,0.323
2025,2025-09-23,Samad Taylor,1,26,657,0.296,0.378,0.461,17,0.1111111111111111,0.1872146118721461,44,0.35
2025,2025-09-23,Miles Mastrobuoni,1,29,142,0.296,0.415,0.417,1,0.176056338028169,0.1267605633802817,9,0.337
2025,2025-09-23,Harry Ford,0,22,458,0.283,0.408,0.46,16,0.1615720524017467,0.19213973799126638,7,0.33
2025,2025-09-23,Leody Taveras,0,26,372,0.28,0.358,0.446,11,0.11021505376344086,0.1532258064516129,27,0.305
2025,2025-09-23,Spencer Packard,0,27,494,0.278,0.391,0.413,10,0.12955465587044535,0.13157894736842105,1,0.308
2025,2025-09-23,Cole Young,0,21,245,0.277,0.392,0.461,5,0.12653061224489795,0.11428571428571428,4,0.301
2025,2025-09-23,Blake Hunt,0,26,280,0.272,0.368,0.452,8,0.125,0.22142857142857142,1,0.331
2025,2025-09-23,Victor Labrada,0,25,236,0.265,0.397,0.376,1,0.15677966101694915,0.17796610169491525,14,0.331
2025,2025-09-23,Jack López,0,32,396,0.232,0.275,0.347,9,0.050505050505050504,0.2803030303030303,13,0.306
2025,2025-09-23,Colin Davis,0,26,90,0.224,0.337,0.368,3,0.12222222222222222,0.2111111111111111,5,0.259
2025,2025-09-23,Austin Shenton,0,27,352,0.217,0.324,0.413,14,0.1278409090909091,0.26136363636363635,0,0.259
2025,2025-09-23,Jacob Nottingham,0,30,65,0.193,0.277,0.298,0,0.06153846153846154,0.38461538461538464,0,0.333
2025,2025-09-23,Nick Dunn,0,28,108,0.184,0.25,0.255,1,0.08333333333333333,0.09259259259259259,1,0.193
2025,2025-09-23,Jacob Hurtubise,0,27,34,0.167,0.353,0.167,0,0.14705882352941177,0.08823529411764706,3,0.174
2025,2025-09-30,Colt Emerson,0,19,27,0.364,0.444,0.727,2,0.1111111111111111,0.2222222222222222,1,0.4
2025,2025-09-30,Rhylan Thomas,0,25,618,0.325,0.38,0.411,7,0.0744336569579288,0.05177993527508091,35,0.332
2025,2025-09-30,Leo Rivas,0,27,299,0.318,0.471,0.507,10,0.20735785953177258,0.19732441471571907,24,0.389
2025,2025-09-30,Tyler Locklear,0,24,434,0.316,0.401,0.542,19,0.10829493087557604,0.21889400921658986,18,0.375
2025,2025-09-30,Cade Marlowe,0,28,182,0.316,0.401,0.474,4,0.12637362637362637,0.23626373626373626,12,0.4
2025,2025-09-30,Luke Raley,0,30,38,0.314,0.368,0.6,3,0.05263157894736842,0.3157894736842105,0,0.4
2025,2025-09-30,Ben Williamson,0,24,240,0.314,0.392,0.462,5,0.10416666666666667,0.13333333333333333,10,0.349
2025,2025-09-30,Victor Robles,0,28,32,0.31,0.375,0.517,1,0.0,0.28125,2,0.421
2025,2025-09-30,Dominic Canzone,0,27,197,0.296,0.36,0.564,13,0.09137055837563451,0.2131979695431472,3,0.323
2025,2025-09-30,Samad Taylor,0,26,657,0.296,0.378,0.461,17,0.1111111111111111,0.1872146118721461,44,0.35
2025,2025-09-30,Miles Mastrobuoni,0,29,142,0.296,0.415,0.417,1,0.176056338028169,0.1267605633802817,9,0.337
2025,2025-09-30,Harry Ford,0,22,458,0.283,0.408,0.46,16,0.1615720524017467,0.19213973799126638,7,0.33
2025,2025-09-30,Leody Taveras,0,26,372,0.28,0.358,0.446,11,0.11021505376344086,0.1532258064516129,27,0.305
2025,2025-09-30,Spencer Packard,0,27,494,0.278,0.391,0.413,10,0.12955465587044535,0.13157894736842105,1,0.308
2025,2025-09-30,Cole Young,0,21,245,0.277,0.392,0.461,5,0.12653061224489795,0.11428571428571428,4,0.301
2025,2025-09-30,Blake Hunt,0,26,280,0.272,0.368,0.452,8,0.125,0.22142857142857142,1,0.331
2025,2025-09-30,Victor Labrada,0,25,236,0.265,0.397,0.376,1,0.15677966101694915,0.17796610169491525,14,0.331
2025,2025-09-30,Jack López,0,32,396,0.232,0.275,0.347,9,0.050505050505050504,0.2803030303030303,13,0.306
2025,2025-09-30,Colin Davis,0,26,90,0.224,0.337,0.368,3,0.12222222222222222,0.2111111111111111,5,0.259
2025,2025-09-30,Austin Shenton,0,27,352,0.217,0.324,0.413,14,0.1278409090909091,0.26136363636363635,0,0.259
2025,2025-09-30,Jacob Nottingham,0,30,65,0.193,0.277,0.298,0,0.06153846153846154,0.38461538461538464,0,0.333
2025,2025-09-30,Nick Dunn,0,28,108,0.184,0.25,0.255,1,0.08333333333333333,0.09259259259259259,1,0.193
2025,2025-09-30,Jacob Hurtubise,0,27,34,0.167,0.353,0.167,0,0.14705882352941177,0.08823529411764706,3,0.174
2026,2026-04-01,Willie MacIver,0,29,39,0.323,0.447,0.484,1,0.15384615384615385,0.10256410256410256,0,0.346
2026,2026-04-01,Jhonny Pereda,0,30,210,0.319,0.402,0.44,3,0.10952380952380952,0.11904761904761904,3,0.355
2026,2026-04-01,Will Wilson,0,27,61,0.314,0.41,0.431,1,0.14754098360655737,0.22950819672131148,2,0.405
2026,2026-04-01,Alejo Lopez,0,30,146,0.302,0.379,0.419,2,0.08904109589041095,0.0684931506849315,3,0.316
2026,2026-04-01,Patrick Wisdom,0,34,299,0.299,0.385,0.724,32,0.11371237458193979,0.25418060200668896,4,0.299
2026,2026-04-01,Nick Raposo,0,28,90,0.289,0.378,0.539,5,0.13333333333333333,0.2222222222222222,0,0.321
2026,2026-04-01,Stuart Fairchild,0,30,128,0.288,0.413,0.548,5,0.109375,0.15625,8,0.316
2026,2026-04-01,Blake Rambusch,0,26,80,0.284,0.338,0.392,1,0.075,0.1625,9,0.333
2026,2026-04-01,Michael Arroyo,0,21,235,0.277,0.353,0.49,8,0.08085106382978724,0.16170212765957448,4,0.296
2026,2026-04-01,Lazaro Montes,0,21,203,0.274,0.369,0.571,13,0.12315270935960591,0.3103448275862069,3,0.35
2026,2026-04-01,Spencer Packard,0,28,196,0.27,0.383,0.393,5,0.14795918367346939,0.14285714285714285,2,0.295
2026,2026-04-01,Victor Labrada,0,26,468,0.266,0.367,0.414,10,0.10683760683760683,0.20085470085470086,20,0.321
2026,2026-04-01,Brennen Davis,0,26,205,0.265,0.376,0.512,9,0.11707317073170732,0.22439024390243903,1,0.305
2026,2026-04-01,Connor Joe,1,33,318,0.264,0.365,0.42,8,0.1320754716981132,0.1949685534591195,6,0.31
2026,2026-04-01,Brock Rodden,0,26,410,0.262,0.342,0.499,19,0.1048780487804878,0.22682926829268293,8,0.299
2026,2026-04-01,Ryan Bliss,0,26,525,0.262,0.328,0.399,8,0.07428571428571429,0.2057142857142857,26,0.319
2026,2026-04-01,Rhylan Thomas,0,26,145,0.26,0.313,0.328,2,0.07586206896551724,0.08275862068965517,6,0.269
2026,2026-04-01,Victor Robles,0,29,54,0.256,0.389,0.349,0,0.16666666666666666,0.24074074074074073,2,0.355
2026,2026-04-01,Colt Emerson,0,20,169,0.255,0.347,0.469,7,0.10059171597633136,0.27218934911242604,10,0.323
2026,2026-04-01,Miles Mastrobuoni,0,30,188,0.255,0.351,0.41,3,0.13297872340425532,0.17553191489361702,7,0.299
2026,2026-04-01,Colin Davis,0,27,212,0.253,0.333,0.478,11,0.08490566037735849,0.29245283018867924,4,0.316
2026,2026-04-01,Andy Ibáñez,0,33,65,0.25,0.292,0.417,2,0.06153846153846154,0.16923076923076924,0,0.271
2026,2026-04-01,Jakson Reetz,0,30,175,0.25,0.343,0.349,3,0.09714285714285714,0.16,0,0.287
2026,2026-04-01,Brian O'Keefe,0,32,150,0.241,0.307,0.409,4,0.08666666666666667,0.26,1,0.309
2026,2026-04-01,Leo Rivas,0,28,100,0.227,0.414,0.36,3,0.2,0.23,4,0.286
2026,2026-04-01,Carson Taylor,0,27,228,0.226,0.338,0.332,3,0.14473684210526316,0.20175438596491227,1,0.276
2026,2026-04-01,Nolan Jones,0,28,82,0.225,0.305,0.465,4,0.10975609756097561,0.2682926829268293,2,0.255
2026,2026-04-01,Hogan Windish,0,27,76,0.211,0.263,0.352,3,0.039473684210526314,0.34210526315789475,0,0.286
2026,2026-04-01,Rob Refsnyder,0,35,32,0.207,0.281,0.31,1,0.09375,0.25,0,0.25
2026,2026-04-01,Axel Sanchez,0,23,60,0.196,0.3,0.333,2,0.11666666666666667,0.26666666666666666,3,0.235
2026,2026-04-08,Willie MacIver,0,29,39,0.323,0.447,0.484,1,0.15384615384615385,0.10256410256410256,0,0.346
2026,2026-04-08,Jhonny Pereda,0,30,210,0.319,0.402,0.44,3,0.10952380952380952,0.11904761904761904,3,0.355
2026,2026-04-08,Will Wilson,0,27,61,0.314,0.41,0.431,1,0.14754098360655737,0.22950819672131148,2,0.405
2026,2026-04-08,Alejo Lopez,0,30,146,0.302,0.379,0.419,2,0.08904109589041095,0.0684931506849315,3,0.316
2026,2026-04-08,Patrick Wisdom,1,34,299,0.299,0.385,0.724,32,0.11371237458193979,0.25418060200668896,4,0.299
2026,2026-04-08,Nick Raposo,0,28,90,0.289,0.378,0.539,5,0.13333333333333333,0.2222222222222222,0,0.321
2026,2026-04-08,Stuart Fairchild,0,30,128,0.288,0.413,0.548,5,0.109375,0.15625,8,0.316
2026,2026-04-08,Blake Rambusch,0,26,80,0.284,0.338,0.392,1,0.075,0.1625,9,0.333
2026,2026-04-08,Michael Arroyo,0,21,235,0.277,0.353,0.49,8,0.08085106382978724,0.16170212765957448,4,0.296
2026,2026-04-08,Lazaro Montes,0,21,203,0.274,0.369,0.571,13,0.12315270935960591,0.3103448275862069,3,0.35
2026,2026-04-08,Spencer Packard,0,28,196,0.27,0.383,0.393,5,0.14795918367346939,0.14285714285714285,2,0.295
2026,2026-04-08,Victor Labrada,0,26,468,0.266,0.367,0.414,10,0.10683760683760683,0.20085470085470086,20,0.321
2026,2026-04-08,Brennen Davis,0,26,205,0.265,0.376,0.512,9,0.11707317073170732,0.22439024390243903,1,0.305
2026,2026-04-08,Connor Joe,0,33,318,0.264,0.365,0.42,8,0.1320754716981132,0.1949685534591195,6,0.31
2026,2026-04-08,Brock Rodden,0,26,410,0.262,0.342,0.499,19,0.1048780487804878,0.22682926829268293,8,0.299
2026,2026-04-08,Ryan Bliss,0,26,525,0.262,0.328,0.399,8,0.07428571428571429,0.2057142857142857,26,0.319
2026,2026-04-08,Rhylan Thomas,0,26,145,0.26,0.313,0.328,2,0.07586206896551724,0.08275862068965517,6,0.269
2026,2026-04-08,Victor Robles,0,29,54,0.256,0.389,0.349,0,0.16666666666666666,0.24074074074074073,2,0.355
2026,2026-04-08,Colt Emerson,0,20,169,0.255,0.347,0.469,7,0.10059171597633136,0.27218934911242604,10,0.323
2026,2026-04-08,Miles Mastrobuoni,0,30,188,0.255,0.351,0.41,3,0.13297872340425532,0.17553191489361702,7,0.299
2026,2026-04-08,Colin Davis,0,27,212,0.253,0.333,0.478,11,0.08490566037735849,0.29245283018867924,4,0.316
2026,2026-04-08,Andy Ibáñez,0,33,65,0.25,0.292,0.417,2,0.06153846153846154,0.16923076923076924,0,0.271
2026,2026-04-08,Jakson Reetz,0,30,175,0.25,0.343,0.349,3,0.09714285714285714,0.16,0,0.287
2026,2026-04-08,Brian O'Keefe,0,32,150,0.241,0.307,0.409,4,0.08666666666666667,0.26,1,0.309
2026,2026-04-08,Leo Rivas,0,28,100,0.227,0.414,0.36,3,0.2,0.23,4,0.286
2026,2026-04-08,Carson Taylor,0,27,228,0.226,0.338,0.332,3,0.14473684210526316,0.20175438596491227,1,0.276
2026,2026-04-08,Nolan Jones,0,28,82,0.225,0.305,0.465,4,0.10975609756097561,0.2682926829268293,2,0.255
2026,2026-04-08,Hogan Windish,0,27,76,0.211,0.263,0.352,3,0.039473684210526314,0.34210526315789475,0,0.286
2026,2026-04-08,Rob Refsnyder,0,35,32,0.207,0.281,0.31,1,0.09375,0.25,0,0.25
2026,2026-04-08,Axel Sanchez,0,23,60,0.196,0.3,0.333,2,0.11666666666666667,0.26666666666666666,3,0.235
2026,2026-04-15,Willie MacIver,0,29,39,0.323,0.447,0.484,1,0.15384615384615385,0.10256410256410256,0,0.346
2026,2026-04-15,Jhonny Pereda,0,30,210,0.319,0.402,0.44,3,0.10952380952380952,0.11904761904761904,3,0.355
2026,2026-04-15,Will Wilson,1,27,61,0.314,0.41,0.431,1,0.14754098360655737,0.22950819672131148,2,0.405
2026,2026-04-15,Alejo Lopez,0,30,146,0.302,0.379,0.419,2,0.08904109589041095,0.0684931506849315,3,0.316
2026,2026-04-15,Patrick Wisdom,0,34,299,0.299,0.385,0.724,32,0.11371237458193979,0.25418060200668896,4,0.299
2026,2026-04-15,Nick Raposo,0,28,90,0.289,0.378,0.539,5,0.13333333333333333,0.2222222222222222,0,0.321
2026,2026-04-15,Stuart Fairchild,0,30,128,0.288,0.413,0.548,5,0.109375,0.15625,8,0.316
2026,2026-04-15,Blake Rambusch,0,26,80,0.284,0.338,0.392,1,0.075,0.1625,9,0.333
2026,2026-04-15,Michael Arroyo,0,21,235,0.277,0.353,0.49,8,0.08085106382978724,0.16170212765957448,4,0.296
2026,2026-04-15,Lazaro Montes,0,21,203,0.274,0.369,0.571,13,0.12315270935960591,0.3103448275862069,3,0.35
2026,2026-04-15,Spencer Packard,0,28,196,0.27,0.383,0.393,5,0.14795918367346939,0.14285714285714285,2,0.295
2026,2026-04-15,Victor Labrada,0,26,468,0.266,0.367,0.414,10,0.10683760683760683,0.20085470085470086,20,0.321
2026,2026-04-15,Brennen Davis,0,26,205,0.265,0.376,0.512,9,0.11707317073170732,0.22439024390243903,1,0.305
2026,2026-04-15,Connor Joe,0,33,318,0.264,0.365,0.42,8,0.1320754716981132,0.1949685534591195,6,0.31
2026,2026-04-15,Brock Rodden,0,26,410,0.262,0.342,0.499,19,0.1048780487804878,0.22682926829268293,8,0.299
2026,2026-04-15,Ryan Bliss,0,26,525,0.262,0.328,0.399,8,0.07428571428571429,0.2057142857142857,26,0.319
2026,2026-04-15,Rhylan Thomas,0,26,145,0.26,0.313,0.328,2,0.07586206896551724,0.08275862068965517,6,0.269
2026,2026-04-15,Victor Robles,0,29,54,0.256,0.389,0.349,0,0.16666666666666666,0.24074074074074073,2,0.355
2026,2026-04-15,Colt Emerson,0,20,169,0.255,0.347,0.469,7,0.10059171597633136,0.27218934911242604,10,0.323
2026,2026-04-15,Miles Mastrobuoni,0,30,188,0.255,0.351,0.41,3,0.13297872340425532,0.17553191489361702,7,0.299
2026,2026-04-15,Colin Davis,0,27,212,0.253,0.333,0.478,11,0.08490566037735849,0.29245283018867924,4,0.316
2026,2026-04-15,Andy Ibáñez,0,33,65,0.25,0.292,0.417,2,0.06153846153846154,0.16923076923076924,0,0.271
2026,2026-04-15,Jakson Reetz,0,30,175,0.25,0.343,0.349,3,0.09714285714285714,0.16,0,0.287
2026,2026-04-15,Brian O'Keefe,0,32,150,0.241,0.307,0.409,4,0.08666666666666667,0.26,1,0.309
2026,2026-04-15,Leo Rivas,0,28,100,0.227,0.414,0.36,3,0.2,0.23,4,0.286
2026,2026-04-15,Carson Taylor,0,27,228,0.226,0.338,0.332,3,0.14473684210526316,0.20175438596491227,1,0.276
2026,2026-04-15,Nolan Jones,0,28,82,0.225,0.305,0.465,4,0.10975609756097561,0.2682926829268293,2,0.255
2026,2026-04-15,Hogan Windish,0,27,76,0.211,0.263,0.352,3,0.039473684210526314,0.34210526315789475,0,0.286
2026,2026-04-15,Rob Refsnyder,0,35,32,0.207,0.281,0.31,1,0.09375,0.25,0,0.25
2026,2026-04-15,Axel Sanchez,0,23,60,0.196,0.3,0.333,2,0.11666666666666667,0.26666666666666666,3,0.235
2026,2026-04-22,Willie MacIver,0,29,39,0.323,0.447,0.484,1,0.15384615384615385,0.10256410256410256,0,0.346
2026,2026-04-22,Jhonny Pereda,0,30,210,0.319,0.402,0.44,3,0.10952380952380952,0.11904761904761904,3,0.355
2026,2026-04-22,Will Wilson,0,27,61,0.314,0.41,0.431,1,0.14754098360655737,0.22950819672131148,2,0.405
2026,2026-04-22,Alejo Lopez,0,30,146,0.302,0.379,0.419,2,0.08904109589041095,0.0684931506849315,3,0.316
2026,2026-04-22,Patrick Wisdom,0,34,299,0.299,0.385,0.724,32,0.11371237458193979,0.25418060200668896,4,0.299
2026,2026-04-22,Nick Raposo,0,28,90,0.289,0.378,0.539,5,0.13333333333333333,0.2222222222222222,0,0.321
2026,2026-04-22,Stuart Fairchild,0,30,128,0.288,0.413,0.548,5,0.109375,0.15625,8,0.316
2026,2026-04-22,Blake Rambusch,0,26,80,0.284,0.338,0.392,1,0.075,0.1625,9,0.333
2026,2026-04-22,Michael Arroyo,0,21,235,0.277,0.353,0.49,8,0.08085106382978724,0.16170212765957448,4,0.296
2026,2026-04-22,Lazaro Montes,0,21,203,0.274,0.369,0.571,13,0.12315270935960591,0.3103448275862069,3,0.35
2026,2026-04-22,Spencer Packard,0,28,196,0.27,0.383,0.393,5,0.14795918367346939,0.14285714285714285,2,0.295
2026,2026-04-22,Victor Labrada,0,26,468,0.266,0.367,0.414,10,0.10683760683760683,0.20085470085470086,20,0.321
2026,2026-04-22,Brennen Davis,0,26,205,0.265,0.376,0.512,9,0.11707317073170732,0.22439024390243903,1,0.305
2026,2026-04-22,Connor Joe,0,33,318,0.264,0.365,0.42,8,0.1320754716981132,0.1949685534591195,6,0.31
2026,2026-04-22,Brock Rodden,0,26,410,0.262,0.342,0.499,19,0.1048780487804878,0.22682926829268293,8,0.299
2026,2026-04-22,Ryan Bliss,0,26,525,0.262,0.328,0.399,8,0.07428571428571429,0.2057142857142857,26,0.319
2026,2026-04-22,Rhylan Thomas,0,26,145,0.26,0.313,0.328,2,0.07586206896551724,0.08275862068965517,6,0.269
2026,2026-04-22,Victor Robles,0,29,54,0.256,0.389,0.349,0,0.16666666666666666,0.24074074074074073,2,0.355
2026,2026-04-22,Colt Emerson,0,20,169,0.255,0.347,0.469,7,0.10059171597633136,0.27218934911242604,10,0.323
2026,2026-04-22,Miles Mastrobuoni,0,30,188,0.255,0.351,0.41,3,0.13297872340425532,0.17553191489361702,7,0.299
2026,2026-04-22,Colin Davis,0,27,212,0.253,0.333,0.478,11,0.08490566037735849,0.29245283018867924,4,0.316
2026,2026-04-22,Andy Ibáñez,0,33,65,0.25,0.292,0.417,2,0.06153846153846154,0.16923076923076924,0,0.271
2026,2026-04-22,Jakson Reetz,0,30,175,0.25,0.343,0.349,3,0.09714285714285714,0.16,0,0.287
2026,2026-04-22,Brian O'Keefe,0,32,150,0.241,0.307,0.409,4,0.08666666666666667,0.26,1,0.309
2026,2026-04-22,Leo Rivas,0,28,100,0.227,0.414,0.36,3,0.2,0.23,4,0.286
2026,2026-04-22,Carson Taylor,0,27,228,0.226,0.338,0.332,3,0.14473684210526316,0.20175438596491227,1,0.276
2026,2026-04-22,Nolan Jones,0,28,82,0.225,0.305,0.465,4,0.10975609756097561,0.2682926829268293,2,0.255
2026,2026-04-22,Hogan Windish,0,27,76,0.211,0.263,0.352,3,0.039473684210526314,0.34210526315789475,0,0.286
2026,2026-04-22,Rob Refsnyder,0,35,32,0.207,0.281,0.31,1,0.09375,0.25,0,0.25
2026,2026-04-22,Axel Sanchez,0,23,60,0.196,0.3,0.333,2,0.11666666666666667,0.26666666666666666,3,0.235
2026,2026-04-29,Willie MacIver,0,29,39,0.323,0.447,0.484,1,0.15384615384615385,0.10256410256410256,0,0.346
2026,2026-04-29,Jhonny Pereda,1,30,210,0.319,0.402,0.44,3,0.10952380952380952,0.11904761904761904,3,0.355
2026,2026-04-29,Will Wilson,0,27,61,0.314,0.41,0.431,1,0.14754098360655737,0.22950819672131148,2,0.405
2026,2026-04-29,Alejo Lopez,0,30,146,0.302,0.379,0.419,2,0.08904109589041095,0.0684931506849315,3,0.316
2026,2026-04-29,Patrick Wisdom,0,34,299,0.299,0.385,0.724,32,0.11371237458193979,0.25418060200668896,4,0.299
2026,2026-04-29,Nick Raposo,0,28,90,0.289,0.378,0.539,5,0.13333333333333333,0.2222222222222222,0,0.321
2026,2026-04-29,Stuart Fairchild,0,30,128,0.288,0.413,0.548,5,0.109375,0.15625,8,0.316
2026,2026-04-29,Blake Rambusch,0,26,80,0.284,0.338,0.392,1,0.075,0.1625,9,0.333
2026,2026-04-29,Michael Arroyo,0,21,235,0.277,0.353,0.49,8,0.08085106382978724,0.16170212765957448,4,0.296
2026,2026-04-29,Lazaro Montes,0,21,203,0.274,0.369,0.571,13,0.12315270935960591,0.3103448275862069,3,0.35
2026,2026-04-29,Spencer Packard,0,28,196,0.27,0.383,0.393,5,0.14795918367346939,0.14285714285714285,2,0.295
2026,2026-04-29,Victor Labrada,0,26,468,0.266,0.367,0.414,10,0.10683760683760683,0.20085470085470086,20,0.321
2026,2026-04-29,Brennen Davis,0,26,205,0.265,0.376,0.512,9,0.11707317073170732,0.22439024390243903,1,0.305
2026,2026-04-29,Connor Joe,0,33,318,0.264,0.365,0.42,8,0.1320754716981132,0.1949685534591195,6,0.31
2026,2026-04-29,Brock Rodden,0,26,410,0.262,0.342,0.499,19,0.1048780487804878,0.22682926829268293,8,0.299
2026,2026-04-29,Ryan Bliss,0,26,525,0.262,0.328,0.399,8,0.07428571428571429,0.2057142857142857,26,0.319
2026,2026-04-29,Rhylan Thomas,0,26,145,0.26,0.313,0.328,2,0.07586206896551724,0.08275862068965517,6,0.269
2026,2026-04-29,Victor Robles,0,29,54,0.256,0.389,0.349,0,0.16666666666666666,0.24074074074074073,2,0.355
2026,2026-04-29,Colt Emerson,0,20,169,0.255,0.347,0.469,7,0.10059171597633136,0.27218934911242604,10,0.323
2026,2026-04-29,Miles Mastrobuoni,0,30,188,0.255,0.351,0.41,3,0.13297872340425532,0.17553191489361702,7,0.299
2026,2026-04-29,Colin Davis,0,27,212,0.253,0.333,0.478,11,0.08490566037735849,0.29245283018867924,4,0.316
2026,2026-04-29,Andy Ibáñez,0,33,65,0.25,0.292,0.417,2,0.06153846153846154,0.16923076923076924,0,0.271
2026,2026-04-29,Jakson Reetz,0,30,175,0.25,0.343,0.349,3,0.09714285714285714,0.16,0,0.287
2026,2026-04-29,Brian O'Keefe,0,32,150,0.241,0.307,0.409,4,0.08666666666666667,0.26,1,0.309
2026,2026-04-29,Leo Rivas,0,28,100,0.227,0.414,0.36,3,0.2,0.23,4,0.286
2026,2026-04-29,Carson Taylor,0,27,228,0.226,0.338,0.332,3,0.14473684210526316,0.20175438596491227,1,0.276
2026,2026-04-29,Nolan Jones,0,28,82,0.225,0.305,0.465,4,0.10975609756097561,0.2682926829268293,2,0.255
2026,2026-04-29,Hogan Windish,0,27,76,0.211,0.263,0.352,3,0.039473684210526314,0.34210526315789475,0,0.286
2026,2026-04-29,Rob Refsnyder,0,35,32,0.207,0.281,0.31,1,0.09375,0.25,0,0.25
2026,2026-04-29,Axel Sanchez,0,23,60,0.196,0.3,0.333,2,0.11666666666666667,0.26666666666666666,3,0.235
2026,2026-05-06,Willie MacIver,0,29,39,0.323,0.447,0.484,1,0.15384615384615385,0.10256410256410256,0,0.346
2026,2026-05-06,Jhonny Pereda,0,30,210,0.319,0.402,0.44,3,0.10952380952380952,0.11904761904761904,3,0.355
2026,2026-05-06,Will Wilson,0,27,61,0.314,0.41,0.431,1,0.14754098360655737,0.22950819672131148,2,0.405
2026,2026-05-06,Alejo Lopez,0,30,146,0.302,0.379,0.419,2,0.08904109589041095,0.0684931506849315,3,0.316
2026,2026-05-06,Patrick Wisdom,0,34,299,0.299,0.385,0.724,32,0.11371237458193979,0.25418060200668896,4,0.299
2026,2026-05-06,Nick Raposo,0,28,90,0.289,0.378,0.539,5,0.13333333333333333,0.2222222222222222,0,0.321
2026,2026-05-06,Stuart Fairchild,0,30,128,0.288,0.413,0.548,5,0.109375,0.15625,8,0.316
2026,2026-05-06,Blake Rambusch,0,26,80,0.284,0.338,0.392,1,0.075,0.1625,9,0.333
2026,2026-05-06,Michael Arroyo,0,21,235,0.277,0.353,0.49,8,0.08085106382978724,0.16170212765957448,4,0.296
2026,2026-05-06,Lazaro Montes,0,21,203,0.274,0.369,0.571,13,0.12315270935960591,0.3103448275862069,3,0.35
2026,2026-05-06,Spencer Packard,0,28,196,0.27,0.383,0.393,5,0.14795918367346939,0.14285714285714285,2,0.295
2026,2026-05-06,Victor Labrada,0,26,468,0.266,0.367,0.414,10,0.10683760683760683,0.20085470085470086,20,0.321
2026,2026-05-06,Brennen Davis,0,26,205,0.265,0.376,0.512,9,0.11707317073170732,0.22439024390243903,1,0.305
2026,2026-05-06,Connor Joe,0,33,318,0.264,0.365,0.42,8,0.1320754716981132,0.1949685534591195,6,0.31
2026,2026-05-06,Brock Rodden,0,26,410,0.262,0.342,0.499,19,0.1048780487804878,0.22682926829268293,8,0.299
2026,2026-05-06,Ryan Bliss,0,26,525,0.262,0.328,0.399,8,0.07428571428571429,0.2057142857142857,26,0.319
2026,2026-05-06,Rhylan Thomas,0,26,145,0.26,0.313,0.328,2,0.07586206896551724,0.08275862068965517,6,0.269
2026,2026-05-06,Victor Robles,0,29,54,0.256,0.389,0.349,0,0.16666666666666666,0.24074074074074073,2,0.355
2026,2026-05-06,Colt Emerson,0,20,169,0.255,0.347,0.469,7,0.10059171597633136,0.27218934911242604,10,0.323
2026,2026-05-06,Miles Mastrobuoni,0,30,188,0.255,0.351,0.41,3,0.13297872340425532,0.17553191489361702,7,0.299
2026,2026-05-06,Colin Davis,0,27,212,0.253,0.333,0.478,11,0.08490566037735849,0.29245283018867924,4,0.316
2026,2026-05-06,Andy Ibáñez,0,33,65,0.25,0.292,0.417,2,0.06153846153846154,0.16923076923076924,0,0.271
2026,2026-05-06,Jakson Reetz,0,30,175,0.25,0.343,0.349,3,0.09714285714285714,0.16,0,0.287
2026,2026-05-06,Brian O'Keefe,0,32,150,0.241,0.307,0.409,4,0.08666666666666667,0.26,1,0.309
2026,2026-05-06,Leo Rivas,0,28,100,0.227,0.414,0.36,3,0.2,0.23,4,0.286
2026,2026-05-06,Carson Taylor,0,27,228,0.226,0.338,0.332,3,0.14473684210526316,0.20175438596491227,1,0.276
2026,2026-05-06,Nolan Jones,0,28,82,0.225,0.305,0.465,4,0.10975609756097561,0.2682926829268293,2,0.255
2026,2026-05-06,Hogan Windish,0,27,76,0.211,0.263,0.352,3,0.039473684210526314,0.34210526315789475,0,0.286
2026,2026-05-06,Rob Refsnyder,0,35,32,0.207,0.281,0.31,1,0.09375,0.25,0,0.25
2026,2026-05-06,Axel Sanchez,0,23,60,0.196,0.3,0.333,2,0.11666666666666667,0.26666666666666666,3,0.235
2026,2026-05-13,Willie MacIver,0,29,39,0.323,0.447,0.484,1,0.15384615384615385,0.10256410256410256,0,0.346
2026,2026-05-13,Jhonny Pereda,1,30,210,0.319,0.402,0.44,3,0.10952380952380952,0.11904761904761904,3,0.355
2026,2026-05-13,Will Wilson,0,27,61,0.314,0.41,0.431,1,0.14754098360655737,0.22950819672131148,2,0.405
2026,2026-05-13,Alejo Lopez,0,30,146,0.302,0.379,0.419,2,0.08904109589041095,0.0684931506849315,3,0.316
2026,2026-05-13,Patrick Wisdom,0,34,299,0.299,0.385,0.724,32,0.11371237458193979,0.25418060200668896,4,0.299
2026,2026-05-13,Nick Raposo,0,28,90,0.289,0.378,0.539,5,0.13333333333333333,0.2222222222222222,0,0.321
2026,2026-05-13,Stuart Fairchild,0,30,128,0.288,0.413,0.548,5,0.109375,0.15625,8,0.316
2026,2026-05-13,Blake Rambusch,0,26,80,0.284,0.338,0.392,1,0.075,0.1625,9,0.333
2026,2026-05-13,Michael Arroyo,0,21,235,0.277,0.353,0.49,8,0.08085106382978724,0.16170212765957448,4,0.296
2026,2026-05-13,Lazaro Montes,0,21,203,0.274,0.369,0.571,13,0.12315270935960591,0.3103448275862069,3,0.35
2026,2026-05-13,Spencer Packard,0,28,196,0.27,0.383,0.393,5,0.14795918367346939,0.14285714285714285,2,0.295
2026,2026-05-13,Victor Labrada,0,26,468,0.266,0.367,0.414,10,0.10683760683760683,0.20085470085470086,20,0.321
2026,2026-05-13,Brennen Davis,1,26,205,0.265,0.376,0.512,9,0.11707317073170732,0.22439024390243903,1,0.305
2026,2026-05-13,Connor Joe,0,33,318,0.264,0.365,0.42,8,0.1320754716981132,0.1949685534591195,6,0.31
2026,2026-05-13,Brock Rodden,0,26,410,0.262,0.342,0.499,19,0.1048780487804878,0.22682926829268293,8,0.299
2026,2026-05-13,Ryan Bliss,0,26,525,0.262,0.328,0.399,8,0.07428571428571429,0.2057142857142857,26,0.319
2026,2026-05-13,Rhylan Thomas,0,26,145,0.26,0.313,0.328,2,0.07586206896551724,0.08275862068965517,6,0.269
2026,2026-05-13,Victor Robles,0,29,54,0.256,0.389,0.349,0,0.16666666666666666,0.24074074074074073,2,0.355
2026,2026-05-13,Colt Emerson,1,20,169,0.255,0.347,0.469,7,0.10059171597633136,0.27218934911242604,10,0.323
2026,2026-05-13,Miles Mastrobuoni,0,30,188,0.255,0.351,0.41,3,0.13297872340425532,0.17553191489361702,7,0.299
2026,2026-05-13,Colin Davis,0,27,212,0.253,0.333,0.478,11,0.08490566037735849,0.29245283018867924,4,0.316
2026,2026-05-13,Andy Ibáñez,0,33,65,0.25,0.292,0.417,2,0.06153846153846154,0.16923076923076924,0,0.271
2026,2026-05-13,Jakson Reetz,0,30,175,0.25,0.343,0.349,3,0.09714285714285714,0.16,0,0.287
2026,2026-05-13,Brian O'Keefe,0,32,150,0.241,0.307,0.409,4,0.08666666666666667,0.26,1,0.309
2026,2026-05-13,Leo Rivas,0,28,100,0.227,0.414,0.36,3,0.2,0.23,4,0.286
2026,2026-05-13,Carson Taylor,0,27,228,0.226,0.338,0.332,3,0.14473684210526316,0.20175438596491227,1,0.276
2026,2026-05-13,Nolan Jones,0,28,82,0.225,0.305,0.465,4,0.10975609756097561,0.2682926829268293,2,0.255
2026,2026-05-13,Hogan Windish,0,27,76,0.211,0.263,0.352,3,0.039473684210526314,0.34210526315789475,0,0.286
2026,2026-05-13,Rob Refsnyder,0,35,32,0.207,0.281,0.31,1,0.09375,0.25,0,0.25
2026,2026-05-13,Axel Sanchez,0,23,60,0.196,0.3,0.333,2,0.11666666666666667,0.26666666666666666,3,0.235
2026,2026-05-20,Willie MacIver,0,29,39,0.323,0.447,0.484,1,0.15384615384615385,0.10256410256410256,0,0.346
2026,2026-05-20,Jhonny Pereda,0,30,210,0.319,0.402,0.44,3,0.10952380952380952,0.11904761904761904,3,0.355
2026,2026-05-20,Will Wilson,0,27,61,0.314,0.41,0.431,1,0.14754098360655737,0.22950819672131148,2,0.405
2026,2026-05-20,Alejo Lopez,0,30,146,0.302,0.379,0.419,2,0.08904109589041095,0.0684931506849315,3,0.316
2026,2026-05-20,Patrick Wisdom,0,34,299,0.299,0.385,0.724,32,0.11371237458193979,0.25418060200668896,4,0.299
2026,2026-05-20,Nick Raposo,0,28,90,0.289,0.378,0.539,5,0.13333333333333333,0.2222222222222222,0,0.321
2026,2026-05-20,Stuart Fairchild,0,30,128,0.288,0.413,0.548,5,0.109375,0.15625,8,0.316
2026,2026-05-20,Blake Rambusch,0,26,80,0.284,0.338,0.392,1,0.075,0.1625,9,0.333
2026,2026-05-20,Michael Arroyo,0,21,235,0.277,0.353,0.49,8,0.08085106382978724,0.16170212765957448,4,0.296
2026,2026-05-20,Lazaro Montes,0,21,203,0.274,0.369,0.571,13,0.12315270935960591,0.3103448275862069,3,0.35
2026,2026-05-20,Spencer Packard,0,28,196,0.27,0.383,0.393,5,0.14795918367346939,0.14285714285714285,2,0.295
2026,2026-05-20,Victor Labrada,0,26,468,0.266,0.367,0.414,10,0.10683760683760683,0.20085470085470086,20,0.321
2026,2026-05-20,Brennen Davis,0,26,205,0.265,0.376,0.512,9,0.11707317073170732,0.22439024390243903,1,0.305
2026,2026-05-20,Connor Joe,0,33,318,0.264,0.365,0.42,8,0.1320754716981132,0.1949685534591195,6,0.31
2026,2026-05-20,Brock Rodden,0,26,410,0.262,0.342,0.499,19,0.1048780487804878,0.22682926829268293,8,0.299
2026,2026-05-20,Ryan Bliss,0,26,525,0.262,0.328,0.399,8,0.07428571428571429,0.2057142857142857,26,0.319
2026,2026-05-20,Rhylan Thomas,0,26,145,0.26,0.313,0.328,2,0.07586206896551724,0.08275862068965517,6,0.269
2026,2026-05-20,Victor Robles,0,29,54,0.256,0.389,0.349,0,0.16666666666666666,0.24074074074074073,2,0.355
2026,2026-05-20,Colt Emerson,0,20,169,0.255,0.347,0.469,7,0.10059171597633136,0.27218934911242604,10,0.323
2026,2026-05-20,Miles Mastrobuoni,0,30,188,0.255,0.351,0.41,3,0.13297872340425532,0.17553191489361702,7,0.299
2026,2026-05-20,Colin Davis,0,27,212,0.253,0.333,0.478,11,0.08490566037735849,0.29245283018867924,4,0.316
2026,2026-05-20,Andy Ibáñez,0,33,65,0.25,0.292,0.417,2,0.06153846153846154,0.16923076923076924,0,0.271
2026,2026-05-20,Jakson Reetz,0,30,175,0.25,0.343,0.349,3,0.09714285714285714,0.16,0,0.287
2026,2026-05-20,Brian O'Keefe,0,32,150,0.241,0.307,0.409,4,0.08666666666666667,0.26,1,0.309
2026,2026-05-20,Leo Rivas,0,28,100,0.227,0.414,0.36,3,0.2,0.23,4,0.286
2026,2026-05-20,Carson Taylor,0,27,228,0.226,0.338,0.332,3,0.14473684210526316,0.20175438596491227,1,0.276
2026,2026-05-20,Nolan Jones,0,28,82,0.225,0.305,0.465,4,0.10975609756097561,0.2682926829268293,2,0.255
2026,2026-05-20,Hogan Windish,0,27,76,0.211,0.263,0.352,3,0.039473684210526314,0.34210526315789475,0,0.286
2026,2026-05-20,Rob Refsnyder,0,35,32,0.207,0.281,0.31,1,0.09375,0.25,0,0.25
2026,2026-05-20,Axel Sanchez,0,23,60,0.196,0.3,0.333,2,0.11666666666666667,0.26666666666666666,3,0.235
2026,2026-05-27,Willie MacIver,0,29,39,0.323,0.447,0.484,1,0.15384615384615385,0.10256410256410256,0,0.346
2026,2026-05-27,Jhonny Pereda,0,30,210,0.319,0.402,0.44,3,0.10952380952380952,0.11904761904761904,3,0.355
2026,2026-05-27,Will Wilson,0,27,61,0.314,0.41,0.431,1,0.14754098360655737,0.22950819672131148,2,0.405
2026,2026-05-27,Alejo Lopez,0,30,146,0.302,0.379,0.419,2,0.08904109589041095,0.0684931506849315,3,0.316
2026,2026-05-27,Patrick Wisdom,0,34,299,0.299,0.385,0.724,32,0.11371237458193979,0.25418060200668896,4,0.299
2026,2026-05-27,Nick Raposo,0,28,90,0.289,0.378,0.539,5,0.13333333333333333,0.2222222222222222,0,0.321
2026,2026-05-27,Stuart Fairchild,0,30,128,0.288,0.413,0.548,5,0.109375,0.15625,8,0.316
2026,2026-05-27,Blake Rambusch,0,26,80,0.284,0.338,0.392,1,0.075,0.1625,9,0.333
2026,2026-05-27,Michael Arroyo,0,21,235,0.277,0.353,0.49,8,0.08085106382978724,0.16170212765957448,4,0.296
2026,2026-05-27,Lazaro Montes,0,21,203,0.274,0.369,0.571,13,0.12315270935960591,0.3103448275862069,3,0.35
2026,2026-05-27,Spencer Packard,0,28,196,0.27,0.383,0.393,5,0.14795918367346939,0.14285714285714285,2,0.295
2026,2026-05-27,Victor Labrada,0,26,468,0.266,0.367,0.414,10,0.10683760683760683,0.20085470085470086,20,0.321
2026,2026-05-27,Brennen Davis,0,26,205,0.265,0.376,0.512,9,0.11707317073170732,0.22439024390243903,1,0.305
2026,2026-05-27,Connor Joe,0,33,318,0.264,0.365,0.42,8,0.1320754716981132,0.1949685534591195,6,0.31
2026,2026-05-27,Brock Rodden,0,26,410,0.262,0.342,0.499,19,0.1048780487804878,0.22682926829268293,8,0.299
2026,2026-05-27,Ryan Bliss,0,26,525,0.262,0.328,0.399,8,0.07428571428571429,0.2057142857142857,26,0.319
2026,2026-05-27,Rhylan Thomas,0,26,145,0.26,0.313,0.328,2,0.07586206896551724,0.08275862068965517,6,0.269
2026,2026-05-27,Victor Robles,0,29,54,0.256,0.389,0.349,0,0.16666666666666666,0.24074074074074073,2,0.355
2026,2026-05-27,Colt Emerson,0,20,169,0.255,0.347,0.469,7,0.10059171597633136,0.27218934911242604,10,0.323
2026,2026-05-27,Miles Mastrobuoni,0,30,188,0.255,0.351,0.41,3,0.13297872340425532,0.17553191489361702,7,0.299
2026,2026-05-27,Colin Davis,0,27,212,0.253,0.333,0.478,11,0.08490566037735849,0.29245283018867924,4,0.316
2026,2026-05-27,Andy Ibáñez,0,33,65,0.25,0.292,0.417,2,0.06153846153846154,0.16923076923076924,0,0.271
2026,2026-05-27,Jakson Reetz,0,30,175,0.25,0.343,0.349,3,0.09714285714285714,0.16,0,0.287
2026,2026-05-27,Brian O'Keefe,0,32,150,0.241,0.307,0.409,4,0.08666666666666667,0.26,1,0.309
2026,2026-05-27,Leo Rivas,0,28,100,0.227,0.414,0.36,3,0.2,0.23,4,0.286
2026,2026-05-27,Carson Taylor,0,27,228,0.226,0.338,0.332,3,0.14473684210526316,0.20175438596491227,1,0.276
2026,2026-05-27,Nolan Jones,0,28,82,0.225,0.305,0.465,4,0.10975609756097561,0.2682926829268293,2,0.255
2026,2026-05-27,Hogan Windish,0,27,76,0.211,0.263,0.352,3,0.039473684210526314,0.34210526315789475,0,0.286
2026,2026-05-27,Rob Refsnyder,0,35,32,0.207,0.281,0.31,1,0.09375,0.25,0,0.25
2026,2026-05-27,Axel Sanchez,0,23,60,0.196,0.3,0.333,2,0.11666666666666667,0.26666666666666666,3,0.235
2026,2026-06-03,Willie MacIver,0,29,39,0.323,0.447,0.484,1,0.15384615384615385,0.10256410256410256,0,0.346
2026,2026-06-03,Jhonny Pereda,0,30,210,0.319,0.402,0.44,3,0.10952380952380952,0.11904761904761904,3,0.355
2026,2026-06-03,Will Wilson,0,27,61,0.314,0.41,0.431,1,0.14754098360655737,0.22950819672131148,2,0.405
2026,2026-06-03,Alejo Lopez,0,30,146,0.302,0.379,0.419,2,0.08904109589041095,0.0684931506849315,3,0.316
2026,2026-06-03,Patrick Wisdom,0,34,299,0.299,0.385,0.724,32,0.11371237458193979,0.25418060200668896,4,0.299
2026,2026-06-03,Nick Raposo,0,28,90,0.289,0.378,0.539,5,0.13333333333333333,0.2222222222222222,0,0.321
2026,2026-06-03,Stuart Fairchild,0,30,128,0.288,0.413,0.548,5,0.109375,0.15625,8,0.316
2026,2026-06-03,Blake Rambusch,0,26,80,0.284,0.338,0.392,1,0.075,0.1625,9,0.333
2026,2026-06-03,Michael Arroyo,0,21,235,0.277,0.353,0.49,8,0.08085106382978724,0.16170212765957448,4,0.296
2026,2026-06-03,Lazaro Montes,0,21,203,0.274,0.369,0.571,13,0.12315270935960591,0.3103448275862069,3,0.35
2026,2026-06-03,Spencer Packard,0,28,196,0.27,0.383,0.393,5,0.14795918367346939,0.14285714285714285,2,0.295
2026,2026-06-03,Victor Labrada,0,26,468,0.266,0.367,0.414,10,0.10683760683760683,0.20085470085470086,20,0.321
2026,2026-06-03,Brennen Davis,0,26,205,0.265,0.376,0.512,9,0.11707317073170732,0.22439024390243903,1,0.305
2026,2026-06-03,Connor Joe,0,33,318,0.264,0.365,0.42,8,0.1320754716981132,0.1949685534591195,6,0.31
2026,2026-06-03,Brock Rodden,0,26,410,0.262,0.342,0.499,19,0.1048780487804878,0.22682926829268293,8,0.299
2026,2026-06-03,Ryan Bliss,1,26,525,0.262,0.328,0.399,8,0.07428571428571429,0.2057142857142857,26,0.319
2026,2026-06-03,Rhylan Thomas,0,26,145,0.26,0.313,0.328,2,0.07586206896551724,0.08275862068965517,6,0.269
2026,2026-06-03,Victor Robles,0,29,54,0.256,0.389,0.349,0,0.16666666666666666,0.24074074074074073,2,0.355
2026,2026-06-03,Colt Emerson,0,20,169,0.255,0.347,0.469,7,0.10059171597633136,0.27218934911242604,10,0.323
2026,2026-06-03,Miles Mastrobuoni,0,30,188,0.255,0.351,0.41,3,0.13297872340425532,0.17553191489361702,7,0.299
2026,2026-06-03,Colin Davis,0,27,212,0.253,0.333,0.478,11,0.08490566037735849,0.29245283018867924,4,0.316
2026,2026-06-03,Andy Ibáñez,0,33,65,0.25,0.292,0.417,2,0.06153846153846154,0.16923076923076924,0,0.271
2026,2026-06-03,Jakson Reetz,0,30,175,0.25,0.343,0.349,3,0.09714285714285714,0.16,0,0.287
2026,2026-06-03,Brian O'Keefe,0,32,150,0.241,0.307,0.409,4,0.08666666666666667,0.26,1,0.309
2026,2026-06-03,Leo Rivas,0,28,100,0.227,0.414,0.36,3,0.2,0.23,4,0.286
2026,2026-06-03,Carson Taylor,0,27,228,0.226,0.338,0.332,3,0.14473684210526316,0.20175438596491227,1,0.276
2026,2026-06-03,Nolan Jones,0,28,82,0.225,0.305,0.465,4,0.10975609756097561,0.2682926829268293,2,0.255
2026,2026-06-03,Hogan Windish,0,27,76,0.211,0.263,0.352,3,0.039473684210526314,0.34210526315789475,0,0.286
2026,2026-06-03,Rob Refsnyder,0,35,32,0.207,0.281,0.31,1,0.09375,0.25,0,0.25
2026,2026-06-03,Axel Sanchez,0,23,60,0.196,0.3,0.333,2,0.11666666666666667,0.26666666666666666,3,0.235
2026,2026-06-10,Willie MacIver,0,29,39,0.323,0.447,0.484,1,0.15384615384615385,0.10256410256410256,0,0.346
2026,2026-06-10,Jhonny Pereda,0,30,210,0.319,0.402,0.44,3,0.10952380952380952,0.11904761904761904,3,0.355
2026,2026-06-10,Will Wilson,0,27,61,0.314,0.41,0.431,1,0.14754098360655737,0.22950819672131148,2,0.405
2026,2026-06-10,Alejo Lopez,0,30,146,0.302,0.379,0.419,2,0.08904109589041095,0.0684931506849315,3,0.316
2026,2026-06-10,Patrick Wisdom,0,34,299,0.299,0.385,0.724,32,0.11371237458193979,0.25418060200668896,4,0.299
2026,2026-06-10,Nick Raposo,0,28,90,0.289,0.378,0.539,5,0.13333333333333333,0.2222222222222222,0,0.321
2026,2026-06-10,Stuart Fairchild,0,30,128,0.288,0.413,0.548,5,0.109375,0.15625,8,0.316
2026,2026-06-10,Blake Rambusch,0,26,80,0.284,0.338,0.392,1,0.075,0.1625,9,0.333
2026,2026-06-10,Michael Arroyo,0,21,235,0.277,0.353,0.49,8,0.08085106382978724,0.16170212765957448,4,0.296
2026,2026-06-10,Lazaro Montes,0,21,203,0.274,0.369,0.571,13,0.12315270935960591,0.3103448275862069,3,0.35
2026,2026-06-10,Spencer Packard,0,28,196,0.27,0.383,0.393,5,0.14795918367346939,0.14285714285714285,2,0.295
2026,2026-06-10,Victor Labrada,0,26,468,0.266,0.367,0.414,10,0.10683760683760683,0.20085470085470086,20,0.321
2026,2026-06-10,Brennen Davis,0,26,205,0.265,0.376,0.512,9,0.11707317073170732,0.22439024390243903,1,0.305
2026,2026-06-10,Connor Joe,1,33,318,0.264,0.365,0.42,8,0.1320754716981132,0.1949685534591195,6,0.31
2026,2026-06-10,Brock Rodden,0,26,410,0.262,0.342,0.499,19,0.1048780487804878,0.22682926829268293,8,0.299
2026,2026-06-10,Ryan Bliss,0,26,525,0.262,0.328,0.399,8,0.07428571428571429,0.2057142857142857,26,0.319
2026,2026-06-10,Rhylan Thomas,0,26,145,0.26,0.313,0.328,2,0.07586206896551724,0.08275862068965517,6,0.269
2026,2026-06-10,Victor Robles,0,29,54,0.256,0.389,0.349,0,0.16666666666666666,0.24074074074074073,2,0.355
2026,2026-06-10,Colt Emerson,0,20,169,0.255,0.347,0.469,7,0.10059171597633136,0.27218934911242604,10,0.323
2026,2026-06-10,Miles Mastrobuoni,0,30,188,0.255,0.351,0.41,3,0.13297872340425532,0.17553191489361702,7,0.299
2026,2026-06-10,Colin Davis,0,27,212,0.253,0.333,0.478,11,0.08490566037735849,0.29245283018867924,4,0.316
2026,2026-06-10,Andy Ibáñez,0,33,65,0.25,0.292,0.417,2,0.06153846153846154,0.16923076923076924,0,0.271
2026,2026-06-10,Jakson Reetz,0,30,175,0.25,0.343,0.349,3,0.09714285714285714,0.16,0,0.287
2026,2026-06-10,Brian O'Keefe,0,32,150,0.241,0.307,0.409,4,0.08666666666666667,0.26,1,0.309
2026,2026-06-10,Leo Rivas,0,28,100,0.227,0.414,0.36,3,0.2,0.23,4,0.286
2026,2026-06-10,Carson Taylor,0,27,228,0.226,0.338,0.332,3,0.14473684210526316,0.20175438596491227,1,0.276
2026,2026-06-10,Nolan Jones,0,28,82,0.225,0.305,0.465,4,0.10975609756097561,0.2682926829268293,2,0.255
2026,2026-06-10,Hogan Windish,0,27,76,0.211,0.263,0.352,3,0.039473684210526314,0.34210526315789475,0,0.286
2026,2026-06-10,Rob Refsnyder,0,35,32,0.207,0.281,0.31,1,0.09375,0.25,0,0.25
2026,2026-06-10,Axel Sanchez,0,23,60,0.196,0.3,0.333,2,0.11666666666666667,0.26666666666666666,3,0.235
2026,2026-06-17,Willie MacIver,0,29,39,0.323,0.447,0.484,1,0.15384615384615385,0.10256410256410256,0,0.346
2026,2026-06-17,Jhonny Pereda,0,30,210,0.319,0.402,0.44,3,0.10952380952380952,0.11904761904761904,3,0.355
2026,2026-06-17,Will Wilson,0,27,61,0.314,0.41,0.431,1,0.14754098360655737,0.22950819672131148,2,0.405
2026,2026-06-17,Alejo Lopez,0,30,146,0.302,0.379,0.419,2,0.08904109589041095,0.0684931506849315,3,0.316
2026,2026-06-17,Patrick Wisdom,0,34,299,0.299,0.385,0.724,32,0.11371237458193979,0.25418060200668896,4,0.299
2026,2026-06-17,Nick Raposo,0,28,90,0.289,0.378,0.539,5,0.13333333333333333,0.2222222222222222,0,0.321
2026,2026-06-17,Stuart Fairchild,0,30,128,0.288,0.413,0.548,5,0.109375,0.15625,8,0.316
2026,2026-06-17,Blake Rambusch,0,26,80,0.284,0.338,0.392,1,0.075,0.1625,9,0.333
2026,2026-06-17,Michael Arroyo,0,21,235,0.277,0.353,0.49,8,0.08085106382978724,0.16170212765957448,4,0.296
2026,2026-06-17,Lazaro Montes,0,21,203,0.274,0.369,0.571,13,0.12315270935960591,0.3103448275862069,3,0.35
2026,2026-06-17,Spencer Packard,0,28,196,0.27,0.383,0.393,5,0.14795918367346939,0.14285714285714285,2,0.295
2026,2026-06-17,Victor Labrada,0,26,468,0.266,0.367,0.414,10,0.10683760683760683,0.20085470085470086,20,0.321
2026,2026-06-17,Brennen Davis,0,26,205,0.265,0.376,0.512,9,0.11707317073170732,0.22439024390243903,1,0.305
2026,2026-06-17,Connor Joe,0,33,318,0.264,0.365,0.42,8,0.1320754716981132,0.1949685534591195,6,0.31
2026,2026-06-17,Brock Rodden,0,26,410,0.262,0.342,0.499,19,0.1048780487804878,0.22682926829268293,8,0.299
2026,2026-06-17,Ryan Bliss,0,26,525,0.262,0.328,0.399,8,0.07428571428571429,0.2057142857142857,26,0.319
2026,2026-06-17,Rhylan Thomas,0,26,145,0.26,0.313,0.328,2,0.07586206896551724,0.08275862068965517,6,0.269
2026,2026-06-17,Victor Robles,0,29,54,0.256,0.389,0.349,0,0.16666666666666666,0.24074074074074073,2,0.355
2026,2026-06-17,Colt Emerson,0,20,169,0.255,0.347,0.469,7,0.10059171597633136,0.27218934911242604,10,0.323
2026,2026-06-17,Miles Mastrobuoni,0,30,188,0.255,0.351,0.41,3,0.13297872340425532,0.17553191489361702,7,0.299
2026,2026-06-17,Colin Davis,0,27,212,0.253,0.333,0.478,11,0.08490566037735849,0.29245283018867924,4,0.316
2026,2026-06-17,Andy Ibáñez,0,33,65,0.25,0.292,0.417,2,0.06153846153846154,0.16923076923076924,0,0.271
2026,2026-06-17,Jakson Reetz,0,30,175,0.25,0.343,0.349,3,0.09714285714285714,0.16,0,0.287
2026,2026-06-17,Brian O'Keefe,0,32,150,0.241,0.307,0.409,4,0.08666666666666667,0.26,1,0.309
2026,2026-06-17,Leo Rivas,0,28,100,0.227,0.414,0.36,3,0.2,0.23,4,0.286
2026,2026-06-17,Carson Taylor,0,27,228,0.226,0.338,0.332,3,0.14473684210526316,0.20175438596491227,1,0.276
2026,2026-06-17,Nolan Jones,0,28,82,0.225,0.305,0.465,4,0.10975609756097561,0.2682926829268293,2,0.255
2026,2026-06-17,Hogan Windish,0,27,76,0.211,0.263,0.352,3,0.039473684210526314,0.34210526315789475,0,0.286
2026,2026-06-17,Rob Refsnyder,0,35,32,0.207,0.281,0.31,1,0.09375,0.25,0,0.25
2026,2026-06-17,Axel Sanchez,0,23,60,0.196,0.3,0.333,2,0.11666666666666667,0.26666666666666666,3,0.235
2026,2026-06-24,Willie MacIver,0,29,39,0.323,0.447,0.484,1,0.15384615384615385,0.10256410256410256,0,0.346
2026,2026-06-24,Jhonny Pereda,0,30,210,0.319,0.402,0.44,3,0.10952380952380952,0.11904761904761904,3,0.355
2026,2026-06-24,Will Wilson,0,27,61,0.314,0.41,0.431,1,0.14754098360655737,0.22950819672131148,2,0.405
2026,2026-06-24,Alejo Lopez,0,30,146,0.302,0.379,0.419,2,0.08904109589041095,0.0684931506849315,3,0.316
2026,2026-06-24,Patrick Wisdom,0,34,299,0.299,0.385,0.724,32,0.11371237458193979,0.25418060200668896,4,0.299
2026,2026-06-24,Nick Raposo,0,28,90,0.289,0.378,0.539,5,0.13333333333333333,0.2222222222222222,0,0.321
2026,2026-06-24,Stuart Fairchild,0,30,128,0.288,0.413,0.548,5,0.109375,0.15625,8,0.316
2026,2026-06-24,Blake Rambusch,0,26,80,0.284,0.338,0.392,1,0.075,0.1625,9,0.333
2026,2026-06-24,Michael Arroyo,0,21,235,0.277,0.353,0.49,8,0.08085106382978724,0.16170212765957448,4,0.296
2026,2026-06-24,Lazaro Montes,0,21,203,0.274,0.369,0.571,13,0.12315270935960591,0.3103448275862069,3,0.35
2026,2026-06-24,Spencer Packard,0,28,196,0.27,0.383,0.393,5,0.14795918367346939,0.14285714285714285,2,0.295
2026,2026-06-24,Victor Labrada,0,26,468,0.266,0.367,0.414,10,0.10683760683760683,0.20085470085470086,20,0.321
2026,2026-06-24,Brennen Davis,0,26,205,0.265,0.376,0.512,9,0.11707317073170732,0.22439024390243903,1,0.305
2026,2026-06-24,Connor Joe,0,33,318,0.264,0.365,0.42,8,0.1320754716981132,0.1949685534591195,6,0.31
2026,2026-06-24,Brock Rodden,0,26,410,0.262,0.342,0.499,19,0.1048780487804878,0.22682926829268293,8,0.299
2026,2026-06-24,Ryan Bliss,0,26,525,0.262,0.328,0.399,8,0.07428571428571429,0.2057142857142857,26,0.319
2026,2026-06-24,Rhylan Thomas,0,26,145,0.26,0.313,0.328,2,0.07586206896551724,0.08275862068965517,6,0.269
2026,2026-06-24,Victor Robles,0,29,54,0.256,0.389,0.349,0,0.16666666666666666,0.24074074074074073,2,0.355
2026,2026-06-24,Colt Emerson,0,20,169,0.255,0.347,0.469,7,0.10059171597633136,0.27218934911242604,10,0.323
2026,2026-06-24,Miles Mastrobuoni,0,30,188,0.255,0.351,0.41,3,0.13297872340425532,0.17553191489361702,7,0.299
2026,2026-06-24,Colin Davis,0,27,212,0.253,0.333,0.478,11,0.08490566037735849,0.29245283018867924,4,0.316
2026,2026-06-24,Andy Ibáñez,0,33,65,0.25,0.292,0.417,2,0.06153846153846154,0.16923076923076924,0,0.271
2026,2026-06-24,Jakson Reetz,0,30,175,0.25,0.343,0.349,3,0.09714285714285714,0.16,0,0.287
2026,2026-06-24,Brian O'Keefe,0,32,150,0.241,0.307,0.409,4,0.08666666666666667,0.26,1,0.309
2026,2026-06-24,Leo Rivas,0,28,100,0.227,0.414,0.36,3,0.2,0.23,4,0.286
2026,2026-06-24,Carson Taylor,0,27,228,0.226,0.338,0.332,3,0.14473684210526316,0.20175438596491227,1,0.276
2026,2026-06-24,Nolan Jones,0,28,82,0.225,0.305,0.465,4,0.10975609756097561,0.2682926829268293,2,0.255
2026,2026-06-24,Hogan Windish,0,27,76,0.211,0.263,0.352,3,0.039473684210526314,0.34210526315789475,0,0.286
2026,2026-06-24,Rob Refsnyder,0,35,32,0.207,0.281,0.31,1,0.09375,0.25,0,0.25
2026,2026-06-24,Axel Sanchez,0,23,60,0.196,0.3,0.333,2,0.11666666666666667,0.26666666666666666,3,0.235
2026,2026-07-01,Willie MacIver,0,29,39,0.323,0.447,0.484,1,0.15384615384615385,0.10256410256410256,0,0.346
2026,2026-07-01,Jhonny Pereda,0,30,210,0.319,0.402,0.44,3,0.10952380952380952,0.11904761904761904,3,0.355
2026,2026-07-01,Will Wilson,0,27,61,0.314,0.41,0.431,1,0.14754098360655737,0.22950819672131148,2,0.405
2026,2026-07-01,Alejo Lopez,0,30,146,0.302,0.379,0.419,2,0.08904109589041095,0.0684931506849315,3,0.316
2026,2026-07-01,Patrick Wisdom,0,34,299,0.299,0.385,0.724,32,0.11371237458193979,0.25418060200668896,4,0.299
2026,2026-07-01,Nick Raposo,0,28,90,0.289,0.378,0.539,5,0.13333333333333333,0.2222222222222222,0,0.321
2026,2026-07-01,Stuart Fairchild,0,30,128,0.288,0.413,0.548,5,0.109375,0.15625,8,0.316
2026,2026-07-01,Blake Rambusch,0,26,80,0.284,0.338,0.392,1,0.075,0.1625,9,0.333
2026,2026-07-01,Michael Arroyo,0,21,235,0.277,0.353,0.49,8,0.08085106382978724,0.16170212765957448,4,0.296
2026,2026-07-01,Lazaro Montes,0,21,203,0.274,0.369,0.571,13,0.12315270935960591,0.3103448275862069,3,0.35
2026,2026-07-01,Spencer Packard,0,28,196,0.27,0.383,0.393,5,0.14795918367346939,0.14285714285714285,2,0.295
2026,2026-07-01,Victor Labrada,0,26,468,0.266,0.367,0.414,10,0.10683760683760683,0.20085470085470086,20,0.321
2026,2026-07-01,Brennen Davis,0,26,205,0.265,0.376,0.512,9,0.11707317073170732,0.22439024390243903,1,0.305
2026,2026-07-01,Connor Joe,0,33,318,0.264,0.365,0.42,8,0.1320754716981132,0.1949685534591195,6,0.31
2026,2026-07-01,Brock Rodden,0,26,410,0.262,0.342,0.499,19,0.1048780487804878,0.22682926829268293,8,0.299
2026,2026-07-01,Ryan Bliss,0,26,525,0.262,0.328,0.399,8,0.07428571428571429,0.2057142857142857,26,0.319
2026,2026-07-01,Rhylan Thomas,0,26,145,0.26,0.313,0.328,2,0.07586206896551724,0.08275862068965517,6,0.269
2026,2026-07-01,Victor Robles,0,29,54,0.256,0.389,0.349,0,0.16666666666666666,0.24074074074074073,2,0.355
2026,2026-07-01,Colt Emerson,0,20,169,0.255,0.347,0.469,7,0.10059171597633136,0.27218934911242604,10,0.323
2026,2026-07-01,Miles Mastrobuoni,1,30,188,0.255,0.351,0.41,3,0.13297872340425532,0.17553191489361702,7,0.299
2026,2026-07-01,Colin Davis,0,27,212,0.253,0.333,0.478,11,0.08490566037735849,0.29245283018867924,4,0.316
2026,2026-07-01,Andy Ibáñez,0,33,65,0.25,0.292,0.417,2,0.06153846153846154,0.16923076923076924,0,0.271
2026,2026-07-01,Jakson Reetz,0,30,175,0.25,0.343,0.349,3,0.09714285714285714,0.16,0,0.287
2026,2026-07-01,Brian O'Keefe,0,32,150,0.241,0.307,0.409,4,0.08666666666666667,0.26,1,0.309
2026,2026-07-01,Leo Rivas,0,28,100,0.227,0.414,0.36,3,0.2,0.23,4,0.286
2026,2026-07-01,Carson Taylor,0,27,228,0.226,0.338,0.332,3,0.14473684210526316,0.20175438596491227,1,0.276
2026,2026-07-01,Nolan Jones,0,28,82,0.225,0.305,0.465,4,0.10975609756097561,0.2682926829268293,2,0.255
2026,2026-07-01,Hogan Windish,0,27,76,0.211,0.263,0.352,3,0.039473684210526314,0.34210526315789475,0,0.286
2026,2026-07-01,Rob Refsnyder,0,35,32,0.207,0.281,0.31,1,0.09375,0.25,0,0.25
2026,2026-07-01,Axel Sanchez,0,23,60,0.196,0.3,0.333,2,0.11666666666666667,0.26666666666666666,3,0.235
2026,2026-07-08,Willie MacIver,0,29,39,0.323,0.447,0.484,1,0.15384615384615385,0.10256410256410256,0,0.346
2026,2026-07-08,Jhonny Pereda,0,30,210,0.319,0.402,0.44,3,0.10952380952380952,0.11904761904761904,3,0.355
2026,2026-07-08,Will Wilson,0,27,61,0.314,0.41,0.431,1,0.14754098360655737,0.22950819672131148,2,0.405
2026,2026-07-08,Alejo Lopez,0,30,146,0.302,0.379,0.419,2,0.08904109589041095,0.0684931506849315,3,0.316
2026,2026-07-08,Patrick Wisdom,0,34,299,0.299,0.385,0.724,32,0.11371237458193979,0.25418060200668896,4,0.299
2026,2026-07-08,Nick Raposo,0,28,90,0.289,0.378,0.539,5,0.13333333333333333,0.2222222222222222,0,0.321
2026,2026-07-08,Stuart Fairchild,0,30,128,0.288,0.413,0.548,5,0.109375,0.15625,8,0.316
2026,2026-07-08,Blake Rambusch,0,26,80,0.284,0.338,0.392,1,0.075,0.1625,9,0.333
2026,2026-07-08,Michael Arroyo,0,21,235,0.277,0.353,0.49,8,0.08085106382978724,0.16170212765957448,4,0.296
2026,2026-07-08,Lazaro Montes,0,21,203,0.274,0.369,0.571,13,0.12315270935960591,0.3103448275862069,3,0.35
2026,2026-07-08,Spencer Packard,0,28,196,0.27,0.383,0.393,5,0.14795918367346939,0.14285714285714285,2,0.295
2026,2026-07-08,Victor Labrada,0,26,468,0.266,0.367,0.414,10,0.10683760683760683,0.20085470085470086,20,0.321
2026,2026-07-08,Brennen Davis,0,26,205,0.265,0.376,0.512,9,0.11707317073170732,0.22439024390243903,1,0.305
2026,2026-07-08,Connor Joe,0,33,318,0.264,0.365,0.42,8,0.1320754716981132,0.1949685534591195,6,0.31
2026,2026-07-08,Brock Rodden,0,26,410,0.262,0.342,0.499,19,0.1048780487804878,0.22682926829268293,8,0.299
2026,2026-07-08,Ryan Bliss,0,26,525,0.262,0.328,0.399,8,0.07428571428571429,0.2057142857142857,26,0.319
2026,2026-07-08,Rhylan Thomas,0,26,145,0.26,0.313,0.328,2,0.07586206896551724,0.08275862068965517,6,0.269
2026,2026-07-08,Victor Robles,0,29,54,0.256,0.389,0.349,0,0.16666666666666666,0.24074074074074073,2,0.355
2026,2026-07-08,Colt Emerson,0,20,169,0.255,0.347,0.469,7,0.10059171597633136,0.27218934911242604,10,0.323
2026,2026-07-08,Miles Mastrobuoni,0,30,188,0.255,0.351,0.41,3,0.13297872340425532,0.17553191489361702,7,0.299
2026,2026-07-08,Colin Davis,0,27,212,0.253,0.333,0.478,11,0.08490566037735849,0.29245283018867924,4,0.316
2026,2026-07-08,Andy Ibáñez,0,33,65,0.25,0.292,0.417,2,0.06153846153846154,0.16923076923076924,0,0.271
2026,2026-07-08,Jakson Reetz,0,30,175,0.25,0.343,0.349,3,0.09714285714285714,0.16,0,0.287
2026,2026-07-08,Brian O'Keefe,0,32,150,0.241,0.307,0.409,4,0.08666666666666667,0.26,1,0.309
2026,2026-07-08,Leo Rivas,0,28,100,0.227,0.414,0.36,3,0.2,0.23,4,0.286
2026,2026-07-08,Carson Taylor,0,27,228,0.226,0.338,0.332,3,0.14473684210526316,0.20175438596491227,1,0.276
2026,2026-07-08,Nolan Jones,0,28,82,0.225,0.305,0.465,4,0.10975609756097561,0.2682926829268293,2,0.255
2026,2026-07-08,Hogan Windish,0,27,76,0.211,0.263,0.352,3,0.039473684210526314,0.34210526315789475,0,0.286
2026,2026-07-08,Rob Refsnyder,0,35,32,0.207,0.281,0.31,1,0.09375,0.25,0,0.25
2026,2026-07-08,Axel Sanchez,0,23,60,0.196,0.3,0.333,2,0.11666666666666667,0.26666666666666666,3,0.235
2026,2026-07-15,Willie MacIver,0,29,39,0.323,0.447,0.484,1,0.15384615384615385,0.10256410256410256,0,0.346
2026,2026-07-15,Jhonny Pereda,0,30,210,0.319,0.402,0.44,3,0.10952380952380952,0.11904761904761904,3,0.355
2026,2026-07-15,Will Wilson,0,27,61,0.314,0.41,0.431,1,0.14754098360655737,0.22950819672131148,2,0.405
2026,2026-07-15,Alejo Lopez,0,30,146,0.302,0.379,0.419,2,0.08904109589041095,0.0684931506849315,3,0.316
2026,2026-07-15,Patrick Wisdom,0,34,299,0.299,0.385,0.724,32,0.11371237458193979,0.25418060200668896,4,0.299
2026,2026-07-15,Nick Raposo,0,28,90,0.289,0.378,0.539,5,0.13333333333333333,0.2222222222222222,0,0.321
2026,2026-07-15,Stuart Fairchild,0,30,128,0.288,0.413,0.548,5,0.109375,0.15625,8,0.316
2026,2026-07-15,Blake Rambusch,0,26,80,0.284,0.338,0.392,1,0.075,0.1625,9,0.333
2026,2026-07-15,Michael Arroyo,0,21,235,0.277,0.353,0.49,8,0.08085106382978724,0.16170212765957448,4,0.296
2026,2026-07-15,Lazaro Montes,0,21,203,0.274,0.369,0.571,13,0.12315270935960591,0.3103448275862069,3,0.35
2026,2026-07-15,Spencer Packard,0,28,196,0.27,0.383,0.393,5,0.14795918367346939,0.14285714285714285,2,0.295
2026,2026-07-15,Victor Labrada,0,26,468,0.266,0.367,0.414,10,0.10683760683760683,0.20085470085470086,20,0.321
2026,2026-07-15,Brennen Davis,0,26,205,0.265,0.376,0.512,9,0.11707317073170732,0.22439024390243903,1,0.305
2026,2026-07-15,Connor Joe,0,33,318,0.264,0.365,0.42,8,0.1320754716981132,0.1949685534591195,6,0.31
2026,2026-07-15,Brock Rodden,0,26,410,0.262,0.342,0.499,19,0.1048780487804878,0.22682926829268293,8,0.299
2026,2026-07-15,Ryan Bliss,0,26,525,0.262,0.328,0.399,8,0.07428571428571429,0.2057142857142857,26,0.319
2026,2026-07-15,Rhylan Thomas,0,26,145,0.26,0.313,0.328,2,0.07586206896551724,0.08275862068965517,6,0.269
2026,2026-07-15,Victor Robles,0,29,54,0.256,0.389,0.349,0,0.16666666666666666,0.24074074074074073,2,0.355
2026,2026-07-15,Colt Emerson,0,20,169,0.255,0.347,0.469,7,0.10059171597633136,0.27218934911242604,10,0.323
2026,2026-07-15,Miles Mastrobuoni,0,30,188,0.255,0.351,0.41,3,0.13297872340425532,0.17553191489361702,7,0.299
2026,2026-07-15,Colin Davis,0,27,212,0.253,0.333,0.478,11,0.08490566037735849,0.29245283018867924,4,0.316
2026,2026-07-15,Andy Ibáñez,0,33,65,0.25,0.292,0.417,2,0.06153846153846154,0.16923076923076924,0,0.271
2026,2026-07-15,Jakson Reetz,0,30,175,0.25,0.343,0.349,3,0.09714285714285714,0.16,0,0.287
2026,2026-07-15,Brian O'Keefe,0,32,150,0.241,0.307,0.409,4,0.08666666666666667,0.26,1,0.309
2026,2026-07-15,Leo Rivas,0,28,100,0.227,0.414,0.36,3,0.2,0.23,4,0.286
2026,2026-07-15,Carson Taylor,0,27,228,0.226,0.338,0.332,3,0.14473684210526316,0.20175438596491227,1,0.276
2026,2026-07-15,Nolan Jones,0,28,82,0.225,0.305,0.465,4,0.10975609756097561,0.2682926829268293,2,0.255
2026,2026-07-15,Hogan Windish,0,27,76,0.211,0.263,0.352,3,0.039473684210526314,0.34210526315789475,0,0.286
2026,2026-07-15,Rob Refsnyder,0,35,32,0.207,0.281,0.31,1,0.09375,0.25,0,0.25
2026,2026-07-15,Axel Sanchez,0,23,60,0.196,0.3,0.333,2,0.11666666666666667,0.26666666666666666,3,0.235
2026,2026-07-22,Willie MacIver,0,29,39,0.323,0.447,0.484,1,0.15384615384615385,0.10256410256410256,0,0.346
2026,2026-07-22,Jhonny Pereda,0,30,210,0.319,0.402,0.44,3,0.10952380952380952,0.11904761904761904,3,0.355
2026,2026-07-22,Will Wilson,0,27,61,0.314,0.41,0.431,1,0.14754098360655737,0.22950819672131148,2,0.405
2026,2026-07-22,Alejo Lopez,0,30,146,0.302,0.379,0.419,2,0.08904109589041095,0.0684931506849315,3,0.316
2026,2026-07-22,Patrick Wisdom,0,34,299,0.299,0.385,0.724,32,0.11371237458193979,0.25418060200668896,4,0.299
2026,2026-07-22,Nick Raposo,0,28,90,0.289,0.378,0.539,5,0.13333333333333333,0.2222222222222222,0,0.321
2026,2026-07-22,Stuart Fairchild,0,30,128,0.288,0.413,0.548,5,0.109375,0.15625,8,0.316
2026,2026-07-22,Blake Rambusch,0,26,80,0.284,0.338,0.392,1,0.075,0.1625,9,0.333
2026,2026-07-22,Michael Arroyo,0,21,235,0.277,0.353,0.49,8,0.08085106382978724,0.16170212765957448,4,0.296
2026,2026-07-22,Lazaro Montes,0,21,203,0.274,0.369,0.571,13,0.12315270935960591,0.3103448275862069,3,0.35
2026,2026-07-22,Spencer Packard,0,28,196,0.27,0.383,0.393,5,0.14795918367346939,0.14285714285714285,2,0.295
2026,2026-07-22,Victor Labrada,0,26,468,0.266,0.367,0.414,10,0.10683760683760683,0.20085470085470086,20,0.321
2026,2026-07-22,Brennen Davis,0,26,205,0.265,0.376,0.512,9,0.11707317073170732,0.22439024390243903,1,0.305
2026,2026-07-22,Connor Joe,0,33,318,0.264,0.365,0.42,8,0.1320754716981132,0.1949685534591195,6,0.31
2026,2026-07-22,Brock Rodden,0,26,410,0.262,0.342,0.499,19,0.1048780487804878,0.22682926829268293,8,0.299
2026,2026-07-22,Ryan Bliss,0,26,525,0.262,0.328,0.399,8,0.07428571428571429,0.2057142857142857,26,0.319
2026,2026-07-22,Rhylan Thomas,0,26,145,0.26,0.313,0.328,2,0.07586206896551724,0.08275862068965517,6,0.269
2026,2026-07-22,Victor Robles,0,29,54,0.256,0.389,0.349,0,0.16666666666666666,0.24074074074074073,2,0.355
2026,2026-07-22,Colt Emerson,0,20,169,0.255,0.347,0.469,7,0.10059171597633136,0.27218934911242604,10,0.323
2026,2026-07-22,Miles Mastrobuoni,0,30,188,0.255,0.351,0.41,3,0.13297872340425532,0.17553191489361702,7,0.299
2026,2026-07-22,Colin Davis,0,27,212,0.253,0.333,0.478,11,0.08490566037735849,0.29245283018867924,4,0.316
2026,2026-07-22,Andy Ibáñez,0,33,65,0.25,0.292,0.417,2,0.06153846153846154,0.16923076923076924,0,0.271
2026,2026-07-22,Jakson Reetz,0,30,175,0.25,0.343,0.349,3,0.09714285714285714,0.16,0,0.287
2026,2026-07-22,Brian O'Keefe,0,32,150,0.241,0.307,0.409,4,0.08666666666666667,0.26,1,0.309
2026,2026-07-22,Leo Rivas,0,28,100,0.227,0.414,0.36,3,0.2,0.23,4,0.286
2026,2026-07-22,Carson Taylor,0,27,228,0.226,0.338,0.332,3,0.14473684210526316,0.20175438596491227,1,0.276
2026,2026-07-22,Nolan Jones,0,28,82,0.225,0.305,0.465,4,0.10975609756097561,0.2682926829268293,2,0.255
2026,2026-07-22,Hogan Windish,0,27,76,0.211,0.263,0.352,3,0.039473684210526314,0.34210526315789475,0,0.286
2026,2026-07-22,Rob Refsnyder,0,35,32,0.207,0.281,0.31,1,0.09375,0.25,0,0.25
2026,2026-07-22,Axel Sanchez,0,23,60,0.196,0.3,0.333,2,0.11666666666666667,0.26666666666666666,3,0.235
2026,2026-07-29,Willie MacIver,0,29,39,0.323,0.447,0.484,1,0.15384615384615385,0.10256410256410256,0,0.346
2026,2026-07-29,Jhonny Pereda,1,30,210,0.319,0.402,0.44,3,0.10952380952380952,0.11904761904761904,3,0.355
2026,2026-07-29,Will Wilson,0,27,61,0.314,0.41,0.431,1,0.14754098360655737,0.22950819672131148,2,0.405
2026,2026-07-29,Alejo Lopez,0,30,146,0.302,0.379,0.419,2,0.08904109589041095,0.0684931506849315,3,0.316
2026,2026-07-29,Patrick Wisdom,0,34,299,0.299,0.385,0.724,32,0.11371237458193979,0.25418060200668896,4,0.299
2026,2026-07-29,Nick Raposo,0,28,90,0.289,0.378,0.539,5,0.13333333333333333,0.2222222222222222,0,0.321
2026,2026-07-29,Stuart Fairchild,1,30,128,0.288,0.413,0.548,5,0.109375,0.15625,8,0.316
2026,2026-07-29,Blake Rambusch,0,26,80,0.284,0.338,0.392,1,0.075,0.1625,9,0.333
2026,2026-07-29,Michael Arroyo,0,21,235,0.277,0.353,0.49,8,0.08085106382978724,0.16170212765957448,4,0.296
2026,2026-07-29,Lazaro Montes,0,21,203,0.274,0.369,0.571,13,0.12315270935960591,0.3103448275862069,3,0.35
2026,2026-07-29,Spencer Packard,0,28,196,0.27,0.383,0.393,5,0.14795918367346939,0.14285714285714285,2,0.295
2026,2026-07-29,Victor Labrada,0,26,468,0.266,0.367,0.414,10,0.10683760683760683,0.20085470085470086,20,0.321
2026,2026-07-29,Brennen Davis,0,26,205,0.265,0.376,0.512,9,0.11707317073170732,0.22439024390243903,1,0.305
2026,2026-07-29,Connor Joe,0,33,318,0.264,0.365,0.42,8,0.1320754716981132,0.1949685534591195,6,0.31
2026,2026-07-29,Brock Rodden,0,26,410,0.262,0.342,0.499,19,0.1048780487804878,0.22682926829268293,8,0.299
2026,2026-07-29,Ryan Bliss,0,26,525,0.262,0.328,0.399,8,0.07428571428571429,0.2057142857142857,26,0.319
2026,2026-07-29,Rhylan Thomas,0,26,145,0.26,0.313,0.328,2,0.07586206896551724,0.08275862068965517,6,0.269
2026,2026-07-29,Victor Robles,0,29,54,0.256,0.389,0.349,0,0.16666666666666666,0.24074074074074073,2,0.355
2026,2026-07-29,Colt Emerson,0,20,169,0.255,0.347,0.469,7,0.10059171597633136,0.27218934911242604,10,0.323
2026,2026-07-29,Miles Mastrobuoni,0,30,188,0.255,0.351,0.41,3,0.13297872340425532,0.17553191489361702,7,0.299
2026,2026-07-29,Colin Davis,0,27,212,0.253,0.333,0.478,11,0.08490566037735849,0.29245283018867924,4,0.316
2026,2026-07-29,Andy Ibáñez,0,33,65,0.25,0.292,0.417,2,0.06153846153846154,0.16923076923076924,0,0.271
2026,2026-07-29,Jakson Reetz,0,30,175,0.25,0.343,0.349,3,0.09714285714285714,0.16,0,0.287
2026,2026-07-29,Brian O'Keefe,0,32,150,0.241,0.307,0.409,4,0.08666666666666667,0.26,1,0.309
2026,2026-07-29,Leo Rivas,1,28,100,0.227,0.414,0.36,3,0.2,0.23,4,0.286
2026,2026-07-29,Carson Taylor,0,27,228,0.226,0.338,0.332,3,0.14473684210526316,0.20175438596491227,1,0.276
2026,2026-07-29,Nolan Jones,0,28,82,0.225,0.305,0.465,4,0.10975609756097561,0.2682926829268293,2,0.255
2026,2026-07-29,Hogan Windish,0,27,76,0.211,0.263,0.352,3,0.039473684210526314,0.34210526315789475,0,0.286
2026,2026-07-29,Rob Refsnyder,0,35,32,0.207,0.281,0.31,1,0.09375,0.25,0,0.25
2026,2026-07-29,Axel Sanchez,0,23,60,0.196,0.3,0.333,2,0.11666666666666667,0.26666666666666666,3,0.235
2026,2026-08-05,Willie MacIver,0,29,39,0.323,0.447,0.484,1,0.15384615384615385,0.10256410256410256,0,0.346
2026,2026-08-05,Jhonny Pereda,0,30,210,0.319,0.402,0.44,3,0.10952380952380952,0.11904761904761904,3,0.355
2026,2026-08-05,Will Wilson,0,27,61,0.314,0.41,0.431,1,0.14754098360655737,0.22950819672131148,2,0.405
2026,2026-08-05,Alejo Lopez,0,30,146,0.302,0.379,0.419,2,0.08904109589041095,0.0684931506849315,3,0.316
2026,2026-08-05,Patrick Wisdom,0,34,299,0.299,0.385,0.724,32,0.11371237458193979,0.25418060200668896,4,0.299
2026,2026-08-05,Nick Raposo,0,28,90,0.289,0.378,0.539,5,0.13333333333333333,0.2222222222222222,0,0.321
2026,2026-08-05,Stuart Fairchild,0,30,128,0.288,0.413,0.548,5,0.109375,0.15625,8,0.316
2026,2026-08-05,Blake Rambusch,0,26,80,0.284,0.338,0.392,1,0.075,0.1625,9,0.333
2026,2026-08-05,Michael Arroyo,0,21,235,0.277,0.353,0.49,8,0.08085106382978724,0.16170212765957448,4,0.296
2026,2026-08-05,Lazaro Montes,0,21,203,0.274,0.369,0.571,13,0.12315270935960591,0.3103448275862069,3,0.35
2026,2026-08-05,Spencer Packard,0,28,196,0.27,0.383,0.393,5,0.14795918367346939,0.14285714285714285,2,0.295
2026,2026-08-05,Victor Labrada,0,26,468,0.266,0.367,0.414,10,0.10683760683760683,0.20085470085470086,20,0.321
2026,2026-08-05,Brennen Davis,0,26,205,0.265,0.376,0.512,9,0.11707317073170732,0.22439024390243903,1,0.305
2026,2026-08-05,Connor Joe,0,33,318,0.264,0.365,0.42,8,0.1320754716981132,0.1949685534591195,6,0.31
2026,2026-08-05,Brock Rodden,0,26,410,0.262,0.342,0.499,19,0.1048780487804878,0.22682926829268293,8,0.299
2026,2026-08-05,Ryan Bliss,0,26,525,0.262,0.328,0.399,8,0.07428571428571429,0.2057142857142857,26,0.319
2026,2026-08-05,Rhylan Thomas,0,26,145,0.26,0.313,0.328,2,0.07586206896551724,0.08275862068965517,6,0.269
2026,2026-08-05,Victor Robles,0,29,54,0.256,0.389,0.349,0,0.16666666666666666,0.24074074074074073,2,0.355
2026,2026-08-05,Colt Emerson,0,20,169,0.255,0.347,0.469,7,0.10059171597633136,0.27218934911242604,10,0.323
2026,2026-08-05,Miles Mastrobuoni,0,30,188,0.255,0.351,0.41,3,0.13297872340425532,0.17553191489361702,7,0.299
2026,2026-08-05,Colin Davis,0,27,212,0.253,0.333,0.478,11,0.08490566037735849,0.29245283018867924,4,0.316
2026,2026-08-05,Andy Ibáñez,0,33,65,0.25,0.292,0.417,2,0.06153846153846154,0.16923076923076924,0,0.271
2026,2026-08-05,Jakson Reetz,0,30,175,0.25,0.343,0.349,3,0.09714285714285714,0.16,0,0.287
2026,2026-08-05,Brian O'Keefe,0,32,150,0.241,0.307,0.409,4,0.08666666666666667,0.26,1,0.309
2026,2026-08-05,Leo Rivas,0,28,100,0.227,0.414,0.36,3,0.2,0.23,4,0.286
2026,2026-08-05,Carson Taylor,0,27,228,0.226,0.338,0.332,3,0.14473684210526316,0.20175438596491227,1,0.276
2026,2026-08-05,Nolan Jones,0,28,82,0.225,0.305,0.465,4,0.10975609756097561,0.2682926829268293,2,0.255
2026,2026-08-05,Hogan Windish,0,27,76,0.211,0.263,0.352,3,0.039473684210526314,0.34210526315789475,0,0.286
2026,2026-08-05,Rob Refsnyder,0,35,32,0.207,0.281,0.31,1,0.09375,0.25,0,0.25
2026,2026-08-05,Axel Sanchez,0,23,60,0.196,0.3,0.333,2,0.11666666666666667,0.26666666666666666,3,0.235
2026,2026-08-12,Willie MacIver,0,29,39,0.323,0.447,0.484,1,0.15384615384615385,0.10256410256410256,0,0.346
2026,2026-08-12,Jhonny Pereda,0,30,210,0.319,0.402,0.44,3,0.10952380952380952,0.11904761904761904,3,0.355
2026,2026-08-12,Will Wilson,0,27,61,0.314,0.41,0.431,1,0.14754098360655737,0.22950819672131148,2,0.405
2026,2026-08-12,Alejo Lopez,0,30,146,0.302,0.379,0.419,2,0.08904109589041095,0.0684931506849315,3,0.316
2026,2026-08-12,Patrick Wisdom,0,34,299,0.299,0.385,0.724,32,0.11371237458193979,0.25418060200668896,4,0.299
2026,2026-08-12,Nick Raposo,0,28,90,0.289,0.378,0.539,5,0.13333333333333333,0.2222222222222222,0,0.321
2026,2026-08-12,Stuart Fairchild,0,30,128,0.288,0.413,0.548,5,0.109375,0.15625,8,0.316
2026,2026-08-12,Blake Rambusch,0,26,80,0.284,0.338,0.392,1,0.075,0.1625,9,0.333
2026,2026-08-12,Michael Arroyo,0,21,235,0.277,0.353,0.49,8,0.08085106382978724,0.16170212765957448,4,0.296
2026,2026-08-12,Lazaro Montes,0,21,203,0.274,0.369,0.571,13,0.12315270935960591,0.3103448275862069,3,0.35
2026,2026-08-12,Spencer Packard,0,28,196,0.27,0.383,0.393,5,0.14795918367346939,0.14285714285714285,2,0.295
2026,2026-08-12,Victor Labrada,0,26,468,0.266,0.367,0.414,10,0.10683760683760683,0.20085470085470086,20,0.321
2026,2026-08-12,Brennen Davis,0,26,205,0.265,0.376,0.512,9,0.11707317073170732,0.22439024390243903,1,0.305
2026,2026-08-12,Connor Joe,0,33,318,0.264,0.365,0.42,8,0.1320754716981132,0.1949685534591195,6,0.31
2026,2026-08-12,Brock Rodden,1,26,410,0.262,0.342,0.499,19,0.1048780487804878,0.22682926829268293,8,0.299
2026,2026-08-12,Ryan Bliss,0,26,525,0.262,0.328,0.399,8,0.07428571428571429,0.2057142857142857,26,0.319
2026,2026-08-12,Rhylan Thomas,0,26,145,0.26,0.313,0.328,2,0.07586206896551724,0.08275862068965517,6,0.269
2026,2026-08-12,Victor Robles,0,29,54,0.256,0.389,0.349,0,0.16666666666666666,0.24074074074074073,2,0.355
2026,2026-08-12,Colt Emerson,0,20,169,0.255,0.347,0.469,7,0.10059171597633136,0.27218934911242604,10,0.323
2026,2026-08-12,Miles Mastrobuoni,0,30,188,0.255,0.351,0.41,3,0.13297872340425532,0.17553191489361702,7,0.299
2026,2026-08-12,Colin Davis,0,27,212,0.253,0.333,0.478,11,0.08490566037735849,0.29245283018867924,4,0.316
2026,2026-08-12,Andy Ibáñez,0,33,65,0.25,0.292,0.417,2,0.06153846153846154,0.16923076923076924,0,0.271
2026,2026-08-12,Jakson Reetz,0,30,175,0.25,0.343,0.349,3,0.09714285714285714,0.16,0,0.287
2026,2026-08-12,Brian O'Keefe,0,32,150,0.241,0.307,0.409,4,0.08666666666666667,0.26,1,0.309
2026,2026-08-12,Leo Rivas,0,28,100,0.227,0.414,0.36,3,0.2,0.23,4,0.286
2026,2026-08-12,Carson Taylor,0,27,228,0.226,0.338,0.332,3,0.14473684210526316,0.20175438596491227,1,0.276
2026,2026-08-12,Nolan Jones,0,28,82,0.225,0.305,0.465,4,0.10975609756097561,0.2682926829268293,2,0.255
2026,2026-08-12,Hogan Windish,0,27,76,0.211,0.263,0.352,3,0.039473684210526314,0.34210526315789475,0,0.286
2026,2026-08-12,Rob Refsnyder,0,35,32,0.207,0.281,0.31,1,0.09375,0.25,0,0.25
2026,2026-08-12,Axel Sanchez,0,23,60,0.196,0.3,0.333,2,0.11666666666666667,0.26666666666666666,3,0.235
2026,2026-08-19,Willie MacIver,0,29,39,0.323,0.447,0.484,1,0.15384615384615385,0.10256410256410256,0,0.346
2026,2026-08-19,Jhonny Pereda,0,30,210,0.319,0.402,0.44,3,0.10952380952380952,0.11904761904761904,3,0.355
2026,2026-08-19,Will Wilson,0,27,61,0.314,0.41,0.431,1,0.14754098360655737,0.22950819672131148,2,0.405
2026,2026-08-19,Alejo Lopez,0,30,146,0.302,0.379,0.419,2,0.08904109589041095,0.0684931506849315,3,0.316
2026,2026-08-19,Patrick Wisdom,1,34,299,0.299,0.385,0.724,32,0.11371237458193979,0.25418060200668896,4,0.299
2026,2026-08-19,Nick Raposo,0,28,90,0.289,0.378,0.539,5,0.13333333333333333,0.2222222222222222,0,0.321
2026,2026-08-19,Stuart Fairchild,0,30,128,0.288,0.413,0.548,5,0.109375,0.15625,8,0.316
2026,2026-08-19,Blake Rambusch,0,26,80,0.284,0.338,0.392,1,0.075,0.1625,9,0.333
2026,2026-08-19,Michael Arroyo,0,21,235,0.277,0.353,0.49,8,0.08085106382978724,0.16170212765957448,4,0.296
2026,2026-08-19,Lazaro Montes,0,21,203,0.274,0.369,0.571,13,0.12315270935960591,0.3103448275862069,3,0.35
2026,2026-08-19,Spencer Packard,0,28,196,0.27,0.383,0.393,5,0.14795918367346939,0.14285714285714285,2,0.295
2026,2026-08-19,Victor Labrada,0,26,468,0.266,0.367,0.414,10,0.10683760683760683,0.20085470085470086,20,0.321
2026,2026-08-19,Brennen Davis,0,26,205,0.265,0.376,0.512,9,0.11707317073170732,0.22439024390243903,1,0.305
2026,2026-08-19,Connor Joe,0,33,318,0.264,0.365,0.42,8,0.1320754716981132,0.1949685534591195,6,0.31
2026,2026-08-19,Brock Rodden,0,26,410,0.262,0.342,0.499,19,0.1048780487804878,0.22682926829268293,8,0.299
2026,2026-08-19,Ryan Bliss,0,26,525,0.262,0.328,0.399,8,0.07428571428571429,0.2057142857142857,26,0.319
2026,2026-08-19,Rhylan Thomas,0,26,145,0.26,0.313,0.328,2,0.07586206896551724,0.08275862068965517,6,0.269
2026,2026-08-19,Victor Robles,0,29,54,0.256,0.389,0.349,0,0.16666666666666666,0.24074074074074073,2,0.355
2026,2026-08-19,Colt Emerson,0,20,169,0.255,0.347,0.469,7,0.10059171597633136,0.27218934911242604,10,0.323
2026,2026-08-19,Miles Mastrobuoni,0,30,188,0.255,0.351,0.41,3,0.13297872340425532,0.17553191489361702,7,0.299
2026,2026-08-19,Colin Davis,0,27,212,0.253,0.333,0.478,11,0.08490566037735849,0.29245283018867924,4,0.316
2026,2026-08-19,Andy Ibáñez,0,33,65,0.25,0.292,0.417,2,0.06153846153846154,0.16923076923076924,0,0.271
2026,2026-08-19,Jakson Reetz,0,30,175,0.25,0.343,0.349,3,0.09714285714285714,0.16,0,0.287
2026,2026-08-19,Brian O'Keefe,0,32,150,0.241,0.307,0.409,4,0.08666666666666667,0.26,1,0.309
2026,2026-08-19,Leo Rivas,0,28,100,0.227,0.414,0.36,3,0.2,0.23,4,0.286
2026,2026-08-19,Carson Taylor,0,27,228,0.226,0.338,0.332,3,0.14473684210526316,0.20175438596491227,1,0.276
2026,2026-08-19,Nolan Jones,0,28,82,0.225,0.305,0.465,4,0.10975609756097561,0.2682926829268293,2,0.255
2026,2026-08-19,Hogan Windish,0,27,76,0.211,0.263,0.352,3,0.039473684210526314,0.34210526315789475,0,0.286
2026,2026-08-19,Rob Refsnyder,0,35,32,0.207,0.281,0.31,1,0.09375,0.25,0,0.25
2026,2026-08-19,Axel Sanchez,0,23,60,0.196,0.3,0.333,2,0.11666666666666667,0.26666666666666666,3,0.235
2026,2026-08-26,Willie MacIver,0,29,39,0.323,0.447,0.484,1,0.15384615384615385,0.10256410256410256,0,0.346
2026,2026-08-26,Jhonny Pereda,0,30,210,0.319,0.402,0.44,3,0.10952380952380952,0.11904761904761904,3,0.355
2026,2026-08-26,Will Wilson,0,27,61,0.314,0.41,0.431,1,0.14754098360655737,0.22950819672131148,2,0.405
2026,2026-08-26,Alejo Lopez,0,30,146,0.302,0.379,0.419,2,0.08904109589041095,0.0684931506849315,3,0.316
2026,2026-08-26,Patrick Wisdom,0,34,299,0.299,0.385,0.724,32,0.11371237458193979,0.25418060200668896,4,0.299
2026,2026-08-26,Nick Raposo,0,28,90,0.289,0.378,0.539,5,0.13333333333333333,0.2222222222222222,0,0.321
2026,2026-08-26,Stuart Fairchild,0,30,128,0.288,0.413,0.548,5,0.109375,0.15625,8,0.316
2026,2026-08-26,Blake Rambusch,0,26,80,0.284,0.338,0.392,1,0.075,0.1625,9,0.333
2026,2026-08-26,Michael Arroyo,0,21,235,0.277,0.353,0.49,8,0.08085106382978724,0.16170212765957448,4,0.296
2026,2026-08-26,Lazaro Montes,1,21,203,0.274,0.369,0.571,13,0.12315270935960591,0.3103448275862069,3,0.35
2026,2026-08-26,Spencer Packard,0,28,196,0.27,0.383,0.393,5,0.14795918367346939,0.14285714285714285,2,0.295
2026,2026-08-26,Victor Labrada,0,26,468,0.266,0.367,0.414,10,0.10683760683760683,0.20085470085470086,20,0.321
2026,2026-08-26,Brennen Davis,0,26,205,0.265,0.376,0.512,9,0.11707317073170732,0.22439024390243903,1,0.305
2026,2026-08-26,Connor Joe,0,33,318,0.264,0.365,0.42,8,0.1320754716981132,0.1949685534591195,6,0.31
2026,2026-08-26,Brock Rodden,0,26,410,0.262,0.342,0.499,19,0.1048780487804878,0.22682926829268293,8,0.299
2026,2026-08-26,Ryan Bliss,0,26,525,0.262,0.328,0.399,8,0.07428571428571429,0.2057142857142857,26,0.319
2026,2026-08-26,Rhylan Thomas,0,26,145,0.26,0.313,0.328,2,0.07586206896551724,0.08275862068965517,6,0.269
2026,2026-08-26,Victor Robles,0,29,54,0.256,0.389,0.349,0,0.16666666666666666,0.24074074074074073,2,0.355
2026,2026-08-26,Colt Emerson,0,20,169,0.255,0.347,0.469,7,0.10059171597633136,0.27218934911242604,10,0.323
2026,2026-08-26,Miles Mastrobuoni,0,30,188,0.255,0.351,0.41,3,0.13297872340425532,0.17553191489361702,7,0.299
2026,2026-08-26,Colin Davis,0,27,212,0.253,0.333,0.478,11,0.08490566037735849,0.29245283018867924,4,0.316
2026,2026-08-26,Andy Ibáñez,0,33,65,0.25,0.292,0.417,2,0.06153846153846154,0.16923076923076924,0,0.271
2026,2026-08-26,Jakson Reetz,0,30,175,0.25,0.343,0.349,3,0.09714285714285714,0.16,0,0.287
2026,2026-08-26,Brian O'Keefe,0,32,150,0.241,0.307,0.409,4,0.08666666666666667,0.26,1,0.309
2026,2026-08-26,Leo Rivas,0,28,100,0.227,0.414,0.36,3,0.2,0.23,4,0.286
2026,2026-08-26,Carson Taylor,0,27,228,0.226,0.338,0.332,3,0.14473684210526316,0.20175438596491227,1,0.276
2026,2026-08-26,Nolan Jones,0,28,82,0.225,0.305,0.465,4,0.10975609756097561,0.2682926829268293,2,0.255
2026,2026-08-26,Hogan Windish,0,27,76,0.211,0.263,0.352,3,0.039473684210526314,0.34210526315789475,0,0.286
2026,2026-08-26,Rob Refsnyder,0,35,32,0.207,0.281,0.31,1,0.09375,0.25,0,0.25
2026,2026-08-26,Axel Sanchez,0,23,60,0.196,0.3,0.333,2,0.11666666666666667,0.26666666666666666,3,0.235
2026,2026-09-02,Willie MacIver,0,29,39,0.323,0.447,0.484,1,0.15384615384615385,0.10256410256410256,0,0.346
2026,2026-09-02,Jhonny Pereda,0,30,210,0.319,0.402,0.44,3,0.10952380952380952,0.11904761904761904,3,0.355
2026,2026-09-02,Will Wilson,0,27,61,0.314,0.41,0.431,1,0.14754098360655737,0.22950819672131148,2,0.405
2026,2026-09-02,Alejo Lopez,0,30,146,0.302,0.379,0.419,2,0.08904109589041095,0.0684931506849315,3,0.316
2026,2026-09-02,Patrick Wisdom,0,34,299,0.299,0.385,0.724,32,0.11371237458193979,0.25418060200668896,4,0.299
2026,2026-09-02,Nick Raposo,0,28,90,0.289,0.378,0.539,5,0.13333333333333333,0.2222222222222222,0,0.321
2026,2026-09-02,Stuart Fairchild,1,30,128,0.288,0.413,0.548,5,0.109375,0.15625,8,0.316
2026,2026-09-02,Blake Rambusch,0,26,80,0.284,0.338,0.392,1,0.075,0.1625,9,0.333
2026,2026-09-02,Michael Arroyo,1,21,235,0.277,0.353,0.49,8,0.08085106382978724,0.16170212765957448,4,0.296
2026,2026-09-02,Lazaro Montes,0,21,203,0.274,0.369,0.571,13,0.12315270935960591,0.3103448275862069,3,0.35
2026,2026-09-02,Spencer Packard,0,28,196,0.27,0.383,0.393,5,0.14795918367346939,0.14285714285714285,2,0.295
2026,2026-09-02,Victor Labrada,0,26,468,0.266,0.367,0.414,10,0.10683760683760683,0.20085470085470086,20,0.321
2026,2026-09-02,Brennen Davis,1,26,205,0.265,0.376,0.512,9,0.11707317073170732,0.22439024390243903,1,0.305
2026,2026-09-02,Connor Joe,0,33,318,0.264,0.365,0.42,8,0.1320754716981132,0.1949685534591195,6,0.31
2026,2026-09-02,Brock Rodden,0,26,410,0.262,0.342,0.499,19,0.1048780487804878,0.22682926829268293,8,0.299
2026,2026-09-02,Ryan Bliss,0,26,525,0.262,0.328,0.399,8,0.07428571428571429,0.2057142857142857,26,0.319
2026,2026-09-02,Rhylan Thomas,0,26,145,0.26,0.313,0.328,2,0.07586206896551724,0.08275862068965517,6,0.269
2026,2026-09-02,Victor Robles,0,29,54,0.256,0.389,0.349,0,0.16666666666666666,0.24074074074074073,2,0.355
2026,2026-09-02,Colt Emerson,0,20,169,0.255,0.347,0.469,7,0.10059171597633136,0.27218934911242604,10,0.323
2026,2026-09-02,Miles Mastrobuoni,0,30,188,0.255,0.351,0.41,3,0.13297872340425532,0.17553191489361702,7,0.299
2026,2026-09-02,Colin Davis,0,27,212,0.253,0.333,0.478,11,0.08490566037735849,0.29245283018867924,4,0.316
2026,2026-09-02,Andy Ibáñez,0,33,65,0.25,0.292,0.417,2,0.06153846153846154,0.16923076923076924,0,0.271
2026,2026-09-02,Jakson Reetz,0,30,175,0.25,0.343,0.349,3,0.09714285714285714,0.16,0,0.287
2026,2026-09-02,Brian O'Keefe,0,32,150,0.241,0.307,0.409,4,0.08666666666666667,0.26,1,0.309
2026,2026-09-02,Leo Rivas,0,28,100,0.227,0.414,0.36,3,0.2,0.23,4,0.286
2026,2026-09-02,Carson Taylor,0,27,228,0.226,0.338,0.332,3,0.14473684210526316,0.20175438596491227,1,0.276
2026,2026-09-02,Nolan Jones,0,28,82,0.225,0.305,0.465,4,0.10975609756097561,0.2682926829268293,2,0.255
2026,2026-09-02,Hogan Windish,0,27,76,0.211,0.263,0.352,3,0.039473684210526314,0.34210526315789475,0,0.286
2026,2026-09-02,Rob Refsnyder,0,35,32,0.207,0.281,0.31,1,0.09375,0.25,0,0.25
2026,2026-09-02,Axel Sanchez,0,23,60,0.196,0.3,0.333,2,0.11666666666666667,0.26666666666666666,3,0.235
