id,date,effectiveDate,resolutionDate,typeCode,typeDesc,description,person.id,person.fullName,person.link,toTeam.id,toTeam.name,toTeam.link,fromTeam.id,fromTeam.name,fromTeam.link
459458,2021-01-05,2021-01-05,2021-01-05,SFA,Signed as Free Agent,Seattle Mariners signed free agent RHP Kevin Munson to a minor league contract.,576409.0,Kevin Munson,/api/v1/people/576409,136,Seattle Mariners,/api/v1/teams/136,,,
459494,2021-01-07,2021-01-07,2021-01-07,NUM,Number Change,Andres Munoz changed number to 54.,662253.0,Andrés Muñoz,/api/v1/people/662253,136,Seattle Mariners,/api/v1/teams/136,,,
459500,2021-01-07,2021-01-07,2021-01-07,NUM,Number Change,Juan Then changed number to 43.,672730.0,Juan Then,/api/v1/people/672730,136,Seattle Mariners,/api/v1/teams/136,,,
459512,2021-01-08,2021-01-08,2021-01-08,SFA,Signed as Free Agent,Seattle Mariners signed free agent RHP Paul Sewald to a minor league contract.,623149.0,Paul Sewald,/api/v1/people/623149,136,Seattle Mariners,/api/v1/teams/136,,,
459506,2021-01-08,2021-01-08,2021-01-08,SFA,Signed as Free Agent,Seattle Mariners signed free agent LHP Roenis Elias to a minor league contract.,606273.0,Roenis Elías,/api/v1/people/606273,136,Seattle Mariners,/api/v1/teams/136,,,
459511,2021-01-08,2021-01-08,2021-01-08,SFA,Signed as Free Agent,Seattle Mariners signed free agent 3B Jantzen Witte to a minor league contract.,642220.0,Jantzen Witte,/api/v1/people/642220,136,Seattle Mariners,/api/v1/teams/136,,,
459989,2021-01-10,2021-01-10,2021-01-10,SFA,Signed as Free Agent,Seattle Mariners signed free agent SS David Masters to a minor league contract.,607635.0,David Masters,/api/v1/people/607635,136,Seattle Mariners,/api/v1/teams/136,,,
460002,2021-01-14,2021-01-14,2021-01-14,SFA,Signed as Free Agent,Seattle Mariners signed free agent OF Dillon Thomas to a minor league contract.,605504.0,Dillon Thomas,/api/v1/people/605504,136,Seattle Mariners,/api/v1/teams/136,,,
460953,2021-01-19,2021-01-19,2021-01-19,SFA,Signed as Free Agent,Seattle Mariners signed free agent CF Eddie Paparella to a minor league contract.,641947.0,Ed Paparella,/api/v1/people/641947,136,Seattle Mariners,/api/v1/teams/136,,,
461693,2021-01-22,2021-01-22,2021-01-22,SFA,Signed as Free Agent,Seattle Mariners signed free agent 2B Starlin Aguilar to a minor league contract.,694223.0,Starlin Aguilar,/api/v1/people/694223,136,Seattle Mariners,/api/v1/teams/136,,,
472982,2021-01-22,2021-01-22,2021-01-22,SFA,Signed as Free Agent,Seattle Mariners signed free agent Victor Labrada.,700032.0,Victor Labrada,/api/v1/people/700032,136,Seattle Mariners,/api/v1/teams/136,,,
476716,2021-01-22,2021-01-22,2021-01-22,SFA,Signed as Free Agent,Seattle Mariners signed free agent OF Juan Cruz.,700319.0,Juan Cruz,/api/v1/people/700319,136,Seattle Mariners,/api/v1/teams/136,,,
460808,2021-01-28,2021-01-28,2021-01-28,ASG,Assigned,Seattle Mariners invited non-roster C Jose Godoy to spring training.,608422.0,José Godoy,/api/v1/people/608422,136,Seattle Mariners,/api/v1/teams/136,,,
460807,2021-01-28,2021-01-28,2021-01-28,ASG,Assigned,Seattle Mariners invited non-roster RHP Jimmy Yacabonis to spring training.,642231.0,Jimmy Yacabonis,/api/v1/people/642231,136,Seattle Mariners,/api/v1/teams/136,,,
460817,2021-01-28,2021-01-28,2021-01-28,ASG,Assigned,Seattle Mariners invited non-roster 1B Sam Travis to spring training.,607752.0,Sam Travis,/api/v1/people/607752,136,Seattle Mariners,/api/v1/teams/136,,,
460816,2021-01-28,2021-01-28,2021-01-28,ASG,Assigned,Seattle Mariners invited non-roster C Cal Raleigh to spring training.,663728.0,Cal Raleigh,/api/v1/people/663728,136,Seattle Mariners,/api/v1/teams/136,,,
460818,2021-01-28,2021-01-28,2021-01-28,ASG,Assigned,Seattle Mariners invited non-roster 3B Jantzen Witte to spring training.,642220.0,Jantzen Witte,/api/v1/people/642220,136,Seattle Mariners,/api/v1/teams/136,,,
460814,2021-01-28,2021-01-28,2021-01-28,ASG,Assigned,Seattle Mariners invited non-roster C Carter Bins to spring training.,670190.0,Carter Bins,/api/v1/people/670190,136,Seattle Mariners,/api/v1/teams/136,,,
460801,2021-01-28,2021-01-28,2021-01-28,ASG,Assigned,Seattle Mariners invited non-roster LHP Roenis Elias to spring training.,606273.0,Roenis Elías,/api/v1/people/606273,136,Seattle Mariners,/api/v1/teams/136,,,
460825,2021-01-28,2021-01-28,2021-01-28,ASG,Assigned,Seattle Mariners invited non-roster RF Julio Y. Rodriguez to spring training.,677594.0,Julio Rodríguez,/api/v1/people/677594,136,Seattle Mariners,/api/v1/teams/136,,,
460802,2021-01-28,2021-01-28,2021-01-28,ASG,Assigned,Seattle Mariners invited non-roster RHP Moises Gomez to spring training.,656001.0,Moises Gomez,/api/v1/people/656001,136,Seattle Mariners,/api/v1/teams/136,,,
460804,2021-01-28,2021-01-28,2021-01-28,ASG,Assigned,Seattle Mariners invited non-roster RHP Matt Magill to spring training.,543483.0,Matt Magill,/api/v1/people/543483,136,Seattle Mariners,/api/v1/teams/136,,,
460803,2021-01-28,2021-01-28,2021-01-28,ASG,Assigned,Seattle Mariners invited non-roster RHP Brady Lail to spring training.,621078.0,Brady Lail,/api/v1/people/621078,136,Seattle Mariners,/api/v1/teams/136,,,
460826,2021-01-28,2021-01-28,2021-01-28,ASG,Assigned,Seattle Mariners invited non-roster RF Dillon Thomas to spring training.,605504.0,Dillon Thomas,/api/v1/people/605504,136,Seattle Mariners,/api/v1/teams/136,,,
460810,2021-01-28,2021-01-28,2021-01-28,ASG,Assigned,Seattle Mariners invited non-roster RHP Darren McCaughan to spring training.,670766.0,Darren McCaughan,/api/v1/people/670766,136,Seattle Mariners,/api/v1/teams/136,,,
460811,2021-01-28,2021-01-28,2021-01-28,ASG,Assigned,Seattle Mariners invited non-roster LHP Ian McKinney to spring training.,641855.0,Ian McKinney,/api/v1/people/641855,136,Seattle Mariners,/api/v1/teams/136,,,
460805,2021-01-28,2021-01-28,2021-01-28,ASG,Assigned,Seattle Mariners invited non-roster RHP Logan Gilbert to spring training.,669302.0,Logan Gilbert,/api/v1/people/669302,136,Seattle Mariners,/api/v1/teams/136,,,
460806,2021-01-28,2021-01-28,2021-01-28,ASG,Assigned,Seattle Mariners invited non-roster RHP Vinny Nittoli to spring training.,657697.0,Vinny Nittoli,/api/v1/people/657697,136,Seattle Mariners,/api/v1/teams/136,,,
460812,2021-01-28,2021-01-28,2021-01-28,ASG,Assigned,Seattle Mariners invited non-roster RHP Paul Sewald to spring training.,623149.0,Paul Sewald,/api/v1/people/623149,136,Seattle Mariners,/api/v1/teams/136,,,
460813,2021-01-28,2021-01-28,2021-01-28,ASG,Assigned,Seattle Mariners invited non-roster RHP Drew Steckenrider to spring training.,608716.0,Drew Steckenrider,/api/v1/people/608716,136,Seattle Mariners,/api/v1/teams/136,,,
460815,2021-01-28,2021-01-28,2021-01-28,ASG,Assigned,Seattle Mariners invited non-roster C Josh Morgan to spring training.,656766.0,Josh Morgan,/api/v1/people/656766,136,Seattle Mariners,/api/v1/teams/136,,,
460819,2021-01-28,2021-01-28,2021-01-28,ASG,Assigned,Seattle Mariners invited non-roster LF Luis Liberato to spring training.,642451.0,Luis Liberato,/api/v1/people/642451,136,Seattle Mariners,/api/v1/teams/136,,,
460800,2021-01-28,2021-01-28,2021-01-28,ASG,Assigned,Seattle Mariners invited non-roster RHP Nick Duron to spring training.,663975.0,Nick Duron,/api/v1/people/663975,136,Seattle Mariners,/api/v1/teams/136,,,
460809,2021-01-28,2021-01-28,2021-01-28,ASG,Assigned,Seattle Mariners invited non-roster C Brian O'Keefe to spring training.,657247.0,Brian O'Keefe,/api/v1/people/657247,136,Seattle Mariners,/api/v1/teams/136,,,
460820,2021-01-28,2021-01-28,2021-01-28,ASG,Assigned,Seattle Mariners invited non-roster 3B Jordan Cowan to spring training.,643268.0,Jordan Cowan,/api/v1/people/643268,136,Seattle Mariners,/api/v1/teams/136,,,
474637,2021-01-28,2021-01-28,2021-01-28,ASG,Assigned,C Brian O'Keefe assigned to Seattle Mariners .,657247.0,Brian O'Keefe,/api/v1/people/657247,136,Seattle Mariners,/api/v1/teams/136,,,
474628,2021-01-28,2021-01-28,2021-01-28,ASG,Assigned,LF Dillon Thomas assigned to Seattle Mariners .,605504.0,Dillon Thomas,/api/v1/people/605504,136,Seattle Mariners,/api/v1/teams/136,,,
474629,2021-01-28,2021-01-28,2021-01-28,ASG,Assigned,OF Julio Rodriguez assigned to Seattle Mariners .,677594.0,Julio Rodríguez,/api/v1/people/677594,136,Seattle Mariners,/api/v1/teams/136,,,
474630,2021-01-28,2021-01-28,2021-01-28,ASG,Assigned,RF Eric Filia assigned to Seattle Mariners .,596107.0,Eric Filia,/api/v1/people/596107,136,Seattle Mariners,/api/v1/teams/136,,,
474631,2021-01-28,2021-01-28,2021-01-28,ASG,Assigned,OF Jarred Kelenic assigned to Seattle Mariners .,672284.0,Jarred Kelenic,/api/v1/people/672284,136,Seattle Mariners,/api/v1/teams/136,,,
474632,2021-01-28,2021-01-28,2021-01-28,ASG,Assigned,CF Luis Liberato assigned to Seattle Mariners .,642451.0,Luis Liberato,/api/v1/people/642451,136,Seattle Mariners,/api/v1/teams/136,,,
474633,2021-01-28,2021-01-28,2021-01-28,ASG,Assigned,3B Jantzen Witte assigned to Seattle Mariners .,642220.0,Jantzen Witte,/api/v1/people/642220,136,Seattle Mariners,/api/v1/teams/136,,,
474634,2021-01-28,2021-01-28,2021-01-28,ASG,Assigned,2B Jordan Cowan assigned to Seattle Mariners .,643268.0,Jordan Cowan,/api/v1/people/643268,136,Seattle Mariners,/api/v1/teams/136,,,
474635,2021-01-28,2021-01-28,2021-01-28,ASG,Assigned,1B Sam Travis assigned to Seattle Mariners .,607752.0,Sam Travis,/api/v1/people/607752,136,Seattle Mariners,/api/v1/teams/136,,,
474636,2021-01-28,2021-01-28,2021-01-28,ASG,Assigned,C Cal Raleigh assigned to Seattle Mariners .,663728.0,Cal Raleigh,/api/v1/people/663728,136,Seattle Mariners,/api/v1/teams/136,,,
474638,2021-01-28,2021-01-28,2021-01-28,ASG,Assigned,3B Josh Morgan assigned to Seattle Mariners .,656766.0,Josh Morgan,/api/v1/people/656766,136,Seattle Mariners,/api/v1/teams/136,,,
474639,2021-01-28,2021-01-28,2021-01-28,ASG,Assigned,C Jose Godoy assigned to Seattle Mariners .,608422.0,José Godoy,/api/v1/people/608422,136,Seattle Mariners,/api/v1/teams/136,,,
474640,2021-01-28,2021-01-28,2021-01-28,ASG,Assigned,C Carter Bins assigned to Seattle Mariners .,670190.0,Carter Bins,/api/v1/people/670190,136,Seattle Mariners,/api/v1/teams/136,,,
474641,2021-01-28,2021-01-28,2021-01-28,ASG,Assigned,P Jimmy Yacabonis assigned to Seattle Mariners .,642231.0,Jimmy Yacabonis,/api/v1/people/642231,136,Seattle Mariners,/api/v1/teams/136,,,
474643,2021-01-28,2021-01-28,2021-01-28,ASG,Assigned,P Drew Steckenrider assigned to Seattle Mariners .,608716.0,Drew Steckenrider,/api/v1/people/608716,136,Seattle Mariners,/api/v1/teams/136,,,
474644,2021-01-28,2021-01-28,2021-01-28,ASG,Assigned,P Paul Sewald assigned to Seattle Mariners .,623149.0,Paul Sewald,/api/v1/people/623149,136,Seattle Mariners,/api/v1/teams/136,,,
474645,2021-01-28,2021-01-28,2021-01-28,ASG,Assigned,P Vinny Nittoli assigned to Seattle Mariners .,657697.0,Vinny Nittoli,/api/v1/people/657697,136,Seattle Mariners,/api/v1/teams/136,,,
474646,2021-01-28,2021-01-28,2021-01-28,ASG,Assigned,P Ian McKinney assigned to Seattle Mariners .,641855.0,Ian McKinney,/api/v1/people/641855,136,Seattle Mariners,/api/v1/teams/136,,,
474647,2021-01-28,2021-01-28,2021-01-28,ASG,Assigned,P Darren McCaughan assigned to Seattle Mariners .,670766.0,Darren McCaughan,/api/v1/people/670766,136,Seattle Mariners,/api/v1/teams/136,,,
474648,2021-01-28,2021-01-28,2021-01-28,ASG,Assigned,P Brady Lail assigned to Seattle Mariners .,621078.0,Brady Lail,/api/v1/people/621078,136,Seattle Mariners,/api/v1/teams/136,,,
460799,2021-01-28,2021-01-28,2021-01-28,ASG,Assigned,Seattle Mariners invited non-roster RHP Gerson Bautista to spring training.,639373.0,Gerson Bautista,/api/v1/people/639373,136,Seattle Mariners,/api/v1/teams/136,,,
460822,2021-01-28,2021-01-28,2021-01-28,ASG,Assigned,Seattle Mariners invited non-roster CF Jarred Kelenic to spring training.,672284.0,Jarred Kelenic,/api/v1/people/672284,136,Seattle Mariners,/api/v1/teams/136,,,
460821,2021-01-28,2021-01-28,2021-01-28,ASG,Assigned,Seattle Mariners invited non-roster RF Eric Filia to spring training.,596107.0,Eric Filia,/api/v1/people/596107,136,Seattle Mariners,/api/v1/teams/136,,,
474654,2021-01-28,2021-01-28,2021-01-28,ASG,Assigned,P Nick Duron assigned to Seattle Mariners .,663975.0,Nick Duron,/api/v1/people/663975,136,Seattle Mariners,/api/v1/teams/136,,,
474653,2021-01-28,2021-01-28,2021-01-28,ASG,Assigned,P Logan Gilbert assigned to Seattle Mariners .,669302.0,Logan Gilbert,/api/v1/people/669302,136,Seattle Mariners,/api/v1/teams/136,,,
474652,2021-01-28,2021-01-28,2021-01-28,ASG,Assigned,P Moises Gomez assigned to Seattle Mariners .,656001.0,Moises Gomez,/api/v1/people/656001,136,Seattle Mariners,/api/v1/teams/136,,,
474658,2021-02-01,2021-02-01,2021-02-01,SFA,Signed as Free Agent,Seattle Mariners signed free agent P Jaime Schultz.,621289.0,Jaime Schultz,/api/v1/people/621289,136,Seattle Mariners,/api/v1/teams/136,,,
461727,2021-02-05,2021-02-05,2021-02-05,SFA,Signed as Free Agent,Seattle Mariners signed free agent RHP Aneury Lora to a minor league contract.,699699.0,Aneury Lora,/api/v1/people/699699,136,Seattle Mariners,/api/v1/teams/136,,,
461726,2021-02-05,2021-02-05,2021-02-05,SFA,Signed as Free Agent,Seattle Mariners signed free agent SS Ricardo Cova to a minor league contract.,699698.0,Ricardo Cova,/api/v1/people/699698,136,Seattle Mariners,/api/v1/teams/136,,,
461725,2021-02-05,2021-02-05,2021-02-05,SFA,Signed as Free Agent,Seattle Mariners signed free agent RHP Roiber Talavera to a minor league contract.,699696.0,Roiber Talavera,/api/v1/people/699696,136,Seattle Mariners,/api/v1/teams/136,,,
461717,2021-02-05,2021-02-05,2021-02-05,SFA,Signed as Free Agent,Seattle Mariners signed free agent LHP Juan Pinto to a minor league contract.,699697.0,Juan Pinto,/api/v1/people/699697,136,Seattle Mariners,/api/v1/teams/136,,,
461701,2021-02-05,2021-02-05,2021-02-05,SFA,Signed as Free Agent,Seattle Mariners signed free agent SS Bryant Mendez to a minor league contract.,698915.0,Bryant Mendez,/api/v1/people/698915,136,Seattle Mariners,/api/v1/teams/136,,,
461718,2021-02-05,2021-02-05,2021-02-05,SFA,Signed as Free Agent,Seattle Mariners signed free agent OF Luis Bolivar to a minor league contract.,699700.0,Luis Bolivar,/api/v1/people/699700,136,Seattle Mariners,/api/v1/teams/136,,,
461967,2021-02-05,2021-02-05,2021-02-05,SFA,Signed as Free Agent,Seattle Mariners signed free agent OF Gabriel Gonzalez to a minor league contract.,694224.0,Gabriel Gonzalez,/api/v1/people/694224,136,Seattle Mariners,/api/v1/teams/136,,,
461716,2021-02-05,2021-02-05,2021-02-05,SFA,Signed as Free Agent,Seattle Mariners signed free agent RHP Gleiner Diaz to a minor league contract.,699695.0,Gleiner Diaz,/api/v1/people/699695,136,Seattle Mariners,/api/v1/teams/136,,,
469762,2021-02-09,2021-02-09,2021-02-09,SFA,Signed as Free Agent,Seattle Mariners signed free agent RHP Taylor Guerrieri to a minor league contract and invited him to spring training.,605260.0,Taylor Guerrieri,/api/v1/people/605260,136,Seattle Mariners,/api/v1/teams/136,,,
469763,2021-02-09,2021-02-09,2021-02-09,SFA,Signed as Free Agent,Seattle Mariners signed free agent RHP JT Chargois to a minor league contract and invited him to spring training.,608638.0,JT Chargois,/api/v1/people/608638,136,Seattle Mariners,/api/v1/teams/136,,,
474656,2021-02-09,2021-02-09,2021-02-09,SFA,Signed as Free Agent,Seattle Mariners signed free agent P JT Chargois.,608638.0,JT Chargois,/api/v1/people/608638,136,Seattle Mariners,/api/v1/teams/136,,,
474651,2021-02-09,2021-02-09,2021-02-09,SFA,Signed as Free Agent,Seattle Mariners signed free agent P Taylor Guerrieri.,605260.0,Taylor Guerrieri,/api/v1/people/605260,136,Seattle Mariners,/api/v1/teams/136,,,
462117,2021-02-09,2021-02-09,2021-02-09,SFA,Signed as Free Agent,Seattle Mariners signed free agent RHP Taylor Guerrieri to a minor league contract and invited him to spring training.,605260.0,Taylor Guerrieri,/api/v1/people/605260,136,Seattle Mariners,/api/v1/teams/136,,,
462105,2021-02-09,2021-02-09,2021-02-09,SFA,Signed as Free Agent,Seattle Mariners signed free agent RHP JT Chargois to a minor league contract and invited him to spring training.,608638.0,JT Chargois,/api/v1/people/608638,136,Seattle Mariners,/api/v1/teams/136,,,
470359,2021-02-18,2021-02-18,2021-02-18,SFA,Signed as Free Agent,Seattle Mariners signed free agent LHP James Paxton.,572020.0,James Paxton,/api/v1/people/572020,136,Seattle Mariners,/api/v1/teams/136,,,
470366,2021-02-18,2021-02-18,,SC,Status Change,Seattle Mariners placed RHP Andres Munoz on the 60-day injured list. Recovery from Tommy John surgery.,662253.0,Andrés Muñoz,/api/v1/people/662253,136,Seattle Mariners,/api/v1/teams/136,,,
471066,2021-02-19,2021-02-19,2021-02-19,DES,Designated for Assignment,Seattle Mariners designated RHP Robert Dugger for assignment.,667498.0,Robert Dugger,/api/v1/people/667498,136,Seattle Mariners,/api/v1/teams/136,,,
471061,2021-02-19,2021-02-19,2021-02-19,SFA,Signed as Free Agent,Seattle Mariners signed free agent RHP Ken Giles.,571704.0,Ken Giles,/api/v1/people/571704,136,Seattle Mariners,/api/v1/teams/136,,,
472713,2021-02-22,2021-02-22,,OUT,Outrighted,Seattle Mariners sent Robert Dugger outright to Tacoma Rainiers.,667498.0,Robert Dugger,/api/v1/people/667498,529,Tacoma Rainiers,/api/v1/teams/529,136.0,Seattle Mariners,/api/v1/teams/136
474657,2021-02-28,2021-02-28,2021-02-28,ASG,Assigned,SS Jack Reinheimer assigned to Seattle Mariners .,595373.0,Jack Reinheimer,/api/v1/people/595373,136,Seattle Mariners,/api/v1/teams/136,,,
472955,2021-02-28,2021-02-28,2021-02-28,ASG,Assigned,SS Jack Reinheimer assigned to Seattle Mariners .,595373.0,Jack Reinheimer,/api/v1/people/595373,136,Seattle Mariners,/api/v1/teams/136,,,
473284,2021-03-10,2021-03-10,2021-03-10,ASG,Assigned,P George Kirby assigned to Seattle Mariners .,669923.0,George Kirby,/api/v1/people/669923,136,Seattle Mariners,/api/v1/teams/136,,,
474655,2021-03-10,2021-03-10,2021-03-10,ASG,Assigned,P Robert Dugger assigned to Seattle Mariners .,667498.0,Robert Dugger,/api/v1/people/667498,136,Seattle Mariners,/api/v1/teams/136,,,
474650,2021-03-10,2021-03-10,2021-03-10,ASG,Assigned,P Emerson Hancock assigned to Seattle Mariners .,676106.0,Emerson Hancock,/api/v1/people/676106,136,Seattle Mariners,/api/v1/teams/136,,,
474649,2021-03-10,2021-03-10,2021-03-10,ASG,Assigned,P George Kirby assigned to Seattle Mariners .,669923.0,George Kirby,/api/v1/people/669923,136,Seattle Mariners,/api/v1/teams/136,,,
473283,2021-03-10,2021-03-10,2021-03-10,ASG,Assigned,P Emerson Hancock assigned to Seattle Mariners .,676106.0,Emerson Hancock,/api/v1/people/676106,136,Seattle Mariners,/api/v1/teams/136,,,
473281,2021-03-10,2021-03-10,2021-03-10,ASG,Assigned,P Robert Dugger assigned to Seattle Mariners .,667498.0,Robert Dugger,/api/v1/people/667498,136,Seattle Mariners,/api/v1/teams/136,,,
473282,2021-03-10,2021-03-10,2021-03-10,ASG,Assigned,P Brandon Williamson assigned to Seattle Mariners .,682227.0,Brandon Williamson,/api/v1/people/682227,136,Seattle Mariners,/api/v1/teams/136,,,
474642,2021-03-10,2021-03-10,2021-03-10,ASG,Assigned,P Brandon Williamson assigned to Seattle Mariners .,682227.0,Brandon Williamson,/api/v1/people/682227,136,Seattle Mariners,/api/v1/teams/136,,,
473591,2021-03-16,2021-03-16,,OPT,Optioned,Seattle Mariners optioned P Sam Delaplane to Tacoma Rainiers.,676845.0,Sam Delaplane,/api/v1/people/676845,529,Tacoma Rainiers,/api/v1/teams/529,136.0,Seattle Mariners,/api/v1/teams/136
473682,2021-03-16,2021-03-16,,OPT,Optioned,Seattle Mariners optioned P Juan Then to Everett AquaSox.,672730.0,Juan Then,/api/v1/people/672730,403,Everett AquaSox,/api/v1/teams/403,136.0,Seattle Mariners,/api/v1/teams/136
473595,2021-03-16,2021-03-16,,OPT,Optioned,Seattle Mariners optioned P Wyatt Mills to Mariners Alternate Training Site.,670090.0,Wyatt Mills,/api/v1/people/670090,3274,Mariners Alternate Training Site,/api/v1/teams/3274,136.0,Seattle Mariners,/api/v1/teams/136
473584,2021-03-16,2021-03-16,,OPT,Optioned,Seattle Mariners optioned P Brandon Brennan to Mariners Alternate Training Site.,592165.0,Brandon Brennan,/api/v1/people/592165,3274,Mariners Alternate Training Site,/api/v1/teams/3274,136.0,Seattle Mariners,/api/v1/teams/136
474003,2021-03-18,2021-03-18,2021-03-18,SFA,Signed as Free Agent,Seattle Mariners signed free agent P Darin Gillies.,606981.0,Darin Gillies,/api/v1/people/606981,136,Seattle Mariners,/api/v1/teams/136,,,
473959,2021-03-23,2021-03-23,2021-03-23,REL,Released,Seattle Mariners released P Gerson Bautista.,639373.0,Gerson Bautista,/api/v1/people/639373,136,Seattle Mariners,/api/v1/teams/136,,,
473919,2021-03-23,2021-03-23,,OPT,Optioned,Seattle Mariners optioned P Yohan Ramirez to Mariners Alternate Training Site.,670990.0,Yohan Ramírez,/api/v1/people/670990,3274,Mariners Alternate Training Site,/api/v1/teams/3274,136.0,Seattle Mariners,/api/v1/teams/136
473920,2021-03-23,2021-03-23,,OPT,Optioned,Seattle Mariners optioned 2B Donovan Walton to Mariners Alternate Training Site.,622268.0,Donovan Walton,/api/v1/people/622268,3274,Mariners Alternate Training Site,/api/v1/teams/3274,136.0,Seattle Mariners,/api/v1/teams/136
474036,2021-03-25,2021-03-25,2021-03-25,REL,Released,Seattle Mariners released P Roenis Elias.,606273.0,Roenis Elías,/api/v1/people/606273,136,Seattle Mariners,/api/v1/teams/136,,,
474056,2021-03-26,2021-03-26,,OPT,Optioned,Seattle Mariners optioned CF Braden Bishop to Mariners Alternate Training Site.,623323.0,Braden Bishop,/api/v1/people/623323,3274,Mariners Alternate Training Site,/api/v1/teams/3274,136.0,Seattle Mariners,/api/v1/teams/136
474054,2021-03-26,2021-03-26,,OPT,Optioned,Seattle Mariners optioned P Aaron Fletcher to Mariners Alternate Training Site.,667465.0,Aaron Fletcher,/api/v1/people/667465,3274,Mariners Alternate Training Site,/api/v1/teams/3274,136.0,Seattle Mariners,/api/v1/teams/136
474055,2021-03-26,2021-03-26,,OPT,Optioned,Seattle Mariners optioned P Ljay Newsome to Mariners Alternate Training Site.,664714.0,Ljay Newsome,/api/v1/people/664714,3274,Mariners Alternate Training Site,/api/v1/teams/3274,136.0,Seattle Mariners,/api/v1/teams/136
474135,2021-03-27,2021-03-27,,OPT,Optioned,Seattle Mariners optioned P Erik Swanson to Mariners Alternate Training Site.,657024.0,Erik Swanson,/api/v1/people/657024,3274,Mariners Alternate Training Site,/api/v1/teams/3274,136.0,Seattle Mariners,/api/v1/teams/136
474166,2021-03-27,2021-03-27,2021-03-27,REL,Released,Seattle Mariners released P Matt Magill.,543483.0,Matt Magill,/api/v1/people/543483,136,Seattle Mariners,/api/v1/teams/136,,,
474129,2021-03-27,2021-03-27,,OPT,Optioned,Seattle Mariners optioned P Joey Gerber to Mariners Alternate Training Site.,680702.0,Joey Gerber,/api/v1/people/680702,3274,Mariners Alternate Training Site,/api/v1/teams/3274,136.0,Seattle Mariners,/api/v1/teams/136
481602,2021-03-31,2021-03-31,2021-03-31,SFA,Signed as Free Agent,Seattle Mariners signed free agent CF Stephen Wrenn to a minor league contract.,642227.0,Stephen Wrenn,/api/v1/people/642227,136,Seattle Mariners,/api/v1/teams/136,,,
475846,2021-03-31,2021-03-31,,SE,Selected,Seattle Mariners selected the contract of P Drew Steckenrider from Tacoma Rainiers.,608716.0,Drew Steckenrider,/api/v1/people/608716,136,Seattle Mariners,/api/v1/teams/136,529.0,Tacoma Rainiers,/api/v1/teams/529
477126,2021-03-31,2021-03-31,2021-03-31,SE,Selected,Seattle Mariners selected the contract of P Drew Steckenrider.,608716.0,Drew Steckenrider,/api/v1/people/608716,136,Seattle Mariners,/api/v1/teams/136,,,
475847,2021-03-31,2021-03-31,,OPT,Optioned,Seattle Mariners optioned P Domingo Tapia to Mariners Alternate Training Site.,593619.0,Domingo Tapia,/api/v1/people/593619,3274,Mariners Alternate Training Site,/api/v1/teams/3274,136.0,Seattle Mariners,/api/v1/teams/136
475850,2021-03-31,2021-03-29,2021-03-29,SC,Status Change,Seattle Mariners placed 2B Shed Long Jr. on the 10 day disabled list.,643418.0,Shed Long Jr.,/api/v1/people/643418,136,Seattle Mariners,/api/v1/teams/136,,,
475848,2021-03-31,2021-03-31,2021-03-31,SC,Status Change,Seattle Mariners placed P Ken Giles on the 60 day disabled list.,571704.0,Ken Giles,/api/v1/people/571704,136,Seattle Mariners,/api/v1/teams/136,,,
478372,2021-03-31,2021-03-31,2021-03-31,SE,Selected,Seattle Mariners selected the contract of RHP Drew Steckenrider.,608716.0,Drew Steckenrider,/api/v1/people/608716,136,Seattle Mariners,/api/v1/teams/136,,,
477700,2021-03-31,2021-03-31,2021-03-31,SE,Selected,Seattle Mariners selected the contract of P Drew Steckenrider.,608716.0,Drew Steckenrider,/api/v1/people/608716,136,Seattle Mariners,/api/v1/teams/136,,,
475849,2021-03-31,2021-03-29,,SC,Status Change,Seattle Mariners placed CF Kyle Lewis on the 10 day disabled list.,641786.0,Kyle Lewis,/api/v1/people/641786,136,Seattle Mariners,/api/v1/teams/136,,,
477623,2021-03-31,2021-03-31,2021-03-31,SE,Selected,Seattle Mariners selected the contract of P Drew Steckenrider.,608716.0,Drew Steckenrider,/api/v1/people/608716,136,Seattle Mariners,/api/v1/teams/136,,,
476340,2021-04-01,2021-04-01,2021-04-01,SFA,Signed as Free Agent,Seattle Mariners signed free agent P Matt Magill.,543483.0,Matt Magill,/api/v1/people/543483,136,Seattle Mariners,/api/v1/teams/136,,,
476338,2021-04-01,2021-04-01,2021-04-01,SFA,Signed as Free Agent,Seattle Mariners signed free agent P Roenis Elias.,606273.0,Roenis Elías,/api/v1/people/606273,136,Seattle Mariners,/api/v1/teams/136,,,
476538,2021-04-07,2021-04-07,2021-04-07,SC,Status Change,Seattle Mariners placed P James Paxton on the 10 day injured list. Left forearm strain.,572020.0,James Paxton,/api/v1/people/572020,136,Seattle Mariners,/api/v1/teams/136,,,
476539,2021-04-07,2021-04-07,,CU,Recalled,Seattle Mariners recalled P Ljay Newsome from Mariners Alternate Training Site.,664714.0,Ljay Newsome,/api/v1/people/664714,136,Seattle Mariners,/api/v1/teams/136,3274.0,Mariners Alternate Training Site,/api/v1/teams/3274
478375,2021-04-07,2021-04-07,2021-04-07,CU,Recalled,Seattle Mariners recalled RHP Ljay Newsome.,664714.0,Ljay Newsome,/api/v1/people/664714,136,Seattle Mariners,/api/v1/teams/136,,,
477718,2021-04-07,2021-04-07,2021-04-07,CU,Recalled,Seattle Mariners recalled CF Braden Bishop.,623323.0,Braden Bishop,/api/v1/people/623323,136,Seattle Mariners,/api/v1/teams/136,,,
477671,2021-04-07,2021-04-07,2021-04-07,CU,Recalled,Seattle Mariners recalled P Ljay Newsome.,664714.0,Ljay Newsome,/api/v1/people/664714,136,Seattle Mariners,/api/v1/teams/136,,,
477713,2021-04-07,2021-04-07,2021-04-07,CU,Recalled,Seattle Mariners recalled P Ljay Newsome.,664714.0,Ljay Newsome,/api/v1/people/664714,136,Seattle Mariners,/api/v1/teams/136,,,
477631,2021-04-07,2021-04-07,2021-04-07,CU,Recalled,Seattle Mariners recalled CF Braden Bishop.,623323.0,Braden Bishop,/api/v1/people/623323,136,Seattle Mariners,/api/v1/teams/136,,,
478391,2021-04-07,2021-04-07,2021-04-07,CU,Recalled,Seattle Mariners recalled CF Braden Bishop.,623323.0,Braden Bishop,/api/v1/people/623323,136,Seattle Mariners,/api/v1/teams/136,,,
480629,2021-04-07,2021-04-07,2021-04-07,SC,Status Change,Seattle Mariners placed CF Jake Fraley on the 10-day injured list. Left hamstring strain.,641584.0,Jake Fraley,/api/v1/people/641584,136,Seattle Mariners,/api/v1/teams/136,,,
476537,2021-04-07,2021-04-07,2021-04-07,SC,Status Change,Seattle Mariners placed CF Jake Fraley on the 10 day injured list. Left hamstring strain.,641584.0,Jake Fraley,/api/v1/people/641584,136,Seattle Mariners,/api/v1/teams/136,,,
476540,2021-04-07,2021-04-07,,CU,Recalled,Seattle Mariners recalled CF Braden Bishop from Mariners Alternate Training Site.,623323.0,Braden Bishop,/api/v1/people/623323,136,Seattle Mariners,/api/v1/teams/136,3274.0,Mariners Alternate Training Site,/api/v1/teams/3274
477129,2021-04-07,2021-04-07,2021-04-07,CU,Recalled,Seattle Mariners recalled P Ljay Newsome.,664714.0,Ljay Newsome,/api/v1/people/664714,136,Seattle Mariners,/api/v1/teams/136,,,
477114,2021-04-07,2021-04-07,2021-04-07,CU,Recalled,Seattle Mariners recalled CF Braden Bishop.,623323.0,Braden Bishop,/api/v1/people/623323,136,Seattle Mariners,/api/v1/teams/136,,,
476803,2021-04-12,2021-04-12,,CU,Recalled,Seattle Mariners recalled P Erik Swanson from Mariners Alternate Training Site.,657024.0,Erik Swanson,/api/v1/people/657024,136,Seattle Mariners,/api/v1/teams/136,3274.0,Mariners Alternate Training Site,/api/v1/teams/3274
477125,2021-04-12,2021-04-12,2021-04-12,CU,Recalled,Seattle Mariners recalled P Erik Swanson.,657024.0,Erik Swanson,/api/v1/people/657024,136,Seattle Mariners,/api/v1/teams/136,,,
477714,2021-04-12,2021-04-12,2021-04-12,CU,Recalled,Seattle Mariners recalled P Erik Swanson.,657024.0,Erik Swanson,/api/v1/people/657024,136,Seattle Mariners,/api/v1/teams/136,,,
477666,2021-04-12,2021-04-12,2021-04-12,CU,Recalled,Seattle Mariners recalled P Erik Swanson.,657024.0,Erik Swanson,/api/v1/people/657024,136,Seattle Mariners,/api/v1/teams/136,,,
476812,2021-04-12,2021-04-12,2021-04-12,SC,Status Change,Seattle Mariners placed P Anthony Misiewicz on the 10 day injured list.,664948.0,Anthony Misiewicz,/api/v1/people/664948,136,Seattle Mariners,/api/v1/teams/136,,,
476910,2021-04-13,2021-04-13,,CU,Recalled,Seattle Mariners recalled 2B Donovan Walton from Mariners Alternate Training Site.,622268.0,Donovan Walton,/api/v1/people/622268,136,Seattle Mariners,/api/v1/teams/136,3274.0,Mariners Alternate Training Site,/api/v1/teams/3274
476951,2021-04-14,2021-04-14,,OPT,Optioned,Seattle Mariners optioned 2B Donovan Walton to Mariners Alternate Training Site.,622268.0,Donovan Walton,/api/v1/people/622268,3274,Mariners Alternate Training Site,/api/v1/teams/3274,136.0,Seattle Mariners,/api/v1/teams/136
477581,2021-04-15,2021-04-15,,SE,Selected,Seattle Mariners selected the contract of RHP Robert Dugger from Mariners Alternate Training Site.,667498.0,Robert Dugger,/api/v1/people/667498,136,Seattle Mariners,/api/v1/teams/136,3274.0,Mariners Alternate Training Site,/api/v1/teams/3274
477690,2021-04-16,2021-04-16,,OPT,Optioned,Seattle Mariners optioned RHP Robert Dugger to Mariners Alternate Training Site.,667498.0,Robert Dugger,/api/v1/people/667498,3274,Mariners Alternate Training Site,/api/v1/teams/3274,136.0,Seattle Mariners,/api/v1/teams/136
478296,2021-04-16,2021-04-16,,OPT,Optioned,Seattle Mariners optioned RHP Erik Swanson to Mariners Alternate Training Site.,657024.0,Erik Swanson,/api/v1/people/657024,3274,Mariners Alternate Training Site,/api/v1/teams/3274,136.0,Seattle Mariners,/api/v1/teams/136
478290,2021-04-16,2021-04-16,2021-04-16,SC,Status Change,Seattle Mariners activated LHP Anthony Misiewicz from the 10-day injured list.,664948.0,Anthony Misiewicz,/api/v1/people/664948,136,Seattle Mariners,/api/v1/teams/136,,,
478295,2021-04-16,2021-04-16,2021-04-16,SC,Status Change,Seattle Mariners placed LHP James Paxton on the 60-day injured list. Left forearm strain.,572020.0,James Paxton,/api/v1/people/572020,136,Seattle Mariners,/api/v1/teams/136,,,
486312,2021-04-18,2021-04-18,2021-04-18,SFA,Signed as Free Agent,Seattle Mariners signed free agent RHP Brayan Diaz to a minor league contract.,700730.0,Brayan Diaz,/api/v1/people/700730,136,Seattle Mariners,/api/v1/teams/136,,,
478925,2021-04-20,2021-04-20,2021-04-20,SC,Status Change,Seattle Mariners activated CF Kyle Lewis from the 10-day injured list.,641786.0,Kyle Lewis,/api/v1/people/641786,136,Seattle Mariners,/api/v1/teams/136,,,
478919,2021-04-20,2021-04-20,,OPT,Optioned,Seattle Mariners optioned CF Braden Bishop to Mariners Alternate Training Site.,623323.0,Braden Bishop,/api/v1/people/623323,3274,Mariners Alternate Training Site,/api/v1/teams/3274,136.0,Seattle Mariners,/api/v1/teams/136
480641,2021-04-20,2021-04-20,2021-04-20,CU,Recalled,Seattle Mariners recalled CF Braden Bishop.,623323.0,Braden Bishop,/api/v1/people/623323,136,Seattle Mariners,/api/v1/teams/136,,,
480240,2021-04-26,2021-04-26,,CU,Recalled,Seattle Mariners recalled RHP Robert Dugger from Mariners Alternate Training Site.,667498.0,Robert Dugger,/api/v1/people/667498,136,Seattle Mariners,/api/v1/teams/136,3274.0,Mariners Alternate Training Site,/api/v1/teams/3274
480239,2021-04-26,2021-04-26,2021-04-26,SC,Status Change,Seattle Mariners placed LHP Nick Margevicius on the 10-day injured list. Left shoulder inflammation.,676606.0,Nick Margevicius,/api/v1/people/676606,136,Seattle Mariners,/api/v1/teams/136,,,
480463,2021-04-27,2021-04-27,,CLW,Claimed Off Waivers,Seattle Mariners claimed 2B Jack Mayfield off waivers from Los Angeles Angels.,608686.0,Jack Mayfield,/api/v1/people/608686,136,Seattle Mariners,/api/v1/teams/136,108.0,Los Angeles Angels,/api/v1/teams/108
480657,2021-04-27,2021-04-27,2021-04-27,CLW,Claimed Off Waivers,Seattle Mariners claimed 2B Jack Mayfield off waivers.,608686.0,Jack Mayfield,/api/v1/people/608686,136,Seattle Mariners,/api/v1/teams/136,,,
480465,2021-04-27,2021-04-27,2021-04-27,SC,Status Change,Seattle Mariners placed 2B Shed Long Jr. on the 60-day injured list. Recovery from right shin stress fracture.,643418.0,Shed Long Jr.,/api/v1/people/643418,136,Seattle Mariners,/api/v1/teams/136,,,
480464,2021-04-27,2021-04-27,,OPT,Optioned,Seattle Mariners optioned 2B Jack Mayfield to Mariners Alternate Training Site.,608686.0,Jack Mayfield,/api/v1/people/608686,3274,Mariners Alternate Training Site,/api/v1/teams/3274,136.0,Seattle Mariners,/api/v1/teams/136
480723,2021-04-28,2021-04-28,,CLW,Claimed Off Waivers,Seattle Mariners claimed C Jacob Nottingham off waivers from Milwaukee Brewers.,641924.0,Jacob Nottingham,/api/v1/people/641924,136,Seattle Mariners,/api/v1/teams/136,158.0,Milwaukee Brewers,/api/v1/teams/158
480724,2021-04-28,2021-04-28,2021-04-28,DES,Designated for Assignment,Seattle Mariners designated RHP Brandon Brennan for assignment.,592165.0,Brandon Brennan,/api/v1/people/592165,136,Seattle Mariners,/api/v1/teams/136,,,
480906,2021-04-29,2021-04-29,,CU,Recalled,Seattle Mariners recalled RHP Domingo Tapia from Mariners Alternate Training Site.,593619.0,Domingo Tapia,/api/v1/people/593619,136,Seattle Mariners,/api/v1/teams/136,3274.0,Mariners Alternate Training Site,/api/v1/teams/3274
480908,2021-04-29,2021-04-28,2021-04-28,SC,Status Change,Seattle Mariners placed LHP Marco Gonzales on the 10-day injured list. Left forearm strain.,594835.0,Marco Gonzales,/api/v1/people/594835,136,Seattle Mariners,/api/v1/teams/136,,,
481360,2021-04-30,2021-04-30,2021-04-30,SC,Status Change,Seattle Mariners activated C Jacob Nottingham.,641924.0,Jacob Nottingham,/api/v1/people/641924,136,Seattle Mariners,/api/v1/teams/136,,,
481359,2021-04-30,2021-04-30,2021-04-30,SC,Status Change,Seattle Mariners placed 1B Evan White on the bereavement list.,657108.0,Evan White,/api/v1/people/657108,136,Seattle Mariners,/api/v1/teams/136,,,
482353,2021-05-01,2021-05-01,2021-05-01,DES,Designated for Assignment,Seattle Mariners designated C Jacob Nottingham for assignment.,641924.0,Jacob Nottingham,/api/v1/people/641924,136,Seattle Mariners,/api/v1/teams/136,,,
482354,2021-05-01,2021-05-01,,CU,Recalled,Seattle Mariners recalled RHP Wyatt Mills from Tacoma Rainiers.,670090.0,Wyatt Mills,/api/v1/people/670090,136,Seattle Mariners,/api/v1/teams/136,529.0,Tacoma Rainiers,/api/v1/teams/529
482380,2021-05-02,2021-05-02,,TR,Trade,Seattle Mariners traded C Jacob Nottingham to Milwaukee Brewers for cash.,641924.0,Jacob Nottingham,/api/v1/people/641924,158,Milwaukee Brewers,/api/v1/teams/158,136.0,Seattle Mariners,/api/v1/teams/136
482615,2021-05-02,2021-05-02,,CU,Recalled,Seattle Mariners recalled RHP Erik Swanson from Tacoma Rainiers.,657024.0,Erik Swanson,/api/v1/people/657024,136,Seattle Mariners,/api/v1/teams/136,529.0,Tacoma Rainiers,/api/v1/teams/529
482616,2021-05-02,2021-05-01,2021-05-01,SC,Status Change,Seattle Mariners placed RHP Casey Sadler on the 10-day injured list. Right shoulder inflammation.,594987.0,Casey Sadler,/api/v1/people/594987,136,Seattle Mariners,/api/v1/teams/136,,,
484112,2021-05-03,2021-05-03,2021-05-03,SC,Status Change,Seattle Mariners placed 1B Evan White on the 10-day injured list.,657108.0,Evan White,/api/v1/people/657108,136,Seattle Mariners,/api/v1/teams/136,,,
483607,2021-05-03,2021-05-03,,CLW,Claimed Off Waivers,Boston Red Sox claimed RHP Brandon Brennan off waivers from Seattle Mariners.,592165.0,Brandon Brennan,/api/v1/people/592165,111,Boston Red Sox,/api/v1/teams/111,136.0,Seattle Mariners,/api/v1/teams/136
485669,2021-05-03,2021-05-03,2021-05-03,SFA,Signed as Free Agent,Seattle Mariners signed free agent RHP Matt Pierpont to a minor league contract.,641980.0,Matt Pierpont,/api/v1/people/641980,136,Seattle Mariners,/api/v1/teams/136,,,
484952,2021-05-04,2021-05-04,,CU,Recalled,Seattle Mariners recalled LHP Aaron Fletcher from Tacoma Rainiers.,667465.0,Aaron Fletcher,/api/v1/people/667465,136,Seattle Mariners,/api/v1/teams/136,529.0,Tacoma Rainiers,/api/v1/teams/529
485284,2021-05-04,2021-05-04,2021-05-04,SFA,Signed as Free Agent,Seattle Mariners signed free agent RHP Ryan Dull to a minor league contract.,623430.0,Ryan Dull,/api/v1/people/623430,136,Seattle Mariners,/api/v1/teams/136,,,
484950,2021-05-04,2021-05-04,,OPT,Optioned,Seattle Mariners optioned RHP Wyatt Mills to Tacoma Rainiers.,670090.0,Wyatt Mills,/api/v1/people/670090,529,Tacoma Rainiers,/api/v1/teams/529,136.0,Seattle Mariners,/api/v1/teams/136
484951,2021-05-04,2021-05-04,,OPT,Optioned,Seattle Mariners optioned RHP Domingo Tapia to Tacoma Rainiers.,593619.0,Domingo Tapia,/api/v1/people/593619,529,Tacoma Rainiers,/api/v1/teams/529,136.0,Seattle Mariners,/api/v1/teams/136
484949,2021-05-04,2021-05-04,2021-05-04,SC,Status Change,Seattle Mariners activated 1B Evan White from the 10-day injured list.,657108.0,Evan White,/api/v1/people/657108,136,Seattle Mariners,/api/v1/teams/136,,,
485385,2021-05-05,2021-05-05,2021-05-05,ASG,Assigned,LHP Hector Santiago assigned to Seattle Mariners.,502327.0,Héctor Santiago,/api/v1/people/502327,136,Seattle Mariners,/api/v1/teams/136,,,
485027,2021-05-05,2021-05-05,2021-05-05,SC,Status Change,Seattle Mariners placed RHP Keynan Middleton on the 10-day injured list. Right biceps strain.,641871.0,Keynan Middleton,/api/v1/people/641871,136,Seattle Mariners,/api/v1/teams/136,,,
485028,2021-05-05,2021-05-05,,CU,Recalled,Seattle Mariners recalled RHP Wyatt Mills from Tacoma Rainiers.,670090.0,Wyatt Mills,/api/v1/people/670090,136,Seattle Mariners,/api/v1/teams/136,529.0,Tacoma Rainiers,/api/v1/teams/529
486018,2021-05-07,2021-05-07,2021-05-07,SFA,Signed as Free Agent,Seattle Mariners signed free agent RHP Brooks Pounders to a minor league contract.,572044.0,Brooks Pounders,/api/v1/people/572044,136,Seattle Mariners,/api/v1/teams/136,,,
486017,2021-05-07,2021-05-07,2021-05-07,SFA,Signed as Free Agent,Seattle Mariners signed free agent RHP Justin Grimm to a minor league contract.,518748.0,Justin Grimm,/api/v1/people/518748,136,Seattle Mariners,/api/v1/teams/136,,,
485977,2021-05-09,2021-04-07,2021-04-07,SC,Status Change,Seattle Mariners placed RHP Ljay Newsome on the 10-day injured list. Right elbow inflammation.,664714.0,Ljay Newsome,/api/v1/people/664714,136,Seattle Mariners,/api/v1/teams/136,,,
485983,2021-05-09,2021-05-09,,SE,Selected,Seattle Mariners selected the contract of RHP JT Chargois from Tacoma Rainiers.,608638.0,JT Chargois,/api/v1/people/608638,136,Seattle Mariners,/api/v1/teams/136,529.0,Tacoma Rainiers,/api/v1/teams/529
486089,2021-05-10,2021-05-10,2021-05-10,SFA,Signed as Free Agent,Seattle Mariners signed free agent C Caleb Joseph to a minor league contract.,543376.0,Caleb Joseph,/api/v1/people/543376,136,Seattle Mariners,/api/v1/teams/136,,,
486446,2021-05-12,2021-05-12,2021-05-12,SFA,Signed as Free Agent,Seattle Mariners signed free agent 3B Eric Campbell to a minor league contract.,493472.0,Eric Campbell,/api/v1/people/493472,136,Seattle Mariners,/api/v1/teams/136,,,
486511,2021-05-12,2021-05-12,2021-05-12,SFA,Signed as Free Agent,Seattle Mariners signed free agent RHP Tyler Herb to a minor league contract.,600355.0,Tyler Herb,/api/v1/people/600355,136,Seattle Mariners,/api/v1/teams/136,,,
486414,2021-05-13,2021-05-13,,SE,Selected,Seattle Mariners selected the contract of RHP Paul Sewald from Tacoma Rainiers.,623149.0,Paul Sewald,/api/v1/people/623149,136,Seattle Mariners,/api/v1/teams/136,529.0,Tacoma Rainiers,/api/v1/teams/529
486415,2021-05-13,2021-05-13,2021-05-13,SE,Selected,"Seattle Mariners selected the contract of RHP Logan Gilbert, , ,  and  from Tacoma Rainiers.",,,,136,Seattle Mariners,/api/v1/teams/136,,,
489430,2021-05-13,2021-05-13,2021-05-13,SE,Selected,Seattle Mariners selected the contract of OF Jarred Kelenic.,672284.0,Jarred Kelenic,/api/v1/people/672284,136,Seattle Mariners,/api/v1/teams/136,,,
486421,2021-05-13,2021-05-13,,OPT,Optioned,Seattle Mariners optioned RHP Wyatt Mills to Tacoma Rainiers.,670090.0,Wyatt Mills,/api/v1/people/670090,529,Tacoma Rainiers,/api/v1/teams/529,136.0,Seattle Mariners,/api/v1/teams/136
486420,2021-05-13,2021-05-13,,OPT,Optioned,Seattle Mariners optioned LHP Aaron Fletcher to Tacoma Rainiers.,667465.0,Aaron Fletcher,/api/v1/people/667465,529,Tacoma Rainiers,/api/v1/teams/529,136.0,Seattle Mariners,/api/v1/teams/136
486422,2021-05-13,2021-05-13,2021-05-13,SC,Status Change,Seattle Mariners placed LHP Nick Margevicius on the 60-day injured list. Left shoulder inflammation.,676606.0,Nick Margevicius,/api/v1/people/676606,136,Seattle Mariners,/api/v1/teams/136,,,
486419,2021-05-13,2021-05-13,2021-05-13,DES,Designated for Assignment,Seattle Mariners designated CF Braden Bishop for assignment.,623323.0,Braden Bishop,/api/v1/people/623323,136,Seattle Mariners,/api/v1/teams/136,,,
486418,2021-05-13,2021-05-13,2021-05-13,SC,Status Change,Seattle Mariners placed RHP Ljay Newsome on the 60-day injured list. UCL injury.,664714.0,Ljay Newsome,/api/v1/people/664714,136,Seattle Mariners,/api/v1/teams/136,,,
486492,2021-05-13,2021-05-13,2021-05-13,SFA,Signed as Free Agent,Seattle Mariners signed free agent LHP David Huff to a minor league contract.,453307.0,David Huff,/api/v1/people/453307,136,Seattle Mariners,/api/v1/teams/136,,,
488592,2021-05-13,2021-05-13,2021-05-13,SE,Selected,Seattle Mariners selected the contract of OF Jarred Kelenic.,672284.0,Jarred Kelenic,/api/v1/people/672284,136,Seattle Mariners,/api/v1/teams/136,,,
486416,2021-05-13,2021-05-13,,SE,Selected,Seattle Mariners selected the contract of OF Jarred Kelenic from Tacoma Rainiers.,672284.0,Jarred Kelenic,/api/v1/people/672284,136,Seattle Mariners,/api/v1/teams/136,529.0,Tacoma Rainiers,/api/v1/teams/529
486417,2021-05-13,2021-05-13,,OPT,Optioned,Seattle Mariners optioned LF Taylor Trammell to Tacoma Rainiers.,666211.0,Taylor Trammell,/api/v1/people/666211,529,Tacoma Rainiers,/api/v1/teams/529,136.0,Seattle Mariners,/api/v1/teams/136
486706,2021-05-14,2021-05-14,2021-05-14,SC,Status Change,Seattle Mariners placed 3B Ty France on the 10-day injured list. Left wrist inflammation.,664034.0,Ty France,/api/v1/people/664034,136,Seattle Mariners,/api/v1/teams/136,,,
486703,2021-05-14,2021-05-14,2021-05-14,SC,Status Change,Seattle Mariners placed 1B Evan White on the 10-day injured list. Left hip flexor strain.,657108.0,Evan White,/api/v1/people/657108,136,Seattle Mariners,/api/v1/teams/136,,,
486704,2021-05-14,2021-05-14,,CU,Recalled,Seattle Mariners recalled 2B Donovan Walton from Tacoma Rainiers.,622268.0,Donovan Walton,/api/v1/people/622268,136,Seattle Mariners,/api/v1/teams/136,529.0,Tacoma Rainiers,/api/v1/teams/529
486707,2021-05-14,2021-05-14,,CU,Recalled,Seattle Mariners recalled 2B Jack Mayfield from Tacoma Rainiers.,608686.0,Jack Mayfield,/api/v1/people/608686,136,Seattle Mariners,/api/v1/teams/136,529.0,Tacoma Rainiers,/api/v1/teams/529
487891,2021-05-17,2021-05-17,2021-05-17,SFA,Signed as Free Agent,Seattle Mariners signed free agent C Anthony Lepre to a minor league contract.,670811.0,Anthony Lepre,/api/v1/people/670811,136,Seattle Mariners,/api/v1/teams/136,,,
487056,2021-05-17,2021-05-17,,OPT,Optioned,Seattle Mariners optioned 2B Jack Mayfield to Tacoma Rainiers.,608686.0,Jack Mayfield,/api/v1/people/608686,529,Tacoma Rainiers,/api/v1/teams/529,136.0,Seattle Mariners,/api/v1/teams/136
487038,2021-05-17,2021-05-17,,CLW,Claimed Off Waivers,San Francisco Giants claimed CF Braden Bishop off waivers from Seattle Mariners.,623323.0,Braden Bishop,/api/v1/people/623323,137,San Francisco Giants,/api/v1/teams/137,136.0,Seattle Mariners,/api/v1/teams/136
487055,2021-05-17,2021-05-17,,SE,Selected,Seattle Mariners selected the contract of RHP Brady Lail from Tacoma Rainiers.,621078.0,Brady Lail,/api/v1/people/621078,136,Seattle Mariners,/api/v1/teams/136,529.0,Tacoma Rainiers,/api/v1/teams/529
487057,2021-05-17,2021-05-17,2021-05-17,DES,Designated for Assignment,Seattle Mariners designated RHP Domingo Tapia for assignment.,593619.0,Domingo Tapia,/api/v1/people/593619,136,Seattle Mariners,/api/v1/teams/136,,,
487893,2021-05-19,2021-05-19,2021-05-19,SFA,Signed as Free Agent,Seattle Mariners signed free agent CF Kennie Taylor to a minor league contract.,663772.0,Kennie Taylor,/api/v1/people/663772,136,Seattle Mariners,/api/v1/teams/136,,,
487409,2021-05-19,2021-05-19,2021-05-19,SC,Status Change,Seattle Mariners placed 1B Dylan Moore on the 10-day injured list. Left calf strain.,664238.0,Dylan Moore,/api/v1/people/664238,136,Seattle Mariners,/api/v1/teams/136,,,
487420,2021-05-19,2021-05-19,,CU,Recalled,Seattle Mariners recalled 2B Jack Mayfield from Tacoma Rainiers.,608686.0,Jack Mayfield,/api/v1/people/608686,136,Seattle Mariners,/api/v1/teams/136,529.0,Tacoma Rainiers,/api/v1/teams/529
488017,2021-05-20,2021-05-20,,CLW,Claimed Off Waivers,Seattle Mariners claimed C Jacob Nottingham off waivers from Milwaukee Brewers.,641924.0,Jacob Nottingham,/api/v1/people/641924,136,Seattle Mariners,/api/v1/teams/136,158.0,Milwaukee Brewers,/api/v1/teams/158
488018,2021-05-20,2021-05-20,2021-05-20,DES,Designated for Assignment,Seattle Mariners designated RHP Brady Lail for assignment.,621078.0,Brady Lail,/api/v1/people/621078,136,Seattle Mariners,/api/v1/teams/136,,,
488942,2021-05-20,2021-05-20,2021-05-20,ASG,Assigned,Seattle Mariners sent CF Jake Fraley on a rehab assignment to Tacoma Rainiers.,641584.0,Jake Fraley,/api/v1/people/641584,529,Tacoma Rainiers,/api/v1/teams/529,136.0,Seattle Mariners,/api/v1/teams/136
488021,2021-05-20,2021-05-20,,OPT,Optioned,Seattle Mariners optioned C Luis Torrens to Tacoma Rainiers.,620443.0,Luis Torrens,/api/v1/people/620443,529,Tacoma Rainiers,/api/v1/teams/529,136.0,Seattle Mariners,/api/v1/teams/136
488019,2021-05-20,2021-05-20,2021-05-20,DES,Designated for Assignment,Seattle Mariners designated 1B Jose Marmolejos for assignment.,592530.0,José Marmolejos,/api/v1/people/592530,136,Seattle Mariners,/api/v1/teams/136,,,
488211,2021-05-20,2021-05-20,2021-05-20,ASG,Assigned,Seattle Mariners sent CF Jake Fraley on a rehab assignment to Tacoma Rainiers.,641584.0,Jake Fraley,/api/v1/people/641584,529,Tacoma Rainiers,/api/v1/teams/529,136.0,Seattle Mariners,/api/v1/teams/136
488020,2021-05-20,2021-05-20,,SE,Selected,Seattle Mariners selected the contract of C Jose Godoy from Tacoma Rainiers.,608422.0,José Godoy,/api/v1/people/608422,136,Seattle Mariners,/api/v1/teams/136,529.0,Tacoma Rainiers,/api/v1/teams/529
489779,2021-05-20,2021-05-20,2021-05-20,ASG,Assigned,Seattle Mariners sent CF Jake Fraley on a rehab assignment to Tacoma Rainiers.,641584.0,Jake Fraley,/api/v1/people/641584,529,Tacoma Rainiers,/api/v1/teams/529,136.0,Seattle Mariners,/api/v1/teams/136
490097,2021-05-21,2021-05-21,,CU,Recalled,Seattle Mariners recalled LHP Aaron Fletcher from Tacoma Rainiers.,667465.0,Aaron Fletcher,/api/v1/people/667465,136,Seattle Mariners,/api/v1/teams/136,529.0,Tacoma Rainiers,/api/v1/teams/529
490101,2021-05-21,2021-05-21,2021-05-21,SC,Status Change,Seattle Mariners placed RHP Drew Steckenrider on the 10-day injured list.,608716.0,Drew Steckenrider,/api/v1/people/608716,136,Seattle Mariners,/api/v1/teams/136,,,
490098,2021-05-21,2021-05-21,2021-05-21,SC,Status Change,Seattle Mariners activated RHP Keynan Middleton from the 10-day injured list.,641871.0,Keynan Middleton,/api/v1/people/641871,136,Seattle Mariners,/api/v1/teams/136,,,
490099,2021-05-21,2021-05-21,2021-05-21,SC,Status Change,Seattle Mariners placed RHP Will Vest on the 10-day injured list.,676684.0,Will Vest,/api/v1/people/676684,136,Seattle Mariners,/api/v1/teams/136,,,
490093,2021-05-21,2021-05-21,,CU,Recalled,Seattle Mariners recalled RHP Wyatt Mills from Tacoma Rainiers.,670090.0,Wyatt Mills,/api/v1/people/670090,136,Seattle Mariners,/api/v1/teams/136,529.0,Tacoma Rainiers,/api/v1/teams/529
490092,2021-05-21,2021-05-21,,SE,Selected,Seattle Mariners selected the contract of 3B Eric Campbell from Tacoma Rainiers.,493472.0,Eric Campbell,/api/v1/people/493472,136,Seattle Mariners,/api/v1/teams/136,529.0,Tacoma Rainiers,/api/v1/teams/529
490208,2021-05-21,2021-05-21,2021-05-21,SFA,Signed as Free Agent,Seattle Mariners signed free agent LHP Williams Jerez to a minor league contract.,605301.0,Williams Jerez,/api/v1/people/605301,136,Seattle Mariners,/api/v1/teams/136,,,
490094,2021-05-21,2021-05-21,,CU,Recalled,Seattle Mariners recalled RHP Yohan Ramirez from Tacoma Rainiers.,670990.0,Yohan Ramírez,/api/v1/people/670990,136,Seattle Mariners,/api/v1/teams/136,529.0,Tacoma Rainiers,/api/v1/teams/529
490105,2021-05-21,2021-05-21,2021-05-21,SC,Status Change,Seattle Mariners placed LHP Anthony Misiewicz on the 10-day injured list.,664948.0,Anthony Misiewicz,/api/v1/people/664948,136,Seattle Mariners,/api/v1/teams/136,,,
490100,2021-05-21,2021-05-21,2021-05-21,SC,Status Change,Seattle Mariners placed RHP Robert Dugger on the 10-day injured list.,667498.0,Robert Dugger,/api/v1/people/667498,136,Seattle Mariners,/api/v1/teams/136,,,
490317,2021-05-22,2021-05-22,,CLW,Claimed Off Waivers,Seattle Mariners claimed LHP Daniel Zamora off waivers from New York Mets.,623354.0,Daniel Zamora,/api/v1/people/623354,136,Seattle Mariners,/api/v1/teams/136,121.0,New York Mets,/api/v1/teams/121
490375,2021-05-22,2021-05-22,2021-05-22,SFA,Signed as Free Agent,Seattle Mariners signed free agent RHP Zack Weiss to a minor league contract.,592848.0,Zack Weiss,/api/v1/people/592848,136,Seattle Mariners,/api/v1/teams/136,,,
490250,2021-05-22,2021-05-22,,TR,Trade,Seattle Mariners traded RHP Domingo Tapia to Kansas City Royals for cash.,593619.0,Domingo Tapia,/api/v1/people/593619,118,Kansas City Royals,/api/v1/teams/118,136.0,Seattle Mariners,/api/v1/teams/136
490362,2021-05-22,2021-05-22,2021-05-22,SC,Status Change,Seattle Mariners activated RHP Robert Dugger from the 10-day injured list.,667498.0,Robert Dugger,/api/v1/people/667498,136,Seattle Mariners,/api/v1/teams/136,,,
490360,2021-05-22,2021-05-22,,OPT,Optioned,Seattle Mariners optioned RHP Wyatt Mills to Tacoma Rainiers.,670090.0,Wyatt Mills,/api/v1/people/670090,529,Tacoma Rainiers,/api/v1/teams/529,136.0,Seattle Mariners,/api/v1/teams/136
490377,2021-05-22,2021-05-22,,SE,Selected,Seattle Mariners selected the contract of LF Ty Kelly from Long Island Ducks.,571841.0,Ty Kelly,/api/v1/people/571841,136,Seattle Mariners,/api/v1/teams/136,1896.0,Long Island Ducks,/api/v1/teams/1896
490361,2021-05-22,2021-05-22,,OPT,Optioned,Seattle Mariners optioned LHP Aaron Fletcher to Tacoma Rainiers.,667465.0,Aaron Fletcher,/api/v1/people/667465,529,Tacoma Rainiers,/api/v1/teams/529,136.0,Seattle Mariners,/api/v1/teams/136
490363,2021-05-22,2021-05-22,2021-05-22,SC,Status Change,Seattle Mariners activated LHP Anthony Misiewicz from the 10-day injured list.,664948.0,Anthony Misiewicz,/api/v1/people/664948,136,Seattle Mariners,/api/v1/teams/136,,,
490481,2021-05-23,2021-05-23,,OUT,Outrighted,Seattle Mariners sent 1B Jose Marmolejos outright to Tacoma Rainiers.,592530.0,José Marmolejos,/api/v1/people/592530,529,Tacoma Rainiers,/api/v1/teams/529,136.0,Seattle Mariners,/api/v1/teams/136
490492,2021-05-23,2021-05-23,2021-05-23,SC,Status Change,Seattle Mariners placed RHP Kendall Graveman on the 10-day injured list.,608665.0,Kendall Graveman,/api/v1/people/608665,136,Seattle Mariners,/api/v1/teams/136,,,
490479,2021-05-23,2021-05-23,,CLW,Claimed Off Waivers,Philadelphia Phillies claimed RHP Brady Lail off waivers from Seattle Mariners.,621078.0,Brady Lail,/api/v1/people/621078,143,Philadelphia Phillies,/api/v1/teams/143,136.0,Seattle Mariners,/api/v1/teams/136
490491,2021-05-23,2021-05-23,,CU,Recalled,Seattle Mariners recalled RHP Wyatt Mills from Tacoma Rainiers.,670090.0,Wyatt Mills,/api/v1/people/670090,136,Seattle Mariners,/api/v1/teams/136,529.0,Tacoma Rainiers,/api/v1/teams/529
490544,2021-05-24,2021-05-24,2021-05-24,SC,Status Change,Seattle Mariners activated 3B Ty France from the 10-day injured list.,,,,136,Seattle Mariners,/api/v1/teams/136,,,
490552,2021-05-24,2021-05-24,2021-05-24,ASG,Assigned,RHP Logan Verrett assigned to Seattle Mariners.,548337.0,Logan Verrett,/api/v1/people/548337,136,Seattle Mariners,/api/v1/teams/136,,,
490526,2021-05-24,2021-05-24,,CLW,Claimed Off Waivers,Seattle Mariners claimed 3B Travis Blankenhorn off waivers from Los Angeles Dodgers.,663905.0,Travis Blankenhorn,/api/v1/people/663905,136,Seattle Mariners,/api/v1/teams/136,119.0,Los Angeles Dodgers,/api/v1/teams/119
490529,2021-05-24,2021-05-24,,OPT,Optioned,Seattle Mariners optioned 3B Travis Blankenhorn to Tacoma Rainiers.,663905.0,Travis Blankenhorn,/api/v1/people/663905,529,Tacoma Rainiers,/api/v1/teams/529,136.0,Seattle Mariners,/api/v1/teams/136
490555,2021-05-24,2021-05-24,2021-05-24,SC,Status Change,Seattle Mariners placed 2B Sam Haggerty on the 10-day injured list. Right shoulder inflammation.,664059.0,Sam Haggerty,/api/v1/people/664059,136,Seattle Mariners,/api/v1/teams/136,,,
490975,2021-05-26,2021-05-26,2021-05-26,SFA,Signed as Free Agent,Seattle Mariners signed free agent RHP Brian Schlitter to a minor league contract.,489295.0,Brian Schlitter,/api/v1/people/489295,136,Seattle Mariners,/api/v1/teams/136,,,
491105,2021-05-27,2021-05-27,,OPT,Optioned,Seattle Mariners optioned RHP Wyatt Mills to Tacoma Rainiers.,670090.0,Wyatt Mills,/api/v1/people/670090,529,Tacoma Rainiers,/api/v1/teams/529,136.0,Seattle Mariners,/api/v1/teams/136
491098,2021-05-27,2021-05-27,,SE,Selected,Seattle Mariners selected the contract of LHP Hector Santiago from Tacoma Rainiers.,502327.0,Héctor Santiago,/api/v1/people/502327,136,Seattle Mariners,/api/v1/teams/136,529.0,Tacoma Rainiers,/api/v1/teams/529
491099,2021-05-27,2021-05-27,,CU,Recalled,Seattle Mariners recalled LHP Daniel Zamora from Tacoma Rainiers.,623354.0,Daniel Zamora,/api/v1/people/623354,136,Seattle Mariners,/api/v1/teams/136,529.0,Tacoma Rainiers,/api/v1/teams/529
491106,2021-05-27,2021-05-27,,OPT,Optioned,Seattle Mariners optioned RHP Yohan Ramirez to Tacoma Rainiers.,670990.0,Yohan Ramírez,/api/v1/people/670990,529,Tacoma Rainiers,/api/v1/teams/529,136.0,Seattle Mariners,/api/v1/teams/136
491107,2021-05-27,2021-05-27,2021-05-27,DES,Designated for Assignment,Seattle Mariners designated RHP Sam Delaplane for assignment.,676845.0,Sam Delaplane,/api/v1/people/676845,136,Seattle Mariners,/api/v1/teams/136,,,
491204,2021-05-28,2021-05-28,2021-05-28,ASG,Assigned,Seattle Mariners sent 2B Shed Long Jr. on a rehab assignment to Tacoma Rainiers.,643418.0,Shed Long Jr.,/api/v1/people/643418,529,Tacoma Rainiers,/api/v1/teams/529,136.0,Seattle Mariners,/api/v1/teams/136
491642,2021-05-29,2021-05-29,2021-05-29,SC,Status Change,Seattle Mariners activated RHP Will Vest from the 10-day injured list.,676684.0,Will Vest,/api/v1/people/676684,136,Seattle Mariners,/api/v1/teams/136,,,
491643,2021-05-29,2021-05-29,2021-05-29,SC,Status Change,Seattle Mariners placed RHP Casey Sadler on the 60-day injured list. Right shoulder inflammation.,594987.0,Casey Sadler,/api/v1/people/594987,136,Seattle Mariners,/api/v1/teams/136,,,
491644,2021-05-29,2021-05-29,2021-05-29,SC,Status Change,Seattle Mariners placed RHP Erik Swanson on the 10-day injured list. Right groin strain.,657024.0,Erik Swanson,/api/v1/people/657024,136,Seattle Mariners,/api/v1/teams/136,,,
491779,2021-05-31,2021-05-31,2021-05-31,SC,Status Change,Seattle Mariners activated CF Jake Fraley.,641584.0,Jake Fraley,/api/v1/people/641584,136,Seattle Mariners,/api/v1/teams/136,,,
491780,2021-05-31,2021-05-31,,OPT,Optioned,Seattle Mariners optioned 3B Eric Campbell to Tacoma Rainiers.,493472.0,Eric Campbell,/api/v1/people/493472,529,Tacoma Rainiers,/api/v1/teams/529,136.0,Seattle Mariners,/api/v1/teams/136
491799,2021-05-31,2021-05-31,,TR,Trade,Seattle Mariners traded RHP Sam Delaplane to San Francisco Giants for cash.,676845.0,Sam Delaplane,/api/v1/people/676845,137,San Francisco Giants,/api/v1/teams/137,136.0,Seattle Mariners,/api/v1/teams/136
491984,2021-06-01,2021-06-01,2021-06-01,SC,Status Change,Seattle Mariners placed CF Kyle Lewis on the 10-day injured list. Right knee discomfort.,641786.0,Kyle Lewis,/api/v1/people/641786,136,Seattle Mariners,/api/v1/teams/136,,,
491999,2021-06-01,2021-06-01,,CU,Recalled,Seattle Mariners recalled 3B Travis Blankenhorn from Tacoma Rainiers.,663905.0,Travis Blankenhorn,/api/v1/people/663905,136,Seattle Mariners,/api/v1/teams/136,529.0,Tacoma Rainiers,/api/v1/teams/529
491981,2021-06-01,2021-06-01,2021-06-01,SC,Status Change,Seattle Mariners activated LHP Marco Gonzales from the 10-day injured list.,594835.0,Marco Gonzales,/api/v1/people/594835,136,Seattle Mariners,/api/v1/teams/136,,,
491982,2021-06-01,2021-06-01,,CU,Recalled,Seattle Mariners recalled LF Taylor Trammell from Tacoma Rainiers.,666211.0,Taylor Trammell,/api/v1/people/666211,136,Seattle Mariners,/api/v1/teams/136,529.0,Tacoma Rainiers,/api/v1/teams/529
491983,2021-06-01,2021-06-01,,OPT,Optioned,Seattle Mariners optioned RHP Robert Dugger to Tacoma Rainiers.,667498.0,Robert Dugger,/api/v1/people/667498,529,Tacoma Rainiers,/api/v1/teams/529,136.0,Seattle Mariners,/api/v1/teams/136
491992,2021-06-01,2021-06-01,,CLW,Claimed Off Waivers,New York Mets claimed 3B Travis Blankenhorn off waivers from Seattle Mariners.,663905.0,Travis Blankenhorn,/api/v1/people/663905,121,New York Mets,/api/v1/teams/121,136.0,Seattle Mariners,/api/v1/teams/136
492208,2021-06-02,2021-06-02,,OUT,Outrighted,Seattle Mariners sent 3B Eric Campbell outright to Tacoma Rainiers.,493472.0,Eric Campbell,/api/v1/people/493472,529,Tacoma Rainiers,/api/v1/teams/529,136.0,Seattle Mariners,/api/v1/teams/136
492215,2021-06-02,2021-06-02,,CU,Recalled,Seattle Mariners recalled RHP Robert Dugger from Tacoma Rainiers.,667498.0,Robert Dugger,/api/v1/people/667498,136,Seattle Mariners,/api/v1/teams/136,529.0,Tacoma Rainiers,/api/v1/teams/529
492211,2021-06-02,2021-06-02,2021-06-02,SFA,Signed as Free Agent,Seattle Mariners signed free agent LHP Steven Moyers to a minor league contract.,670625.0,Steven Moyers,/api/v1/people/670625,136,Seattle Mariners,/api/v1/teams/136,,,
492220,2021-06-02,2021-06-01,,SC,Status Change,Seattle Mariners placed RHP Justin Dunn on the 10-day injured list. Right shoulder inflammation.,643290.0,Justin Dunn,/api/v1/people/643290,136,Seattle Mariners,/api/v1/teams/136,,,
493089,2021-06-03,2021-06-03,2021-06-03,SFA,Signed as Free Agent,Seattle Mariners signed free agent SS Zach Vincej to a minor league contract.,572227.0,Zach Vincej,/api/v1/people/572227,136,Seattle Mariners,/api/v1/teams/136,,,
492630,2021-06-04,2021-06-04,,TR,Trade,Tampa Bay Rays traded RHP Yacksel Rios to Seattle Mariners for cash.,605441.0,Yacksel Ríos,/api/v1/people/605441,136,Seattle Mariners,/api/v1/teams/136,139.0,Tampa Bay Rays,/api/v1/teams/139
492805,2021-06-05,2021-06-05,,SE,Selected,Seattle Mariners selected the contract of RHP Yacksel Rios from Tacoma Rainiers.,605441.0,Yacksel Ríos,/api/v1/people/605441,136,Seattle Mariners,/api/v1/teams/136,529.0,Tacoma Rainiers,/api/v1/teams/529
492811,2021-06-05,2021-06-05,2021-06-05,SC,Status Change,Seattle Mariners activated RHP Drew Steckenrider from the 10-day injured list.,,,,136,Seattle Mariners,/api/v1/teams/136,,,
492804,2021-06-05,2021-06-05,,OPT,Optioned,Seattle Mariners optioned LHP Daniel Zamora to Tacoma Rainiers.,623354.0,Daniel Zamora,/api/v1/people/623354,529,Tacoma Rainiers,/api/v1/teams/529,136.0,Seattle Mariners,/api/v1/teams/136
492810,2021-06-05,2021-06-05,,OPT,Optioned,Seattle Mariners optioned RHP Robert Dugger to Tacoma Rainiers.,667498.0,Robert Dugger,/api/v1/people/667498,529,Tacoma Rainiers,/api/v1/teams/529,136.0,Seattle Mariners,/api/v1/teams/136
493109,2021-06-07,2021-06-07,2021-06-07,SC,Status Change,Seattle Mariners placed 2B Sam Haggerty on the 60-day injured list. Right shoulder inflammation.,664059.0,Sam Haggerty,/api/v1/people/664059,136,Seattle Mariners,/api/v1/teams/136,,,
493129,2021-06-07,2021-06-07,2021-06-07,ASG,Assigned,Seattle Mariners sent 1B Dylan Moore on a rehab assignment to Tacoma Rainiers.,664238.0,Dylan Moore,/api/v1/people/664238,529,Tacoma Rainiers,/api/v1/teams/529,136.0,Seattle Mariners,/api/v1/teams/136
493107,2021-06-07,2021-06-07,,OPT,Optioned,Seattle Mariners optioned OF Jarred Kelenic to Tacoma Rainiers.,672284.0,Jarred Kelenic,/api/v1/people/672284,529,Tacoma Rainiers,/api/v1/teams/529,136.0,Seattle Mariners,/api/v1/teams/136
493108,2021-06-07,2021-06-07,2021-06-07,SC,Status Change,Seattle Mariners activated 2B Shed Long Jr.,643418.0,Shed Long Jr.,/api/v1/people/643418,136,Seattle Mariners,/api/v1/teams/136,,,
493475,2021-06-08,2021-06-08,,SE,Selected,Seattle Mariners selected the contract of LF Dillon Thomas from Tacoma Rainiers.,605504.0,Dillon Thomas,/api/v1/people/605504,136,Seattle Mariners,/api/v1/teams/136,529.0,Tacoma Rainiers,/api/v1/teams/529
493463,2021-06-08,2021-06-08,2021-06-08,DES,Designated for Assignment,Seattle Mariners designated C Jacob Nottingham for assignment.,641924.0,Jacob Nottingham,/api/v1/people/641924,136,Seattle Mariners,/api/v1/teams/136,,,
493651,2021-06-08,2021-06-08,2021-06-08,ASG,Assigned,Seattle Mariners sent RHP Kendall Graveman on a rehab assignment to Tacoma Rainiers.,608665.0,Kendall Graveman,/api/v1/people/608665,529,Tacoma Rainiers,/api/v1/teams/529,136.0,Seattle Mariners,/api/v1/teams/136
493793,2021-06-10,2021-06-10,2021-06-10,DES,Designated for Assignment,Seattle Mariners designated 2B Jack Mayfield for assignment.,608686.0,Jack Mayfield,/api/v1/people/608686,136,Seattle Mariners,/api/v1/teams/136,,,
493784,2021-06-10,2021-06-10,,TR,Trade,Cleveland Indians traded DH Jake Bauers to Seattle Mariners for Player To Be Named Later.,641343.0,Jake Bauers,/api/v1/people/641343,136,Seattle Mariners,/api/v1/teams/136,114.0,Cleveland Guardians,/api/v1/teams/114
493907,2021-06-10,2021-06-10,2021-06-10,ASG,Assigned,Seattle Mariners sent 1B Evan White on a rehab assignment to Tacoma Rainiers.,657108.0,Evan White,/api/v1/people/657108,529,Tacoma Rainiers,/api/v1/teams/529,136.0,Seattle Mariners,/api/v1/teams/136
493976,2021-06-11,2021-06-11,2021-06-11,DES,Designated for Assignment,Seattle Mariners designated RHP Yacksel Rios for assignment.,605441.0,Yacksel Ríos,/api/v1/people/605441,136,Seattle Mariners,/api/v1/teams/136,,,
493972,2021-06-11,2021-06-11,2021-06-11,SC,Status Change,Seattle Mariners activated RHP Justin Dunn from the 10-day injured list.,643290.0,Justin Dunn,/api/v1/people/643290,136,Seattle Mariners,/api/v1/teams/136,,,
493974,2021-06-11,2021-06-11,,OPT,Optioned,Seattle Mariners optioned RHP Keynan Middleton to Tacoma Rainiers.,641871.0,Keynan Middleton,/api/v1/people/641871,529,Tacoma Rainiers,/api/v1/teams/529,136.0,Seattle Mariners,/api/v1/teams/136
493973,2021-06-11,2021-06-11,2021-06-11,SC,Status Change,Seattle Mariners activated RHP Kendall Graveman.,608665.0,Kendall Graveman,/api/v1/people/608665,136,Seattle Mariners,/api/v1/teams/136,,,
494133,2021-06-12,2021-06-12,,OPT,Optioned,Seattle Mariners optioned LF Dillon Thomas to Tacoma Rainiers.,605504.0,Dillon Thomas,/api/v1/people/605504,529,Tacoma Rainiers,/api/v1/teams/529,136.0,Seattle Mariners,/api/v1/teams/136
494136,2021-06-12,2021-06-12,2021-06-12,SC,Status Change,Seattle Mariners activated 1B Dylan Moore.,664238.0,Dylan Moore,/api/v1/people/664238,136,Seattle Mariners,/api/v1/teams/136,,,
494138,2021-06-12,2021-06-12,,OUT,Outrighted,Seattle Mariners sent C Jacob Nottingham outright to Tacoma Rainiers.,641924.0,Jacob Nottingham,/api/v1/people/641924,529,Tacoma Rainiers,/api/v1/teams/529,136.0,Seattle Mariners,/api/v1/teams/136
494137,2021-06-12,2021-06-12,,OPT,Optioned,Seattle Mariners optioned 2B Donovan Walton to Tacoma Rainiers.,622268.0,Donovan Walton,/api/v1/people/622268,529,Tacoma Rainiers,/api/v1/teams/529,136.0,Seattle Mariners,/api/v1/teams/136
494132,2021-06-12,2021-06-12,,CU,Recalled,Seattle Mariners recalled RHP Yohan Ramirez from Tacoma Rainiers.,670990.0,Yohan Ramírez,/api/v1/people/670990,136,Seattle Mariners,/api/v1/teams/136,529.0,Tacoma Rainiers,/api/v1/teams/529
494259,2021-06-13,2021-06-13,,CLW,Claimed Off Waivers,Los Angeles Angels claimed 2B Jack Mayfield off waivers from Seattle Mariners.,608686.0,Jack Mayfield,/api/v1/people/608686,108,Los Angeles Angels,/api/v1/teams/108,136.0,Seattle Mariners,/api/v1/teams/136
494348,2021-06-14,2021-06-14,,TR,Trade,Seattle Mariners traded RHP Yacksel Rios to Boston Red Sox for cash.,605441.0,Yacksel Ríos,/api/v1/people/605441,111,Boston Red Sox,/api/v1/teams/111,136.0,Seattle Mariners,/api/v1/teams/136
494381,2021-06-14,2021-06-14,,CU,Recalled,"Seattle Mariners recalled C Luis Torrens,  and  from Tacoma Rainiers.",620443.0,Luis Torrens,/api/v1/people/620443,136,Seattle Mariners,/api/v1/teams/136,529.0,Tacoma Rainiers,/api/v1/teams/529
494360,2021-06-14,2021-06-14,,TR,Trade,Seattle Mariners traded SS Andres Mesa to Texas Rangers.,692036.0,Andres Mesa,/api/v1/people/692036,140,Texas Rangers,/api/v1/teams/140,136.0,Seattle Mariners,/api/v1/teams/136
494376,2021-06-14,2021-06-14,,OPT,Optioned,Seattle Mariners optioned RHP Yohan Ramirez to Tacoma Rainiers.,670990.0,Yohan Ramírez,/api/v1/people/670990,529,Tacoma Rainiers,/api/v1/teams/529,136.0,Seattle Mariners,/api/v1/teams/136
494928,2021-06-17,2021-06-17,2021-06-17,SFA,Signed as Free Agent,Seattle Mariners signed free agent 2B Alen Hanson to a minor league contract.,593700.0,Alen Hanson,/api/v1/people/593700,136,Seattle Mariners,/api/v1/teams/136,,,
495094,2021-06-18,2021-06-18,,CU,Recalled,Seattle Mariners recalled RHP Yohan Ramirez from Tacoma Rainiers.,670990.0,Yohan Ramírez,/api/v1/people/670990,136,Seattle Mariners,/api/v1/teams/136,529.0,Tacoma Rainiers,/api/v1/teams/529
495105,2021-06-18,2021-06-18,,SC,Status Change,Seattle Mariners placed RHP Justin Dunn on the 10-day injured list. Right shoulder inflammation.,643290.0,Justin Dunn,/api/v1/people/643290,136,Seattle Mariners,/api/v1/teams/136,,,
495102,2021-06-18,2021-06-18,,OPT,Optioned,Seattle Mariners optioned C Jose Godoy to Tacoma Rainiers.,608422.0,José Godoy,/api/v1/people/608422,529,Tacoma Rainiers,/api/v1/teams/529,136.0,Seattle Mariners,/api/v1/teams/136
495103,2021-06-18,2021-06-18,,SC,Status Change,Seattle Mariners placed CF Kyle Lewis on the 60-day injured list. Right meniscus tear.,641786.0,Kyle Lewis,/api/v1/people/641786,136,Seattle Mariners,/api/v1/teams/136,,,
495101,2021-06-18,2021-06-18,,SE,Selected,Seattle Mariners selected the contract of RHP Vinny Nittoli from Tacoma Rainiers.,657697.0,Vinny Nittoli,/api/v1/people/657697,136,Seattle Mariners,/api/v1/teams/136,529.0,Tacoma Rainiers,/api/v1/teams/529
495698,2021-06-22,2021-06-22,,CU,Recalled,Seattle Mariners recalled 2B Donovan Walton from Tacoma Rainiers.,622268.0,Donovan Walton,/api/v1/people/622268,136,Seattle Mariners,/api/v1/teams/136,529.0,Tacoma Rainiers,/api/v1/teams/529
495622,2021-06-22,2021-06-22,,OPT,Optioned,Seattle Mariners optioned SS Jake Hager to Tacoma Rainiers.,606993.0,Jake Hager,/api/v1/people/606993,529,Tacoma Rainiers,/api/v1/teams/529,136.0,Seattle Mariners,/api/v1/teams/136
495697,2021-06-22,2021-06-22,,OPT,Optioned,Seattle Mariners optioned RHP Yohan Ramirez to Tacoma Rainiers.,670990.0,Yohan Ramírez,/api/v1/people/670990,529,Tacoma Rainiers,/api/v1/teams/529,136.0,Seattle Mariners,/api/v1/teams/136
495621,2021-06-22,2021-06-22,2021-06-22,SC,Status Change,Seattle Mariners placed 1B Evan White on the 60-day injured list. Left hip flexor strain.,657108.0,Evan White,/api/v1/people/657108,136,Seattle Mariners,/api/v1/teams/136,,,
495620,2021-06-22,2021-06-22,,CLW,Claimed Off Waivers,Seattle Mariners claimed SS Jake Hager off waivers from Milwaukee Brewers.,606993.0,Jake Hager,/api/v1/people/606993,136,Seattle Mariners,/api/v1/teams/136,158.0,Milwaukee Brewers,/api/v1/teams/158
496044,2021-06-24,2021-06-24,,OPT,Optioned,Seattle Mariners optioned RHP Vinny Nittoli to Tacoma Rainiers.,657697.0,Vinny Nittoli,/api/v1/people/657697,529,Tacoma Rainiers,/api/v1/teams/529,136.0,Seattle Mariners,/api/v1/teams/136
495992,2021-06-24,2021-06-24,,TR,Trade,Tampa Bay Rays traded 3B Wyatt Mathisen to Seattle Mariners for cash.,621500.0,Wyatt Mathisen,/api/v1/people/621500,136,Seattle Mariners,/api/v1/teams/136,139.0,Tampa Bay Rays,/api/v1/teams/139
496045,2021-06-24,2021-06-24,2021-06-24,DES,Designated for Assignment,Seattle Mariners designated LHP Daniel Zamora for assignment.,623354.0,Daniel Zamora,/api/v1/people/623354,136,Seattle Mariners,/api/v1/teams/136,,,
496043,2021-06-24,2021-06-24,,CU,Recalled,Seattle Mariners recalled RHP Keynan Middleton from Tacoma Rainiers.,641871.0,Keynan Middleton,/api/v1/people/641871,136,Seattle Mariners,/api/v1/teams/136,529.0,Tacoma Rainiers,/api/v1/teams/529
496115,2021-06-25,2021-06-25,,OUT,Outrighted,Seattle Mariners sent LHP Daniel Zamora outright to Tacoma Rainiers.,623354.0,Daniel Zamora,/api/v1/people/623354,529,Tacoma Rainiers,/api/v1/teams/529,136.0,Seattle Mariners,/api/v1/teams/136
496592,2021-06-27,2021-06-27,,CU,Recalled,Seattle Mariners recalled RHP Robert Dugger from Tacoma Rainiers.,667498.0,Robert Dugger,/api/v1/people/667498,136,Seattle Mariners,/api/v1/teams/136,529.0,Tacoma Rainiers,/api/v1/teams/529
496465,2021-06-27,2021-06-27,2021-06-27,SC,Status Change,Seattle Mariners placed LHP Marco Gonzales on the paternity list.,594835.0,Marco Gonzales,/api/v1/people/594835,136,Seattle Mariners,/api/v1/teams/136,,,
496464,2021-06-27,2021-06-27,,CU,Recalled,Seattle Mariners recalled RHP Yohan Ramirez from Tacoma Rainiers.,670990.0,Yohan Ramírez,/api/v1/people/670990,136,Seattle Mariners,/api/v1/teams/136,529.0,Tacoma Rainiers,/api/v1/teams/529
497616,2021-06-28,2021-06-28,2021-06-28,ASG,Assigned,Seattle Mariners sent RHP Erik Swanson on a rehab assignment to Tacoma Rainiers.,657024.0,Erik Swanson,/api/v1/people/657024,529,Tacoma Rainiers,/api/v1/teams/529,136.0,Seattle Mariners,/api/v1/teams/136
500418,2021-06-28,2021-06-28,2021-06-28,SFA,Signed as Free Agent,Seattle Mariners signed free agent LHP Nate Fisher to a minor league contract.,688010.0,Nate Fisher,/api/v1/people/688010,136,Seattle Mariners,/api/v1/teams/136,,,
497623,2021-06-28,2021-06-28,,OPT,Optioned,Seattle Mariners optioned RHP Robert Dugger to Tacoma Rainiers.,667498.0,Robert Dugger,/api/v1/people/667498,529,Tacoma Rainiers,/api/v1/teams/529,136.0,Seattle Mariners,/api/v1/teams/136
497416,2021-06-28,2021-06-28,2021-06-28,SFA,Signed as Free Agent,Seattle Mariners signed free agent C Eric Jones to a minor league contract.,687613.0,Eric Jones,/api/v1/people/687613,136,Seattle Mariners,/api/v1/teams/136,,,
500279,2021-06-30,2021-06-30,2021-06-30,SC,Status Change,Seattle Mariners activated LHP Marco Gonzales from the paternity list.,,,,136,Seattle Mariners,/api/v1/teams/136,,,
500825,2021-06-30,2021-06-30,2021-06-30,SFA,Signed as Free Agent,Seattle Mariners signed free agent RHP Franklin Van Gurp to a minor league contract.,676875.0,Franklin Van Gurp,/api/v1/people/676875,136,Seattle Mariners,/api/v1/teams/136,,,
500283,2021-06-30,2021-06-30,,OPT,Optioned,Seattle Mariners optioned 2B Donovan Walton to Tacoma Rainiers.,622268.0,Donovan Walton,/api/v1/people/622268,529,Tacoma Rainiers,/api/v1/teams/529,136.0,Seattle Mariners,/api/v1/teams/136
500899,2021-07-03,2021-07-03,2021-07-03,SFA,Signed as Free Agent,Seattle Mariners signed free agent RHP Shane Carle to a minor league contract.,641438.0,Shane Carle,/api/v1/people/641438,136,Seattle Mariners,/api/v1/teams/136,,,
501666,2021-07-07,2021-07-07,2021-07-07,SC,Status Change,Seattle Mariners placed LHP Justus Sheffield on the 10-day injured list. Left forearm strain.,656954.0,Justus Sheffield,/api/v1/people/656954,136,Seattle Mariners,/api/v1/teams/136,,,
501667,2021-07-07,2021-07-07,2021-07-07,SC,Status Change,Seattle Mariners activated RHP Erik Swanson.,,,,136,Seattle Mariners,/api/v1/teams/136,,,
504953,2021-07-08,2021-07-08,2021-07-08,SGN,Signed,Seattle Mariners signed P Jose Giraldo.,702751.0,Jose Geraldo,/api/v1/people/702751,136,Seattle Mariners,/api/v1/teams/136,,,
502414,2021-07-09,2021-07-09,2021-07-09,SFA,Signed as Free Agent,Seattle Mariners signed free agent 3B Liam Sabino to a minor league contract.,656925.0,Liam Sabino,/api/v1/people/656925,136,Seattle Mariners,/api/v1/teams/136,,,
502408,2021-07-09,2021-07-09,,TR,Trade,Seattle Mariners traded RHP Damon Casetta-Stubbs to Cleveland Indians.,677316.0,Damon Casetta-Stubbs,/api/v1/people/677316,114,Cleveland Guardians,/api/v1/teams/114,136.0,Seattle Mariners,/api/v1/teams/136
503572,2021-07-11,2021-07-11,2021-07-11,SC,Status Change,Seattle Mariners placed LHP Yusei Kikuchi on the 10-day injured list.,579328.0,Yusei Kikuchi,/api/v1/people/579328,136,Seattle Mariners,/api/v1/teams/136,,,
503570,2021-07-11,2021-07-11,2021-07-11,SE,Selected,"Seattle Mariners selected the contract of C Cal Raleigh,  and  from Tacoma Rainiers.",,,,136,Seattle Mariners,/api/v1/teams/136,,,
503579,2021-07-11,2021-07-11,,OPT,Optioned,Seattle Mariners optioned LF Taylor Trammell to Tacoma Rainiers.,666211.0,Taylor Trammell,/api/v1/people/666211,529,Tacoma Rainiers,/api/v1/teams/529,136.0,Seattle Mariners,/api/v1/teams/136
503571,2021-07-11,2021-07-11,,CU,Recalled,Seattle Mariners recalled 2B Donovan Walton from Tacoma Rainiers.,622268.0,Donovan Walton,/api/v1/people/622268,136,Seattle Mariners,/api/v1/teams/136,529.0,Tacoma Rainiers,/api/v1/teams/529
504082,2021-07-12,2021-07-12,,OPT,Optioned,Seattle Mariners optioned 2B Donovan Walton to Tacoma Rainiers.,622268.0,Donovan Walton,/api/v1/people/622268,529,Tacoma Rainiers,/api/v1/teams/529,136.0,Seattle Mariners,/api/v1/teams/136
504083,2021-07-12,2021-07-12,2021-07-12,DES,Designated for Assignment,Seattle Mariners designated RHP Will Vest for assignment.,676684.0,Will Vest,/api/v1/people/676684,136,Seattle Mariners,/api/v1/teams/136,,,
504087,2021-07-12,2021-07-12,2021-07-12,SC,Status Change,Seattle Mariners activated LHP Yusei Kikuchi from the 10-day injured list.,579328.0,Yusei Kikuchi,/api/v1/people/579328,136,Seattle Mariners,/api/v1/teams/136,,,
504697,2021-07-13,2021-07-13,2021-07-13,ASG,Assigned,Seattle Mariners sent RHP Casey Sadler on a rehab assignment to Everett AquaSox.,594987.0,Casey Sadler,/api/v1/people/594987,403,Everett AquaSox,/api/v1/teams/403,136.0,Seattle Mariners,/api/v1/teams/136
505166,2021-07-16,2021-07-16,2021-07-16,DES,Designated for Assignment,Seattle Mariners designated 3B Wyatt Mathisen for assignment.,621500.0,Wyatt Mathisen,/api/v1/people/621500,136,Seattle Mariners,/api/v1/teams/136,,,
505148,2021-07-16,2021-07-16,2021-07-16,SC,Status Change,LHP Hector Santiago roster status changed by Seattle Mariners.,502327.0,Héctor Santiago,/api/v1/people/502327,136,Seattle Mariners,/api/v1/teams/136,,,
505164,2021-07-16,2021-07-16,,CLW,Claimed Off Waivers,Seattle Mariners claimed RHP Ryan Weber off waivers from Milwaukee Brewers.,543901.0,Ryan Weber,/api/v1/people/543901,136,Seattle Mariners,/api/v1/teams/136,158.0,Milwaukee Brewers,/api/v1/teams/158
505165,2021-07-16,2021-07-16,,OPT,Optioned,Seattle Mariners optioned RHP Ryan Weber to Tacoma Rainiers.,543901.0,Ryan Weber,/api/v1/people/543901,529,Tacoma Rainiers,/api/v1/teams/529,136.0,Seattle Mariners,/api/v1/teams/136
506945,2021-07-17,2021-07-17,2021-07-17,SGN,Signed,Seattle Mariners signed RHP Andrew Moore.,681097.0,Andrew Moore,/api/v1/people/681097,136,Seattle Mariners,/api/v1/teams/136,,,
505427,2021-07-17,2021-07-17,,RTN,Returned,RHP Will Vest returned to Detroit Tigers from Seattle Mariners.,676684.0,Will Vest,/api/v1/people/676684,116,Detroit Tigers,/api/v1/teams/116,136.0,Seattle Mariners,/api/v1/teams/136
505647,2021-07-18,2021-07-18,2021-07-18,SC,Status Change,Seattle Mariners placed CF Jake Fraley on the 10-day injured list.,641584.0,Jake Fraley,/api/v1/people/641584,136,Seattle Mariners,/api/v1/teams/136,,,
505645,2021-07-18,2021-07-18,,CU,Recalled,Seattle Mariners recalled LF Dillon Thomas from Tacoma Rainiers.,605504.0,Dillon Thomas,/api/v1/people/605504,136,Seattle Mariners,/api/v1/teams/136,529.0,Tacoma Rainiers,/api/v1/teams/529
506151,2021-07-20,2021-07-20,2021-07-20,SGN,Signed,Seattle Mariners signed RHP Bryce Miller.,682243.0,Bryce Miller,/api/v1/people/682243,136,Seattle Mariners,/api/v1/teams/136,,,
506166,2021-07-20,2021-07-20,2021-07-20,SFA,Signed as Free Agent,Seattle Mariners signed free agent OF Randy Bednar to a minor league contract.,676419.0,Randy Bednar,/api/v1/people/676419,136,Seattle Mariners,/api/v1/teams/136,,,
506152,2021-07-20,2021-07-20,2021-07-20,SGN,Signed,Seattle Mariners signed C Andy Thomas.,673990.0,Andy Thomas,/api/v1/people/673990,136,Seattle Mariners,/api/v1/teams/136,,,
506158,2021-07-20,2021-07-20,2021-07-20,SGN,Signed,Seattle Mariners signed SS Ben Ramirez.,668756.0,Ben Ramirez,/api/v1/people/668756,136,Seattle Mariners,/api/v1/teams/136,,,
506160,2021-07-20,2021-07-20,2021-07-20,SGN,Signed,Seattle Mariners signed RHP Jimmy Kingsbury.,700675.0,Jimmy Kingsbury,/api/v1/people/700675,136,Seattle Mariners,/api/v1/teams/136,,,
506161,2021-07-20,2021-07-20,2021-07-20,SGN,Signed,Seattle Mariners signed C Charlie Welch.,681234.0,Charlie Welch,/api/v1/people/681234,136,Seattle Mariners,/api/v1/teams/136,,,
506153,2021-07-20,2021-07-20,2021-07-20,SGN,Signed,Seattle Mariners signed RHP Bryan Woo.,693433.0,Bryan Woo,/api/v1/people/693433,136,Seattle Mariners,/api/v1/teams/136,,,
506143,2021-07-20,2021-07-20,2021-07-20,SGN,Signed,Seattle Mariners signed OF Spencer Packard.,689070.0,Spencer Packard,/api/v1/people/689070,136,Seattle Mariners,/api/v1/teams/136,,,
506159,2021-07-20,2021-07-20,2021-07-20,SGN,Signed,Seattle Mariners signed RHP Jimmy Joyce.,702460.0,Jimmy Joyce,/api/v1/people/702460,136,Seattle Mariners,/api/v1/teams/136,,,
506154,2021-07-20,2021-07-20,2021-07-20,SGN,Signed,Seattle Mariners signed OF Colin Davis.,695342.0,Colin Davis,/api/v1/people/695342,136,Seattle Mariners,/api/v1/teams/136,,,
506155,2021-07-20,2021-07-20,2021-07-20,SGN,Signed,Seattle Mariners signed SS James Parker.,681466.0,James Parker,/api/v1/people/681466,136,Seattle Mariners,/api/v1/teams/136,,,
506165,2021-07-20,2021-07-20,2021-07-20,SGN,Signed,Seattle Mariners signed RHP Riley Davis.,695281.0,Riley Davis,/api/v1/people/695281,136,Seattle Mariners,/api/v1/teams/136,,,
506157,2021-07-20,2021-07-20,2021-07-20,SGN,Signed,Seattle Mariners signed OF Corey Rosier.,681468.0,Corey Rosier,/api/v1/people/681468,136,Seattle Mariners,/api/v1/teams/136,,,
506156,2021-07-20,2021-07-20,2021-07-20,SGN,Signed,Seattle Mariners signed RHP Jordan Jackson.,689095.0,Jordan Jackson,/api/v1/people/689095,136,Seattle Mariners,/api/v1/teams/136,,,
506163,2021-07-20,2021-07-20,2021-07-20,SFA,Signed as Free Agent,Seattle Mariners signed free agent LHP Peyton Alford to a minor league contract.,688230.0,Peyton Alford,/api/v1/people/688230,136,Seattle Mariners,/api/v1/teams/136,,,
506144,2021-07-20,2021-07-20,2021-07-20,SGN,Signed,Seattle Mariners signed 3B Cole Barr.,685297.0,Cole Barr,/api/v1/people/685297,136,Seattle Mariners,/api/v1/teams/136,,,
506273,2021-07-21,2021-07-21,,OUT,Outrighted,Seattle Mariners sent 3B Wyatt Mathisen outright to Tacoma Rainiers.,621500.0,Wyatt Mathisen,/api/v1/people/621500,529,Tacoma Rainiers,/api/v1/teams/529,136.0,Seattle Mariners,/api/v1/teams/136
506233,2021-07-21,2021-07-21,,SE,Selected,Seattle Mariners selected the contract of RHP Darren McCaughan from Tacoma Rainiers.,670766.0,Darren McCaughan,/api/v1/people/670766,136,Seattle Mariners,/api/v1/teams/136,529.0,Tacoma Rainiers,/api/v1/teams/529
506234,2021-07-21,2021-07-21,,OPT,Optioned,Seattle Mariners optioned LF Dillon Thomas to Tacoma Rainiers.,605504.0,Dillon Thomas,/api/v1/people/605504,529,Tacoma Rainiers,/api/v1/teams/529,136.0,Seattle Mariners,/api/v1/teams/136
506561,2021-07-22,2021-07-22,,OPT,Optioned,Seattle Mariners optioned RHP Yohan Ramirez to Tacoma Rainiers.,670990.0,Yohan Ramírez,/api/v1/people/670990,529,Tacoma Rainiers,/api/v1/teams/529,136.0,Seattle Mariners,/api/v1/teams/136
506560,2021-07-22,2021-07-22,,CU,Recalled,Seattle Mariners recalled 2B Donovan Walton from Tacoma Rainiers.,622268.0,Donovan Walton,/api/v1/people/622268,136,Seattle Mariners,/api/v1/teams/136,529.0,Tacoma Rainiers,/api/v1/teams/529
512669,2021-07-22,2021-07-22,2021-07-22,SGN,Signed,Seattle Mariners signed RHP Michael Morales.,691786.0,Michael Morales,/api/v1/people/691786,136,Seattle Mariners,/api/v1/teams/136,,,
506821,2021-07-23,2021-07-23,2021-07-23,SC,Status Change,Seattle Mariners activated RHP Casey Sadler.,594987.0,Casey Sadler,/api/v1/people/594987,136,Seattle Mariners,/api/v1/teams/136,,,
506825,2021-07-23,2021-07-23,2021-07-23,DES,Designated for Assignment,Seattle Mariners designated RHP Rafael Montero for assignment.,606160.0,Rafael Montero,/api/v1/people/606160,136,Seattle Mariners,/api/v1/teams/136,,,
507127,2021-07-25,2021-07-25,,OPT,Optioned,Seattle Mariners optioned 2B Donovan Walton to Tacoma Rainiers.,622268.0,Donovan Walton,/api/v1/people/622268,529,Tacoma Rainiers,/api/v1/teams/529,136.0,Seattle Mariners,/api/v1/teams/136
507135,2021-07-25,2021-07-25,,CU,Recalled,Seattle Mariners recalled RHP Ryan Weber from Tacoma Rainiers.,543901.0,Ryan Weber,/api/v1/people/543901,136,Seattle Mariners,/api/v1/teams/136,529.0,Tacoma Rainiers,/api/v1/teams/529
624770,2021-07-26,2021-07-26,2021-07-26,SC,Status Change,Seattle Mariners activated 3B Abraham Toro.,647351.0,Abraham Toro,/api/v1/people/647351,136,Seattle Mariners,/api/v1/teams/136,,,
624774,2021-07-26,2021-07-26,2021-07-26,SC,Status Change,Seattle Mariners activated 3B Abraham Toro.,647351.0,Abraham Toro,/api/v1/people/647351,136,Seattle Mariners,/api/v1/teams/136,,,
507568,2021-07-27,2021-07-27,,OPT,Optioned,Seattle Mariners optioned RHP Darren McCaughan to Tacoma Rainiers.,670766.0,Darren McCaughan,/api/v1/people/670766,529,Tacoma Rainiers,/api/v1/teams/529,136.0,Seattle Mariners,/api/v1/teams/136
507564,2021-07-27,2021-07-27,2021-07-27,TR,Trade,"Houston Astros traded 3B Abraham Toro, RHP Joe Smith,  and  to Seattle Mariners for RHP Kendall Graveman and RHP Rafael Montero.",,,,136,Seattle Mariners,/api/v1/teams/136,,,
507364,2021-07-27,2021-07-27,2021-07-27,SC,Status Change,Seattle Mariners activated LHP Hector Santiago.,502327.0,Héctor Santiago,/api/v1/people/502327,136,Seattle Mariners,/api/v1/teams/136,,,
507569,2021-07-27,2021-07-27,2021-07-27,DES,Designated for Assignment,Seattle Mariners designated RHP Vinny Nittoli for assignment.,657697.0,Vinny Nittoli,/api/v1/people/657697,136,Seattle Mariners,/api/v1/teams/136,,,
507577,2021-07-27,2021-07-27,2021-07-27,ASG,Assigned,Seattle Mariners sent CF Jake Fraley on a rehab assignment to Tacoma Rainiers.,641584.0,Jake Fraley,/api/v1/people/641584,529,Tacoma Rainiers,/api/v1/teams/529,136.0,Seattle Mariners,/api/v1/teams/136
512676,2021-07-27,2021-07-27,2021-07-27,SGN,Signed,Seattle Mariners signed C Harry Ford.,695670.0,Harry Ford,/api/v1/people/695670,136,Seattle Mariners,/api/v1/teams/136,,,
507573,2021-07-28,2021-07-28,,TR,Trade,Pittsburgh Pirates traded LHP Tyler Anderson to Seattle Mariners for C Carter Bins and RHP Joaquin Tejada.,670190.0,Carter Bins,/api/v1/people/670190,134,Pittsburgh Pirates,/api/v1/teams/134,136.0,Seattle Mariners,/api/v1/teams/136
507574,2021-07-28,2021-07-28,2021-07-28,DES,Designated for Assignment,Seattle Mariners designated SS Jake Hager for assignment.,606993.0,Jake Hager,/api/v1/people/606993,136,Seattle Mariners,/api/v1/teams/136,,,
507733,2021-07-28,2021-07-28,2021-07-28,NUM,Number Change,2B Donovan Walton changed number to 8.,622268.0,Donovan Walton,/api/v1/people/622268,136,Seattle Mariners,/api/v1/teams/136,,,
507971,2021-07-29,2021-07-29,,OPT,Optioned,Seattle Mariners optioned RHP Ryan Weber to Tacoma Rainiers.,543901.0,Ryan Weber,/api/v1/people/543901,529,Tacoma Rainiers,/api/v1/teams/529,136.0,Seattle Mariners,/api/v1/teams/136
507970,2021-07-29,2021-07-29,2021-07-29,SC,Status Change,Seattle Mariners activated LHP Tyler Anderson.,542881.0,Tyler Anderson,/api/v1/people/542881,136,Seattle Mariners,/api/v1/teams/136,,,
507999,2021-07-29,2021-07-29,2021-07-29,SFA,Signed as Free Agent,Seattle Mariners signed free agent RHP Asher Wojciechowski to a minor league contract.,592879.0,Asher Wojciechowski,/api/v1/people/592879,136,Seattle Mariners,/api/v1/teams/136,,,
508017,2021-07-29,2021-07-29,,TR,Trade,Seattle Mariners traded RHP JT Chargois and 3B Austin Shenton to Tampa Bay Rays for RHP Diego Castillo.,608638.0,JT Chargois,/api/v1/people/608638,139,Tampa Bay Rays,/api/v1/teams/139,136.0,Seattle Mariners,/api/v1/teams/136
508040,2021-07-29,2021-07-29,2021-07-29,SC,Status Change,Seattle Mariners placed LHP Hector Santiago on the restricted list.,502327.0,Héctor Santiago,/api/v1/people/502327,136,Seattle Mariners,/api/v1/teams/136,136.0,Seattle Mariners,/api/v1/teams/136
508977,2021-07-30,2021-07-30,2021-07-30,SGN,Signed,Seattle Mariners signed SS Edwin Arroyo.,695490.0,Edwin Arroyo,/api/v1/people/695490,136,Seattle Mariners,/api/v1/teams/136,,,
508148,2021-07-30,2021-07-30,,CLW,Claimed Off Waivers,Arizona Diamondbacks claimed SS Jake Hager off waivers from Seattle Mariners.,606993.0,Jake Hager,/api/v1/people/606993,109,Arizona Diamondbacks,/api/v1/teams/109,136.0,Seattle Mariners,/api/v1/teams/136
508147,2021-07-30,2021-07-30,,OUT,Outrighted,Seattle Mariners sent RHP Vinny Nittoli outright to Tacoma Rainiers.,657697.0,Vinny Nittoli,/api/v1/people/657697,529,Tacoma Rainiers,/api/v1/teams/529,136.0,Seattle Mariners,/api/v1/teams/136
508145,2021-07-30,2021-07-30,,CU,Recalled,Seattle Mariners recalled RHP Wyatt Mills from Tacoma Rainiers.,670090.0,Wyatt Mills,/api/v1/people/670090,136,Seattle Mariners,/api/v1/teams/136,529.0,Tacoma Rainiers,/api/v1/teams/529
508146,2021-07-30,2021-07-30,2021-07-30,SC,Status Change,Seattle Mariners activated RHP Diego Castillo.,650895.0,Diego Castillo,/api/v1/people/650895,136,Seattle Mariners,/api/v1/teams/136,,,
509041,2021-08-02,2021-07-30,,SC,Status Change,Seattle Mariners placed 2B Shed Long Jr. on the 10-day injured list. Right shin stress reaction.,643418.0,Shed Long Jr.,/api/v1/people/643418,136,Seattle Mariners,/api/v1/teams/136,,,
509033,2021-08-02,2021-08-02,,OPT,Optioned,Seattle Mariners optioned CF Marcus Wilson to Tacoma Rainiers.,657129.0,Marcus Wilson,/api/v1/people/657129,529,Tacoma Rainiers,/api/v1/teams/529,136.0,Seattle Mariners,/api/v1/teams/136
509032,2021-08-02,2021-08-02,,CLW,Claimed Off Waivers,Seattle Mariners claimed CF Marcus Wilson off waivers from Boston Red Sox.,657129.0,Marcus Wilson,/api/v1/people/657129,136,Seattle Mariners,/api/v1/teams/136,111.0,Boston Red Sox,/api/v1/teams/111
509040,2021-08-02,2021-08-02,2021-08-02,SC,Status Change,Seattle Mariners activated CF Jake Fraley.,641584.0,Jake Fraley,/api/v1/people/641584,136,Seattle Mariners,/api/v1/teams/136,,,
509042,2021-08-02,2021-08-02,2021-08-02,DES,Designated for Assignment,Seattle Mariners designated LF Dillon Thomas for assignment.,605504.0,Dillon Thomas,/api/v1/people/605504,136,Seattle Mariners,/api/v1/teams/136,,,
509821,2021-08-05,2021-08-05,,OUT,Outrighted,Seattle Mariners sent LF Dillon Thomas outright to Tacoma Rainiers.,605504.0,Dillon Thomas,/api/v1/people/605504,529,Tacoma Rainiers,/api/v1/teams/529,136.0,Seattle Mariners,/api/v1/teams/136
510690,2021-08-08,2021-08-08,2021-08-08,SGN,Signed,Seattle Mariners signed RHP William Fleming.,694389.0,William Fleming,/api/v1/people/694389,136,Seattle Mariners,/api/v1/teams/136,,,
511374,2021-08-12,2021-08-12,,CU,Recalled,Seattle Mariners recalled RHP Yohan Ramirez from Tacoma Rainiers.,670990.0,Yohan Ramírez,/api/v1/people/670990,136,Seattle Mariners,/api/v1/teams/136,529.0,Tacoma Rainiers,/api/v1/teams/529
511368,2021-08-12,2021-08-12,2021-08-12,SC,Status Change,Seattle Mariners placed RHP Paul Sewald on the paternity list.,623149.0,Paul Sewald,/api/v1/people/623149,136,Seattle Mariners,/api/v1/teams/136,,,
511920,2021-08-15,2021-08-15,2021-08-15,ASG,Assigned,Seattle Mariners sent LHP Justus Sheffield on a rehab assignment to Tacoma Rainiers.,656954.0,Justus Sheffield,/api/v1/people/656954,529,Tacoma Rainiers,/api/v1/teams/529,136.0,Seattle Mariners,/api/v1/teams/136
511989,2021-08-15,2021-08-15,2021-08-15,SC,Status Change,Seattle Mariners placed RHP Paul Sewald on the restricted list.,623149.0,Paul Sewald,/api/v1/people/623149,136,Seattle Mariners,/api/v1/teams/136,136.0,Seattle Mariners,/api/v1/teams/136
512180,2021-08-16,2021-08-16,2021-08-16,SC,Status Change,Seattle Mariners activated RHP Paul Sewald from the restricted list.,,,,136,Seattle Mariners,/api/v1/teams/136,,,
512169,2021-08-16,2021-08-16,,OPT,Optioned,Seattle Mariners optioned RHP Yohan Ramirez to Tacoma Rainiers.,670990.0,Yohan Ramírez,/api/v1/people/670990,529,Tacoma Rainiers,/api/v1/teams/529,136.0,Seattle Mariners,/api/v1/teams/136
518756,2021-08-18,2021-08-18,2021-08-18,SFA,Signed as Free Agent,Seattle Mariners signed free agent RHP Yoryi Jimenez to a minor league contract.,703600.0,Yoryi Jimenez,/api/v1/people/703600,136,Seattle Mariners,/api/v1/teams/136,,,
513026,2021-08-19,2021-08-19,2021-08-19,SC,Status Change,Seattle Mariners placed RHP Justin Dunn on the 60-day injured list. Right shoulder inflammation.,643290.0,Justin Dunn,/api/v1/people/643290,136,Seattle Mariners,/api/v1/teams/136,,,
513027,2021-08-19,2021-08-19,,OPT,Optioned,Seattle Mariners optioned 3B Kevin Padlo to Tacoma Rainiers.,656821.0,Kevin Padlo,/api/v1/people/656821,529,Tacoma Rainiers,/api/v1/teams/529,136.0,Seattle Mariners,/api/v1/teams/136
513025,2021-08-19,2021-08-19,,CLW,Claimed Off Waivers,Seattle Mariners claimed 3B Kevin Padlo off waivers from Tampa Bay Rays.,656821.0,Kevin Padlo,/api/v1/people/656821,136,Seattle Mariners,/api/v1/teams/136,139.0,Tampa Bay Rays,/api/v1/teams/139
513261,2021-08-20,2021-08-20,2021-08-20,CU,Recalled,"Seattle Mariners recalled RHP Yohan Ramirez,  and  from Tacoma Rainiers.",,,,136,Seattle Mariners,/api/v1/teams/136,,,
513260,2021-08-20,2021-08-20,2021-08-20,SC,Status Change,Seattle Mariners placed RHP Casey Sadler on the paternity list.,594987.0,Casey Sadler,/api/v1/people/594987,136,Seattle Mariners,/api/v1/teams/136,,,
513404,2021-08-21,2021-08-21,,CU,Recalled,Seattle Mariners recalled RHP Robert Dugger from Tacoma Rainiers.,667498.0,Robert Dugger,/api/v1/people/667498,136,Seattle Mariners,/api/v1/teams/136,529.0,Tacoma Rainiers,/api/v1/teams/529
513403,2021-08-21,2021-08-20,2021-08-20,SC,Status Change,Seattle Mariners placed RHP Diego Castillo on the 10-day injured list. Right shoulder inflammation.,650895.0,Diego Castillo,/api/v1/people/650895,136,Seattle Mariners,/api/v1/teams/136,,,
513511,2021-08-22,2021-08-22,2021-08-22,DES,Designated for Assignment,Seattle Mariners designated RHP Robert Dugger for assignment.,667498.0,Robert Dugger,/api/v1/people/667498,136,Seattle Mariners,/api/v1/teams/136,,,
513510,2021-08-22,2021-08-22,2021-08-22,SFA,Signed as Free Agent,Seattle Mariners signed free agent RHP Matt Andriese.,542882.0,Matt Andriese,/api/v1/people/542882,136,Seattle Mariners,/api/v1/teams/136,,,
513679,2021-08-23,2021-08-23,2021-08-23,SC,Status Change,Seattle Mariners placed RHP Casey Sadler on the restricted list.,594987.0,Casey Sadler,/api/v1/people/594987,136,Seattle Mariners,/api/v1/teams/136,136.0,Seattle Mariners,/api/v1/teams/136
513838,2021-08-24,2021-08-24,,OUT,Outrighted,Seattle Mariners sent RHP Robert Dugger outright to Tacoma Rainiers.,667498.0,Robert Dugger,/api/v1/people/667498,529,Tacoma Rainiers,/api/v1/teams/529,136.0,Seattle Mariners,/api/v1/teams/136
514150,2021-08-25,2021-08-25,,OPT,Optioned,Seattle Mariners optioned RHP Keynan Middleton to Tacoma Rainiers.,641871.0,Keynan Middleton,/api/v1/people/641871,529,Tacoma Rainiers,/api/v1/teams/529,136.0,Seattle Mariners,/api/v1/teams/136
514148,2021-08-25,2021-08-25,2021-08-25,SC,Status Change,Seattle Mariners activated RHP Casey Sadler from the restricted list.,594987.0,Casey Sadler,/api/v1/people/594987,136,Seattle Mariners,/api/v1/teams/136,,,
514325,2021-08-26,2021-08-26,2021-08-26,DES,Designated for Assignment,Seattle Mariners designated RHP Keynan Middleton for assignment.,641871.0,Keynan Middleton,/api/v1/people/641871,136,Seattle Mariners,/api/v1/teams/136,,,
514318,2021-08-26,2021-08-26,,CLW,Claimed Off Waivers,Seattle Mariners claimed LHP Sean Doolittle off waivers from Cincinnati Reds.,448281.0,Sean Doolittle,/api/v1/people/448281,136,Seattle Mariners,/api/v1/teams/136,113.0,Cincinnati Reds,/api/v1/teams/113
514570,2021-08-27,2021-08-27,,OPT,Optioned,Seattle Mariners optioned RHP Wyatt Mills to Tacoma Rainiers.,670090.0,Wyatt Mills,/api/v1/people/670090,529,Tacoma Rainiers,/api/v1/teams/529,136.0,Seattle Mariners,/api/v1/teams/136
514514,2021-08-27,2021-08-27,2021-08-27,SFA,Signed as Free Agent,Seattle Mariners signed free agent RHP Chris Jefferson to a minor league contract.,690103.0,Chris Jefferson,/api/v1/people/690103,136,Seattle Mariners,/api/v1/teams/136,,,
514566,2021-08-27,2021-08-27,2021-08-27,SC,Status Change,Seattle Mariners activated LHP Sean Doolittle.,448281.0,Sean Doolittle,/api/v1/people/448281,136,Seattle Mariners,/api/v1/teams/136,,,
514718,2021-08-28,2021-08-28,2021-08-28,SC,Status Change,Seattle Mariners placed 2B Shed Long Jr. on the 60-day injured list. Right shin stress reaction.,643418.0,Shed Long Jr.,/api/v1/people/643418,136,Seattle Mariners,/api/v1/teams/136,,,
514716,2021-08-28,2021-08-28,2021-08-28,SC,Status Change,Seattle Mariners placed CF Jake Fraley on the 10-day injured list. Right shoulder inflammation.,641584.0,Jake Fraley,/api/v1/people/641584,136,Seattle Mariners,/api/v1/teams/136,,,
514715,2021-08-28,2021-08-28,,CU,Recalled,Seattle Mariners recalled RHP Wyatt Mills from Tacoma Rainiers.,670090.0,Wyatt Mills,/api/v1/people/670090,136,Seattle Mariners,/api/v1/teams/136,529.0,Tacoma Rainiers,/api/v1/teams/529
514709,2021-08-28,2021-08-28,,SE,Selected,Seattle Mariners selected the contract of RHP Jimmy Yacabonis from Tacoma Rainiers.,642231.0,Jimmy Yacabonis,/api/v1/people/642231,136,Seattle Mariners,/api/v1/teams/136,529.0,Tacoma Rainiers,/api/v1/teams/529
514713,2021-08-28,2021-08-28,,OUT,Outrighted,Seattle Mariners sent RHP Keynan Middleton outright to Tacoma Rainiers.,641871.0,Keynan Middleton,/api/v1/people/641871,529,Tacoma Rainiers,/api/v1/teams/529,136.0,Seattle Mariners,/api/v1/teams/136
514717,2021-08-28,2021-08-25,2021-08-25,SC,Status Change,Seattle Mariners placed LHP Anthony Misiewicz on the 10-day injured list. Left forearm strain.,664948.0,Anthony Misiewicz,/api/v1/people/664948,136,Seattle Mariners,/api/v1/teams/136,,,
514945,2021-08-30,2021-08-30,2021-08-30,DES,Designated for Assignment,Seattle Mariners designated RHP Jimmy Yacabonis for assignment.,642231.0,Jimmy Yacabonis,/api/v1/people/642231,136,Seattle Mariners,/api/v1/teams/136,,,
514946,2021-08-30,2021-08-30,,SE,Selected,Seattle Mariners selected the contract of 1B Jose Marmolejos from Tacoma Rainiers.,592530.0,José Marmolejos,/api/v1/people/592530,136,Seattle Mariners,/api/v1/teams/136,529.0,Tacoma Rainiers,/api/v1/teams/529
515351,2021-09-01,2021-09-01,2021-09-01,SC,Status Change,Seattle Mariners activated LHP Justus Sheffield.,656954.0,Justus Sheffield,/api/v1/people/656954,136,Seattle Mariners,/api/v1/teams/136,,,
515352,2021-09-01,2021-09-01,,CU,Recalled,Seattle Mariners recalled 3B Kevin Padlo from Tacoma Rainiers.,656821.0,Kevin Padlo,/api/v1/people/656821,136,Seattle Mariners,/api/v1/teams/136,529.0,Tacoma Rainiers,/api/v1/teams/529
515626,2021-09-02,2021-09-02,,OUT,Outrighted,Seattle Mariners sent RHP Jimmy Yacabonis outright to Tacoma Rainiers.,642231.0,Jimmy Yacabonis,/api/v1/people/642231,529,Tacoma Rainiers,/api/v1/teams/529,136.0,Seattle Mariners,/api/v1/teams/136
515660,2021-09-02,2021-09-02,2021-09-02,ASG,Assigned,Seattle Mariners sent RHP Diego Castillo on a rehab assignment to ACL Mariners.,650895.0,Diego Castillo,/api/v1/people/650895,409,ACL Mariners,/api/v1/teams/409,136.0,Seattle Mariners,/api/v1/teams/136
515907,2021-09-04,2021-09-04,2021-09-04,SC,Status Change,Seattle Mariners activated LHP Anthony Misiewicz from the 10-day injured list.,664948.0,Anthony Misiewicz,/api/v1/people/664948,136,Seattle Mariners,/api/v1/teams/136,,,
515908,2021-09-04,2021-09-04,2021-09-04,SC,Status Change,Seattle Mariners activated RHP Diego Castillo.,,,,136,Seattle Mariners,/api/v1/teams/136,,,
515905,2021-09-04,2021-09-04,,OPT,Optioned,Seattle Mariners optioned RHP Wyatt Mills to Tacoma Rainiers.,670090.0,Wyatt Mills,/api/v1/people/670090,529,Tacoma Rainiers,/api/v1/teams/529,136.0,Seattle Mariners,/api/v1/teams/136
515906,2021-09-04,2021-09-04,,OPT,Optioned,Seattle Mariners optioned 3B Kevin Padlo to Tacoma Rainiers.,656821.0,Kevin Padlo,/api/v1/people/656821,529,Tacoma Rainiers,/api/v1/teams/529,136.0,Seattle Mariners,/api/v1/teams/136
517126,2021-09-06,2021-09-06,2021-09-06,SFA,Signed as Free Agent,Seattle Mariners signed free agent RHP Fausto Pediet to a minor league contract.,684909.0,Fausto Pediet,/api/v1/people/684909,136,Seattle Mariners,/api/v1/teams/136,,,
516735,2021-09-09,2021-09-09,,CU,Recalled,Seattle Mariners recalled 3B Kevin Padlo from Tacoma Rainiers.,656821.0,Kevin Padlo,/api/v1/people/656821,136,Seattle Mariners,/api/v1/teams/136,529.0,Tacoma Rainiers,/api/v1/teams/529
516736,2021-09-09,2021-09-09,2021-09-09,SC,Status Change,Seattle Mariners placed LHP Tyler Anderson on the bereavement list.,542881.0,Tyler Anderson,/api/v1/people/542881,136,Seattle Mariners,/api/v1/teams/136,,,
516959,2021-09-11,2021-09-11,2021-09-11,ASG,Assigned,Seattle Mariners sent CF Jake Fraley on a rehab assignment to Tacoma Rainiers.,641584.0,Jake Fraley,/api/v1/people/641584,529,Tacoma Rainiers,/api/v1/teams/529,136.0,Seattle Mariners,/api/v1/teams/136
517031,2021-09-12,2021-09-12,2021-09-12,SC,Status Change,Seattle Mariners activated LHP Tyler Anderson from the bereavement list.,542881.0,Tyler Anderson,/api/v1/people/542881,136,Seattle Mariners,/api/v1/teams/136,,,
517037,2021-09-12,2021-09-12,,OPT,Optioned,Seattle Mariners optioned 3B Kevin Padlo to Tacoma Rainiers.,656821.0,Kevin Padlo,/api/v1/people/656821,529,Tacoma Rainiers,/api/v1/teams/529,136.0,Seattle Mariners,/api/v1/teams/136
517402,2021-09-14,2021-09-14,2021-09-14,DES,Designated for Assignment,Seattle Mariners designated 1B Jose Marmolejos for assignment.,592530.0,José Marmolejos,/api/v1/people/592530,136,Seattle Mariners,/api/v1/teams/136,,,
517401,2021-09-14,2021-09-14,2021-09-14,SC,Status Change,Seattle Mariners activated CF Jake Fraley.,641584.0,Jake Fraley,/api/v1/people/641584,136,Seattle Mariners,/api/v1/teams/136,,,
517945,2021-09-16,2021-09-16,2021-09-16,ASG,Assigned,Seattle Mariners sent RHP Justin Dunn on a rehab assignment to Tacoma Rainiers.,643290.0,Justin Dunn,/api/v1/people/643290,529,Tacoma Rainiers,/api/v1/teams/529,136.0,Seattle Mariners,/api/v1/teams/136
518105,2021-09-17,2021-09-17,,OUT,Outrighted,Seattle Mariners sent 1B Jose Marmolejos outright to Tacoma Rainiers.,592530.0,José Marmolejos,/api/v1/people/592530,529,Tacoma Rainiers,/api/v1/teams/529,136.0,Seattle Mariners,/api/v1/teams/136
518416,2021-09-20,2021-09-20,2021-09-20,ASG,Assigned,Seattle Mariners sent RHP Andres Munoz on a rehab assignment to Tacoma Rainiers.,662253.0,Andrés Muñoz,/api/v1/people/662253,529,Tacoma Rainiers,/api/v1/teams/529,136.0,Seattle Mariners,/api/v1/teams/136
519149,2021-09-26,2021-09-26,,OPT,Optioned,Seattle Mariners optioned LHP Justus Sheffield to Tacoma Rainiers.,656954.0,Justus Sheffield,/api/v1/people/656954,529,Tacoma Rainiers,/api/v1/teams/529,136.0,Seattle Mariners,/api/v1/teams/136
519148,2021-09-27,2021-09-27,,CU,Recalled,Seattle Mariners recalled RHP Wyatt Mills from Tacoma Rainiers.,670090.0,Wyatt Mills,/api/v1/people/670090,136,Seattle Mariners,/api/v1/teams/136,529.0,Tacoma Rainiers,/api/v1/teams/529
519176,2021-09-28,2021-09-28,2021-09-28,SE,Selected,"Seattle Mariners selected the contract of RHP Matt Brash,  and  from Tacoma Rainiers.",,,,136,Seattle Mariners,/api/v1/teams/136,,,
519186,2021-09-28,2021-09-28,2021-09-28,DES,Designated for Assignment,Seattle Mariners designated RHP Matt Andriese for assignment.,542882.0,Matt Andriese,/api/v1/people/542882,136,Seattle Mariners,/api/v1/teams/136,,,
519438,2021-09-30,2021-09-30,,OUT,Outrighted,Seattle Mariners sent RHP Matt Andriese outright to Tacoma Rainiers.,542882.0,Matt Andriese,/api/v1/people/542882,529,Tacoma Rainiers,/api/v1/teams/529,136.0,Seattle Mariners,/api/v1/teams/136
519932,2021-10-02,2021-10-02,2021-10-02,SC,Status Change,Seattle Mariners placed RHP Joe Smith on the 10-day injured list.,501925.0,Joe Smith,/api/v1/people/501925,136,Seattle Mariners,/api/v1/teams/136,,,
519901,2021-10-02,2021-10-02,,CU,Recalled,Seattle Mariners recalled 2B Donovan Walton from Tacoma Rainiers.,622268.0,Donovan Walton,/api/v1/people/622268,136,Seattle Mariners,/api/v1/teams/136,529.0,Tacoma Rainiers,/api/v1/teams/529
519928,2021-10-02,2021-10-02,2021-10-02,SC,Status Change,Seattle Mariners activated RHP Andres Munoz.,662253.0,Andrés Muñoz,/api/v1/people/662253,136,Seattle Mariners,/api/v1/teams/136,,,
519900,2021-10-02,2021-10-02,,OPT,Optioned,Seattle Mariners optioned RHP Wyatt Mills to Tacoma Rainiers.,670090.0,Wyatt Mills,/api/v1/people/670090,529,Tacoma Rainiers,/api/v1/teams/529,136.0,Seattle Mariners,/api/v1/teams/136
520129,2021-10-05,2021-10-05,,CU,Recalled,Seattle Mariners recalled RHP Ryan Weber from Tacoma Rainiers.,543901.0,Ryan Weber,/api/v1/people/543901,136,Seattle Mariners,/api/v1/teams/136,529.0,Tacoma Rainiers,/api/v1/teams/529
520127,2021-10-05,2021-10-05,,CU,Recalled,Seattle Mariners recalled RHP Joey Gerber from Tacoma Rainiers.,680702.0,Joey Gerber,/api/v1/people/680702,136,Seattle Mariners,/api/v1/teams/136,529.0,Tacoma Rainiers,/api/v1/teams/529
520130,2021-10-05,2021-10-05,,CU,Recalled,Seattle Mariners recalled RHP Wyatt Mills from Tacoma Rainiers.,670090.0,Wyatt Mills,/api/v1/people/670090,136,Seattle Mariners,/api/v1/teams/136,529.0,Tacoma Rainiers,/api/v1/teams/529
520123,2021-10-05,2021-10-05,2021-10-05,DFA,Declared Free Agency,1B Jose Marmolejos elected free agency.,592530.0,José Marmolejos,/api/v1/people/592530,136,Seattle Mariners,/api/v1/teams/136,,,
520128,2021-10-05,2021-10-05,,CU,Recalled,Seattle Mariners recalled LHP Aaron Fletcher from Tacoma Rainiers.,667465.0,Aaron Fletcher,/api/v1/people/667465,136,Seattle Mariners,/api/v1/teams/136,529.0,Tacoma Rainiers,/api/v1/teams/529
520126,2021-10-05,2021-10-05,2021-10-05,CU,Recalled,"Seattle Mariners recalled LHP Justus Sheffield,  and  from Tacoma Rainiers.",,,,136,Seattle Mariners,/api/v1/teams/136,,,
520125,2021-10-05,2021-10-05,,CU,Recalled,Seattle Mariners recalled C Jose Godoy from Tacoma Rainiers.,608422.0,José Godoy,/api/v1/people/608422,136,Seattle Mariners,/api/v1/teams/136,529.0,Tacoma Rainiers,/api/v1/teams/529
520124,2021-10-05,2021-10-05,,CU,Recalled,Seattle Mariners recalled LF Taylor Trammell from Tacoma Rainiers.,666211.0,Taylor Trammell,/api/v1/people/666211,136,Seattle Mariners,/api/v1/teams/136,529.0,Tacoma Rainiers,/api/v1/teams/529
520132,2021-10-05,2021-10-05,,CU,Recalled,Seattle Mariners recalled RHP Darren McCaughan from Tacoma Rainiers.,670766.0,Darren McCaughan,/api/v1/people/670766,136,Seattle Mariners,/api/v1/teams/136,529.0,Tacoma Rainiers,/api/v1/teams/529
520135,2021-10-05,2021-10-05,,CU,Recalled,Seattle Mariners recalled CF Marcus Wilson from Tacoma Rainiers.,657129.0,Marcus Wilson,/api/v1/people/657129,136,Seattle Mariners,/api/v1/teams/136,529.0,Tacoma Rainiers,/api/v1/teams/529
520109,2021-10-05,2021-10-05,,CU,Recalled,Seattle Mariners recalled RHP Juan Then from Everett AquaSox.,672730.0,Juan Then,/api/v1/people/672730,136,Seattle Mariners,/api/v1/teams/136,403.0,Everett AquaSox,/api/v1/teams/403
520131,2021-10-05,2021-10-05,,CU,Recalled,Seattle Mariners recalled 3B Kevin Padlo from Tacoma Rainiers.,656821.0,Kevin Padlo,/api/v1/people/656821,136,Seattle Mariners,/api/v1/teams/136,529.0,Tacoma Rainiers,/api/v1/teams/529
522195,2021-10-07,2021-10-07,2021-10-07,SC,Status Change,Seattle Mariners activated RHP Joe Smith from the 10-day injured list.,501925.0,Joe Smith,/api/v1/people/501925,136,Seattle Mariners,/api/v1/teams/136,,,
522188,2021-10-22,2021-10-22,,OUT,Outrighted,Seattle Mariners sent 2B Sam Haggerty outright to Tacoma Rainiers.,664059.0,Sam Haggerty,/api/v1/people/664059,529,Tacoma Rainiers,/api/v1/teams/529,136.0,Seattle Mariners,/api/v1/teams/136
522189,2021-10-22,2021-10-22,,OUT,Outrighted,Seattle Mariners sent 2B Shed Long Jr. outright to Tacoma Rainiers.,643418.0,Shed Long Jr.,/api/v1/people/643418,529,Tacoma Rainiers,/api/v1/teams/529,136.0,Seattle Mariners,/api/v1/teams/136
522191,2021-10-22,2021-10-22,,OUT,Outrighted,Seattle Mariners sent CF Marcus Wilson outright to Tacoma Rainiers.,657129.0,Marcus Wilson,/api/v1/people/657129,529,Tacoma Rainiers,/api/v1/teams/529,136.0,Seattle Mariners,/api/v1/teams/136
522194,2021-10-22,2021-10-22,,CLW,Claimed Off Waivers,St. Louis Cardinals claimed RHP Ljay Newsome off waivers from Seattle Mariners.,664714.0,Ljay Newsome,/api/v1/people/664714,138,St. Louis Cardinals,/api/v1/teams/138,136.0,Seattle Mariners,/api/v1/teams/136
522192,2021-10-22,2021-10-22,,OUT,Outrighted,Seattle Mariners sent RHP Ryan Weber outright to Tacoma Rainiers.,543901.0,Ryan Weber,/api/v1/people/543901,529,Tacoma Rainiers,/api/v1/teams/529,136.0,Seattle Mariners,/api/v1/teams/136
522190,2021-10-22,2021-10-22,,OUT,Outrighted,Seattle Mariners sent RHP Darren McCaughan outright to Tacoma Rainiers.,670766.0,Darren McCaughan,/api/v1/people/670766,529,Tacoma Rainiers,/api/v1/teams/529,136.0,Seattle Mariners,/api/v1/teams/136
522620,2021-10-27,2021-10-27,,OUT,Outrighted,Seattle Mariners sent DH Jake Bauers outright to Tacoma Rainiers.,641343.0,Jake Bauers,/api/v1/people/641343,529,Tacoma Rainiers,/api/v1/teams/529,136.0,Seattle Mariners,/api/v1/teams/136
523191,2021-11-03,2021-11-03,2021-11-03,DFA,Declared Free Agency,LHP Tyler Anderson elected free agency.,542881.0,Tyler Anderson,/api/v1/people/542881,136,Seattle Mariners,/api/v1/teams/136,,,
523192,2021-11-03,2021-11-03,2021-11-03,DFA,Declared Free Agency,LHP Hector Santiago elected free agency.,502327.0,Héctor Santiago,/api/v1/people/502327,136,Seattle Mariners,/api/v1/teams/136,,,
523201,2021-11-03,2021-11-03,2021-11-03,DFA,Declared Free Agency,LHP Sean Doolittle elected free agency.,448281.0,Sean Doolittle,/api/v1/people/448281,136,Seattle Mariners,/api/v1/teams/136,,,
523049,2021-11-03,2021-11-03,2021-11-03,DFA,Declared Free Agency,RHP Joe Smith elected free agency.,501925.0,Joe Smith,/api/v1/people/501925,136,Seattle Mariners,/api/v1/teams/136,,,
523202,2021-11-03,2021-11-03,2021-11-03,DFA,Declared Free Agency,LHP James Paxton elected free agency.,572020.0,James Paxton,/api/v1/people/572020,136,Seattle Mariners,/api/v1/teams/136,,,
523302,2021-11-04,2021-11-04,2021-11-04,SC,Status Change,Seattle Mariners activated LHP Yusei Kikuchi.,579328.0,Yusei Kikuchi,/api/v1/people/579328,136,Seattle Mariners,/api/v1/teams/136,,,
523303,2021-11-04,2021-11-04,2021-11-04,DFA,Declared Free Agency,3B Kyle Seager elected free agency.,572122.0,Kyle Seager,/api/v1/people/572122,136,Seattle Mariners,/api/v1/teams/136,,,
523442,2021-11-05,2021-11-05,2021-11-05,SC,Status Change,Seattle Mariners activated RHP Ken Giles from the 60-day injured list.,571704.0,Ken Giles,/api/v1/people/571704,136,Seattle Mariners,/api/v1/teams/136,,,
523444,2021-11-05,2021-11-05,2021-11-05,SC,Status Change,Seattle Mariners activated 1B Evan White from the 60-day injured list.,657108.0,Evan White,/api/v1/people/657108,136,Seattle Mariners,/api/v1/teams/136,,,
523443,2021-11-05,2021-11-05,2021-11-05,SC,Status Change,Seattle Mariners activated LHP Nick Margevicius from the 60-day injured list.,676606.0,Nick Margevicius,/api/v1/people/676606,136,Seattle Mariners,/api/v1/teams/136,,,
523438,2021-11-05,2021-11-05,2021-11-05,SC,Status Change,Seattle Mariners activated RHP Justin Dunn.,643290.0,Justin Dunn,/api/v1/people/643290,136,Seattle Mariners,/api/v1/teams/136,,,
523439,2021-11-05,2021-11-05,2021-11-05,SC,Status Change,Seattle Mariners activated CF Kyle Lewis from the 60-day injured list.,641786.0,Kyle Lewis,/api/v1/people/641786,136,Seattle Mariners,/api/v1/teams/136,,,
614871,2021-11-18,2021-11-18,2021-11-18,SC,Status Change,Seattle Mariners activated OF Julio Rodriguez.,677594.0,Julio Rodríguez,/api/v1/people/677594,136,Seattle Mariners,/api/v1/teams/136,,,
615407,2021-11-18,2021-11-18,2021-11-18,SC,Status Change,Seattle Mariners activated OF Julio Rodriguez.,677594.0,Julio Rodríguez,/api/v1/people/677594,136,Seattle Mariners,/api/v1/teams/136,,,
600144,2021-11-18,,,SE,Selected,Seattle Mariners selected the contract of OF Julio Rodriguez from Arkansas Travelers.,677594.0,Julio Rodríguez,/api/v1/people/677594,136,Seattle Mariners,/api/v1/teams/136,574.0,Arkansas Travelers,/api/v1/teams/574
600143,2021-11-18,,,SE,Selected,Seattle Mariners selected the contract of LHP Ray Kerr from Tacoma Rainiers.,678061.0,Ray Kerr,/api/v1/people/678061,136,Seattle Mariners,/api/v1/teams/136,529.0,Tacoma Rainiers,/api/v1/teams/529
600145,2021-11-18,,,SE,Selected,Seattle Mariners selected the contract of OF Alberto Rodriguez from Everett AquaSox.,679754.0,Alberto Rodriguez,/api/v1/people/679754,136,Seattle Mariners,/api/v1/teams/136,403.0,Everett AquaSox,/api/v1/teams/403
614870,2021-11-27,2021-11-27,2021-11-27,SC,Status Change,Seattle Mariners activated 2B Adam Frazier.,624428.0,Adam Frazier,/api/v1/people/624428,136,Seattle Mariners,/api/v1/teams/136,,,
615408,2021-11-27,2021-11-27,2021-11-27,SC,Status Change,Seattle Mariners activated 2B Adam Frazier.,,,,136,Seattle Mariners,/api/v1/teams/136,,,
600691,2021-11-27,,,TR,Trade,San Diego Padres traded 2B Adam Frazier to Seattle Mariners for LHP Ray Kerr and OF Corey Rosier.,678061.0,Ray Kerr,/api/v1/people/678061,135,San Diego Padres,/api/v1/teams/135,136.0,Seattle Mariners,/api/v1/teams/136
614873,2021-11-30,2021-11-30,2021-11-30,SC,Status Change,Seattle Mariners activated LHP Robbie Ray.,592662.0,Robbie Ray,/api/v1/people/592662,136,Seattle Mariners,/api/v1/teams/136,,,
615410,2021-11-30,2021-11-30,2021-11-30,SC,Status Change,Seattle Mariners activated LHP Robbie Ray.,592662.0,Robbie Ray,/api/v1/people/592662,136,Seattle Mariners,/api/v1/teams/136,,,
600911,2021-11-30,2021-11-30,2021-11-30,SFA,Signed as Free Agent,Seattle Mariners signed free agent LHP Robbie Ray.,592662.0,Robbie Ray,/api/v1/people/592662,136,Seattle Mariners,/api/v1/teams/136,,,
615413,2021-12-01,2021-12-01,2021-12-01,SC,Status Change,Seattle Mariners activated LHP Anthony Misiewicz.,664948.0,Anthony Misiewicz,/api/v1/people/664948,136,Seattle Mariners,/api/v1/teams/136,,,
614876,2021-12-01,2021-12-01,2021-12-01,SC,Status Change,Seattle Mariners activated LHP Anthony Misiewicz.,664948.0,Anthony Misiewicz,/api/v1/people/664948,136,Seattle Mariners,/api/v1/teams/136,,,
601017,2021-12-01,2021-12-01,2021-12-01,SC,Status Change,Seattle Mariners activated LHP Anthony Misiewicz.,664948.0,Anthony Misiewicz,/api/v1/people/664948,136,Seattle Mariners,/api/v1/teams/136,,,
601237,2021-12-03,2021-12-03,2021-12-03,SFA,Signed as Free Agent,Seattle Mariners signed free agent C Brian O'Keefe to a minor league contract.,657247.0,Brian O'Keefe,/api/v1/people/657247,136,Seattle Mariners,/api/v1/teams/136,,,
611707,2021-12-08,2021-12-08,2021-12-08,SC,Status Change,CF Tanner Kirwer roster status changed by Seattle Mariners.,647255.0,Tanner Kirwer,/api/v1/people/647255,136,Seattle Mariners,/api/v1/teams/136,,,
608700,2021-12-08,2021-12-08,2021-12-08,ASG,Assigned,CF Tanner Kirwer assigned to Seattle Mariners.,647255.0,Tanner Kirwer,/api/v1/people/647255,136,Seattle Mariners,/api/v1/teams/136,,,
602807,2021-12-21,2021-12-21,2021-12-21,SFA,Signed as Free Agent,Seattle Mariners signed free agent CF Terry McClure to a minor league contract.,641842.0,Terry McClure,/api/v1/people/641842,136,Seattle Mariners,/api/v1/teams/136,,,
602809,2021-12-22,2021-12-22,2021-12-22,SFA,Signed as Free Agent,Seattle Mariners signed free agent 3B Seth Mejias-Brean to a minor league contract.,623180.0,Seth Mejias-Brean,/api/v1/people/623180,136,Seattle Mariners,/api/v1/teams/136,,,
602638,2022-01-15,2022-01-15,2022-01-15,SFA,Signed as Free Agent,Seattle Mariners signed free agent SS Martin Gonzalez to a minor league contract.,703203.0,Martin Gonzalez,/api/v1/people/703203,136,Seattle Mariners,/api/v1/teams/136,,,
602637,2022-01-15,2022-01-15,2022-01-15,SFA,Signed as Free Agent,Seattle Mariners signed free agent SS Michael Arroyo to a minor league contract.,703197.0,Michael Arroyo,/api/v1/people/703197,136,Seattle Mariners,/api/v1/teams/136,,,
602639,2022-01-15,2022-01-15,2022-01-15,SFA,Signed as Free Agent,Seattle Mariners signed free agent OF Lazaro Montes to a minor league contract.,703155.0,Lazaro Montes,/api/v1/people/703155,136,Seattle Mariners,/api/v1/teams/136,,,
620408,2022-01-25,2022-01-25,2022-01-25,SFA,Signed as Free Agent,Seattle Mariners signed free agent RHP Sebastian Barrios to a minor league contract.,803372.0,Sebastian Barrios,/api/v1/people/803372,136,Seattle Mariners,/api/v1/teams/136,,,
614778,2022-01-26,2022-01-26,2022-01-26,SFA,Signed as Free Agent,Seattle Mariners signed free agent C Carlos Gonzalez to a minor league contract.,801262.0,Carlos Gonzalez,/api/v1/people/801262,136,Seattle Mariners,/api/v1/teams/136,,,
626623,2022-01-26,2022-01-26,2022-01-26,SFA,Signed as Free Agent,Seattle Mariners signed free agent RHP Joaan De Jesus to a minor league contract.,800525.0,Joaan De Jesus,/api/v1/people/800525,136,Seattle Mariners,/api/v1/teams/136,,,
626598,2022-01-26,2022-01-26,2022-01-26,SFA,Signed as Free Agent,Seattle Mariners signed free agent RHP William Calderon to a minor league contract.,805049.0,William Calderon,/api/v1/people/805049,136,Seattle Mariners,/api/v1/teams/136,,,
614776,2022-01-26,2022-01-26,2022-01-26,SFA,Signed as Free Agent,Seattle Mariners signed free agent RHP Federik Jimenez to a minor league contract.,802241.0,Federik Jimenez,/api/v1/people/802241,136,Seattle Mariners,/api/v1/teams/136,,,
634303,2022-01-26,2022-01-26,2022-01-26,SFA,Signed as Free Agent,Seattle Mariners signed free agent RHP Wuilliams Rodriguez to a minor league contract.,805777.0,Wuilliams Rodriguez,/api/v1/people/805777,136,Seattle Mariners,/api/v1/teams/136,,,
604051,2022-02-08,2022-02-08,2022-02-08,SFA,Signed as Free Agent,Seattle Mariners signed free agent SS Erick Mejia to a minor league contract.,625510.0,Erick Mejia,/api/v1/people/625510,136,Seattle Mariners,/api/v1/teams/136,,,
603873,2022-02-08,2022-02-08,2022-02-08,SFA,Signed as Free Agent,Seattle Mariners signed free agent RHP Asher Wojciechowski to a minor league contract.,592879.0,Asher Wojciechowski,/api/v1/people/592879,136,Seattle Mariners,/api/v1/teams/136,,,
603767,2022-02-09,2022-02-09,2022-02-09,SFA,Signed as Free Agent,Seattle Mariners signed free agent LHP Cameron Ming to a minor league contract.,666933.0,Cameron Ming,/api/v1/people/666933,136,Seattle Mariners,/api/v1/teams/136,,,
603765,2022-02-09,2022-02-09,2022-02-09,SFA,Signed as Free Agent,Seattle Mariners signed free agent LHP Danny Young to a minor league contract.,664849.0,Danny Young,/api/v1/people/664849,136,Seattle Mariners,/api/v1/teams/136,,,
604050,2022-02-10,2022-02-10,2022-02-10,SFA,Signed as Free Agent,Seattle Mariners signed free agent LHP Ian McKinney to a minor league contract.,641855.0,Ian McKinney,/api/v1/people/641855,136,Seattle Mariners,/api/v1/teams/136,,,
616086,2022-02-23,2022-02-23,2022-02-23,SFA,Signed as Free Agent,Seattle Mariners signed free agent Luis Martinez to a minor league contract.,802529.0,Luis Martinez,/api/v1/people/802529,136,Seattle Mariners,/api/v1/teams/136,,,
620411,2022-02-23,2022-02-23,2022-02-23,SFA,Signed as Free Agent,Seattle Mariners signed free agent RHP Anderson Guevara to a minor league contract.,803373.0,Anderson Guevara,/api/v1/people/803373,136,Seattle Mariners,/api/v1/teams/136,,,
626600,2022-02-23,2022-02-23,2022-02-23,SFA,Signed as Free Agent,Seattle Mariners signed free agent RHP Luis Martinez to a minor league contract.,805050.0,Luis Martinez,/api/v1/people/805050,136,Seattle Mariners,/api/v1/teams/136,,,
605508,2022-03-08,2022-03-08,2022-03-08,SFA,Signed as Free Agent,Seattle Mariners signed free agent LHP Kyle Bird to a minor league contract.,613317.0,Kyle Bird,/api/v1/people/613317,136,Seattle Mariners,/api/v1/teams/136,,,
605675,2022-03-10,2022-03-10,2022-03-10,SFA,Signed as Free Agent,Seattle Mariners signed free agent RHP Matt Koch to a minor league contract.,571863.0,Matt Koch,/api/v1/people/571863,136,Seattle Mariners,/api/v1/teams/136,,,
605677,2022-03-10,2022-03-10,2022-03-10,SFA,Signed as Free Agent,Seattle Mariners signed free agent RHP Braden Shipley to a minor league contract.,640463.0,Braden Shipley,/api/v1/people/640463,136,Seattle Mariners,/api/v1/teams/136,,,
605975,2022-03-13,,,CLW,Claimed Off Waivers,Pittsburgh Pirates claimed LHP Aaron Fletcher off waivers from Seattle Mariners.,667465.0,Aaron Fletcher,/api/v1/people/667465,134,Pittsburgh Pirates,/api/v1/teams/134,136.0,Seattle Mariners,/api/v1/teams/136
605977,2022-03-13,,,CLW,Claimed Off Waivers,San Francisco Giants claimed C Jose Godoy off waivers from Seattle Mariners.,608422.0,José Godoy,/api/v1/people/608422,137,San Francisco Giants,/api/v1/teams/137,136.0,Seattle Mariners,/api/v1/teams/136
606037,2022-03-14,2022-03-14,2022-03-14,ASG,Assigned,Seattle Mariners invited non-roster SS Erick Mejia to spring training.,625510.0,Erick Mejia,/api/v1/people/625510,136,Seattle Mariners,/api/v1/teams/136,,,
606017,2022-03-14,2022-03-14,2022-03-14,ASG,Assigned,Seattle Mariners invited non-roster LHP Kyle Bird to spring training.,613317.0,Kyle Bird,/api/v1/people/613317,136,Seattle Mariners,/api/v1/teams/136,,,
606025,2022-03-14,2022-03-14,2022-03-14,ASG,Assigned,Seattle Mariners invited non-roster RHP Devin Sweet to spring training.,682967.0,Devin Sweet,/api/v1/people/682967,136,Seattle Mariners,/api/v1/teams/136,,,
606031,2022-03-14,2022-03-14,2022-03-14,ASG,Assigned,Seattle Mariners invited non-roster LHP Danny Young to spring training.,664849.0,Danny Young,/api/v1/people/664849,136,Seattle Mariners,/api/v1/teams/136,,,
606032,2022-03-14,2022-03-14,2022-03-14,ASG,Assigned,Seattle Mariners invited non-roster C Jake Anchia to spring training.,680971.0,Jake Anchia,/api/v1/people/680971,136,Seattle Mariners,/api/v1/teams/136,,,
606023,2022-03-14,2022-03-14,2022-03-14,ASG,Assigned,Seattle Mariners invited non-roster LHP Ian McKinney to spring training.,641855.0,Ian McKinney,/api/v1/people/641855,136,Seattle Mariners,/api/v1/teams/136,,,
606041,2022-03-14,2022-03-14,2022-03-14,SFA,Signed as Free Agent,Seattle Mariners signed free agent 2B Forrest Wall to a minor league contract and invited him to spring training.,657088.0,Forrest Wall,/api/v1/people/657088,136,Seattle Mariners,/api/v1/teams/136,,,
606035,2022-03-14,2022-03-14,2022-03-14,ASG,Assigned,Seattle Mariners invited non-roster SS Jose Caballero to spring training.,676609.0,José Caballero,/api/v1/people/676609,136,Seattle Mariners,/api/v1/teams/136,,,
615411,2022-03-14,2022-03-14,2022-03-14,SC,Status Change,Seattle Mariners activated 3B Eugenio Suarez.,553993.0,Eugenio Suárez,/api/v1/people/553993,136,Seattle Mariners,/api/v1/teams/136,,,
611669,2022-03-14,2022-03-14,2022-03-14,SC,Status Change,CF Marcus Wilson roster status changed by Seattle Mariners.,657129.0,Marcus Wilson,/api/v1/people/657129,136,Seattle Mariners,/api/v1/teams/136,,,
611666,2022-03-14,2022-03-14,2022-03-14,SC,Status Change,LHP Danny Young roster status changed by Seattle Mariners.,664849.0,Danny Young,/api/v1/people/664849,136,Seattle Mariners,/api/v1/teams/136,,,
611673,2022-03-14,2022-03-14,2022-03-14,SC,Status Change,RF Steven Souza Jr. roster status changed by Seattle Mariners.,519306.0,Steven Souza Jr.,/api/v1/people/519306,136,Seattle Mariners,/api/v1/teams/136,,,
611674,2022-03-14,2022-03-14,2022-03-14,SC,Status Change,RHP Levi Stoudt roster status changed by Seattle Mariners.,686651.0,Levi Stoudt,/api/v1/people/686651,136,Seattle Mariners,/api/v1/teams/136,,,
606034,2022-03-14,2022-03-14,2022-03-14,ASG,Assigned,Seattle Mariners invited non-roster C Brian O'Keefe and  to spring training.,,,,136,Seattle Mariners,/api/v1/teams/136,,,
611676,2022-03-14,2022-03-14,2022-03-14,SC,Status Change,3B Josh Morgan roster status changed by Seattle Mariners.,656766.0,Josh Morgan,/api/v1/people/656766,136,Seattle Mariners,/api/v1/teams/136,,,
611677,2022-03-14,2022-03-14,2022-03-14,SC,Status Change,SS Noelvi Marte roster status changed by Seattle Mariners.,682622.0,Noelvi Marte,/api/v1/people/682622,136,Seattle Mariners,/api/v1/teams/136,,,
611678,2022-03-14,2022-03-14,2022-03-14,SC,Status Change,LHP Ian McKinney roster status changed by Seattle Mariners.,641855.0,Ian McKinney,/api/v1/people/641855,136,Seattle Mariners,/api/v1/teams/136,,,
611679,2022-03-14,2022-03-14,2022-03-14,SC,Status Change,RHP Travis Kuhn roster status changed by Seattle Mariners.,674047.0,Travis Kuhn,/api/v1/people/674047,136,Seattle Mariners,/api/v1/teams/136,,,
611680,2022-03-14,2022-03-14,2022-03-14,SC,Status Change,RHP George Kirby roster status changed by Seattle Mariners.,669923.0,George Kirby,/api/v1/people/669923,136,Seattle Mariners,/api/v1/teams/136,,,
611682,2022-03-14,2022-03-14,2022-03-14,SC,Status Change,2B Sam Haggerty roster status changed by Seattle Mariners.,664059.0,Sam Haggerty,/api/v1/people/664059,136,Seattle Mariners,/api/v1/teams/136,,,
611684,2022-03-14,2022-03-14,2022-03-14,SC,Status Change,RHP David Ellingson roster status changed by Seattle Mariners.,670287.0,David Ellingson,/api/v1/people/670287,136,Seattle Mariners,/api/v1/teams/136,,,
611685,2022-03-14,2022-03-14,2022-03-14,SC,Status Change,RHP Matthew Festa roster status changed by Seattle Mariners.,670036.0,Matt Festa,/api/v1/people/670036,136,Seattle Mariners,/api/v1/teams/136,,,
611686,2022-03-14,2022-03-14,2022-03-14,SC,Status Change,LHP Roenis Elias roster status changed by Seattle Mariners.,606273.0,Roenis Elías,/api/v1/people/606273,136,Seattle Mariners,/api/v1/teams/136,,,
611687,2022-03-14,2022-03-14,2022-03-14,SC,Status Change,SS Jose Caballero roster status changed by Seattle Mariners.,676609.0,José Caballero,/api/v1/people/676609,136,Seattle Mariners,/api/v1/teams/136,,,
611688,2022-03-14,2022-03-14,2022-03-14,SC,Status Change,OF Zach DeLoach roster status changed by Seattle Mariners.,676113.0,Zach DeLoach,/api/v1/people/676113,136,Seattle Mariners,/api/v1/teams/136,,,
611689,2022-03-14,2022-03-14,2022-03-14,SC,Status Change,LHP Kyle Bird roster status changed by Seattle Mariners.,613317.0,Kyle Bird,/api/v1/people/613317,136,Seattle Mariners,/api/v1/teams/136,,,
611690,2022-03-14,2022-03-14,2022-03-14,SC,Status Change,C Jake Anchia roster status changed by Seattle Mariners.,680971.0,Jake Anchia,/api/v1/people/680971,136,Seattle Mariners,/api/v1/teams/136,,,
611667,2022-03-14,2022-03-14,2022-03-14,SC,Status Change,RHP Asher Wojciechowski roster status changed by Seattle Mariners.,592879.0,Asher Wojciechowski,/api/v1/people/592879,136,Seattle Mariners,/api/v1/teams/136,,,
606022,2022-03-14,2022-03-14,2022-03-14,ASG,Assigned,Seattle Mariners invited non-roster RHP Travis Kuhn to spring training.,674047.0,Travis Kuhn,/api/v1/people/674047,136,Seattle Mariners,/api/v1/teams/136,,,
606021,2022-03-14,2022-03-14,2022-03-14,ASG,Assigned,Seattle Mariners invited non-roster RHP George Kirby to spring training.,669923.0,George Kirby,/api/v1/people/669923,136,Seattle Mariners,/api/v1/teams/136,,,
606036,2022-03-14,2022-03-14,2022-03-14,ASG,Assigned,Seattle Mariners invited non-roster SS Noelvi Marte to spring training.,682622.0,Noelvi Marte,/api/v1/people/682622,136,Seattle Mariners,/api/v1/teams/136,,,
606020,2022-03-14,2022-03-14,2022-03-14,ASG,Assigned,Seattle Mariners invited non-roster RHP Matthew Festa to spring training.,670036.0,Matt Festa,/api/v1/people/670036,136,Seattle Mariners,/api/v1/teams/136,,,
606033,2022-03-14,2022-03-14,2022-03-14,ASG,Assigned,Seattle Mariners invited non-roster 3B Josh Morgan to spring training.,656766.0,Josh Morgan,/api/v1/people/656766,136,Seattle Mariners,/api/v1/teams/136,,,
614874,2022-03-14,2022-03-14,2022-03-14,SC,Status Change,Seattle Mariners activated 3B Eugenio Suarez.,553993.0,Eugenio Suárez,/api/v1/people/553993,136,Seattle Mariners,/api/v1/teams/136,,,
606018,2022-03-14,2022-03-14,2022-03-14,ASG,Assigned,Seattle Mariners invited non-roster LHP Roenis Elias to spring training.,606273.0,Roenis Elías,/api/v1/people/606273,136,Seattle Mariners,/api/v1/teams/136,,,
606039,2022-03-14,2022-03-14,2022-03-14,ASG,Assigned,Seattle Mariners invited non-roster OF Jack Larsen and  to spring training.,677223.0,Jack Larsen,/api/v1/people/677223,136,Seattle Mariners,/api/v1/teams/136,,,
606042,2022-03-14,2022-03-14,2022-03-14,ASG,Assigned,Seattle Mariners invited non-roster 2B Sam Haggerty to spring training.,664059.0,Sam Haggerty,/api/v1/people/664059,136,Seattle Mariners,/api/v1/teams/136,,,
606030,2022-03-14,2022-03-14,2022-03-14,ASG,Assigned,Seattle Mariners invited non-roster RHP Asher Wojciechowski to spring training.,592879.0,Asher Wojciechowski,/api/v1/people/592879,136,Seattle Mariners,/api/v1/teams/136,,,
614872,2022-03-14,2022-03-14,2022-03-14,SC,Status Change,Seattle Mariners activated LF Jesse Winker.,608385.0,Jesse Winker,/api/v1/people/608385,136,Seattle Mariners,/api/v1/teams/136,,,
611671,2022-03-14,2022-03-14,2022-03-14,SC,Status Change,RHP Devin Sweet roster status changed by Seattle Mariners.,682967.0,Devin Sweet,/api/v1/people/682967,136,Seattle Mariners,/api/v1/teams/136,,,
611670,2022-03-14,2022-03-14,2022-03-14,SC,Status Change,2B Forrest Wall roster status changed by Seattle Mariners.,657088.0,Forrest Wall,/api/v1/people/657088,136,Seattle Mariners,/api/v1/teams/136,,,
611675,2022-03-14,2022-03-14,2022-03-14,SC,Status Change,SS Erick Mejia roster status changed by Seattle Mariners.,625510.0,Erick Mejia,/api/v1/people/625510,136,Seattle Mariners,/api/v1/teams/136,,,
611668,2022-03-14,2022-03-14,2022-03-14,SC,Status Change,RHP Patrick Weigel roster status changed by Seattle Mariners.,622256.0,Patrick Weigel,/api/v1/people/622256,136,Seattle Mariners,/api/v1/teams/136,,,
606024,2022-03-14,2022-03-14,2022-03-14,ASG,Assigned,Seattle Mariners invited non-roster RHP Levi Stoudt to spring training.,686651.0,Levi Stoudt,/api/v1/people/686651,136,Seattle Mariners,/api/v1/teams/136,,,
606019,2022-03-14,2022-03-14,2022-03-14,ASG,Assigned,Seattle Mariners invited non-roster RHP David Ellingson to spring training.,670287.0,David Ellingson,/api/v1/people/670287,136,Seattle Mariners,/api/v1/teams/136,,,
606038,2022-03-14,2022-03-14,2022-03-14,ASG,Assigned,Seattle Mariners invited non-roster OF Zach DeLoach to spring training.,676113.0,Zach DeLoach,/api/v1/people/676113,136,Seattle Mariners,/api/v1/teams/136,,,
606116,2022-03-14,2022-03-14,2022-03-14,SFA,Signed as Free Agent,Seattle Mariners signed free agent RF Steven Souza Jr. to a minor league contract and invited him to spring training.,519306.0,Steven Souza Jr.,/api/v1/people/519306,136,Seattle Mariners,/api/v1/teams/136,,,
615409,2022-03-14,2022-03-14,2022-03-14,SC,Status Change,Seattle Mariners activated LF Jesse Winker.,608385.0,Jesse Winker,/api/v1/people/608385,136,Seattle Mariners,/api/v1/teams/136,,,
606026,2022-03-14,2022-03-14,2022-03-14,SFA,Signed as Free Agent,Seattle Mariners signed free agent RHP Patrick Weigel to a minor league contract and invited him to spring training.,622256.0,Patrick Weigel,/api/v1/people/622256,136,Seattle Mariners,/api/v1/teams/136,,,
606040,2022-03-14,2022-03-14,2022-03-14,ASG,Assigned,Seattle Mariners invited non-roster CF Marcus Wilson to spring training.,657129.0,Marcus Wilson,/api/v1/people/657129,136,Seattle Mariners,/api/v1/teams/136,,,
606164,2022-03-14,,,TR,Trade,"Cincinnati Reds traded LF Jesse Winker and 3B Eugenio Suarez to Seattle Mariners for RHP Justin Dunn, CF Jake Fraley, LHP Brandon Williamson and Player To Be Named Later.",682227.0,Brandon Williamson,/api/v1/people/682227,113,Cincinnati Reds,/api/v1/teams/113,136.0,Seattle Mariners,/api/v1/teams/136
606487,2022-03-16,2022-03-16,2022-03-16,SFA,Signed as Free Agent,Seattle Mariners signed free agent 3B Zach Green to a minor league contract.,608339.0,Zach Green,/api/v1/people/608339,136,Seattle Mariners,/api/v1/teams/136,,,
611683,2022-03-16,2022-03-16,2022-03-16,SC,Status Change,1B Mike Ford roster status changed by Seattle Mariners.,645801.0,Mike Ford,/api/v1/people/645801,136,Seattle Mariners,/api/v1/teams/136,,,
606338,2022-03-16,2022-03-16,2022-03-16,SFA,Signed as Free Agent,Seattle Mariners signed free agent C Chance Sisco to a minor league contract and invited him to spring training.,642082.0,Chance Sisco,/api/v1/people/642082,136,Seattle Mariners,/api/v1/teams/136,,,
606370,2022-03-16,2022-03-16,2022-03-16,SFA,Signed as Free Agent,Seattle Mariners signed free agent 1B Mike Ford to a minor league contract and invited him to spring training.,645801.0,Mike Ford,/api/v1/people/645801,136,Seattle Mariners,/api/v1/teams/136,,,
611710,2022-03-18,2022-03-18,2022-03-18,SC,Status Change,RHP Jake Haberer roster status changed by Seattle Mariners.,683065.0,Jake Haberer,/api/v1/people/683065,136,Seattle Mariners,/api/v1/teams/136,,,
611705,2022-03-18,2022-03-18,2022-03-18,SC,Status Change,RHP Matt Koch roster status changed by Seattle Mariners.,571863.0,Matt Koch,/api/v1/people/571863,136,Seattle Mariners,/api/v1/teams/136,,,
606900,2022-03-18,2022-03-18,2022-03-18,ASG,Assigned,RHP Matt Koch assigned to Seattle Mariners.,571863.0,Matt Koch,/api/v1/people/571863,136,Seattle Mariners,/api/v1/teams/136,,,
606902,2022-03-18,2022-03-18,2022-03-18,ASG,Assigned,RHP Penn Murfee assigned to Seattle Mariners.,682171.0,Penn Murfee,/api/v1/people/682171,136,Seattle Mariners,/api/v1/teams/136,,,
606904,2022-03-18,2022-03-18,2022-03-18,ASG,Assigned,RHP Jake Haberer assigned to Seattle Mariners.,683065.0,Jake Haberer,/api/v1/people/683065,136,Seattle Mariners,/api/v1/teams/136,,,
606903,2022-03-18,2022-03-18,2022-03-18,ASG,Assigned,RHP Michael Stryffeler assigned to Seattle Mariners.,691068.0,Michael Stryffeler,/api/v1/people/691068,136,Seattle Mariners,/api/v1/teams/136,,,
606899,2022-03-18,2022-03-18,2022-03-18,ASG,Assigned,LHP Ben Onyshko assigned to Seattle Mariners.,647306.0,Ben Onyshko,/api/v1/people/647306,136,Seattle Mariners,/api/v1/teams/136,,,
611702,2022-03-18,2022-03-18,2022-03-18,SC,Status Change,LHP Ben Onyshko roster status changed by Seattle Mariners.,647306.0,Ben Onyshko,/api/v1/people/647306,136,Seattle Mariners,/api/v1/teams/136,,,
606901,2022-03-18,2022-03-18,2022-03-18,ASG,Assigned,RHP Braden Shipley and  assigned to Seattle Mariners.,,,,136,Seattle Mariners,/api/v1/teams/136,,,
611693,2022-03-18,2022-03-18,2022-03-18,SC,Status Change,RHP Michael Stryffeler roster status changed by Seattle Mariners.,691068.0,Michael Stryffeler,/api/v1/people/691068,136,Seattle Mariners,/api/v1/teams/136,,,
611703,2022-03-18,2022-03-18,2022-03-18,SC,Status Change,RHP Penn Murfee roster status changed by Seattle Mariners.,682171.0,Penn Murfee,/api/v1/people/682171,136,Seattle Mariners,/api/v1/teams/136,,,
611672,2022-03-19,2022-03-19,2022-03-19,SC,Status Change,2B Riley Unroe roster status changed by Seattle Mariners.,624523.0,Riley Unroe,/api/v1/people/624523,136,Seattle Mariners,/api/v1/teams/136,,,
611694,2022-03-19,2022-03-19,2022-03-19,SC,Status Change,3B Jake Scheiner roster status changed by Seattle Mariners.,676595.0,Jake Scheiner,/api/v1/people/676595,136,Seattle Mariners,/api/v1/teams/136,,,
607320,2022-03-19,2022-03-19,2022-03-19,ASG,Assigned,Seattle Mariners invited non-roster LHP Peyton Alford and  to spring training.,688230.0,Peyton Alford,/api/v1/people/688230,136,Seattle Mariners,/api/v1/teams/136,,,
611704,2022-03-19,2022-03-19,2022-03-19,SC,Status Change,LF Cade Marlowe roster status changed by Seattle Mariners.,687799.0,Cade Marlowe,/api/v1/people/687799,136,Seattle Mariners,/api/v1/teams/136,,,
607262,2022-03-19,2022-03-19,2022-03-19,ASG,Assigned,3B Jake Scheiner assigned to Seattle Mariners.,676595.0,Jake Scheiner,/api/v1/people/676595,136,Seattle Mariners,/api/v1/teams/136,,,
607263,2022-03-19,2022-03-19,2022-03-19,ASG,Assigned,Seattle Mariners invited non-roster 2B Riley Unroe to spring training.,624523.0,Riley Unroe,/api/v1/people/624523,136,Seattle Mariners,/api/v1/teams/136,,,
607261,2022-03-19,2022-03-19,2022-03-19,ASG,Assigned,LF Cade Marlowe assigned to Seattle Mariners.,687799.0,Cade Marlowe,/api/v1/people/687799,136,Seattle Mariners,/api/v1/teams/136,,,
607534,2022-03-20,2022-03-20,2022-03-20,ASG,Assigned,CF Victor Labrada assigned to Seattle Mariners.,700032.0,Victor Labrada,/api/v1/people/700032,136,Seattle Mariners,/api/v1/teams/136,,,
611706,2022-03-20,2022-03-20,2022-03-20,SC,Status Change,CF Victor Labrada roster status changed by Seattle Mariners.,700032.0,Victor Labrada,/api/v1/people/700032,136,Seattle Mariners,/api/v1/teams/136,,,
611717,2022-03-20,2022-03-20,2022-03-20,SC,Status Change,RHP Jarod Bayless roster status changed by Seattle Mariners.,663681.0,Jarod Bayless,/api/v1/people/663681,136,Seattle Mariners,/api/v1/teams/136,,,
607531,2022-03-20,2022-03-20,2022-03-20,ASG,Assigned,RHP Jarod Bayless assigned to Seattle Mariners.,663681.0,Jarod Bayless,/api/v1/people/663681,136,Seattle Mariners,/api/v1/teams/136,,,
607533,2022-03-20,2022-03-20,2022-03-20,ASG,Assigned,SS James Parker assigned to Seattle Mariners.,681466.0,James Parker,/api/v1/people/681466,136,Seattle Mariners,/api/v1/teams/136,,,
607527,2022-03-20,2022-03-20,2022-03-20,ASG,Assigned,RHP Kelvin Nunez and  assigned to Seattle Mariners.,,,,136,Seattle Mariners,/api/v1/teams/136,,,
611692,2022-03-20,2022-03-20,2022-03-20,SC,Status Change,RHP Fred Villarreal roster status changed by Seattle Mariners.,670381.0,Fred Villarreal,/api/v1/people/670381,136,Seattle Mariners,/api/v1/teams/136,,,
611697,2022-03-20,2022-03-20,2022-03-20,SC,Status Change,3B Joe Rizzo roster status changed by Seattle Mariners.,666143.0,Joe Rizzo,/api/v1/people/666143,136,Seattle Mariners,/api/v1/teams/136,,,
611699,2022-03-20,2022-03-20,2022-03-20,SC,Status Change,SS James Parker roster status changed by Seattle Mariners.,681466.0,James Parker,/api/v1/people/681466,136,Seattle Mariners,/api/v1/teams/136,,,
607491,2022-03-20,2022-03-20,2022-03-20,SFA,Signed as Free Agent,Seattle Mariners signed free agent LHP Ryan Buchter to a minor league contract and invited him to spring training.,488748.0,Ryan Buchter,/api/v1/people/488748,136,Seattle Mariners,/api/v1/teams/136,,,
607529,2022-03-20,2022-03-20,2022-03-20,ASG,Assigned,RHP Fred Villarreal assigned to Seattle Mariners.,670381.0,Fred Villarreal,/api/v1/people/670381,136,Seattle Mariners,/api/v1/teams/136,,,
607589,2022-03-20,2022-03-20,2022-03-20,ASG,Assigned,3B Joe Rizzo assigned to Seattle Mariners.,666143.0,Joe Rizzo,/api/v1/people/666143,136,Seattle Mariners,/api/v1/teams/136,,,
607683,2022-03-21,2022-03-21,2022-03-21,SFA,Signed as Free Agent,Seattle Mariners signed free agent CF Billy Hamilton and  to a minor league contract and invited him to spring training.,571740.0,Billy Hamilton,/api/v1/people/571740,136,Seattle Mariners,/api/v1/teams/136,,,
607736,2022-03-21,2022-03-21,2022-03-21,ASG,Assigned,OF Randy Bednar assigned to Seattle Mariners.,676419.0,Randy Bednar,/api/v1/people/676419,136,Seattle Mariners,/api/v1/teams/136,,,
611708,2022-03-21,2022-03-21,2022-03-21,SC,Status Change,SS Cesar Izturis Jr. roster status changed by Seattle Mariners.,672544.0,César Izturis Jr.,/api/v1/people/672544,136,Seattle Mariners,/api/v1/teams/136,,,
611715,2022-03-21,2022-03-21,2022-03-21,SC,Status Change,OF Randy Bednar roster status changed by Seattle Mariners.,676419.0,Randy Bednar,/api/v1/people/676419,136,Seattle Mariners,/api/v1/teams/136,,,
607735,2022-03-21,2022-03-21,2022-03-21,ASG,Assigned,SS Cesar Izturis Jr. assigned to Seattle Mariners.,672544.0,César Izturis Jr.,/api/v1/people/672544,136,Seattle Mariners,/api/v1/teams/136,,,
607737,2022-03-21,2022-03-21,2022-03-21,ASG,Assigned,C Matt Scheffler and  assigned to Seattle Mariners.,688032.0,Matt Scheffler,/api/v1/people/688032,136,Seattle Mariners,/api/v1/teams/136,,,
607874,2022-03-22,2022-03-22,2022-03-22,ASG,Assigned,OF Spencer Packard assigned to Seattle Mariners.,689070.0,Spencer Packard,/api/v1/people/689070,136,Seattle Mariners,/api/v1/teams/136,,,
607889,2022-03-22,2022-03-22,2022-03-22,SFA,Signed as Free Agent,Seattle Mariners signed free agent RHP Sal Romano and  to a minor league contract and invited him to spring training.,,,,136,Seattle Mariners,/api/v1/teams/136,,,
611701,2022-03-22,2022-03-22,2022-03-22,SC,Status Change,OF Spencer Packard roster status changed by Seattle Mariners.,689070.0,Spencer Packard,/api/v1/people/689070,136,Seattle Mariners,/api/v1/teams/136,,,
607873,2022-03-22,2022-03-22,2022-03-22,ASG,Assigned,Seattle Mariners invited non-roster SS Patrick Frick to spring training.,687518.0,Patrick Frick,/api/v1/people/687518,136,Seattle Mariners,/api/v1/teams/136,,,
611681,2022-03-22,2022-03-22,2022-03-22,SC,Status Change,SS Patrick Frick roster status changed by Seattle Mariners.,687518.0,Patrick Frick,/api/v1/people/687518,136,Seattle Mariners,/api/v1/teams/136,,,
607887,2022-03-22,2022-03-22,,OPT,Optioned,Seattle Mariners optioned RHP Juan Then and  to Arkansas Travelers.,672730.0,Juan Then,/api/v1/people/672730,574,Arkansas Travelers,/api/v1/teams/574,136.0,Seattle Mariners,/api/v1/teams/136
607886,2022-03-22,2022-03-22,,OPT,Optioned,Seattle Mariners optioned RHP Joey Gerber to Tacoma Rainiers.,680702.0,Joey Gerber,/api/v1/people/680702,529,Tacoma Rainiers,/api/v1/teams/529,136.0,Seattle Mariners,/api/v1/teams/136
608703,2022-03-24,2022-03-24,2022-03-24,SC,Status Change,Seattle Mariners activated RHP Andres Munoz.,,,,136,Seattle Mariners,/api/v1/teams/136,,,
608229,2022-03-24,2022-03-24,2022-03-24,ASG,Assigned,OF Colin Davis and  assigned to Seattle Mariners.,695342.0,Colin Davis,/api/v1/people/695342,136,Seattle Mariners,/api/v1/teams/136,,,
608206,2022-03-24,2022-03-24,2022-03-24,SFA,Signed as Free Agent,Seattle Mariners signed free agent RHP Sergio Romo.,489265.0,Sergio Romo,/api/v1/people/489265,136,Seattle Mariners,/api/v1/teams/136,,,
611716,2022-03-24,2022-03-24,2022-03-24,SC,Status Change,C Freuddy Batista roster status changed by Seattle Mariners.,673945.0,Freuddy Batista,/api/v1/people/673945,136,Seattle Mariners,/api/v1/teams/136,,,
608230,2022-03-24,2022-03-24,2022-03-24,ASG,Assigned,C Freuddy Batista assigned to Seattle Mariners.,673945.0,Freuddy Batista,/api/v1/people/673945,136,Seattle Mariners,/api/v1/teams/136,,,
611709,2022-03-24,2022-03-24,2022-03-24,SC,Status Change,SS Connor Hoover roster status changed by Seattle Mariners.,676803.0,Connor Hoover,/api/v1/people/676803,136,Seattle Mariners,/api/v1/teams/136,,,
608226,2022-03-24,2022-03-24,2022-03-24,ASG,Assigned,SS Connor Hoover assigned to Seattle Mariners.,676803.0,Connor Hoover,/api/v1/people/676803,136,Seattle Mariners,/api/v1/teams/136,,,
608504,2022-03-25,2022-03-25,2022-03-25,ASG,Assigned,C David Sheaffer assigned to Seattle Mariners.,643534.0,David Sheaffer,/api/v1/people/643534,136,Seattle Mariners,/api/v1/teams/136,,,
608505,2022-03-25,2022-03-25,2022-03-25,ASG,Assigned,2B Justin Lavey and  assigned to Seattle Mariners.,669671.0,Justin Lavey,/api/v1/people/669671,136,Seattle Mariners,/api/v1/teams/136,,,
608506,2022-03-25,2022-03-25,2022-03-25,ASG,Assigned,OF Walking Cabrera and  assigned to Seattle Mariners.,676004.0,Walking Cabrera,/api/v1/people/676004,136,Seattle Mariners,/api/v1/teams/136,,,
611695,2022-03-25,2022-03-25,2022-03-25,SC,Status Change,C David Sheaffer roster status changed by Seattle Mariners.,643534.0,David Sheaffer,/api/v1/people/643534,136,Seattle Mariners,/api/v1/teams/136,,,
608598,2022-03-26,2022-03-26,2022-03-26,ASG,Assigned,SS Ben Ramirez assigned to Seattle Mariners.,668756.0,Ben Ramirez,/api/v1/people/668756,136,Seattle Mariners,/api/v1/teams/136,,,
611698,2022-03-26,2022-03-26,2022-03-26,SC,Status Change,SS Ben Ramirez roster status changed by Seattle Mariners.,668756.0,Ben Ramirez,/api/v1/people/668756,136,Seattle Mariners,/api/v1/teams/136,,,
608599,2022-03-26,2022-03-26,2022-03-26,ASG,Assigned,3B Zach Green and  assigned to Seattle Mariners.,608339.0,Zach Green,/api/v1/people/608339,136,Seattle Mariners,/api/v1/teams/136,,,
608699,2022-03-27,2022-03-27,2022-03-27,ASG,Assigned,2B Amador Arias and  assigned to Seattle Mariners.,,,,136,Seattle Mariners,/api/v1/teams/136,,,
611691,2022-03-27,2022-03-27,2022-03-27,SC,Status Change,RHP Robert Winslow roster status changed by Seattle Mariners.,690047.0,Robert Winslow,/api/v1/people/690047,136,Seattle Mariners,/api/v1/teams/136,,,
608698,2022-03-27,2022-03-27,2022-03-27,ASG,Assigned,RHP Robert Winslow assigned to Seattle Mariners.,690047.0,Robert Winslow,/api/v1/people/690047,136,Seattle Mariners,/api/v1/teams/136,,,
608731,2022-03-27,2022-03-27,,OPT,Optioned,Seattle Mariners optioned 3B Kevin Padlo to Tacoma Rainiers.,656821.0,Kevin Padlo,/api/v1/people/656821,529,Tacoma Rainiers,/api/v1/teams/529,136.0,Seattle Mariners,/api/v1/teams/136
608732,2022-03-27,2022-03-27,,OPT,Optioned,Seattle Mariners optioned OF Alberto Rodriguez to Everett AquaSox.,679754.0,Alberto Rodriguez,/api/v1/people/679754,403,Everett AquaSox,/api/v1/teams/403,136.0,Seattle Mariners,/api/v1/teams/136
608872,2022-03-28,2022-03-28,2022-03-28,ASG,Assigned,Seattle Mariners invited non-roster C Joseph Odom and  to spring training.,641929.0,Joseph Odom,/api/v1/people/641929,136,Seattle Mariners,/api/v1/teams/136,,,
608870,2022-03-28,2022-03-28,2022-03-28,ASG,Assigned,SS Edwin Arroyo and  assigned to Seattle Mariners.,,,,136,Seattle Mariners,/api/v1/teams/136,,,
608871,2022-03-28,2022-03-28,2022-03-28,ASG,Assigned,CF Dom Thompson-Williams assigned to Seattle Mariners.,657779.0,Dom Thompson-Williams,/api/v1/people/657779,136,Seattle Mariners,/api/v1/teams/136,,,
608968,2022-03-29,2022-03-29,2022-03-29,ASG,Assigned,SS Axel Sanchez assigned to Seattle Mariners.,692046.0,Axel Sanchez,/api/v1/people/692046,136,Seattle Mariners,/api/v1/teams/136,,,
608965,2022-03-29,2022-03-29,2022-03-29,ASG,Assigned,RHP Bryan Pall and  assigned to Seattle Mariners.,,,,136,Seattle Mariners,/api/v1/teams/136,,,
608966,2022-03-29,2022-03-29,2022-03-29,ASG,Assigned,RHP Matthew Willrodt and  assigned to Seattle Mariners.,681585.0,Matt Willrodt,/api/v1/people/681585,136,Seattle Mariners,/api/v1/teams/136,,,
611713,2022-03-29,2022-03-29,2022-03-29,SC,Status Change,OF George Feliz roster status changed by Seattle Mariners.,692031.0,George Feliz,/api/v1/people/692031,136,Seattle Mariners,/api/v1/teams/136,,,
608969,2022-03-29,2022-03-29,2022-03-29,ASG,Assigned,OF George Feliz assigned to Seattle Mariners.,692031.0,George Feliz,/api/v1/people/692031,136,Seattle Mariners,/api/v1/teams/136,,,
608967,2022-03-29,2022-03-29,2022-03-29,ASG,Assigned,LF Robert Perez and  assigned to Seattle Mariners.,,,,136,Seattle Mariners,/api/v1/teams/136,,,
611696,2022-03-29,2022-03-29,2022-03-29,SC,Status Change,SS Axel Sanchez roster status changed by Seattle Mariners.,692046.0,Axel Sanchez,/api/v1/people/692046,136,Seattle Mariners,/api/v1/teams/136,,,
608983,2022-03-29,2022-03-29,,OPT,Optioned,Seattle Mariners optioned LF Taylor Trammell to Tacoma Rainiers.,666211.0,Taylor Trammell,/api/v1/people/666211,529,Tacoma Rainiers,/api/v1/teams/529,136.0,Seattle Mariners,/api/v1/teams/136
608998,2022-03-29,,,TR,Trade,Seattle Mariners traded RHP Connor Phillips to Cincinnati Reds.,683175.0,Connor Phillips,/api/v1/people/683175,113,Cincinnati Reds,/api/v1/teams/113,136.0,Seattle Mariners,/api/v1/teams/136
609094,2022-03-30,2022-03-30,2022-03-30,SC,Status Change,RHP John Creel roster status changed by Seattle Mariners.,,,,136,Seattle Mariners,/api/v1/teams/136,,,
609093,2022-03-30,2022-03-30,2022-03-30,SFA,Signed as Free Agent,Seattle Mariners signed free agent RHP John Creel to a minor league contract.,663496.0,John Creel,/api/v1/people/663496,136,Seattle Mariners,/api/v1/teams/136,,,
609067,2022-03-30,2022-03-30,2022-03-30,ASG,Assigned,OF Jonatan Clase assigned to Seattle Mariners.,682729.0,Jonatan Clase,/api/v1/people/682729,136,Seattle Mariners,/api/v1/teams/136,,,
611714,2022-03-30,2022-03-30,2022-03-30,SC,Status Change,OF Jonatan Clase roster status changed by Seattle Mariners.,682729.0,Jonatan Clase,/api/v1/people/682729,136,Seattle Mariners,/api/v1/teams/136,,,
611712,2022-03-30,2022-03-30,2022-03-30,SC,Status Change,OF Gabriel Gonzalez roster status changed by Seattle Mariners.,694224.0,Gabriel Gonzalez,/api/v1/people/694224,136,Seattle Mariners,/api/v1/teams/136,,,
609054,2022-03-30,2022-03-30,2022-03-30,ASG,Assigned,C Harry Ford and  assigned to Seattle Mariners.,,,,136,Seattle Mariners,/api/v1/teams/136,,,
609055,2022-03-30,2022-03-30,2022-03-30,ASG,Assigned,OF Gabriel Gonzalez assigned to Seattle Mariners.,694224.0,Gabriel Gonzalez,/api/v1/people/694224,136,Seattle Mariners,/api/v1/teams/136,,,
611235,2022-03-30,2022-03-30,2022-03-30,SFA,Signed as Free Agent,Seattle Mariners signed free agent C Jamie Johnson to a minor league contract.,802014.0,Jamie Johnson,/api/v1/people/802014,136,Seattle Mariners,/api/v1/teams/136,,,
611237,2022-03-30,2022-03-30,2022-03-30,SFA,Signed as Free Agent,Seattle Mariners signed free agent OF Myles Miller to a minor league contract.,647292.0,Myles Miller,/api/v1/people/647292,136,Seattle Mariners,/api/v1/teams/136,,,
609315,2022-03-31,2022-03-31,2022-03-31,ASG,Assigned,3B Milkar Perez and  assigned to Seattle Mariners.,,,,136,Seattle Mariners,/api/v1/teams/136,,,
609370,2022-03-31,2022-03-31,2022-03-31,REL,Released,Seattle Mariners released LHP Ryan Buchter.,488748.0,Ryan Buchter,/api/v1/people/488748,136,Seattle Mariners,/api/v1/teams/136,,,
609316,2022-03-31,2022-03-31,2022-03-31,ASG,Assigned,C Charlie Welch and  assigned to Seattle Mariners.,681234.0,Charlie Welch,/api/v1/people/681234,136,Seattle Mariners,/api/v1/teams/136,,,
609615,2022-04-01,2022-04-01,2022-04-01,SC,Status Change,LHP Tommy Milone roster status changed by Seattle Mariners.,543548.0,Tommy Milone,/api/v1/people/543548,136,Seattle Mariners,/api/v1/teams/136,,,
611700,2022-04-01,2022-04-01,2022-04-01,SC,Status Change,SS Miguel Perez roster status changed by Seattle Mariners.,673036.0,Miguel Perez,/api/v1/people/673036,136,Seattle Mariners,/api/v1/teams/136,,,
609573,2022-04-01,2022-04-01,2022-04-01,ASG,Assigned,RHP Kyle Hill and  assigned to Seattle Mariners.,,,,136,Seattle Mariners,/api/v1/teams/136,,,
609614,2022-04-01,2022-04-01,2022-04-01,DFA,Declared Free Agency,LHP Tommy Milone elected free agency.,543548.0,Tommy Milone,/api/v1/people/543548,136,Seattle Mariners,/api/v1/teams/136,,,
609574,2022-04-01,2022-04-01,2022-04-01,ASG,Assigned,SS Miguel Perez assigned to Seattle Mariners.,673036.0,Miguel Perez,/api/v1/people/673036,136,Seattle Mariners,/api/v1/teams/136,,,
609616,2022-04-01,2022-04-01,2022-04-01,SFA,Signed as Free Agent,Seattle Mariners signed free agent RHP Mike Mokma to a minor league contract.,680442.0,Mike Mokma,/api/v1/people/680442,136,Seattle Mariners,/api/v1/teams/136,,,
609828,2022-04-02,2022-04-02,2022-04-02,ASG,Assigned,RHP Luis Curvelo and  assigned to Seattle Mariners.,,,,136,Seattle Mariners,/api/v1/teams/136,,,
609892,2022-04-02,2022-04-02,2022-04-02,REL,Released,Seattle Mariners released C Chance Sisco.,642082.0,Chance Sisco,/api/v1/people/642082,136,Seattle Mariners,/api/v1/teams/136,,,
609829,2022-04-02,2022-04-02,2022-04-02,ASG,Assigned,RHP Tyler Driver and  assigned to Seattle Mariners.,,,,136,Seattle Mariners,/api/v1/teams/136,,,
609613,2022-04-02,2022-04-02,2022-04-02,SFA,Signed as Free Agent,Seattle Mariners signed free agent RHP Connor Jones to a minor league contract.,640453.0,Connor Jones,/api/v1/people/640453,136,Seattle Mariners,/api/v1/teams/136,,,
609933,2022-04-03,2022-04-03,2022-04-03,ASG,Assigned,SS Juan Querecuto and  assigned to Seattle Mariners.,677603.0,Juan Querecuto,/api/v1/people/677603,136,Seattle Mariners,/api/v1/teams/136,,,
609936,2022-04-03,2022-04-03,2022-04-03,ASG,Assigned,C Junior Gonzalez and  assigned to Seattle Mariners.,680854.0,Junior Gonzalez,/api/v1/people/680854,136,Seattle Mariners,/api/v1/teams/136,,,
611711,2022-04-03,2022-04-03,2022-04-03,SC,Status Change,CF Arturo Guerrero roster status changed by Seattle Mariners.,679552.0,Arturo Guerrero,/api/v1/people/679552,136,Seattle Mariners,/api/v1/teams/136,,,
609928,2022-04-03,2022-04-03,2022-04-03,ASG,Assigned,LHP Danny Chang and  assigned to Seattle Mariners.,682528.0,Danny Chang,/api/v1/people/682528,136,Seattle Mariners,/api/v1/teams/136,,,
609932,2022-04-03,2022-04-03,2022-04-03,ASG,Assigned,SS Edryn Rodriguez and  assigned to Seattle Mariners.,692043.0,Edryn Rodriguez,/api/v1/people/692043,136,Seattle Mariners,/api/v1/teams/136,,,
609927,2022-04-03,2022-04-03,2022-04-03,ASG,Assigned,RHP Dutch Landis and  assigned to Seattle Mariners.,687945.0,Dutch Landis,/api/v1/people/687945,136,Seattle Mariners,/api/v1/teams/136,,,
609943,2022-04-03,2022-04-03,2022-04-03,ASG,Assigned,RHP David Morillo and  assigned to Seattle Mariners.,683565.0,David Morillo,/api/v1/people/683565,136,Seattle Mariners,/api/v1/teams/136,,,
609935,2022-04-03,2022-04-03,2022-04-03,ASG,Assigned,C Ty Duvall and  assigned to Seattle Mariners.,669649.0,Ty Duvall,/api/v1/people/669649,136,Seattle Mariners,/api/v1/teams/136,,,
609930,2022-04-03,2022-04-03,2022-04-03,ASG,Assigned,LHP Blake Townsend and  assigned to Seattle Mariners.,678620.0,Blake Townsend,/api/v1/people/678620,136,Seattle Mariners,/api/v1/teams/136,,,
609934,2022-04-03,2022-04-03,2022-04-03,ASG,Assigned,CF Arturo Guerrero assigned to Seattle Mariners.,679552.0,Arturo Guerrero,/api/v1/people/679552,136,Seattle Mariners,/api/v1/teams/136,,,
609929,2022-04-03,2022-04-03,2022-04-03,ASG,Assigned,RHP Chris Jefferson and  assigned to Seattle Mariners.,690103.0,Chris Jefferson,/api/v1/people/690103,136,Seattle Mariners,/api/v1/teams/136,,,
609931,2022-04-03,2022-04-03,2022-04-03,ASG,Assigned,SS Carlos Fernandez and  assigned to Seattle Mariners.,,,,136,Seattle Mariners,/api/v1/teams/136,,,
609904,2022-04-03,2022-04-03,,OPT,Optioned,Seattle Mariners optioned LHP Nick Margevicius to Tacoma Rainiers.,676606.0,Nick Margevicius,/api/v1/people/676606,529,Tacoma Rainiers,/api/v1/teams/529,136.0,Seattle Mariners,/api/v1/teams/136
610276,2022-04-04,2022-04-04,2022-04-04,ASG,Assigned,LHP Jose Aquino and  assigned to Seattle Mariners.,682726.0,Jose Aquino,/api/v1/people/682726,136,Seattle Mariners,/api/v1/teams/136,,,
610439,2022-04-04,2022-04-04,2022-04-04,SFA,Signed as Free Agent,Seattle Mariners signed free agent LHP Austin Warner to a minor league contract.,677369.0,Austin Warner,/api/v1/people/677369,136,Seattle Mariners,/api/v1/teams/136,,,
610422,2022-04-04,2022-04-04,,OPT,Optioned,Seattle Mariners optioned 2B Donovan Walton to Tacoma Rainiers.,622268.0,Donovan Walton,/api/v1/people/622268,529,Tacoma Rainiers,/api/v1/teams/529,136.0,Seattle Mariners,/api/v1/teams/136
610767,2022-04-05,2022-04-05,2022-04-05,ASG,Assigned,RHP Abdiel Medina and  assigned to Seattle Mariners.,682731.0,Abdiel Medina,/api/v1/people/682731,136,Seattle Mariners,/api/v1/teams/136,,,
610732,2022-04-05,2022-04-05,,OPT,Optioned,Seattle Mariners optioned RHP Wyatt Mills to Tacoma Rainiers.,670090.0,Wyatt Mills,/api/v1/people/670090,529,Tacoma Rainiers,/api/v1/teams/529,136.0,Seattle Mariners,/api/v1/teams/136
611391,2022-04-06,2022-04-06,2022-04-06,SFA,Signed as Free Agent,Seattle Mariners signed free agent LHP Rob Kaminsky.,641739.0,Rob Kaminsky,/api/v1/people/641739,136,Seattle Mariners,/api/v1/teams/136,,,
611398,2022-04-06,2022-04-06,2022-04-06,SFA,Signed as Free Agent,Seattle Mariners signed free agent 3B Taylor Featherston to a minor league contract.,605227.0,Taylor Featherston,/api/v1/people/605227,136,Seattle Mariners,/api/v1/teams/136,,,
613021,2022-04-07,2022-04-07,2022-04-07,SC,Status Change,Seattle Mariners placed 1B Evan White on the 10-day injured list. Sports hernia.,657108.0,Evan White,/api/v1/people/657108,136,Seattle Mariners,/api/v1/teams/136,,,
613018,2022-04-07,2022-04-07,2022-04-07,SE,Selected,"Seattle Mariners selected the contract of RHP Matthew Festa,  and  from Tacoma Rainiers.",,,,136,Seattle Mariners,/api/v1/teams/136,,,
613020,2022-04-07,2022-04-07,2022-04-07,SC,Status Change,Seattle Mariners placed RHP Casey Sadler on the 10-day injured list. Right shoulder labrum.,594987.0,Casey Sadler,/api/v1/people/594987,136,Seattle Mariners,/api/v1/teams/136,,,
613023,2022-04-07,2022-04-07,2022-04-07,SC,Status Change,Seattle Mariners placed CF Kyle Lewis on the 10-day injured list. right meniscus tear.,641786.0,Kyle Lewis,/api/v1/people/641786,136,Seattle Mariners,/api/v1/teams/136,,,
613019,2022-04-07,2022-04-07,2022-04-07,SC,Status Change,Seattle Mariners placed RHP Ken Giles on the 10-day injured list. Right middle finger sprain.,571704.0,Ken Giles,/api/v1/people/571704,136,Seattle Mariners,/api/v1/teams/136,,,
626608,2022-04-07,2022-04-07,2022-04-07,SFA,Signed as Free Agent,Seattle Mariners signed free agent C Adrian Garcia to a minor league contract.,805051.0,Adrian Garcia,/api/v1/people/805051,136,Seattle Mariners,/api/v1/teams/136,,,
613970,2022-04-07,,,TR,Trade,Baltimore Orioles traded SS Mason McCoy to Seattle Mariners.,669200.0,Mason McCoy,/api/v1/people/669200,136,Seattle Mariners,/api/v1/teams/136,110.0,Baltimore Orioles,/api/v1/teams/110
614177,2022-04-09,2022-04-09,2022-04-09,ASG,Assigned,RHP Daniel Ponce de Leon assigned to Seattle Mariners.,594965.0,Daniel Ponce de Leon,/api/v1/people/594965,136,Seattle Mariners,/api/v1/teams/136,,,
614180,2022-04-09,2022-04-09,2022-04-09,SFA,Signed as Free Agent,Seattle Mariners signed free agent LHP Nick Ramirez to a minor league contract.,598286.0,Nick Ramirez,/api/v1/people/598286,136,Seattle Mariners,/api/v1/teams/136,,,
614735,2022-04-13,2022-04-12,2022-04-12,SC,Status Change,"Seattle Mariners placed RHP Sergio Romo on the 10-day injured list retroactive to April 12, 2022. Right shoulder inflammation.",489265.0,Sergio Romo,/api/v1/people/489265,136,Seattle Mariners,/api/v1/teams/136,,,
614734,2022-04-13,2022-04-13,2022-04-13,SE,Selected,"Seattle Mariners selected the contract of RHP Matt Koch,  and  from Tacoma Rainiers.",,,,136,Seattle Mariners,/api/v1/teams/136,,,
614736,2022-04-13,2022-04-13,2022-04-13,SC,Status Change,Seattle Mariners transferred RHP Casey Sadler from the 10-day injured list to the 60-day injured list.,594987.0,Casey Sadler,/api/v1/people/594987,136,Seattle Mariners,/api/v1/teams/136,,,
615664,2022-04-16,2022-04-16,2022-04-16,SC,Status Change,Seattle Mariners placed RF Mitch Haniger on the 10-day injured list.,571745.0,Mitch Haniger,/api/v1/people/571745,136,Seattle Mariners,/api/v1/teams/136,,,
615663,2022-04-16,,,CU,Recalled,Seattle Mariners recalled 2B Donovan Walton from Tacoma Rainiers.,622268.0,Donovan Walton,/api/v1/people/622268,136,Seattle Mariners,/api/v1/teams/136,529.0,Tacoma Rainiers,/api/v1/teams/529
616017,2022-04-17,2022-04-17,,OPT,Optioned,Seattle Mariners optioned RHP Riley O'Brien to Tacoma Rainiers.,676617.0,Riley O'Brien,/api/v1/people/676617,529,Tacoma Rainiers,/api/v1/teams/529,136.0,Seattle Mariners,/api/v1/teams/136
616040,2022-04-19,2022-04-19,2022-04-19,SC,Status Change,Seattle Mariners placed C Luis Torrens on the 10-day injured list.,620443.0,Luis Torrens,/api/v1/people/620443,136,Seattle Mariners,/api/v1/teams/136,,,
616041,2022-04-19,,,SE,Selected,Seattle Mariners selected the contract of 1B Mike Ford from Tacoma Rainiers.,645801.0,Mike Ford,/api/v1/people/645801,136,Seattle Mariners,/api/v1/teams/136,529.0,Tacoma Rainiers,/api/v1/teams/529
616267,2022-04-20,2022-04-20,2022-04-20,SC,Status Change,Seattle Mariners placed RHP Paul Sewald on the 10-day injured list.,623149.0,Paul Sewald,/api/v1/people/623149,136,Seattle Mariners,/api/v1/teams/136,,,
616266,2022-04-20,,,SE,Selected,Seattle Mariners selected the contract of RHP Penn Murfee from Tacoma Rainiers.,682171.0,Penn Murfee,/api/v1/people/682171,136,Seattle Mariners,/api/v1/teams/136,529.0,Tacoma Rainiers,/api/v1/teams/529
616783,2022-04-22,2022-04-22,2022-04-22,SFA,Signed as Free Agent,Seattle Mariners signed free agent RHP Jackson Sigman to a minor league contract.,675636.0,Jackson Sigman,/api/v1/people/675636,136,Seattle Mariners,/api/v1/teams/136,,,
616932,2022-04-23,2022-04-23,2022-04-23,DES,Designated for Assignment,Seattle Mariners designated 3B Kevin Padlo for assignment.,656821.0,Kevin Padlo,/api/v1/people/656821,136,Seattle Mariners,/api/v1/teams/136,,,
616931,2022-04-23,,,TR,Trade,Arizona Diamondbacks traded OF Stuart Fairchild to Seattle Mariners for cash.,656413.0,Stuart Fairchild,/api/v1/people/656413,136,Seattle Mariners,/api/v1/teams/136,109.0,Arizona Diamondbacks,/api/v1/teams/109
633536,2022-04-25,2022-06-27,2022-06-27,SC,Status Change,Seattle Mariners placed C Luis Torrens on the 10-day injured list. Left shoulder inflammation.,620443.0,Luis Torrens,/api/v1/people/620443,136,Seattle Mariners,/api/v1/teams/136,,,
617138,2022-04-25,2022-04-25,2022-04-25,DES,Designated for Assignment,Seattle Mariners designated 1B Mike Ford for assignment.,645801.0,Mike Ford,/api/v1/people/645801,136,Seattle Mariners,/api/v1/teams/136,,,
617136,2022-04-25,2022-04-25,2022-04-25,SC,Status Change,Seattle Mariners activated C Luis Torrens from the 10-day injured list.,620443.0,Luis Torrens,/api/v1/people/620443,136,Seattle Mariners,/api/v1/teams/136,,,
617137,2022-04-25,2022-04-25,,OPT,Optioned,Seattle Mariners optioned 1B Mike Ford to Tacoma Rainiers.,645801.0,Mike Ford,/api/v1/people/645801,529,Tacoma Rainiers,/api/v1/teams/529,136.0,Seattle Mariners,/api/v1/teams/136
617443,2022-04-26,,,TR,Trade,Seattle Mariners traded 3B Kevin Padlo to San Francisco Giants for cash.,656821.0,Kevin Padlo,/api/v1/people/656821,137,San Francisco Giants,/api/v1/teams/137,136.0,Seattle Mariners,/api/v1/teams/136
617622,2022-04-27,2022-04-27,2022-04-27,SC,Status Change,Seattle Mariners activated RHP Paul Sewald from the 10-day injured list.,623149.0,Paul Sewald,/api/v1/people/623149,136,Seattle Mariners,/api/v1/teams/136,,,
617623,2022-04-27,,,RTN,Returned,RHP Penn Murfee returned to Tacoma Rainiers from Seattle Mariners.,682171.0,Penn Murfee,/api/v1/people/682171,529,Tacoma Rainiers,/api/v1/teams/529,136.0,Seattle Mariners,/api/v1/teams/136
684959,2022-04-28,2022-04-28,2022-04-28,SC,Status Change,Seattle Mariners activated RHP Penn Murfee.,682171.0,Penn Murfee,/api/v1/people/682171,136,Seattle Mariners,/api/v1/teams/136,,,
684684,2022-04-28,2022-04-28,2022-04-28,SC,Status Change,Seattle Mariners activated RHP Penn Murfee.,682171.0,Penn Murfee,/api/v1/people/682171,136,Seattle Mariners,/api/v1/teams/136,,,
617783,2022-04-28,2022-04-28,2022-04-28,SC,Status Change,Seattle Mariners transferred 1B Evan White from the 10-day injured list to the 60-day injured list. Sports hernia.,657108.0,Evan White,/api/v1/people/657108,136,Seattle Mariners,/api/v1/teams/136,,,
617781,2022-04-28,2022-04-28,,OPT,Optioned,Seattle Mariners optioned RHP Yohan Ramirez to Tacoma Rainiers.,670990.0,Yohan Ramírez,/api/v1/people/670990,529,Tacoma Rainiers,/api/v1/teams/529,136.0,Seattle Mariners,/api/v1/teams/136
617782,2022-04-28,2022-04-28,,OPT,Optioned,Seattle Mariners optioned C Cal Raleigh to Tacoma Rainiers.,663728.0,Cal Raleigh,/api/v1/people/663728,529,Tacoma Rainiers,/api/v1/teams/529,136.0,Seattle Mariners,/api/v1/teams/136
617780,2022-04-28,,,CU,Recalled,Seattle Mariners recalled RHP Wyatt Mills from Tacoma Rainiers.,670090.0,Wyatt Mills,/api/v1/people/670090,136,Seattle Mariners,/api/v1/teams/136,529.0,Tacoma Rainiers,/api/v1/teams/529
617779,2022-04-28,,,SE,Selected,Seattle Mariners selected the contract of RHP Penn Murfee from Tacoma Rainiers.,682171.0,Penn Murfee,/api/v1/people/682171,136,Seattle Mariners,/api/v1/teams/136,529.0,Tacoma Rainiers,/api/v1/teams/529
618205,2022-04-29,2022-04-29,2022-04-29,DES,Designated for Assignment,Seattle Mariners designated RHP Matt Koch for assignment.,571863.0,Matt Koch,/api/v1/people/571863,136,Seattle Mariners,/api/v1/teams/136,,,
618203,2022-04-29,2022-04-29,2022-04-29,SC,Status Change,Seattle Mariners activated RF Mitch Haniger from the 10-day injured list.,571745.0,Mitch Haniger,/api/v1/people/571745,136,Seattle Mariners,/api/v1/teams/136,,,
618591,2022-04-30,2022-04-30,2022-04-30,SC,Status Change,Seattle Mariners placed RF Mitch Haniger on the 10-day injured list. Right high ankle sprain.,571745.0,Mitch Haniger,/api/v1/people/571745,136,Seattle Mariners,/api/v1/teams/136,,,
618627,2022-04-30,2022-04-30,2022-04-30,SFA,Signed as Free Agent,Seattle Mariners signed free agent RHP Konner Wade to a minor league contract.,592831.0,Konner Wade,/api/v1/people/592831,136,Seattle Mariners,/api/v1/teams/136,,,
618592,2022-04-30,,,CU,Recalled,Seattle Mariners recalled OF Stuart Fairchild from Tacoma Rainiers.,656413.0,Stuart Fairchild,/api/v1/people/656413,136,Seattle Mariners,/api/v1/teams/136,529.0,Tacoma Rainiers,/api/v1/teams/529
618871,2022-05-02,2022-05-02,,OPT,Optioned,Seattle Mariners optioned 2B Donovan Walton to Tacoma Rainiers.,622268.0,Donovan Walton,/api/v1/people/622268,529,Tacoma Rainiers,/api/v1/teams/529,136.0,Seattle Mariners,/api/v1/teams/136
618870,2022-05-02,2022-05-02,,OPT,Optioned,Seattle Mariners optioned LHP Justus Sheffield to Tacoma Rainiers.,656954.0,Justus Sheffield,/api/v1/people/656954,529,Tacoma Rainiers,/api/v1/teams/529,136.0,Seattle Mariners,/api/v1/teams/136
619420,2022-05-03,2022-05-03,2022-05-03,SFA,Signed as Free Agent,Seattle Mariners signed free agent LHP Fernando Abad to a minor league contract.,472551.0,Fernando Abad,/api/v1/people/472551,136,Seattle Mariners,/api/v1/teams/136,,,
619148,2022-05-03,2022-05-03,2022-05-03,ASG,Assigned,Seattle Mariners sent CF Kyle Lewis on a rehab assignment to Tacoma Rainiers.,641786.0,Kyle Lewis,/api/v1/people/641786,529,Tacoma Rainiers,/api/v1/teams/529,136.0,Seattle Mariners,/api/v1/teams/136
619563,2022-05-05,2022-05-04,2022-05-04,SC,Status Change,"Seattle Mariners placed RHP Matthew Festa on the 15-day injured list retroactive to May 4, 2022. Right elbow tendinitis.",670036.0,Matt Festa,/api/v1/people/670036,136,Seattle Mariners,/api/v1/teams/136,,,
619564,2022-05-05,2022-05-05,2022-05-05,DES,Designated for Assignment,Seattle Mariners designated LHP Nick Margevicius for assignment.,676606.0,Nick Margevicius,/api/v1/people/676606,136,Seattle Mariners,/api/v1/teams/136,,,
619560,2022-05-05,,,CU,Recalled,Seattle Mariners recalled RHP Riley O'Brien from Tacoma Rainiers.,676617.0,Riley O'Brien,/api/v1/people/676617,136,Seattle Mariners,/api/v1/teams/136,529.0,Tacoma Rainiers,/api/v1/teams/529
619565,2022-05-05,,,OUT,Outrighted,Seattle Mariners sent RHP Matt Koch outright to Tacoma Rainiers.,571863.0,Matt Koch,/api/v1/people/571863,529,Tacoma Rainiers,/api/v1/teams/529,136.0,Seattle Mariners,/api/v1/teams/136
619562,2022-05-05,2022-05-05,,OPT,Optioned,Seattle Mariners optioned RHP Matt Brash to Tacoma Rainiers.,666374.0,Matt Brash,/api/v1/people/666374,529,Tacoma Rainiers,/api/v1/teams/529,136.0,Seattle Mariners,/api/v1/teams/136
619561,2022-05-05,,,SE,Selected,Seattle Mariners selected the contract of LHP Danny Young from Tacoma Rainiers.,664849.0,Danny Young,/api/v1/people/664849,136,Seattle Mariners,/api/v1/teams/136,529.0,Tacoma Rainiers,/api/v1/teams/529
619807,2022-05-07,2022-05-07,2022-05-07,SC,Status Change,Seattle Mariners placed C Tom Murphy on the 10-day injured list. Dislocated left shoulder.,608596.0,Tom Murphy,/api/v1/people/608596,136,Seattle Mariners,/api/v1/teams/136,,,
619808,2022-05-07,2022-05-07,2022-05-07,CU,Recalled,"Seattle Mariners recalled C Cal Raleigh,  and  from Tacoma Rainiers.",,,,136,Seattle Mariners,/api/v1/teams/136,,,
620021,2022-05-08,2022-05-08,2022-05-08,SC,Status Change,Seattle Mariners transferred RHP Ken Giles from the 10-day injured list to the 60-day injured list. Right middle finger sprain.,571704.0,Ken Giles,/api/v1/people/571704,136,Seattle Mariners,/api/v1/teams/136,,,
620019,2022-05-08,,,SE,Selected,Seattle Mariners selected the contract of RHP George Kirby from Arkansas Travelers.,669923.0,George Kirby,/api/v1/people/669923,136,Seattle Mariners,/api/v1/teams/136,574.0,Arkansas Travelers,/api/v1/teams/574
620020,2022-05-08,2022-05-08,,OPT,Optioned,Seattle Mariners optioned RHP Riley O'Brien to Tacoma Rainiers.,676617.0,Riley O'Brien,/api/v1/people/676617,529,Tacoma Rainiers,/api/v1/teams/529,136.0,Seattle Mariners,/api/v1/teams/136
620266,2022-05-09,,,OUT,Outrighted,Seattle Mariners sent LHP Nick Margevicius outright to Tacoma Rainiers.,676606.0,Nick Margevicius,/api/v1/people/676606,529,Tacoma Rainiers,/api/v1/teams/529,136.0,Seattle Mariners,/api/v1/teams/136
620452,2022-05-10,2022-05-10,2022-05-10,ASG,Assigned,Seattle Mariners sent RHP Sergio Romo on a rehab assignment to Tacoma Rainiers.,489265.0,Sergio Romo,/api/v1/people/489265,529,Tacoma Rainiers,/api/v1/teams/529,136.0,Seattle Mariners,/api/v1/teams/136
620847,2022-05-11,2022-05-11,2022-05-11,SFA,Signed as Free Agent,Seattle Mariners signed free agent LHP Bryan Warzek to a minor league contract.,679338.0,Bryan Warzek,/api/v1/people/679338,136,Seattle Mariners,/api/v1/teams/136,,,
620845,2022-05-11,2022-05-11,2022-05-11,SFA,Signed as Free Agent,Seattle Mariners signed free agent RHP Matt Mogollon to a minor league contract.,688797.0,Matt Mogollon,/api/v1/people/688797,136,Seattle Mariners,/api/v1/teams/136,,,
620734,2022-05-11,,,TR,Trade,San Francisco Giants traded RHP Prelander Berroa to Seattle Mariners for 2B Donovan Walton.,672860.0,Prelander Berroa,/api/v1/people/672860,136,Seattle Mariners,/api/v1/teams/136,137.0,San Francisco Giants,/api/v1/teams/137
620873,2022-05-12,,,TR,Trade,San Francisco Giants traded 1B Mike Ford to Seattle Mariners for cash.,,,,137,San Francisco Giants,/api/v1/teams/137,136.0,Seattle Mariners,/api/v1/teams/136
621019,2022-05-13,2022-05-13,2022-05-13,SC,Status Change,Seattle Mariners activated RHP Sergio Romo.,489265.0,Sergio Romo,/api/v1/people/489265,136,Seattle Mariners,/api/v1/teams/136,,,
621119,2022-05-13,2022-05-13,2022-05-13,SFA,Signed as Free Agent,Seattle Mariners signed free agent C Luke Roskam to a minor league contract.,687763.0,Luke Roskam,/api/v1/people/687763,136,Seattle Mariners,/api/v1/teams/136,,,
621021,2022-05-13,2022-05-13,2022-05-13,SC,Status Change,Seattle Mariners activated 1B Mike Ford.,645801.0,Mike Ford,/api/v1/people/645801,136,Seattle Mariners,/api/v1/teams/136,,,
621026,2022-05-13,2022-05-13,2022-05-13,DES,Designated for Assignment,Seattle Mariners designated OF Stuart Fairchild for assignment.,656413.0,Stuart Fairchild,/api/v1/people/656413,136,Seattle Mariners,/api/v1/teams/136,,,
505089,2022-05-13,2022-05-13,2022-05-13,CU,Recalled,"Seattle Mariners recalled OF Jarred Kelenic, ,  and  from Tacoma Rainiers.",,,,136,Seattle Mariners,/api/v1/teams/136,,,
621117,2022-05-13,2022-05-13,2022-05-13,SFA,Signed as Free Agent,Seattle Mariners signed free agent C Andrew Miller to a minor league contract.,685460.0,Andrew Miller,/api/v1/people/685460,136,Seattle Mariners,/api/v1/teams/136,,,
621028,2022-05-13,2022-05-13,2022-05-13,DES,Designated for Assignment,Seattle Mariners designated RHP Yohan Ramirez for assignment.,670990.0,Yohan Ramírez,/api/v1/people/670990,136,Seattle Mariners,/api/v1/teams/136,,,
621080,2022-05-13,2022-05-13,,OPT,Optioned,Seattle Mariners optioned RHP Adrian Sampson to Tacoma Rainiers.,592716.0,Adrian Sampson,/api/v1/people/592716,529,Tacoma Rainiers,/api/v1/teams/529,136.0,Seattle Mariners,/api/v1/teams/136
621023,2022-05-13,2022-05-13,,OPT,Optioned,Seattle Mariners optioned OF Jarred Kelenic to Tacoma Rainiers.,672284.0,Jarred Kelenic,/api/v1/people/672284,529,Tacoma Rainiers,/api/v1/teams/529,136.0,Seattle Mariners,/api/v1/teams/136
621022,2022-05-13,,,CLW,Claimed Off Waivers,Seattle Mariners claimed RHP Adrian Sampson off waivers from Chicago Cubs.,592716.0,Adrian Sampson,/api/v1/people/592716,136,Seattle Mariners,/api/v1/teams/136,112.0,Chicago Cubs,/api/v1/teams/112
621020,2022-05-13,,,SE,Selected,Seattle Mariners selected the contract of RF Steven Souza Jr. from Tacoma Rainiers.,519306.0,Steven Souza Jr.,/api/v1/people/519306,136,Seattle Mariners,/api/v1/teams/136,529.0,Tacoma Rainiers,/api/v1/teams/529
621025,2022-05-13,2022-05-13,,OPT,Optioned,Seattle Mariners optioned OF Stuart Fairchild to Tacoma Rainiers.,656413.0,Stuart Fairchild,/api/v1/people/656413,529,Tacoma Rainiers,/api/v1/teams/529,136.0,Seattle Mariners,/api/v1/teams/136
621024,2022-05-13,2022-05-13,,OPT,Optioned,Seattle Mariners optioned LHP Danny Young to Tacoma Rainiers.,664849.0,Danny Young,/api/v1/people/664849,529,Tacoma Rainiers,/api/v1/teams/529,136.0,Seattle Mariners,/api/v1/teams/136
621175,2022-05-14,2022-05-14,2022-05-14,SC,Status Change,Seattle Mariners placed RHP Erik Swanson on the 15-day injured list. Right elbow inflammation.,657024.0,Erik Swanson,/api/v1/people/657024,136,Seattle Mariners,/api/v1/teams/136,,,
621211,2022-05-14,,,TR,Trade,Seattle Mariners traded OF Stuart Fairchild to San Francisco Giants for 2B Alex Blandino and cash.,607468.0,Alex Blandino,/api/v1/people/607468,136,Seattle Mariners,/api/v1/teams/136,137.0,San Francisco Giants,/api/v1/teams/137
621174,2022-05-14,,,CU,Recalled,Seattle Mariners recalled LHP Danny Young from Tacoma Rainiers.,664849.0,Danny Young,/api/v1/people/664849,136,Seattle Mariners,/api/v1/teams/136,529.0,Tacoma Rainiers,/api/v1/teams/529
621387,2022-05-16,2022-05-16,2022-05-16,SC,Status Change,Seattle Mariners placed RHP Drew Steckenrider on the restricted list.,608716.0,Drew Steckenrider,/api/v1/people/608716,136,Seattle Mariners,/api/v1/teams/136,136.0,Seattle Mariners,/api/v1/teams/136
644030,2022-05-16,2022-05-16,2022-05-16,SC,Status Change,Seattle Mariners placed RF Mitch Haniger on the 60-day injured list.,571745.0,Mitch Haniger,/api/v1/people/571745,136,Seattle Mariners,/api/v1/teams/136,,,
621449,2022-05-16,,,TR,Trade,Seattle Mariners traded RHP Yohan Ramirez to Cleveland Guardians.,670990.0,Yohan Ramírez,/api/v1/people/670990,114,Cleveland Guardians,/api/v1/teams/114,136.0,Seattle Mariners,/api/v1/teams/136
621386,2022-05-16,,,SE,Selected,Seattle Mariners selected the contract of LHP Roenis Elias from Tacoma Rainiers.,606273.0,Roenis Elías,/api/v1/people/606273,136,Seattle Mariners,/api/v1/teams/136,529.0,Tacoma Rainiers,/api/v1/teams/529
622064,2022-05-18,2022-05-18,2022-05-18,ASG,Assigned,Seattle Mariners sent 1B Evan White on a rehab assignment to Tacoma Rainiers.,657108.0,Evan White,/api/v1/people/657108,529,Tacoma Rainiers,/api/v1/teams/529,136.0,Seattle Mariners,/api/v1/teams/136
622539,2022-05-19,2022-05-19,2022-05-19,SC,Status Change,Seattle Mariners activated RHP Drew Steckenrider from the restricted list.,608716.0,Drew Steckenrider,/api/v1/people/608716,136,Seattle Mariners,/api/v1/teams/136,,,
622540,2022-05-19,,,RTN,Returned,LHP Roenis Elias returned to Tacoma Rainiers from Seattle Mariners.,606273.0,Roenis Elías,/api/v1/people/606273,529,Tacoma Rainiers,/api/v1/teams/529,136.0,Seattle Mariners,/api/v1/teams/136
622926,2022-05-20,2022-05-20,2022-05-20,SC,Status Change,Seattle Mariners activated RHP Matthew Festa from the 15-day injured list.,670036.0,Matt Festa,/api/v1/people/670036,136,Seattle Mariners,/api/v1/teams/136,,,
622925,2022-05-20,2022-05-20,,OPT,Optioned,Seattle Mariners optioned RHP Wyatt Mills to Tacoma Rainiers.,670090.0,Wyatt Mills,/api/v1/people/670090,529,Tacoma Rainiers,/api/v1/teams/529,136.0,Seattle Mariners,/api/v1/teams/136
623377,2022-05-21,2022-05-21,2022-05-21,DES,Designated for Assignment,Seattle Mariners designated RHP Adrian Sampson for assignment.,592716.0,Adrian Sampson,/api/v1/people/592716,136,Seattle Mariners,/api/v1/teams/136,,,
623386,2022-05-21,2022-05-21,2022-05-21,SFA,Signed as Free Agent,Seattle Mariners signed free agent C Andrew Knapp to a minor league contract.,595284.0,Andrew Knapp,/api/v1/people/595284,136,Seattle Mariners,/api/v1/teams/136,,,
623375,2022-05-21,2022-05-21,2022-05-21,SFA,Signed as Free Agent,Seattle Mariners signed free agent LF Justin Upton.,457708.0,Justin Upton,/api/v1/people/457708,136,Seattle Mariners,/api/v1/teams/136,,,
623585,2022-05-22,2022-05-22,2022-05-22,DES,Designated for Assignment,Seattle Mariners designated RF Steven Souza Jr. for assignment.,519306.0,Steven Souza Jr.,/api/v1/people/519306,136,Seattle Mariners,/api/v1/teams/136,,,
623582,2022-05-22,2022-05-22,2022-05-22,CU,Recalled,Seattle Mariners recalled LF Taylor Trammell and  from Tacoma Rainiers.,,,,136,Seattle Mariners,/api/v1/teams/136,,,
625494,2022-05-22,2022-05-22,,SC,Status Change,3B Abraham Toro assigned to Seattle Mariners.,647351.0,Abraham Toro,/api/v1/people/647351,136,Seattle Mariners,/api/v1/teams/136,,,
624771,2022-05-22,2022-05-22,2022-05-22,SC,Status Change,Seattle Mariners placed 3B Abraham Toro on the 10-day injured list. Left shoulder sprain.,647351.0,Abraham Toro,/api/v1/people/647351,136,Seattle Mariners,/api/v1/teams/136,,,
624773,2022-05-22,2022-05-22,2022-05-22,SC,Status Change,Seattle Mariners placed 3B Abraham Toro on the 10-day injured list. Left shoulder sprain.,647351.0,Abraham Toro,/api/v1/people/647351,136,Seattle Mariners,/api/v1/teams/136,,,
623378,2022-05-22,2022-05-22,,OPT,Optioned,Seattle Mariners optioned LF Justin Upton to Tacoma Rainiers.,457708.0,Justin Upton,/api/v1/people/457708,529,Tacoma Rainiers,/api/v1/teams/529,136.0,Seattle Mariners,/api/v1/teams/136
623583,2022-05-22,,,SE,Selected,Seattle Mariners selected the contract of 2B Sam Haggerty from Tacoma Rainiers.,664059.0,Sam Haggerty,/api/v1/people/664059,136,Seattle Mariners,/api/v1/teams/136,529.0,Tacoma Rainiers,/api/v1/teams/529
623931,2022-05-23,2022-05-23,2022-05-23,REL,Released,Seattle Mariners released RF Steven Souza Jr..,519306.0,Steven Souza Jr.,/api/v1/people/519306,136,Seattle Mariners,/api/v1/teams/136,,,
624362,2022-05-24,2022-05-24,2022-05-24,SC,Status Change,Seattle Mariners activated CF Kyle Lewis.,641786.0,Kyle Lewis,/api/v1/people/641786,136,Seattle Mariners,/api/v1/teams/136,,,
624390,2022-05-24,2022-05-24,2022-05-24,SFA,Signed as Free Agent,Seattle Mariners signed free agent RHP Michael Flynn to a minor league contract.,663901.0,Michael Flynn,/api/v1/people/663901,136,Seattle Mariners,/api/v1/teams/136,,,
624363,2022-05-24,2022-05-24,,OPT,Optioned,Seattle Mariners optioned LHP Danny Young to Tacoma Rainiers.,664849.0,Danny Young,/api/v1/people/664849,529,Tacoma Rainiers,/api/v1/teams/529,136.0,Seattle Mariners,/api/v1/teams/136
624275,2022-05-24,,,OUT,Outrighted,Seattle Mariners sent RHP Adrian Sampson outright to Tacoma Rainiers.,592716.0,Adrian Sampson,/api/v1/people/592716,529,Tacoma Rainiers,/api/v1/teams/529,136.0,Seattle Mariners,/api/v1/teams/136
624703,2022-05-26,2022-05-26,,OPT,Optioned,Seattle Mariners optioned RHP Drew Steckenrider to Tacoma Rainiers.,608716.0,Drew Steckenrider,/api/v1/people/608716,529,Tacoma Rainiers,/api/v1/teams/529,136.0,Seattle Mariners,/api/v1/teams/136
624759,2022-05-27,2022-05-27,2022-05-27,DES,Designated for Assignment,Seattle Mariners designated RHP Riley O'Brien for assignment.,676617.0,Riley O'Brien,/api/v1/people/676617,136,Seattle Mariners,/api/v1/teams/136,,,
624758,2022-05-27,,,SE,Selected,Seattle Mariners selected the contract of LHP Roenis Elias from Tacoma Rainiers.,606273.0,Roenis Elías,/api/v1/people/606273,136,Seattle Mariners,/api/v1/teams/136,529.0,Tacoma Rainiers,/api/v1/teams/529
625001,2022-05-28,2022-05-28,2022-05-28,ASG,Assigned,Seattle Mariners sent RHP Ken Giles on a rehab assignment to Tacoma Rainiers.,571704.0,Ken Giles,/api/v1/people/571704,529,Tacoma Rainiers,/api/v1/teams/529,136.0,Seattle Mariners,/api/v1/teams/136
625789,2022-05-29,2022-05-29,2022-05-29,SC,Status Change,Seattle Mariners placed CF Kyle Lewis on the 7-day injured list. Concussion.,,,,136,Seattle Mariners,/api/v1/teams/136,,,
625493,2022-05-31,2022-05-31,2022-05-31,ASG,Assigned,Seattle Mariners sent RHP Ken Giles on a rehab assignment to Everett AquaSox.,571704.0,Ken Giles,/api/v1/people/571704,403,Everett AquaSox,/api/v1/teams/403,136.0,Seattle Mariners,/api/v1/teams/136
625495,2022-05-31,2022-05-31,2022-05-31,ASG,Assigned,Seattle Mariners sent 3B Abraham Toro on a rehab assignment to Everett AquaSox.,647351.0,Abraham Toro,/api/v1/people/647351,403,Everett AquaSox,/api/v1/teams/403,136.0,Seattle Mariners,/api/v1/teams/136
625650,2022-05-31,,,TR,Trade,Seattle Mariners traded SS Luis Chevalier to Cincinnati Reds.,682728.0,Luis Chevalier,/api/v1/people/682728,113,Cincinnati Reds,/api/v1/teams/113,136.0,Seattle Mariners,/api/v1/teams/136
625792,2022-06-01,2022-06-01,2022-06-01,SC,Status Change,Seattle Mariners activated 3B Abraham Toro.,647351.0,Abraham Toro,/api/v1/people/647351,136,Seattle Mariners,/api/v1/teams/136,,,
625757,2022-06-01,2022-06-01,2022-06-01,ASG,Assigned,Seattle Mariners sent RHP Ken Giles on a rehab assignment to Everett AquaSox.,571704.0,Ken Giles,/api/v1/people/571704,403,Everett AquaSox,/api/v1/teams/403,136.0,Seattle Mariners,/api/v1/teams/136
625791,2022-06-01,2022-06-01,2022-06-01,SC,Status Change,Seattle Mariners activated 3B Abraham Toro.,647351.0,Abraham Toro,/api/v1/people/647351,136,Seattle Mariners,/api/v1/teams/136,,,
627459,2022-06-02,2022-06-02,2022-06-02,SFA,Signed as Free Agent,Seattle Mariners signed free agent LHP Jake Miednik to a minor league contract.,681533.0,Jake Miednik,/api/v1/people/681533,136,Seattle Mariners,/api/v1/teams/136,,,
625997,2022-06-02,,,OUT,Outrighted,Seattle Mariners sent RHP Riley O'Brien outright to Tacoma Rainiers.,676617.0,Riley O'Brien,/api/v1/people/676617,529,Tacoma Rainiers,/api/v1/teams/529,136.0,Seattle Mariners,/api/v1/teams/136
626287,2022-06-03,2022-06-03,2022-06-03,ASG,Assigned,Seattle Mariners sent RHP Erik Swanson on a rehab assignment to Everett AquaSox.,657024.0,Erik Swanson,/api/v1/people/657024,403,Everett AquaSox,/api/v1/teams/403,136.0,Seattle Mariners,/api/v1/teams/136
629300,2022-06-04,2022-06-04,2022-06-04,SFA,Signed as Free Agent,Seattle Mariners signed free agent RHP Colby Morris to a minor league contract.,689774.0,Colby Morris,/api/v1/people/689774,136,Seattle Mariners,/api/v1/teams/136,,,
627807,2022-06-05,2022-06-05,2022-06-05,SC,Status Change,Seattle Mariners activated LHP Ryan Borucki.,621366.0,Ryan Borucki,/api/v1/people/621366,136,Seattle Mariners,/api/v1/teams/136,,,
627455,2022-06-05,2022-06-05,2022-06-05,DES,Designated for Assignment,Seattle Mariners designated 1B Mike Ford for assignment.,645801.0,Mike Ford,/api/v1/people/645801,136,Seattle Mariners,/api/v1/teams/136,,,
627454,2022-06-05,,,TR,Trade,Toronto Blue Jays traded LHP Ryan Borucki to Seattle Mariners for 3B Tyler Keenan.,671157.0,Tyler Keenan,/api/v1/people/671157,141,Toronto Blue Jays,/api/v1/teams/141,136.0,Seattle Mariners,/api/v1/teams/136
629972,2022-06-06,2022-06-06,2022-06-06,SFA,Signed as Free Agent,Seattle Mariners signed free agent IF Yensy Bello to a minor league contract.,805381.0,Yensy Bello,/api/v1/people/805381,136,Seattle Mariners,/api/v1/teams/136,,,
629380,2022-06-07,2022-06-07,2022-06-07,ASG,Assigned,Seattle Mariners sent RHP Ken Giles on a rehab assignment to Tacoma Rainiers.,571704.0,Ken Giles,/api/v1/people/571704,529,Tacoma Rainiers,/api/v1/teams/529,136.0,Seattle Mariners,/api/v1/teams/136
629381,2022-06-07,2022-06-07,2022-06-07,ASG,Assigned,Seattle Mariners sent RHP Erik Swanson on a rehab assignment to Tacoma Rainiers.,657024.0,Erik Swanson,/api/v1/people/657024,529,Tacoma Rainiers,/api/v1/teams/529,136.0,Seattle Mariners,/api/v1/teams/136
629784,2022-06-08,2022-06-08,2022-06-08,SFA,Signed as Free Agent,Seattle Mariners signed free agent RHP Eduardo Tovar to a minor league contract.,805318.0,Eduardo Tovar,/api/v1/people/805318,136,Seattle Mariners,/api/v1/teams/136,,,
629786,2022-06-08,2022-06-08,2022-06-08,SFA,Signed as Free Agent,Seattle Mariners signed free agent SS Dervy Ventura to a minor league contract.,805319.0,Dervy Ventura,/api/v1/people/805319,136,Seattle Mariners,/api/v1/teams/136,,,
629782,2022-06-08,2022-06-08,2022-06-08,SFA,Signed as Free Agent,Seattle Mariners signed free agent C Rodrigo Vigil to a minor league contract.,593347.0,Rodrigo Vigil,/api/v1/people/593347,136,Seattle Mariners,/api/v1/teams/136,,,
630096,2022-06-10,2022-06-10,2022-06-10,SC,Status Change,Seattle Mariners activated RHP Erik Swanson.,657024.0,Erik Swanson,/api/v1/people/657024,136,Seattle Mariners,/api/v1/teams/136,,,
630095,2022-06-10,2022-06-10,,OPT,Optioned,Seattle Mariners optioned LHP Anthony Misiewicz to Tacoma Rainiers.,664948.0,Anthony Misiewicz,/api/v1/people/664948,529,Tacoma Rainiers,/api/v1/teams/529,136.0,Seattle Mariners,/api/v1/teams/136
630031,2022-06-10,,,CLW,Claimed Off Waivers,Atlanta Braves claimed 1B Mike Ford off waivers from Seattle Mariners.,645801.0,Mike Ford,/api/v1/people/645801,144,Atlanta Braves,/api/v1/teams/144,136.0,Seattle Mariners,/api/v1/teams/136
630449,2022-06-11,2022-06-11,2022-06-11,DES,Designated for Assignment,Seattle Mariners designated RHP Drew Steckenrider for assignment.,608716.0,Drew Steckenrider,/api/v1/people/608716,136,Seattle Mariners,/api/v1/teams/136,,,
630447,2022-06-11,,,CLW,Claimed Off Waivers,Seattle Mariners claimed 3B Kevin Padlo off waivers from San Francisco Giants.,656821.0,Kevin Padlo,/api/v1/people/656821,136,Seattle Mariners,/api/v1/teams/136,137.0,San Francisco Giants,/api/v1/teams/137
630448,2022-06-11,2022-06-11,,OPT,Optioned,Seattle Mariners optioned 3B Kevin Padlo to Tacoma Rainiers.,656821.0,Kevin Padlo,/api/v1/people/656821,529,Tacoma Rainiers,/api/v1/teams/529,136.0,Seattle Mariners,/api/v1/teams/136
633451,2022-06-14,2022-06-14,2022-06-14,SFA,Signed as Free Agent,Seattle Mariners signed free agent RHP Fran Visamon to a minor league contract.,700655.0,Fran Visamon,/api/v1/people/700655,136,Seattle Mariners,/api/v1/teams/136,,,
631071,2022-06-14,2022-06-14,2022-06-14,ASG,Assigned,Seattle Mariners sent 1B Evan White on a rehab assignment to Tacoma Rainiers.,657108.0,Evan White,/api/v1/people/657108,529,Tacoma Rainiers,/api/v1/teams/529,136.0,Seattle Mariners,/api/v1/teams/136
631048,2022-06-14,,,OUT,Outrighted,Seattle Mariners sent RHP Drew Steckenrider outright to Tacoma Rainiers.,608716.0,Drew Steckenrider,/api/v1/people/608716,529,Tacoma Rainiers,/api/v1/teams/529,136.0,Seattle Mariners,/api/v1/teams/136
631385,2022-06-16,2022-06-16,2022-06-16,SC,Status Change,Seattle Mariners transferred RF Mitch Haniger from the 10-day injured list to the 60-day injured list. Right high ankle sprain.,571745.0,Mitch Haniger,/api/v1/people/571745,136,Seattle Mariners,/api/v1/teams/136,,,
631384,2022-06-16,,,CLW,Claimed Off Waivers,Seattle Mariners claimed 3B Drew Ellis off waivers from Arizona Diamondbacks.,656403.0,Drew Ellis,/api/v1/people/656403,136,Seattle Mariners,/api/v1/teams/136,109.0,Arizona Diamondbacks,/api/v1/teams/109
632563,2022-06-17,2022-06-17,2022-06-17,SC,Status Change,Seattle Mariners reassigned 2B Sam Haggerty to the minor leagues.,664059.0,Sam Haggerty,/api/v1/people/664059,136,Seattle Mariners,/api/v1/teams/136,,,
631582,2022-06-17,2022-06-17,2022-06-17,CU,Recalled,Seattle Mariners recalled LF Justin Upton and  from Tacoma Rainiers.,,,,136,Seattle Mariners,/api/v1/teams/136,,,
631583,2022-06-17,2022-06-17,,OPT,Optioned,Seattle Mariners optioned 2B Sam Haggerty to Tacoma Rainiers.,664059.0,Sam Haggerty,/api/v1/people/664059,529,Tacoma Rainiers,/api/v1/teams/529,136.0,Seattle Mariners,/api/v1/teams/136
631973,2022-06-18,2022-06-18,2022-06-18,DES,Designated for Assignment,Seattle Mariners designated RHP Joey Gerber for assignment.,680702.0,Joey Gerber,/api/v1/people/680702,136,Seattle Mariners,/api/v1/teams/136,,,
631963,2022-06-18,2022-06-18,,SE,Selected,Seattle Mariners selected the contract of LHP Tommy Milone from Tacoma Rainiers.,543548.0,Tommy Milone,/api/v1/people/543548,136,Seattle Mariners,/api/v1/teams/136,529.0,Tacoma Rainiers,/api/v1/teams/529
631964,2022-06-18,2022-06-18,,OPT,Optioned,Seattle Mariners optioned RHP Matthew Festa to Tacoma Rainiers.,670036.0,Matt Festa,/api/v1/people/670036,529,Tacoma Rainiers,/api/v1/teams/529,136.0,Seattle Mariners,/api/v1/teams/136
631884,2022-06-18,,,CU,Recalled,Seattle Mariners recalled LHP Justus Sheffield from Tacoma Rainiers.,656954.0,Justus Sheffield,/api/v1/people/656954,136,Seattle Mariners,/api/v1/teams/136,529.0,Tacoma Rainiers,/api/v1/teams/529
632035,2022-06-19,2022-06-19,,OPT,Optioned,Seattle Mariners optioned LHP Justus Sheffield to Tacoma Rainiers.,656954.0,Justus Sheffield,/api/v1/people/656954,529,Tacoma Rainiers,/api/v1/teams/529,136.0,Seattle Mariners,/api/v1/teams/136
632107,2022-06-20,2022-06-20,2022-06-20,SC,Status Change,Seattle Mariners activated RHP Ken Giles.,571704.0,Ken Giles,/api/v1/people/571704,136,Seattle Mariners,/api/v1/teams/136,,,
632110,2022-06-20,2022-06-20,2022-06-20,DES,Designated for Assignment,Seattle Mariners designated RHP Sergio Romo for assignment.,489265.0,Sergio Romo,/api/v1/people/489265,136,Seattle Mariners,/api/v1/teams/136,,,
632109,2022-06-20,2022-06-20,2022-06-20,DES,Designated for Assignment,Seattle Mariners designated LHP Roenis Elias for assignment.,606273.0,Roenis Elías,/api/v1/people/606273,136,Seattle Mariners,/api/v1/teams/136,,,
632108,2022-06-20,,,CU,Recalled,Seattle Mariners recalled 3B Kevin Padlo from Tacoma Rainiers.,656821.0,Kevin Padlo,/api/v1/people/656821,136,Seattle Mariners,/api/v1/teams/136,529.0,Tacoma Rainiers,/api/v1/teams/529
632554,2022-06-21,2022-06-21,2022-06-21,SFA,Signed as Free Agent,Seattle Mariners signed free agent RHP Erick Rodriguez to a minor league contract.,801257.0,Erick Rodriguez,/api/v1/people/801257,136,Seattle Mariners,/api/v1/teams/136,,,
632468,2022-06-21,2022-06-21,2022-06-21,REL,Released,Seattle Mariners released RHP Sergio Romo.,489265.0,Sergio Romo,/api/v1/people/489265,136,Seattle Mariners,/api/v1/teams/136,,,
632467,2022-06-21,2022-06-21,2022-06-21,REL,Released,Seattle Mariners released RHP Joey Gerber.,680702.0,Joey Gerber,/api/v1/people/680702,136,Seattle Mariners,/api/v1/teams/136,,,
632637,2022-06-22,2022-06-22,2022-06-22,SFA,Signed as Free Agent,Seattle Mariners signed free agent RHP Jacob Barnes to a minor league contract.,606930.0,Jacob Barnes,/api/v1/people/606930,136,Seattle Mariners,/api/v1/teams/136,,,
632839,2022-06-23,,,OUT,Outrighted,Seattle Mariners sent LHP Roenis Elias outright to Tacoma Rainiers.,606273.0,Roenis Elías,/api/v1/people/606273,529,Tacoma Rainiers,/api/v1/teams/529,136.0,Seattle Mariners,/api/v1/teams/136
633258,2022-06-25,2022-06-24,2022-06-24,SC,Status Change,"Seattle Mariners placed 3B Ty France on the 10-day injured list retroactive to June 24, 2022. Left elbow sprain.",664034.0,Ty France,/api/v1/people/664034,136,Seattle Mariners,/api/v1/teams/136,,,
633259,2022-06-25,,,CU,Recalled,Seattle Mariners recalled 3B Drew Ellis from Tacoma Rainiers.,656403.0,Drew Ellis,/api/v1/people/656403,136,Seattle Mariners,/api/v1/teams/136,529.0,Tacoma Rainiers,/api/v1/teams/529
633266,2022-06-25,,,TR,Trade,Cincinnati Reds traded LF Trey Amburgey to Seattle Mariners.,664011.0,Trey Amburgey,/api/v1/people/664011,136,Seattle Mariners,/api/v1/teams/136,113.0,Cincinnati Reds,/api/v1/teams/113
633778,2022-06-27,2022-06-27,2022-06-27,SFA,Signed as Free Agent,Seattle Mariners signed free agent RHP Chris Mazza to a minor league contract.,607391.0,Chris Mazza,/api/v1/people/607391,136,Seattle Mariners,/api/v1/teams/136,,,
633714,2022-06-27,2022-06-27,2022-06-27,SFA,Signed as Free Agent,Seattle Mariners signed free agent RHP Rodney Hutchison to a minor league contract.,663899.0,Rodney Hutchison,/api/v1/people/663899,136,Seattle Mariners,/api/v1/teams/136,,,
636363,2022-06-27,2022-06-27,2022-06-27,SFA,Signed as Free Agent,Seattle Mariners signed free agent LHP Brennan Bernardino to a minor league contract.,657514.0,Brennan Bernardino,/api/v1/people/657514,136,Seattle Mariners,/api/v1/teams/136,,,
633466,2022-06-27,,,TR,Trade,Seattle Mariners traded RHP Wyatt Mills and RHP William Fleming to Kansas City Royals for 1B Carlos Santana and cash.,670090.0,Wyatt Mills,/api/v1/people/670090,118,Kansas City Royals,/api/v1/teams/118,136.0,Seattle Mariners,/api/v1/teams/136
633537,2022-06-27,2022-06-27,,SE,Selected,Seattle Mariners selected the contract of C Andrew Knapp from Tacoma Rainiers.,595284.0,Andrew Knapp,/api/v1/people/595284,136,Seattle Mariners,/api/v1/teams/136,529.0,Tacoma Rainiers,/api/v1/teams/529
633789,2022-06-28,2022-06-28,2022-06-28,SC,Status Change,Seattle Mariners activated 1B Carlos Santana.,467793.0,Carlos Santana,/api/v1/people/467793,136,Seattle Mariners,/api/v1/teams/136,,,
633790,2022-06-28,2022-06-28,,OPT,Optioned,Seattle Mariners optioned 3B Drew Ellis to Tacoma Rainiers.,656403.0,Drew Ellis,/api/v1/people/656403,529,Tacoma Rainiers,/api/v1/teams/529,136.0,Seattle Mariners,/api/v1/teams/136
633931,2022-06-29,2022-06-29,2022-06-29,SC,Status Change,Seattle Mariners placed LF Taylor Trammell on the 10-day injured list. Right hamstring strain.,666211.0,Taylor Trammell,/api/v1/people/666211,136,Seattle Mariners,/api/v1/teams/136,,,
633926,2022-06-29,2022-06-29,2022-06-29,CU,Recalled,Seattle Mariners recalled 2B Sam Haggerty and  from Tacoma Rainiers.,,,,136,Seattle Mariners,/api/v1/teams/136,,,
633930,2022-06-29,2022-06-29,2022-06-29,SC,Status Change,Seattle Mariners transferred C Tom Murphy from the 10-day injured list to the 60-day injured list. Dislocated left shoulder.,608596.0,Tom Murphy,/api/v1/people/608596,136,Seattle Mariners,/api/v1/teams/136,,,
633929,2022-06-29,2022-06-29,2022-06-29,SC,Status Change,Seattle Mariners transferred C Tom Murphy from the 10-day injured list to the 60-day injured list.,608596.0,Tom Murphy,/api/v1/people/608596,136,Seattle Mariners,/api/v1/teams/136,,,
633928,2022-06-29,2022-06-29,,OPT,Optioned,Seattle Mariners optioned 3B Kevin Padlo to Tacoma Rainiers.,656821.0,Kevin Padlo,/api/v1/people/656821,529,Tacoma Rainiers,/api/v1/teams/529,136.0,Seattle Mariners,/api/v1/teams/136
633927,2022-06-29,,,SE,Selected,Seattle Mariners selected the contract of CF Marcus Wilson from Tacoma Rainiers.,657129.0,Marcus Wilson,/api/v1/people/657129,136,Seattle Mariners,/api/v1/teams/136,529.0,Tacoma Rainiers,/api/v1/teams/529
634168,2022-06-30,2022-06-30,2022-06-30,SC,Status Change,SS J.P. Crawford roster status changed by Seattle Mariners.,641487.0,J.P. Crawford,/api/v1/people/641487,136,Seattle Mariners,/api/v1/teams/136,,,
634950,2022-07-03,2022-07-03,2022-07-03,ASG,Assigned,Seattle Mariners sent CF Kyle Lewis on a rehab assignment to Tacoma Rainiers.,641786.0,Kyle Lewis,/api/v1/people/641786,529,Tacoma Rainiers,/api/v1/teams/529,136.0,Seattle Mariners,/api/v1/teams/136
634977,2022-07-04,2022-07-04,2022-07-04,SC,Status Change,Seattle Mariners activated SS J.P. Crawford.,,,,136,Seattle Mariners,/api/v1/teams/136,,,
635014,2022-07-04,2022-07-04,2022-07-04,SC,Status Change,LF Jesse Winker roster status changed by Seattle Mariners.,608385.0,Jesse Winker,/api/v1/people/608385,136,Seattle Mariners,/api/v1/teams/136,,,
635182,2022-07-04,2022-07-04,2022-07-04,ASG,Assigned,Seattle Mariners sent CF Kyle Lewis on a rehab assignment to Everett AquaSox.,641786.0,Kyle Lewis,/api/v1/people/641786,403,Everett AquaSox,/api/v1/teams/403,136.0,Seattle Mariners,/api/v1/teams/136
635101,2022-07-04,2022-07-04,2022-07-04,ASG,Assigned,Seattle Mariners sent CF Kyle Lewis on a rehab assignment to Everett AquaSox.,641786.0,Kyle Lewis,/api/v1/people/641786,403,Everett AquaSox,/api/v1/teams/403,136.0,Seattle Mariners,/api/v1/teams/136
635463,2022-07-06,2022-07-06,2022-07-06,SFA,Signed as Free Agent,Seattle Mariners signed free agent LHP Blake Weiman to a minor league contract.,676620.0,Blake Weiman,/api/v1/people/676620,136,Seattle Mariners,/api/v1/teams/136,,,
635832,2022-07-07,2022-07-07,2022-07-07,SC,Status Change,Seattle Mariners activated 3B Ty France from the 10-day injured list.,664034.0,Ty France,/api/v1/people/664034,136,Seattle Mariners,/api/v1/teams/136,,,
635831,2022-07-07,2022-07-07,,OPT,Optioned,Seattle Mariners optioned CF Marcus Wilson to Tacoma Rainiers.,657129.0,Marcus Wilson,/api/v1/people/657129,529,Tacoma Rainiers,/api/v1/teams/529,136.0,Seattle Mariners,/api/v1/teams/136
636006,2022-07-08,2022-07-08,2022-07-08,ASG,Assigned,Seattle Mariners sent C Luis Torrens on a rehab assignment to Everett AquaSox.,620443.0,Luis Torrens,/api/v1/people/620443,403,Everett AquaSox,/api/v1/teams/403,136.0,Seattle Mariners,/api/v1/teams/136
636315,2022-07-09,2022-07-09,2022-07-09,SC,Status Change,Seattle Mariners placed RHP Ken Giles on the 15-day injured list. Right shoulder tightness.,571704.0,Ken Giles,/api/v1/people/571704,136,Seattle Mariners,/api/v1/teams/136,,,
636314,2022-07-09,2022-07-09,2022-07-09,SC,Status Change,Seattle Mariners activated C Luis Torrens.,620443.0,Luis Torrens,/api/v1/people/620443,136,Seattle Mariners,/api/v1/teams/136,,,
636313,2022-07-09,2022-07-09,2022-07-09,DES,Designated for Assignment,Seattle Mariners designated C Andrew Knapp for assignment.,595284.0,Andrew Knapp,/api/v1/people/595284,136,Seattle Mariners,/api/v1/teams/136,,,
636316,2022-07-09,2022-07-09,2022-07-09,SC,Status Change,Seattle Mariners placed RHP Erik Swanson on the paternity list.,657024.0,Erik Swanson,/api/v1/people/657024,136,Seattle Mariners,/api/v1/teams/136,,,
636317,2022-07-09,2022-07-09,,CU,Recalled,Seattle Mariners recalled RHP Matt Brash from Tacoma Rainiers.,666374.0,Matt Brash,/api/v1/people/666374,136,Seattle Mariners,/api/v1/teams/136,529.0,Tacoma Rainiers,/api/v1/teams/529
636328,2022-07-09,2022-07-09,,OPT,Optioned,Seattle Mariners optioned RHP George Kirby to Tacoma Rainiers.,669923.0,George Kirby,/api/v1/people/669923,529,Tacoma Rainiers,/api/v1/teams/529,136.0,Seattle Mariners,/api/v1/teams/136
636318,2022-07-09,2022-07-09,,CU,Recalled,Seattle Mariners recalled RHP Matthew Festa from Tacoma Rainiers.,670036.0,Matt Festa,/api/v1/people/670036,136,Seattle Mariners,/api/v1/teams/136,529.0,Tacoma Rainiers,/api/v1/teams/529
636326,2022-07-09,2022-07-09,,SE,Selected,Seattle Mariners selected the contract of RHP Jacob Barnes from Tacoma Rainiers.,606930.0,Jacob Barnes,/api/v1/people/606930,136,Seattle Mariners,/api/v1/teams/136,529.0,Tacoma Rainiers,/api/v1/teams/529
636617,2022-07-11,2022-07-11,2022-07-11,SC,Status Change,Seattle Mariners activated RHP Erik Swanson from the paternity list.,657024.0,Erik Swanson,/api/v1/people/657024,136,Seattle Mariners,/api/v1/teams/136,,,
636618,2022-07-11,2022-07-11,2022-07-11,DES,Designated for Assignment,Seattle Mariners designated RHP Jacob Barnes for assignment.,606930.0,Jacob Barnes,/api/v1/people/606930,136,Seattle Mariners,/api/v1/teams/136,,,
636510,2022-07-11,2022-07-11,2022-07-11,SC,Status Change,Seattle Mariners activated LF Jesse Winker.,608385.0,Jesse Winker,/api/v1/people/608385,136,Seattle Mariners,/api/v1/teams/136,,,
637021,2022-07-12,2022-07-12,2022-07-12,ASG,Assigned,Seattle Mariners sent CF Kyle Lewis on a rehab assignment to Tacoma Rainiers.,641786.0,Kyle Lewis,/api/v1/people/641786,529,Tacoma Rainiers,/api/v1/teams/529,136.0,Seattle Mariners,/api/v1/teams/136
636824,2022-07-12,2022-07-12,2022-07-12,SC,Status Change,OF Julio Rodriguez roster status changed by Seattle Mariners.,677594.0,Julio Rodríguez,/api/v1/people/677594,136,Seattle Mariners,/api/v1/teams/136,,,
637170,2022-07-13,2022-07-13,2022-07-13,DFA,Declared Free Agency,C Andrew Knapp elected free agency.,595284.0,Andrew Knapp,/api/v1/people/595284,136,Seattle Mariners,/api/v1/teams/136,,,
637134,2022-07-13,2022-07-13,2022-07-13,SC,Status Change,Seattle Mariners activated OF Julio Rodriguez.,677594.0,Julio Rodríguez,/api/v1/people/677594,136,Seattle Mariners,/api/v1/teams/136,,,
637034,2022-07-13,2022-07-13,,CU,Recalled,Seattle Mariners recalled LHP Danny Young from Tacoma Rainiers.,664849.0,Danny Young,/api/v1/people/664849,136,Seattle Mariners,/api/v1/teams/136,529.0,Tacoma Rainiers,/api/v1/teams/529
637490,2022-07-14,2022-07-14,,CU,Recalled,Tacoma Rainiers recalled LHP Danny Young from Seattle Mariners.,664849.0,Danny Young,/api/v1/people/664849,529,Tacoma Rainiers,/api/v1/teams/529,136.0,Seattle Mariners,/api/v1/teams/136
637695,2022-07-15,2022-07-15,2022-07-15,SC,Status Change,Seattle Mariners placed 1B Carlos Santana on the restricted list.,467793.0,Carlos Santana,/api/v1/people/467793,136,Seattle Mariners,/api/v1/teams/136,136.0,Seattle Mariners,/api/v1/teams/136
637694,2022-07-15,2022-07-15,,CU,Recalled,Seattle Mariners recalled 3B Kevin Padlo from Tacoma Rainiers.,656821.0,Kevin Padlo,/api/v1/people/656821,136,Seattle Mariners,/api/v1/teams/136,529.0,Tacoma Rainiers,/api/v1/teams/529
637852,2022-07-16,2022-07-16,2022-07-16,SC,Status Change,Seattle Mariners activated 1B Carlos Santana from the restricted list.,,,,136,Seattle Mariners,/api/v1/teams/136,,,
655649,2022-07-16,2022-07-16,2022-07-16,SC,Status Change,Seattle Mariners activated 1B Carlos Santana from the restricted list.,467793.0,Carlos Santana,/api/v1/people/467793,136,Seattle Mariners,/api/v1/teams/136,,,
637853,2022-07-16,2022-07-16,,OPT,Optioned,Seattle Mariners optioned 3B Kevin Padlo to Tacoma Rainiers.,656821.0,Kevin Padlo,/api/v1/people/656821,529,Tacoma Rainiers,/api/v1/teams/529,136.0,Seattle Mariners,/api/v1/teams/136
638134,2022-07-17,2022-07-17,,OUT,Outrighted,Seattle Mariners sent RHP Jacob Barnes outright to Tacoma Rainiers.,606930.0,Jacob Barnes,/api/v1/people/606930,529,Tacoma Rainiers,/api/v1/teams/529,136.0,Seattle Mariners,/api/v1/teams/136
638740,2022-07-21,2022-07-21,2022-07-21,ASG,Assigned,Seattle Mariners sent RF Mitch Haniger on a rehab assignment to Everett AquaSox.,571745.0,Mitch Haniger,/api/v1/people/571745,403,Everett AquaSox,/api/v1/teams/403,136.0,Seattle Mariners,/api/v1/teams/136
639216,2022-07-22,2022-07-22,2022-07-22,DFA,Declared Free Agency,LF Justin Upton elected free agency.,457708.0,Justin Upton,/api/v1/people/457708,136,Seattle Mariners,/api/v1/teams/136,,,
639317,2022-07-22,2022-07-22,2022-07-22,SFA,Signed as Free Agent,Seattle Mariners signed free agent RHP Taylor Williams to a minor league contract.,592865.0,Taylor Williams,/api/v1/people/592865,136,Seattle Mariners,/api/v1/teams/136,,,
639215,2022-07-22,2022-07-22,,OPT,Optioned,Seattle Mariners optioned LF Justin Upton to Tacoma Rainiers.,457708.0,Justin Upton,/api/v1/people/457708,529,Tacoma Rainiers,/api/v1/teams/529,136.0,Seattle Mariners,/api/v1/teams/136
640017,2022-07-25,2022-07-25,2022-07-25,ASG,Assigned,Seattle Mariners sent RF Mitch Haniger on a rehab assignment to Tacoma Rainiers.,571745.0,Mitch Haniger,/api/v1/people/571745,529,Tacoma Rainiers,/api/v1/teams/529,136.0,Seattle Mariners,/api/v1/teams/136
640378,2022-07-26,2022-07-26,2022-07-26,SGN,Signed,Seattle Mariners signed SS Josh Hood.,681377.0,Josh Hood,/api/v1/people/681377,136,Seattle Mariners,/api/v1/teams/136,,,
640374,2022-07-26,2022-07-26,2022-07-26,SGN,Signed,Seattle Mariners signed RHP Ashton Izzi.,802416.0,Ashton Izzi,/api/v1/people/802416,136,Seattle Mariners,/api/v1/teams/136,,,
640259,2022-07-26,2022-07-26,2022-07-26,SGN,Signed,Seattle Mariners signed 2B Hogan Windish.,702112.0,Hogan Windish,/api/v1/people/702112,136,Seattle Mariners,/api/v1/teams/136,,,
640395,2022-07-26,2022-07-26,2022-07-26,SGN,Signed,Seattle Mariners signed LHP Brandon Schaeffer.,801755.0,Brandon Schaeffer,/api/v1/people/801755,136,Seattle Mariners,/api/v1/teams/136,,,
640396,2022-07-26,2022-07-26,2022-07-26,SGN,Signed,Seattle Mariners signed 2B Nick Zona.,681430.0,Nick Zona,/api/v1/people/681430,136,Seattle Mariners,/api/v1/teams/136,,,
640391,2022-07-26,2022-07-26,2022-07-26,SC,Status Change,3B Blake Rambusch roster status changed by Seattle Mariners.,800683.0,Blake Rambusch,/api/v1/people/800683,136,Seattle Mariners,/api/v1/teams/136,,,
640390,2022-07-26,2022-07-26,2022-07-26,SGN,Signed,Seattle Mariners signed 3B Blake Rambusch.,800683.0,Blake Rambusch,/api/v1/people/800683,136,Seattle Mariners,/api/v1/teams/136,,,
722870,2022-07-26,2022-07-26,2022-07-26,SC,Status Change,1B Hogan Windish roster status changed by Seattle Mariners.,702112.0,Hogan Windish,/api/v1/people/702112,136,Seattle Mariners,/api/v1/teams/136,,,
640173,2022-07-26,2022-07-26,2022-07-26,CU,Recalled,"Seattle Mariners recalled RHP George Kirby,  and  from Tacoma Rainiers.",,,,136,Seattle Mariners,/api/v1/teams/136,,,
640383,2022-07-26,2022-07-26,2022-07-26,SGN,Signed,Seattle Mariners signed OF Bill Knight.,681098.0,Bill Knight,/api/v1/people/681098,136,Seattle Mariners,/api/v1/teams/136,,,
640389,2022-07-26,2022-07-26,2022-07-26,SGN,Signed,Seattle Mariners signed RHP Tyler Cleveland.,804663.0,Tyler Cleveland,/api/v1/people/804663,136,Seattle Mariners,/api/v1/teams/136,,,
640370,2022-07-26,2022-07-26,2022-07-26,SGN,Signed,Seattle Mariners signed 3B Tyler Locklear.,682988.0,Tyler Locklear,/api/v1/people/682988,136,Seattle Mariners,/api/v1/teams/136,,,
640388,2022-07-26,2022-07-26,2022-07-26,SGN,Signed,Seattle Mariners signed RHP Darren Bowen.,804539.0,Darren Bowen,/api/v1/people/804539,136,Seattle Mariners,/api/v1/teams/136,,,
640387,2022-07-26,2022-07-26,2022-07-26,SGN,Signed,Seattle Mariners signed RHP Troy Taylor.,700187.0,Troy Taylor,/api/v1/people/700187,136,Seattle Mariners,/api/v1/teams/136,,,
640380,2022-07-26,2022-07-26,2022-07-26,SGN,Signed,Seattle Mariners signed C Tatem Levins.,694420.0,Tatem Levins,/api/v1/people/694420,136,Seattle Mariners,/api/v1/teams/136,,,
640372,2022-07-26,2022-07-26,2022-07-26,SGN,Signed,Seattle Mariners signed RHP Walter Ford.,703609.0,Walter Ford,/api/v1/people/703609,136,Seattle Mariners,/api/v1/teams/136,,,
640397,2022-07-26,2022-07-26,2022-07-26,SFA,Signed as Free Agent,Seattle Mariners signed free agent C Connor Charping to a minor league contract.,806464.0,Connor Charping,/api/v1/people/806464,136,Seattle Mariners,/api/v1/teams/136,,,
640392,2022-07-26,2022-07-26,2022-07-26,SGN,Signed,Seattle Mariners signed RHP Stefan Raeth.,806288.0,Stefan Raeth,/api/v1/people/806288,136,Seattle Mariners,/api/v1/teams/136,,,
640367,2022-07-26,2022-07-26,2022-07-26,SGN,Signed,Seattle Mariners signed SS Cole Young.,702284.0,Cole Young,/api/v1/people/702284,136,Seattle Mariners,/api/v1/teams/136,,,
640386,2022-07-26,2022-07-26,2022-07-26,SGN,Signed,Seattle Mariners signed RHP Marcelo Perez.,681041.0,Marcelo Perez,/api/v1/people/681041,136,Seattle Mariners,/api/v1/teams/136,,,
640256,2022-07-26,2022-07-26,2022-07-26,SGN,Signed,Seattle Mariners signed OF Curtis Washington Jr..,690944.0,Curtis Washington Jr.,/api/v1/people/690944,136,Seattle Mariners,/api/v1/teams/136,,,
640382,2022-07-26,2022-07-26,2022-07-26,SGN,Signed,Seattle Mariners signed RHP Tyler Gough.,702640.0,Tyler Gough,/api/v1/people/702640,136,Seattle Mariners,/api/v1/teams/136,,,
640375,2022-07-26,2022-07-26,2022-07-26,SGN,Signed,Seattle Mariners signed LHP Reid VanScoter.,804577.0,Reid VanScoter,/api/v1/people/804577,136,Seattle Mariners,/api/v1/teams/136,,,
640175,2022-07-26,2022-07-26,,OPT,Optioned,Seattle Mariners optioned RHP Matt Brash to Tacoma Rainiers.,666374.0,Matt Brash,/api/v1/people/666374,529,Tacoma Rainiers,/api/v1/teams/529,136.0,Seattle Mariners,/api/v1/teams/136
640837,2022-07-28,2022-07-28,2022-07-28,CU,Recalled,"Seattle Mariners recalled RHP Matt Brash,  and  from Tacoma Rainiers.",,,,136,Seattle Mariners,/api/v1/teams/136,,,
640838,2022-07-28,2022-07-26,2022-07-26,SC,Status Change,"Seattle Mariners placed RHP Diego Castillo on the 15-day injured list retroactive to July 26, 2022. Right shoulder inflammation.",650895.0,Diego Castillo,/api/v1/people/650895,136,Seattle Mariners,/api/v1/teams/136,,,
641153,2022-07-29,2022-07-29,,CLW,Claimed Off Waivers,Seattle Mariners claimed RHP Phillips Valdez off waivers from Boston Red Sox.,570488.0,Phillips Valdez,/api/v1/people/570488,136,Seattle Mariners,/api/v1/teams/136,111.0,Boston Red Sox,/api/v1/teams/111
641408,2022-07-30,2022-07-30,2022-07-30,SC,Status Change,Seattle Mariners placed LHP Tommy Milone on the 15-day injured list. Cervical muscle strain.,543548.0,Tommy Milone,/api/v1/people/543548,136,Seattle Mariners,/api/v1/teams/136,,,
641409,2022-07-30,2022-07-30,2022-07-30,DES,Designated for Assignment,Seattle Mariners designated CF Marcus Wilson for assignment.,657129.0,Marcus Wilson,/api/v1/people/657129,136,Seattle Mariners,/api/v1/teams/136,,,
641258,2022-07-30,2022-07-30,,TR,Trade,"Cincinnati Reds traded RHP Luis Castillo to Seattle Mariners for SS Noelvi Marte, SS Edwin Arroyo, RHP Levi Stoudt and RHP Andrew Moore.",622491.0,Luis Castillo,/api/v1/people/622491,136,Seattle Mariners,/api/v1/teams/136,113.0,Cincinnati Reds,/api/v1/teams/113
641407,2022-07-30,2022-07-30,,SE,Selected,Seattle Mariners selected the contract of LHP Brennan Bernardino from Tacoma Rainiers.,657514.0,Brennan Bernardino,/api/v1/people/657514,136,Seattle Mariners,/api/v1/teams/136,529.0,Tacoma Rainiers,/api/v1/teams/529
646172,2022-07-31,2022-07-31,2022-07-31,ASG,Assigned,Seattle Mariners sent LF Taylor Trammell on a rehab assignment to Tacoma Rainiers.,666211.0,Taylor Trammell,/api/v1/people/666211,529,Tacoma Rainiers,/api/v1/teams/529,136.0,Seattle Mariners,/api/v1/teams/136
641613,2022-07-31,2022-07-31,2022-07-31,ASG,Assigned,Seattle Mariners sent LF Taylor Trammell on a rehab assignment to Tacoma Rainiers.,666211.0,Taylor Trammell,/api/v1/people/666211,529,Tacoma Rainiers,/api/v1/teams/529,136.0,Seattle Mariners,/api/v1/teams/136
641592,2022-07-31,2022-07-31,2022-07-31,SC,Status Change,Seattle Mariners placed OF Julio Rodriguez on the 10-day injured list. Right wrist contusion.,677594.0,Julio Rodríguez,/api/v1/people/677594,136,Seattle Mariners,/api/v1/teams/136,,,
641593,2022-07-31,2022-07-31,2022-07-31,SC,Status Change,Seattle Mariners placed 1B Dylan Moore on the 10-day injured list. Back spasms.,664238.0,Dylan Moore,/api/v1/people/664238,136,Seattle Mariners,/api/v1/teams/136,,,
641594,2022-07-31,2022-07-31,2022-07-31,DES,Designated for Assignment,Seattle Mariners designated LHP Anthony Misiewicz for assignment.,664948.0,Anthony Misiewicz,/api/v1/people/664948,136,Seattle Mariners,/api/v1/teams/136,,,
641591,2022-07-31,2022-07-31,,SE,Selected,Seattle Mariners selected the contract of OF Jack Larsen from Arkansas Travelers.,677223.0,Jack Larsen,/api/v1/people/677223,136,Seattle Mariners,/api/v1/teams/136,574.0,Arkansas Travelers,/api/v1/teams/574
641891,2022-08-01,2022-08-01,2022-08-01,DES,Designated for Assignment,Seattle Mariners designated LHP Danny Young for assignment.,664849.0,Danny Young,/api/v1/people/664849,136,Seattle Mariners,/api/v1/teams/136,,,
641991,2022-08-01,2022-08-01,2022-08-01,SFA,Signed as Free Agent,Seattle Mariners signed free agent SS Jonathan Villar to a minor league contract.,542340.0,Jonathan Villar,/api/v1/people/542340,136,Seattle Mariners,/api/v1/teams/136,,,
641865,2022-08-01,2022-08-01,2022-08-01,SC,Status Change,Seattle Mariners activated RHP Luis Castillo.,622491.0,Luis Castillo,/api/v1/people/622491,136,Seattle Mariners,/api/v1/teams/136,,,
641890,2022-08-01,2022-08-01,,CLW,Claimed Off Waivers,Seattle Mariners claimed CF Travis Jankowski off waivers from New York Mets.,608671.0,Travis Jankowski,/api/v1/people/608671,136,Seattle Mariners,/api/v1/teams/136,121.0,New York Mets,/api/v1/teams/121
641866,2022-08-01,2022-08-01,,OPT,Optioned,Seattle Mariners optioned LHP Brennan Bernardino to Tacoma Rainiers.,657514.0,Brennan Bernardino,/api/v1/people/657514,529,Tacoma Rainiers,/api/v1/teams/529,136.0,Seattle Mariners,/api/v1/teams/136
641847,2022-08-01,2022-08-01,,TR,Trade,Seattle Mariners traded LHP Anthony Misiewicz to Kansas City Royals for cash.,,,,136,Seattle Mariners,/api/v1/teams/136,118.0,Kansas City Royals,/api/v1/teams/118
641892,2022-08-01,2022-08-01,,OUT,Outrighted,Seattle Mariners sent CF Marcus Wilson outright to Tacoma Rainiers.,657129.0,Marcus Wilson,/api/v1/people/657129,529,Tacoma Rainiers,/api/v1/teams/529,136.0,Seattle Mariners,/api/v1/teams/136
642656,2022-08-02,2022-08-02,2022-08-02,SC,Status Change,Seattle Mariners reassigned LHP Matthew Boyd to the minor leagues.,571510.0,Matthew Boyd,/api/v1/people/571510,136,Seattle Mariners,/api/v1/teams/136,,,
642658,2022-08-02,2022-08-02,2022-08-02,SC,Status Change,Seattle Mariners reassigned C Curt Casali to the minor leagues.,592200.0,Curt Casali,/api/v1/people/592200,136,Seattle Mariners,/api/v1/teams/136,,,
642219,2022-08-02,2022-08-02,2022-08-02,ASG,Assigned,Seattle Mariners sent RHP Ken Giles on a rehab assignment to Everett AquaSox.,571704.0,Ken Giles,/api/v1/people/571704,403,Everett AquaSox,/api/v1/teams/403,136.0,Seattle Mariners,/api/v1/teams/136
642657,2022-08-02,2022-08-02,2022-08-02,SC,Status Change,Seattle Mariners reassigned 3B Jake Lamb to the minor leagues.,571875.0,Jake Lamb,/api/v1/people/571875,136,Seattle Mariners,/api/v1/teams/136,,,
642226,2022-08-02,2022-08-02,2022-08-02,SC,Status Change,Seattle Mariners activated CF Travis Jankowski.,608671.0,Travis Jankowski,/api/v1/people/608671,136,Seattle Mariners,/api/v1/teams/136,,,
643664,2022-08-02,2022-08-02,2022-08-02,SC,Status Change,Seattle Mariners placed C Curt Casali on the 10-day injured list.,592200.0,Curt Casali,/api/v1/people/592200,136,Seattle Mariners,/api/v1/teams/136,,,
642700,2022-08-02,2022-08-02,2022-08-02,SFA,Signed as Free Agent,Seattle Mariners signed free agent RHP Felipe Bello to a minor league contract.,806593.0,Felipe Bello,/api/v1/people/806593,136,Seattle Mariners,/api/v1/teams/136,,,
642466,2022-08-02,2022-08-02,2022-08-02,DES,Designated for Assignment,Seattle Mariners designated OF Jack Larsen for assignment.,677223.0,Jack Larsen,/api/v1/people/677223,136,Seattle Mariners,/api/v1/teams/136,,,
642497,2022-08-02,2022-08-02,,TR,Trade,San Francisco Giants traded LHP Matthew Boyd and C Curt Casali to Seattle Mariners for RHP Michael Stryffeler and C Andy Thomas.,571510.0,Matthew Boyd,/api/v1/people/571510,136,Seattle Mariners,/api/v1/teams/136,137.0,San Francisco Giants,/api/v1/teams/137
642308,2022-08-02,2022-08-02,,OPT,Optioned,Seattle Mariners optioned OF Jack Larsen to Arkansas Travelers.,677223.0,Jack Larsen,/api/v1/people/677223,574,Arkansas Travelers,/api/v1/teams/574,136.0,Seattle Mariners,/api/v1/teams/136
642459,2022-08-02,2022-08-02,,TR,Trade,Los Angeles Dodgers traded 3B Jake Lamb to Seattle Mariners for Player To Be Named Later.,571875.0,Jake Lamb,/api/v1/people/571875,136,Seattle Mariners,/api/v1/teams/136,119.0,Los Angeles Dodgers,/api/v1/teams/119
643342,2022-08-04,2022-08-04,2022-08-04,REL,Released,Seattle Mariners released LHP Tommy Milone.,543548.0,Tommy Milone,/api/v1/people/543548,136,Seattle Mariners,/api/v1/teams/136,,,
643301,2022-08-04,2022-08-04,,OUT,Outrighted,Seattle Mariners sent OF Jack Larsen outright to Arkansas Travelers.,677223.0,Jack Larsen,/api/v1/people/677223,574,Arkansas Travelers,/api/v1/teams/574,136.0,Seattle Mariners,/api/v1/teams/136
645353,2022-08-05,2022-08-05,2022-08-05,SFA,Signed as Free Agent,Seattle Mariners signed free agent LHP Drake Batcho to a minor league contract.,686908.0,Drake Batcho,/api/v1/people/686908,136,Seattle Mariners,/api/v1/teams/136,,,
643645,2022-08-05,2022-08-05,2022-08-05,SC,Status Change,Seattle Mariners activated 3B Jake Lamb.,571875.0,Jake Lamb,/api/v1/people/571875,136,Seattle Mariners,/api/v1/teams/136,,,
643614,2022-08-05,2022-08-05,2022-08-05,DES,Designated for Assignment,Seattle Mariners designated 3B Kevin Padlo for assignment.,656821.0,Kevin Padlo,/api/v1/people/656821,136,Seattle Mariners,/api/v1/teams/136,,,
644032,2022-08-05,2022-08-05,2022-08-05,SC,Status Change,Seattle Mariners activated RF Mitch Haniger.,571745.0,Mitch Haniger,/api/v1/people/571745,136,Seattle Mariners,/api/v1/teams/136,,,
643746,2022-08-05,2022-08-05,2022-08-05,ASG,Assigned,Seattle Mariners sent C Curt Casali on a rehab assignment to Tacoma Rainiers.,592200.0,Curt Casali,/api/v1/people/592200,529,Tacoma Rainiers,/api/v1/teams/529,136.0,Seattle Mariners,/api/v1/teams/136
643644,2022-08-05,2022-08-05,2022-08-05,DES,Designated for Assignment,Seattle Mariners designated CF Travis Jankowski for assignment.,608671.0,Travis Jankowski,/api/v1/people/608671,136,Seattle Mariners,/api/v1/teams/136,,,
643665,2022-08-05,2022-08-05,2022-08-05,ASG,Assigned,Seattle Mariners sent C Curt Casali on a rehab assignment to Tacoma Rainiers.,592200.0,Curt Casali,/api/v1/people/592200,529,Tacoma Rainiers,/api/v1/teams/529,136.0,Seattle Mariners,/api/v1/teams/136
645769,2022-08-05,2022-08-05,2022-08-05,ASG,Assigned,Seattle Mariners sent C Curt Casali on a rehab assignment to Tacoma Rainiers.,592200.0,Curt Casali,/api/v1/people/592200,529,Tacoma Rainiers,/api/v1/teams/529,136.0,Seattle Mariners,/api/v1/teams/136
643612,2022-08-05,2022-08-05,,CLW,Claimed Off Waivers,Seattle Mariners claimed CF Derek Hill off waivers from Detroit Tigers.,656537.0,Derek Hill,/api/v1/people/656537,136,Seattle Mariners,/api/v1/teams/136,116.0,Detroit Tigers,/api/v1/teams/116
644033,2022-08-06,2022-08-06,2022-08-06,SC,Status Change,Seattle Mariners activated RF Mitch Haniger.,571745.0,Mitch Haniger,/api/v1/people/571745,136,Seattle Mariners,/api/v1/teams/136,,,
644027,2022-08-06,2022-08-06,,OPT,Optioned,Seattle Mariners optioned 3B Abraham Toro to Tacoma Rainiers.,647351.0,Abraham Toro,/api/v1/people/647351,529,Tacoma Rainiers,/api/v1/teams/529,136.0,Seattle Mariners,/api/v1/teams/136
643897,2022-08-06,2022-08-06,,CLW,Claimed Off Waivers,Atlanta Braves claimed LHP Danny Young off waivers from Seattle Mariners.,664849.0,Danny Young,/api/v1/people/664849,144,Atlanta Braves,/api/v1/teams/144,136.0,Seattle Mariners,/api/v1/teams/136
643872,2022-08-06,2022-08-06,,CU,Recalled,Seattle Mariners recalled LHP Brennan Bernardino from Tacoma Rainiers.,657514.0,Brennan Bernardino,/api/v1/people/657514,136,Seattle Mariners,/api/v1/teams/136,529.0,Tacoma Rainiers,/api/v1/teams/529
644209,2022-08-07,2022-08-07,2022-08-07,ASG,Assigned,Seattle Mariners sent RHP Diego Castillo on a rehab assignment to Everett AquaSox.,650895.0,Diego Castillo,/api/v1/people/650895,403,Everett AquaSox,/api/v1/teams/403,136.0,Seattle Mariners,/api/v1/teams/136
644158,2022-08-07,2022-08-07,,RTN,Returned,LHP Brennan Bernardino returned to Tacoma Rainiers from Seattle Mariners.,657514.0,Brennan Bernardino,/api/v1/people/657514,529,Tacoma Rainiers,/api/v1/teams/529,136.0,Seattle Mariners,/api/v1/teams/136
644164,2022-08-07,2022-08-07,,CLW,Claimed Off Waivers,Pittsburgh Pirates claimed 3B Kevin Padlo off waivers from Seattle Mariners.,656821.0,Kevin Padlo,/api/v1/people/656821,134,Pittsburgh Pirates,/api/v1/teams/134,136.0,Seattle Mariners,/api/v1/teams/136
645076,2022-08-09,2022-08-09,2022-08-09,ASG,Assigned,Seattle Mariners sent 1B Evan White on a rehab assignment to Tacoma Rainiers.,657108.0,Evan White,/api/v1/people/657108,529,Tacoma Rainiers,/api/v1/teams/529,136.0,Seattle Mariners,/api/v1/teams/136
639214,2022-08-09,2022-07-22,2022-07-22,SC,Status Change,Seattle Mariners activated CF Kyle Lewis from the 7-day injured list.,641786.0,Kyle Lewis,/api/v1/people/641786,136,Seattle Mariners,/api/v1/teams/136,,,
645053,2022-08-09,2022-08-09,2022-08-09,SC,Status Change,Seattle Mariners placed LHP Ryan Borucki on the 15-day injured list. Left flexor strain.,621366.0,Ryan Borucki,/api/v1/people/621366,136,Seattle Mariners,/api/v1/teams/136,,,
645077,2022-08-09,2022-08-09,2022-08-09,SFA,Signed as Free Agent,Seattle Mariners signed free agent LHP Anthony Banda to a minor league contract.,607455.0,Anthony Banda,/api/v1/people/607455,136,Seattle Mariners,/api/v1/teams/136,,,
645074,2022-08-09,2022-08-09,2022-08-09,ASG,Assigned,Seattle Mariners sent RHP Ken Giles on a rehab assignment to Tacoma Rainiers.,571704.0,Ken Giles,/api/v1/people/571704,529,Tacoma Rainiers,/api/v1/teams/529,136.0,Seattle Mariners,/api/v1/teams/136
645075,2022-08-09,2022-08-09,2022-08-09,ASG,Assigned,Seattle Mariners sent 1B Evan White on a rehab assignment to Tacoma Rainiers.,657108.0,Evan White,/api/v1/people/657108,529,Tacoma Rainiers,/api/v1/teams/529,136.0,Seattle Mariners,/api/v1/teams/136
645049,2022-08-09,2022-08-09,,CU,Recalled,Seattle Mariners recalled LHP Brennan Bernardino from Tacoma Rainiers.,657514.0,Brennan Bernardino,/api/v1/people/657514,136,Seattle Mariners,/api/v1/teams/136,529.0,Tacoma Rainiers,/api/v1/teams/529
645399,2022-08-10,2022-08-10,2022-08-10,SC,Status Change,Seattle Mariners activated RHP Diego Castillo from the 15-day injured list.,,,,136,Seattle Mariners,/api/v1/teams/136,,,
641589,2022-08-10,2022-08-10,2022-08-10,CU,Recalled,Seattle Mariners recalled OF Jarred Kelenic and  from Tacoma Rainiers.,,,,136,Seattle Mariners,/api/v1/teams/136,,,
645398,2022-08-10,2022-08-10,2022-08-10,SC,Status Change,Seattle Mariners activated 1B Dylan Moore from the 10-day injured list.,664238.0,Dylan Moore,/api/v1/people/664238,136,Seattle Mariners,/api/v1/teams/136,,,
645473,2022-08-10,2022-08-10,2022-08-10,REL,Released,Seattle Mariners released CF Travis Jankowski.,608671.0,Travis Jankowski,/api/v1/people/608671,136,Seattle Mariners,/api/v1/teams/136,,,
645396,2022-08-10,2022-08-10,,OPT,Optioned,Seattle Mariners optioned CF Kyle Lewis to Tacoma Rainiers.,641786.0,Kyle Lewis,/api/v1/people/641786,529,Tacoma Rainiers,/api/v1/teams/529,136.0,Seattle Mariners,/api/v1/teams/136
645397,2022-08-10,2022-08-10,,OPT,Optioned,Seattle Mariners optioned LHP Brennan Bernardino to Tacoma Rainiers.,657514.0,Brennan Bernardino,/api/v1/people/657514,529,Tacoma Rainiers,/api/v1/teams/529,136.0,Seattle Mariners,/api/v1/teams/136
645770,2022-08-11,2022-08-11,2022-08-11,SC,Status Change,Seattle Mariners activated C Curt Casali from the 10-day injured list.,592200.0,Curt Casali,/api/v1/people/592200,136,Seattle Mariners,/api/v1/teams/136,,,
645767,2022-08-11,2022-08-11,2022-08-11,DES,Designated for Assignment,Seattle Mariners designated C Luis Torrens for assignment.,620443.0,Luis Torrens,/api/v1/people/620443,136,Seattle Mariners,/api/v1/teams/136,,,
645768,2022-08-11,2022-08-11,2022-08-11,SC,Status Change,Seattle Mariners activated OF Julio Rodriguez from the 10-day injured list.,677594.0,Julio Rodríguez,/api/v1/people/677594,136,Seattle Mariners,/api/v1/teams/136,,,
645765,2022-08-11,2022-08-11,,OPT,Optioned,Seattle Mariners optioned OF Jarred Kelenic to Tacoma Rainiers.,672284.0,Jarred Kelenic,/api/v1/people/672284,529,Tacoma Rainiers,/api/v1/teams/529,136.0,Seattle Mariners,/api/v1/teams/136
650035,2022-08-12,2022-08-12,2022-08-12,SC,Status Change,Seattle Mariners reassigned LF Taylor Trammell to the minor leagues.,666211.0,Taylor Trammell,/api/v1/people/666211,136,Seattle Mariners,/api/v1/teams/136,,,
645996,2022-08-12,2022-08-12,2022-08-12,DES,Designated for Assignment,Seattle Mariners designated RHP Ken Giles for assignment.,571704.0,Ken Giles,/api/v1/people/571704,136,Seattle Mariners,/api/v1/teams/136,,,
650036,2022-08-12,2022-08-12,2022-08-12,SC,Status Change,Seattle Mariners reassigned LF Taylor Trammell to the minor leagues.,666211.0,Taylor Trammell,/api/v1/people/666211,136,Seattle Mariners,/api/v1/teams/136,,,
646173,2022-08-13,2022-08-13,2022-08-13,SC,Status Change,Seattle Mariners activated LF Taylor Trammell from the 10-day injured list.,666211.0,Taylor Trammell,/api/v1/people/666211,136,Seattle Mariners,/api/v1/teams/136,,,
650005,2022-08-13,2022-08-13,2022-08-13,ASG,Assigned,Seattle Mariners sent LHP Matthew Boyd on a rehab assignment to Tacoma Rainiers.,571510.0,Matthew Boyd,/api/v1/people/571510,529,Tacoma Rainiers,/api/v1/teams/529,136.0,Seattle Mariners,/api/v1/teams/136
646197,2022-08-13,2022-08-13,2022-08-13,ASG,Assigned,Seattle Mariners sent LHP Matthew Boyd on a rehab assignment to Tacoma Rainiers.,571510.0,Matthew Boyd,/api/v1/people/571510,529,Tacoma Rainiers,/api/v1/teams/529,136.0,Seattle Mariners,/api/v1/teams/136
650037,2022-08-13,2022-08-13,2022-08-13,SC,Status Change,Seattle Mariners reassigned LF Taylor Trammell to the minor leagues.,666211.0,Taylor Trammell,/api/v1/people/666211,136,Seattle Mariners,/api/v1/teams/136,,,
646174,2022-08-13,2022-08-13,,OPT,Optioned,Seattle Mariners optioned LF Taylor Trammell to Tacoma Rainiers.,666211.0,Taylor Trammell,/api/v1/people/666211,529,Tacoma Rainiers,/api/v1/teams/529,136.0,Seattle Mariners,/api/v1/teams/136
646357,2022-08-14,2022-08-14,2022-08-14,REL,Released,Seattle Mariners released RHP Ken Giles.,571704.0,Ken Giles,/api/v1/people/571704,136,Seattle Mariners,/api/v1/teams/136,,,
646359,2022-08-14,2022-08-14,,OUT,Outrighted,Seattle Mariners sent C Luis Torrens outright to Tacoma Rainiers.,620443.0,Luis Torrens,/api/v1/people/620443,529,Tacoma Rainiers,/api/v1/teams/529,136.0,Seattle Mariners,/api/v1/teams/136
647642,2022-08-19,2022-08-19,2022-08-19,SFA,Signed as Free Agent,Seattle Mariners signed free agent LHP Tommy Milone to a minor league contract.,543548.0,Tommy Milone,/api/v1/people/543548,136,Seattle Mariners,/api/v1/teams/136,,,
649361,2022-08-29,2022-08-29,2022-08-29,SC,Status Change,Seattle Mariners activated 1B Evan White from the 60-day injured list.,657108.0,Evan White,/api/v1/people/657108,136,Seattle Mariners,/api/v1/teams/136,,,
649362,2022-08-29,2022-08-29,,OPT,Optioned,Seattle Mariners optioned 1B Evan White to Tacoma Rainiers.,657108.0,Evan White,/api/v1/people/657108,529,Tacoma Rainiers,/api/v1/teams/529,136.0,Seattle Mariners,/api/v1/teams/136
649620,2022-08-30,2022-08-29,2022-08-29,SC,Status Change,"Seattle Mariners placed 1B Dylan Moore on the 10-day injured list retroactive to August 29, 2022. Right oblique strain.",664238.0,Dylan Moore,/api/v1/people/664238,136,Seattle Mariners,/api/v1/teams/136,,,
649618,2022-08-30,2022-08-30,,CU,Recalled,Seattle Mariners recalled 3B Abraham Toro from Tacoma Rainiers.,647351.0,Abraham Toro,/api/v1/people/647351,136,Seattle Mariners,/api/v1/teams/136,529.0,Tacoma Rainiers,/api/v1/teams/529
663205,2022-09-01,2022-09-01,2022-09-01,SFA,Signed as Free Agent,Seattle Mariners signed free agent LHP Matthew Boyd.,571510.0,Matthew Boyd,/api/v1/people/571510,136,Seattle Mariners,/api/v1/teams/136,,,
650006,2022-09-01,2022-09-01,2022-09-01,SC,Status Change,Seattle Mariners activated LHP Matthew Boyd from the 60-day injured list.,571510.0,Matthew Boyd,/api/v1/people/571510,136,Seattle Mariners,/api/v1/teams/136,,,
650004,2022-09-01,2022-09-01,,CU,Recalled,Seattle Mariners recalled LF Taylor Trammell from Tacoma Rainiers.,666211.0,Taylor Trammell,/api/v1/people/666211,136,Seattle Mariners,/api/v1/teams/136,529.0,Tacoma Rainiers,/api/v1/teams/529
652737,2022-09-16,2022-09-16,2022-09-16,ASG,Assigned,Seattle Mariners sent 1B Dylan Moore on a rehab assignment to Tacoma Rainiers.,664238.0,Dylan Moore,/api/v1/people/664238,529,Tacoma Rainiers,/api/v1/teams/529,136.0,Seattle Mariners,/api/v1/teams/136
652922,2022-09-17,2022-09-17,2022-09-17,SC,Status Change,Seattle Mariners activated 1B Dylan Moore from the 10-day injured list.,664238.0,Dylan Moore,/api/v1/people/664238,136,Seattle Mariners,/api/v1/teams/136,,,
652923,2022-09-17,2022-09-17,2022-09-17,SC,Status Change,Seattle Mariners placed 3B Eugenio Suarez on the 10-day injured list. Right index finger fracture.,553993.0,Eugenio Suárez,/api/v1/people/553993,136,Seattle Mariners,/api/v1/teams/136,,,
653324,2022-09-21,2022-09-21,2022-09-21,CU,Recalled,"Seattle Mariners recalled OF Jarred Kelenic, , ,  and  from Tacoma Rainiers.",,,,136,Seattle Mariners,/api/v1/teams/136,,,
653326,2022-09-21,2022-09-21,2022-09-21,DES,Designated for Assignment,Seattle Mariners designated 3B Jake Lamb for assignment.,571875.0,Jake Lamb,/api/v1/people/571875,136,Seattle Mariners,/api/v1/teams/136,,,
653327,2022-09-21,2022-09-21,,SE,Selected,Seattle Mariners selected the contract of C Luis Torrens from Tacoma Rainiers.,620443.0,Luis Torrens,/api/v1/people/620443,136,Seattle Mariners,/api/v1/teams/136,529.0,Tacoma Rainiers,/api/v1/teams/529
653325,2022-09-21,2022-09-21,,OPT,Optioned,Seattle Mariners optioned LF Taylor Trammell to Tacoma Rainiers.,666211.0,Taylor Trammell,/api/v1/people/666211,529,Tacoma Rainiers,/api/v1/teams/529,136.0,Seattle Mariners,/api/v1/teams/136
653522,2022-09-23,2022-09-23,2022-09-23,SC,Status Change,Seattle Mariners placed OF Julio Rodriguez on the 10-day injured list. Lower back strain.,677594.0,Julio Rodríguez,/api/v1/people/677594,136,Seattle Mariners,/api/v1/teams/136,,,
653521,2022-09-23,2022-09-23,,CU,Recalled,Seattle Mariners recalled LF Taylor Trammell from Tacoma Rainiers.,666211.0,Taylor Trammell,/api/v1/people/666211,136,Seattle Mariners,/api/v1/teams/136,529.0,Tacoma Rainiers,/api/v1/teams/529
653747,2022-09-24,2022-09-24,2022-09-24,REL,Released,Seattle Mariners released 3B Jake Lamb.,571875.0,Jake Lamb,/api/v1/people/571875,136,Seattle Mariners,/api/v1/teams/136,,,
654059,2022-09-27,2022-09-27,2022-09-27,SC,Status Change,Seattle Mariners activated 3B Eugenio Suárez from the 10-day injured list.,553993.0,Eugenio Suárez,/api/v1/people/553993,136,Seattle Mariners,/api/v1/teams/136,,,
654060,2022-09-27,2022-09-27,,OPT,Optioned,Seattle Mariners optioned LF Taylor Trammell to Tacoma Rainiers.,666211.0,Taylor Trammell,/api/v1/people/666211,529,Tacoma Rainiers,/api/v1/teams/529,136.0,Seattle Mariners,/api/v1/teams/136
654383,2022-09-30,2022-09-30,2022-09-30,SC,Status Change,Seattle Mariners placed C Curt Casali on the paternity list.,592200.0,Curt Casali,/api/v1/people/592200,136,Seattle Mariners,/api/v1/teams/136,,,
654384,2022-09-30,2022-09-30,2022-09-30,DES,Designated for Assignment,Seattle Mariners designated RHP Phillips Valdez for assignment.,570488.0,Phillips Valdez,/api/v1/people/570488,136,Seattle Mariners,/api/v1/teams/136,,,
654385,2022-09-30,2022-09-30,,SE,Selected,Seattle Mariners selected the contract of C Brian O'Keefe from Tacoma Rainiers.,657247.0,Brian O'Keefe,/api/v1/people/657247,136,Seattle Mariners,/api/v1/teams/136,529.0,Tacoma Rainiers,/api/v1/teams/529
789111,2022-10-03,2024-07-23,2024-07-23,SC,Status Change,Seattle Mariners placed OF Julio Rodríguez on the 10-day injured list. Ankle sprain.,677594.0,Julio Rodríguez,/api/v1/people/677594,136,Seattle Mariners,/api/v1/teams/136,,,
654516,2022-10-03,2022-10-03,2022-10-03,SC,Status Change,Seattle Mariners activated C Curt Casali from the paternity list.,592200.0,Curt Casali,/api/v1/people/592200,136,Seattle Mariners,/api/v1/teams/136,,,
654515,2022-10-03,2022-10-03,2022-10-03,SC,Status Change,Seattle Mariners activated OF Julio Rodríguez from the 10-day injured list.,677594.0,Julio Rodríguez,/api/v1/people/677594,136,Seattle Mariners,/api/v1/teams/136,,,
654518,2022-10-03,2022-10-03,,OPT,Optioned,Seattle Mariners optioned C Brian O'Keefe to Tacoma Rainiers.,657247.0,Brian O'Keefe,/api/v1/people/657247,529,Tacoma Rainiers,/api/v1/teams/529,136.0,Seattle Mariners,/api/v1/teams/136
654517,2022-10-03,2022-10-03,,OPT,Optioned,Seattle Mariners optioned 3B Abraham Toro to Tacoma Rainiers.,647351.0,Abraham Toro,/api/v1/people/647351,529,Tacoma Rainiers,/api/v1/teams/529,136.0,Seattle Mariners,/api/v1/teams/136
654519,2022-10-03,2022-10-03,,OUT,Outrighted,Seattle Mariners sent RHP Phillips Valdez outright to Tacoma Rainiers.,570488.0,Phillips Valdez,/api/v1/people/570488,529,Tacoma Rainiers,/api/v1/teams/529,136.0,Seattle Mariners,/api/v1/teams/136
654611,2022-10-04,2022-10-04,2022-10-04,SC,Status Change,Seattle Mariners activated LHP Justus Sheffield.,656954.0,Justus Sheffield,/api/v1/people/656954,136,Seattle Mariners,/api/v1/teams/136,,,
654550,2022-10-04,2022-10-04,2022-10-04,SC,Status Change,Seattle Mariners placed 2B Sam Haggerty on the 10-day injured list. Left groin strain.,664059.0,Sam Haggerty,/api/v1/people/664059,136,Seattle Mariners,/api/v1/teams/136,,,
654610,2022-10-04,2022-10-04,2022-10-04,SC,Status Change,LHP Justus Sheffield roster status changed by Seattle Mariners.,656954.0,Justus Sheffield,/api/v1/people/656954,136,Seattle Mariners,/api/v1/teams/136,,,
654548,2022-10-04,2022-10-04,,CU,Recalled,Seattle Mariners recalled 3B Abraham Toro from Tacoma Rainiers.,647351.0,Abraham Toro,/api/v1/people/647351,136,Seattle Mariners,/api/v1/teams/136,529.0,Tacoma Rainiers,/api/v1/teams/529
654549,2022-10-04,2022-10-04,,CU,Recalled,Seattle Mariners recalled LHP Justus Sheffield from Tacoma Rainiers.,656954.0,Justus Sheffield,/api/v1/people/656954,136,Seattle Mariners,/api/v1/teams/136,529.0,Tacoma Rainiers,/api/v1/teams/529
654607,2022-10-05,2022-10-03,2022-10-03,SC,Status Change,"Seattle Mariners placed LF Jesse Winker on the 10-day injured list retroactive to October 3, 2022. Cervical disc bulge.",608385.0,Jesse Winker,/api/v1/people/608385,136,Seattle Mariners,/api/v1/teams/136,,,
654612,2022-10-05,2022-10-05,2022-10-05,SC,Status Change,Seattle Mariners reassigned LHP Justus Sheffield to the minor leagues.,656954.0,Justus Sheffield,/api/v1/people/656954,136,Seattle Mariners,/api/v1/teams/136,,,
654606,2022-10-05,2022-10-05,,CU,Recalled,Seattle Mariners recalled LF Taylor Trammell from Tacoma Rainiers.,666211.0,Taylor Trammell,/api/v1/people/666211,136,Seattle Mariners,/api/v1/teams/136,529.0,Tacoma Rainiers,/api/v1/teams/529
654609,2022-10-05,2022-10-05,,RTN,Returned,LHP Justus Sheffield returned to Tacoma Rainiers from Seattle Mariners.,656954.0,Justus Sheffield,/api/v1/people/656954,529,Tacoma Rainiers,/api/v1/teams/529,136.0,Seattle Mariners,/api/v1/teams/136
654995,2022-10-06,2022-10-06,2022-10-06,SC,Status Change,Seattle Mariners activated LHP Ryan Borucki from the 15-day injured list.,621366.0,Ryan Borucki,/api/v1/people/621366,136,Seattle Mariners,/api/v1/teams/136,,,
654992,2022-10-06,2022-10-06,,CU,Recalled,Seattle Mariners recalled LHP Brennan Bernardino from Tacoma Rainiers.,657514.0,Brennan Bernardino,/api/v1/people/657514,136,Seattle Mariners,/api/v1/teams/136,529.0,Tacoma Rainiers,/api/v1/teams/529
654989,2022-10-06,2022-10-06,,CU,Recalled,Seattle Mariners recalled LHP Justus Sheffield from Tacoma Rainiers.,656954.0,Justus Sheffield,/api/v1/people/656954,136,Seattle Mariners,/api/v1/teams/136,529.0,Tacoma Rainiers,/api/v1/teams/529
654988,2022-10-06,2022-10-06,,CU,Recalled,Seattle Mariners recalled OF Alberto Rodriguez from Everett AquaSox.,679754.0,Alberto Rodriguez,/api/v1/people/679754,136,Seattle Mariners,/api/v1/teams/136,403.0,Everett AquaSox,/api/v1/teams/403
654993,2022-10-06,2022-10-06,,CU,Recalled,Seattle Mariners recalled CF Kyle Lewis from Tacoma Rainiers.,641786.0,Kyle Lewis,/api/v1/people/641786,136,Seattle Mariners,/api/v1/teams/136,529.0,Tacoma Rainiers,/api/v1/teams/529
655980,2022-10-06,2022-10-06,,CU,Recalled,Seattle Mariners recalled C Brian O'Keefe from Tacoma Rainiers.,657247.0,Brian O'Keefe,/api/v1/people/657247,136,Seattle Mariners,/api/v1/teams/136,529.0,Tacoma Rainiers,/api/v1/teams/529
654991,2022-10-06,2022-10-06,,CU,Recalled,Seattle Mariners recalled 1B Evan White from Tacoma Rainiers.,657108.0,Evan White,/api/v1/people/657108,136,Seattle Mariners,/api/v1/teams/136,529.0,Tacoma Rainiers,/api/v1/teams/529
654994,2022-10-06,2022-10-06,,CU,Recalled,Seattle Mariners recalled CF Derek Hill from Tacoma Rainiers.,656537.0,Derek Hill,/api/v1/people/656537,136,Seattle Mariners,/api/v1/teams/136,529.0,Tacoma Rainiers,/api/v1/teams/529
654990,2022-10-06,2022-10-06,,CU,Recalled,Seattle Mariners recalled RHP Juan Then from Arkansas Travelers.,672730.0,Juan Then,/api/v1/people/672730,136,Seattle Mariners,/api/v1/teams/136,574.0,Arkansas Travelers,/api/v1/teams/574
654987,2022-10-06,2022-10-06,,CU,Recalled,Seattle Mariners recalled 3B Drew Ellis from Tacoma Rainiers.,656403.0,Drew Ellis,/api/v1/people/656403,136,Seattle Mariners,/api/v1/teams/136,529.0,Tacoma Rainiers,/api/v1/teams/529
655293,2022-10-07,2022-10-07,2022-10-07,SC,Status Change,Seattle Mariners reassigned CF Derek Hill to the minor leagues.,656537.0,Derek Hill,/api/v1/people/656537,136,Seattle Mariners,/api/v1/teams/136,,,
655290,2022-10-07,2022-10-07,2022-10-07,SC,Status Change,Seattle Mariners reassigned RHP Juan Then to the minor leagues.,672730.0,Juan Then,/api/v1/people/672730,136,Seattle Mariners,/api/v1/teams/136,,,
655288,2022-10-07,2022-10-07,2022-10-07,SC,Status Change,Seattle Mariners reassigned LHP Marco Gonzales to the minor leagues.,594835.0,Marco Gonzales,/api/v1/people/594835,136,Seattle Mariners,/api/v1/teams/136,,,
655289,2022-10-07,2022-10-07,2022-10-07,SC,Status Change,Seattle Mariners reassigned LHP Justus Sheffield to the minor leagues.,656954.0,Justus Sheffield,/api/v1/people/656954,136,Seattle Mariners,/api/v1/teams/136,,,
655294,2022-10-07,2022-10-07,2022-10-07,SC,Status Change,Seattle Mariners reassigned OF Alberto Rodriguez to the minor leagues.,679754.0,Alberto Rodriguez,/api/v1/people/679754,136,Seattle Mariners,/api/v1/teams/136,,,
655291,2022-10-07,2022-10-07,2022-10-07,SC,Status Change,Seattle Mariners reassigned 3B Drew Ellis to the minor leagues.,656403.0,Drew Ellis,/api/v1/people/656403,136,Seattle Mariners,/api/v1/teams/136,,,
655285,2022-10-07,2022-10-07,2022-10-07,SC,Status Change,Seattle Mariners reassigned LHP Brennan Bernardino to the minor leagues.,657514.0,Brennan Bernardino,/api/v1/people/657514,136,Seattle Mariners,/api/v1/teams/136,,,
655295,2022-10-07,2022-10-07,2022-10-07,SC,Status Change,Seattle Mariners reassigned CF Kyle Lewis to the minor leagues.,641786.0,Kyle Lewis,/api/v1/people/641786,136,Seattle Mariners,/api/v1/teams/136,,,
655292,2022-10-07,2022-10-07,2022-10-07,SC,Status Change,Seattle Mariners reassigned 1B Evan White to the minor leagues.,657108.0,Evan White,/api/v1/people/657108,136,Seattle Mariners,/api/v1/teams/136,,,
655286,2022-10-07,2022-10-07,2022-10-07,SC,Status Change,Seattle Mariners reassigned LHP Ryan Borucki to the minor leagues.,621366.0,Ryan Borucki,/api/v1/people/621366,136,Seattle Mariners,/api/v1/teams/136,,,
655981,2022-10-07,2022-10-07,2022-10-07,SC,Status Change,Seattle Mariners reassigned C Brian O'Keefe to the minor leagues.,657247.0,Brian O'Keefe,/api/v1/people/657247,136,Seattle Mariners,/api/v1/teams/136,,,
655287,2022-10-07,2022-10-07,2022-10-07,SC,Status Change,Seattle Mariners reassigned RHP Chris Flexen to the minor leagues.,623167.0,Chris Flexen,/api/v1/people/623167,136,Seattle Mariners,/api/v1/teams/136,,,
655652,2022-10-11,2022-10-11,2022-10-11,SC,Status Change,LHP Marco Gonzales roster status changed by Seattle Mariners.,594835.0,Marco Gonzales,/api/v1/people/594835,136,Seattle Mariners,/api/v1/teams/136,,,
655650,2022-10-11,2022-10-11,2022-10-11,SC,Status Change,LHP Brennan Bernardino roster status changed by Seattle Mariners.,657514.0,Brennan Bernardino,/api/v1/people/657514,136,Seattle Mariners,/api/v1/teams/136,,,
655651,2022-10-11,2022-10-11,2022-10-11,SC,Status Change,RHP Chris Flexen roster status changed by Seattle Mariners.,623167.0,Chris Flexen,/api/v1/people/623167,136,Seattle Mariners,/api/v1/teams/136,,,
657417,2022-10-16,2022-10-16,2022-10-16,SC,Status Change,Seattle Mariners activated C Brian O'Keefe.,657247.0,Brian O'Keefe,/api/v1/people/657247,136,Seattle Mariners,/api/v1/teams/136,,,
657425,2022-10-16,2022-10-16,2022-10-16,SC,Status Change,Seattle Mariners activated CF Kyle Lewis.,641786.0,Kyle Lewis,/api/v1/people/641786,136,Seattle Mariners,/api/v1/teams/136,,,
657424,2022-10-16,2022-10-16,2022-10-16,SC,Status Change,Seattle Mariners activated LHP Justus Sheffield.,656954.0,Justus Sheffield,/api/v1/people/656954,136,Seattle Mariners,/api/v1/teams/136,,,
657422,2022-10-16,2022-10-16,2022-10-16,SC,Status Change,Seattle Mariners activated LHP Ryan Borucki.,621366.0,Ryan Borucki,/api/v1/people/621366,136,Seattle Mariners,/api/v1/teams/136,,,
657421,2022-10-16,2022-10-16,2022-10-16,SC,Status Change,Seattle Mariners activated LHP Marco Gonzales.,594835.0,Marco Gonzales,/api/v1/people/594835,136,Seattle Mariners,/api/v1/teams/136,,,
657420,2022-10-16,2022-10-16,2022-10-16,SC,Status Change,Seattle Mariners activated RHP Chris Flexen.,,,,136,Seattle Mariners,/api/v1/teams/136,,,
657423,2022-10-16,2022-10-16,2022-10-16,SC,Status Change,Seattle Mariners activated OF Alberto Rodriguez.,679754.0,Alberto Rodriguez,/api/v1/people/679754,136,Seattle Mariners,/api/v1/teams/136,,,
657427,2022-10-16,2022-10-16,2022-10-16,SC,Status Change,Seattle Mariners activated RHP Juan Then.,672730.0,Juan Then,/api/v1/people/672730,136,Seattle Mariners,/api/v1/teams/136,,,
657419,2022-10-16,2022-10-16,2022-10-16,SC,Status Change,Seattle Mariners activated LHP Brennan Bernardino.,657514.0,Brennan Bernardino,/api/v1/people/657514,136,Seattle Mariners,/api/v1/teams/136,,,
657418,2022-10-16,2022-10-16,2022-10-16,SC,Status Change,Seattle Mariners activated 1B Evan White.,657108.0,Evan White,/api/v1/people/657108,136,Seattle Mariners,/api/v1/teams/136,,,
657426,2022-10-16,2022-10-16,2022-10-16,SC,Status Change,Seattle Mariners activated 3B Drew Ellis.,656403.0,Drew Ellis,/api/v1/people/656403,136,Seattle Mariners,/api/v1/teams/136,,,
656399,2022-10-17,2022-10-17,2022-10-17,SC,Status Change,Seattle Mariners activated 2B Sam Haggerty from the 10-day injured list.,,,,136,Seattle Mariners,/api/v1/teams/136,,,
656400,2022-10-17,2022-10-17,2022-10-17,SC,Status Change,Seattle Mariners activated LF Jesse Winker from the 10-day injured list.,608385.0,Jesse Winker,/api/v1/people/608385,136,Seattle Mariners,/api/v1/teams/136,,,
657082,2022-10-26,2022-10-26,2022-10-26,SC,Status Change,Seattle Mariners activated RHP Luis Castillo.,622491.0,Luis Castillo,/api/v1/people/622491,136,Seattle Mariners,/api/v1/teams/136,,,
657108,2022-10-26,2022-10-26,2022-10-26,DES,Designated for Assignment,Seattle Mariners designated CF Derek Hill for assignment.,656537.0,Derek Hill,/api/v1/people/656537,136,Seattle Mariners,/api/v1/teams/136,,,
657106,2022-10-26,2022-10-26,,CLW,Claimed Off Waivers,Seattle Mariners claimed RHP Luke Weaver off waivers from Kansas City Royals.,596133.0,Luke Weaver,/api/v1/people/596133,136,Seattle Mariners,/api/v1/teams/136,118.0,Kansas City Royals,/api/v1/teams/118
657183,2022-10-28,2022-10-28,,OUT,Outrighted,Seattle Mariners sent CF Derek Hill outright to Tacoma Rainiers.,656537.0,Derek Hill,/api/v1/people/656537,529,Tacoma Rainiers,/api/v1/teams/529,136.0,Seattle Mariners,/api/v1/teams/136
657728,2022-11-03,2022-11-03,,OUT,Outrighted,Seattle Mariners sent 3B Drew Ellis outright to Tacoma Rainiers.,656403.0,Drew Ellis,/api/v1/people/656403,529,Tacoma Rainiers,/api/v1/teams/529,136.0,Seattle Mariners,/api/v1/teams/136
658255,2022-11-06,2022-11-06,2022-11-06,DFA,Declared Free Agency,C Curt Casali elected free agency.,592200.0,Curt Casali,/api/v1/people/592200,136,Seattle Mariners,/api/v1/teams/136,,,
658187,2022-11-06,2022-11-06,2022-11-06,DFA,Declared Free Agency,LHP Matthew Boyd elected free agency.,571510.0,Matthew Boyd,/api/v1/people/571510,136,Seattle Mariners,/api/v1/teams/136,,,
658210,2022-11-06,2022-11-06,2022-11-06,DFA,Declared Free Agency,RF Mitch Haniger elected free agency.,571745.0,Mitch Haniger,/api/v1/people/571745,136,Seattle Mariners,/api/v1/teams/136,,,
658241,2022-11-06,2022-11-06,2022-11-06,DFA,Declared Free Agency,1B Carlos Santana elected free agency.,467793.0,Carlos Santana,/api/v1/people/467793,136,Seattle Mariners,/api/v1/teams/136,,,
658240,2022-11-06,2022-11-06,2022-11-06,DFA,Declared Free Agency,2B Adam Frazier elected free agency.,624428.0,Adam Frazier,/api/v1/people/624428,136,Seattle Mariners,/api/v1/teams/136,,,
658687,2022-11-09,2022-11-09,2022-11-09,DFA,Declared Free Agency,LHP Ryan Borucki elected free agency.,621366.0,Ryan Borucki,/api/v1/people/621366,136,Seattle Mariners,/api/v1/teams/136,,,
662457,2022-11-09,2022-11-09,2022-11-09,SC,Status Change,Seattle Mariners activated C Tom Murphy from the 60-day injured list.,,,,136,Seattle Mariners,/api/v1/teams/136,,,
658686,2022-11-09,2022-11-09,2022-11-09,DFA,Declared Free Agency,RHP Casey Sadler elected free agency.,594987.0,Casey Sadler,/api/v1/people/594987,136,Seattle Mariners,/api/v1/teams/136,,,
658690,2022-11-09,2022-11-09,,OUT,Outrighted,Seattle Mariners sent RHP Casey Sadler outright to Tacoma Rainiers.,594987.0,Casey Sadler,/api/v1/people/594987,529,Tacoma Rainiers,/api/v1/teams/529,136.0,Seattle Mariners,/api/v1/teams/136
658692,2022-11-09,2022-11-09,,OUT,Outrighted,Seattle Mariners sent LHP Ryan Borucki outright to Tacoma Rainiers.,621366.0,Ryan Borucki,/api/v1/people/621366,529,Tacoma Rainiers,/api/v1/teams/529,136.0,Seattle Mariners,/api/v1/teams/136
658688,2022-11-09,2022-11-09,,CLW,Claimed Off Waivers,Seattle Mariners claimed LHP Gabe Speier off waivers from Kansas City Royals.,642100.0,Gabe Speier,/api/v1/people/642100,136,Seattle Mariners,/api/v1/teams/136,118.0,Kansas City Royals,/api/v1/teams/118
658685,2022-11-09,2022-11-09,,TR,Trade,Boston Red Sox traded RHP Easton McGee to Seattle Mariners for cash.,,,,111,Boston Red Sox,/api/v1/teams/111,136.0,Seattle Mariners,/api/v1/teams/136
679253,2022-11-14,2022-11-14,2022-11-14,SC,Status Change,Seattle Mariners activated OF Jonatan Clase.,682729.0,Jonatan Clase,/api/v1/people/682729,136,Seattle Mariners,/api/v1/teams/136,,,
660447,2022-11-14,2022-11-14,,SE,Selected,Seattle Mariners selected the contract of LF Cade Marlowe from Tacoma Rainiers.,687799.0,Cade Marlowe,/api/v1/people/687799,136,Seattle Mariners,/api/v1/teams/136,529.0,Tacoma Rainiers,/api/v1/teams/529
660448,2022-11-14,2022-11-14,,SE,Selected,Seattle Mariners selected the contract of OF Jonatan Clase from Modesto Nuts.,682729.0,Jonatan Clase,/api/v1/people/682729,136,Seattle Mariners,/api/v1/teams/136,515.0,Modesto Roadsters,/api/v1/teams/515
660450,2022-11-14,2022-11-14,,SE,Selected,Seattle Mariners selected the contract of RHP Prelander Berroa from Arkansas Travelers.,672860.0,Prelander Berroa,/api/v1/people/672860,136,Seattle Mariners,/api/v1/teams/136,574.0,Arkansas Travelers,/api/v1/teams/574
684685,2022-11-16,2022-11-16,2022-11-16,SC,Status Change,Seattle Mariners activated LF Teoscar Hernández.,606192.0,Teoscar Hernández,/api/v1/people/606192,136,Seattle Mariners,/api/v1/teams/136,,,
684958,2022-11-16,2022-11-16,2022-11-16,SC,Status Change,Seattle Mariners activated LF Teoscar Hernández.,606192.0,Teoscar Hernández,/api/v1/people/606192,136,Seattle Mariners,/api/v1/teams/136,,,
660456,2022-11-16,2022-11-16,,TR,Trade,Toronto Blue Jays traded LF Teoscar Hernandez to Seattle Mariners for LHP Adam Macko and RHP Erik Swanson.,671936.0,Adam Macko,/api/v1/people/671936,141,Toronto Blue Jays,/api/v1/teams/141,136.0,Seattle Mariners,/api/v1/teams/136
660950,2022-11-17,2022-11-17,,TR,Trade,Seattle Mariners traded CF Kyle Lewis to Arizona Diamondbacks for C Cooper Hummel.,669450.0,Cooper Hummel,/api/v1/people/669450,136,Seattle Mariners,/api/v1/teams/136,109.0,Arizona Diamondbacks,/api/v1/teams/109
661125,2022-11-18,2022-11-18,2022-11-18,DFA,Declared Free Agency,C Brian O'Keefe elected free agency.,657247.0,Brian O'Keefe,/api/v1/people/657247,136,Seattle Mariners,/api/v1/teams/136,,,
664367,2022-11-18,2022-11-18,2022-11-18,SFA,Signed as Free Agent,Seattle Mariners signed free agent RHP Joseph Yabbour to a minor league contract.,691634.0,Joseph Yabbour,/api/v1/people/691634,136,Seattle Mariners,/api/v1/teams/136,,,
661126,2022-11-18,2022-11-18,2022-11-18,DFA,Declared Free Agency,C Luis Torrens elected free agency.,620443.0,Luis Torrens,/api/v1/people/620443,136,Seattle Mariners,/api/v1/teams/136,,,
661127,2022-11-18,2022-11-18,2022-11-18,DFA,Declared Free Agency,RHP Luke Weaver elected free agency.,596133.0,Luke Weaver,/api/v1/people/596133,136,Seattle Mariners,/api/v1/teams/136,,,
661465,2022-11-22,2022-11-22,,NUM,Number Change,LF Taylor Trammell changed number to 5.,666211.0,Taylor Trammell,/api/v1/people/666211,136,Seattle Mariners,/api/v1/teams/136,,,
661541,2022-11-22,2022-11-22,2022-11-22,SFA,Signed as Free Agent,Seattle Mariners signed free agent RHP Jose Rodriguez to a minor league contract.,642578.0,José Rodríguez,/api/v1/people/642578,136,Seattle Mariners,/api/v1/teams/136,,,
684960,2022-11-30,2022-11-30,2022-11-30,SC,Status Change,Seattle Mariners activated RHP Trevor Gott.,641627.0,Trevor Gott,/api/v1/people/641627,136,Seattle Mariners,/api/v1/teams/136,,,
684686,2022-11-30,2022-11-30,2022-11-30,SC,Status Change,Seattle Mariners activated RHP Trevor Gott.,641627.0,Trevor Gott,/api/v1/people/641627,136,Seattle Mariners,/api/v1/teams/136,,,
662094,2022-11-30,2022-11-30,2022-11-30,SFA,Signed as Free Agent,Seattle Mariners signed free agent RHP Trevor Gott.,641627.0,Trevor Gott,/api/v1/people/641627,136,Seattle Mariners,/api/v1/teams/136,,,
662317,2022-12-01,2022-12-01,2022-12-01,SFA,Signed as Free Agent,Seattle Mariners signed free agent 2B Riley Unroe to a minor league contract.,624523.0,Riley Unroe,/api/v1/people/624523,136,Seattle Mariners,/api/v1/teams/136,,,
684956,2022-12-02,2022-12-02,2022-12-02,SC,Status Change,Seattle Mariners activated 2B Kolten Wong.,543939.0,Kolten Wong,/api/v1/people/543939,136,Seattle Mariners,/api/v1/teams/136,,,
684687,2022-12-02,2022-12-02,2022-12-02,SC,Status Change,Seattle Mariners activated 2B Kolten Wong.,543939.0,Kolten Wong,/api/v1/people/543939,136,Seattle Mariners,/api/v1/teams/136,,,
662366,2022-12-02,2022-12-02,,TR,Trade,Milwaukee Brewers traded 2B Kolten Wong and cash to Seattle Mariners for LF Jesse Winker and 3B Abraham Toro.,647351.0,Abraham Toro,/api/v1/people/647351,158,Milwaukee Brewers,/api/v1/teams/158,136.0,Seattle Mariners,/api/v1/teams/136
662555,2022-12-05,2022-12-05,2022-12-05,SFA,Signed as Free Agent,Seattle Mariners signed free agent LHP Blake Weiman to a minor league contract.,676620.0,Blake Weiman,/api/v1/people/676620,136,Seattle Mariners,/api/v1/teams/136,,,
679134,2022-12-05,2022-12-05,2022-12-05,SC,Status Change,LHP Blake Weiman roster status changed by Seattle Mariners.,676620.0,Blake Weiman,/api/v1/people/676620,136,Seattle Mariners,/api/v1/teams/136,,,
667393,2022-12-05,2022-12-05,2022-12-05,SC,Status Change,LHP Blake Weiman roster status changed by Seattle Mariners.,676620.0,Blake Weiman,/api/v1/people/676620,136,Seattle Mariners,/api/v1/teams/136,,,
662827,2022-12-07,2022-12-07,2022-12-07,ASG,Assigned,RF Frankie Tostado assigned to Seattle Mariners.,676762.0,Frankie Tostado,/api/v1/people/676762,136,Seattle Mariners,/api/v1/teams/136,,,
662687,2022-12-07,2022-12-07,,CLW,Claimed Off Waivers,Seattle Mariners claimed RHP Chris Clarke off waivers from Tennessee Smokies.,669247.0,Chris Clarke,/api/v1/people/669247,136,Seattle Mariners,/api/v1/teams/136,553.0,Knoxville Smokies,/api/v1/teams/553
663373,2022-12-08,2022-12-08,2022-12-08,SFA,Signed as Free Agent,Seattle Mariners signed free agent RHP Michael Flynn to a minor league contract.,663901.0,Michael Flynn,/api/v1/people/663901,136,Seattle Mariners,/api/v1/teams/136,,,
662829,2022-12-08,2022-12-08,,TR,Trade,Seattle Mariners traded RF Frankie Tostado to Washington Nationals.,676762.0,Frankie Tostado,/api/v1/people/676762,120,Washington Nationals,/api/v1/teams/120,136.0,Seattle Mariners,/api/v1/teams/136
663375,2022-12-10,2022-12-10,2022-12-10,SFA,Signed as Free Agent,Seattle Mariners signed free agent LHP Tommy Milone to a minor league contract.,543548.0,Tommy Milone,/api/v1/people/543548,136,Seattle Mariners,/api/v1/teams/136,,,
667387,2022-12-10,2022-12-10,2022-12-10,SC,Status Change,LHP Tommy Milone roster status changed by Seattle Mariners.,543548.0,Tommy Milone,/api/v1/people/543548,136,Seattle Mariners,/api/v1/teams/136,,,
679111,2022-12-10,2022-12-10,2022-12-10,SC,Status Change,LHP Tommy Milone roster status changed by Seattle Mariners.,543548.0,Tommy Milone,/api/v1/people/543548,136,Seattle Mariners,/api/v1/teams/136,,,
663799,2022-12-11,2022-12-11,2022-12-11,SFA,Signed as Free Agent,Seattle Mariners signed free agent RHP Rodney Hutchison to a minor league contract.,663899.0,Rodney Hutchison,/api/v1/people/663899,136,Seattle Mariners,/api/v1/teams/136,,,
663685,2022-12-19,2022-12-19,2022-12-19,SFA,Signed as Free Agent,Seattle Mariners signed free agent RHP Ryder Ryan to a minor league contract.,656924.0,Ryder Ryan,/api/v1/people/656924,136,Seattle Mariners,/api/v1/teams/136,,,
664365,2022-12-21,2022-12-21,2022-12-21,SFA,Signed as Free Agent,Seattle Mariners signed free agent RHP Casey Sadler to a minor league contract.,594987.0,Casey Sadler,/api/v1/people/594987,136,Seattle Mariners,/api/v1/teams/136,,,
667391,2022-12-21,2022-12-21,2022-12-21,SC,Status Change,RHP Casey Sadler roster status changed by Seattle Mariners.,594987.0,Casey Sadler,/api/v1/people/594987,136,Seattle Mariners,/api/v1/teams/136,,,
679054,2022-12-21,2022-12-21,2022-12-21,SC,Status Change,RHP Casey Sadler roster status changed by Seattle Mariners.,594987.0,Casey Sadler,/api/v1/people/594987,136,Seattle Mariners,/api/v1/teams/136,,,
667405,2022-12-22,2022-12-22,2022-12-22,SC,Status Change,C Jacob Nottingham roster status changed by Seattle Mariners.,641924.0,Jacob Nottingham,/api/v1/people/641924,136,Seattle Mariners,/api/v1/teams/136,,,
664360,2022-12-22,2022-12-22,2022-12-22,SFA,Signed as Free Agent,Seattle Mariners signed free agent C Jacob Nottingham to a minor league contract.,641924.0,Jacob Nottingham,/api/v1/people/641924,136,Seattle Mariners,/api/v1/teams/136,,,
679051,2022-12-22,2022-12-22,2022-12-22,SC,Status Change,C Jacob Nottingham roster status changed by Seattle Mariners.,641924.0,Jacob Nottingham,/api/v1/people/641924,136,Seattle Mariners,/api/v1/teams/136,,,
664132,2022-12-23,2022-12-23,2022-12-23,SFA,Signed as Free Agent,Seattle Mariners signed free agent OF Erik Stock to a minor league contract.,693486.0,Erik Stock,/api/v1/people/693486,136,Seattle Mariners,/api/v1/teams/136,,,
679044,2022-12-27,2022-12-27,2022-12-27,SC,Status Change,C Brian O'Keefe roster status changed by Seattle Mariners.,657247.0,Brian O'Keefe,/api/v1/people/657247,136,Seattle Mariners,/api/v1/teams/136,,,
664363,2022-12-27,2022-12-27,2022-12-27,SFA,Signed as Free Agent,Seattle Mariners signed free agent C Brian O'Keefe to a minor league contract.,657247.0,Brian O'Keefe,/api/v1/people/657247,136,Seattle Mariners,/api/v1/teams/136,,,
667407,2022-12-27,2022-12-27,2022-12-27,SC,Status Change,C Brian O'Keefe roster status changed by Seattle Mariners.,657247.0,Brian O'Keefe,/api/v1/people/657247,136,Seattle Mariners,/api/v1/teams/136,,,
664813,2023-01-07,2023-01-07,,TR,Trade,Milwaukee Brewers traded RHP Justin Topa to Seattle Mariners for RHP Joseph Hernandez.,623437.0,Justin Topa,/api/v1/people/623437,136,Seattle Mariners,/api/v1/teams/136,158.0,Milwaukee Brewers,/api/v1/teams/158
665230,2023-01-09,2023-01-09,2023-01-09,SFA,Signed as Free Agent,Seattle Mariners signed free agent 1B Mike Ford to a minor league contract.,645801.0,Mike Ford,/api/v1/people/645801,136,Seattle Mariners,/api/v1/teams/136,,,
666094,2023-01-11,2023-01-11,2023-01-11,SFA,Signed as Free Agent,Seattle Mariners signed free agent 2B Robbie Tenerowicz to a minor league contract.,642134.0,Robbie Tenerowicz,/api/v1/people/642134,136,Seattle Mariners,/api/v1/teams/136,,,
665175,2023-01-12,2023-01-12,2023-01-12,SFA,Signed as Free Agent,Seattle Mariners signed free agent CF AJ Pollock.,572041.0,AJ Pollock,/api/v1/people/572041,136,Seattle Mariners,/api/v1/teams/136,,,
684957,2023-01-12,2023-01-12,2023-01-12,SC,Status Change,Seattle Mariners activated CF AJ Pollock.,572041.0,AJ Pollock,/api/v1/people/572041,136,Seattle Mariners,/api/v1/teams/136,,,
684683,2023-01-12,2023-01-12,2023-01-12,SC,Status Change,Seattle Mariners activated CF AJ Pollock.,572041.0,AJ Pollock,/api/v1/people/572041,136,Seattle Mariners,/api/v1/teams/136,,,
667215,2023-01-15,2023-01-15,2023-01-15,SFA,Signed as Free Agent,Seattle Mariners signed free agent RHP Jeter Martinez to a minor league contract.,807002.0,Jeter Martinez,/api/v1/people/807002,136,Seattle Mariners,/api/v1/teams/136,,,
665632,2023-01-15,2023-01-15,2023-01-15,SFA,Signed as Free Agent,Seattle Mariners signed free agent RHP Ruddy Navarro to a minor league contract.,808160.0,Ruddy Navarro,/api/v1/people/808160,136,Seattle Mariners,/api/v1/teams/136,,,
665544,2023-01-15,2023-01-15,2023-01-15,SFA,Signed as Free Agent,Seattle Mariners signed free agent OF Kelvin Alcantara to a minor league contract.,808083.0,Kelvin Alcantara,/api/v1/people/808083,136,Seattle Mariners,/api/v1/teams/136,,,
665576,2023-01-15,2023-01-15,2023-01-15,SFA,Signed as Free Agent,Seattle Mariners signed free agent RHP Kendal Meza to a minor league contract.,808111.0,Kendal Meza,/api/v1/people/808111,136,Seattle Mariners,/api/v1/teams/136,,,
665530,2023-01-15,2023-01-15,2023-01-15,SFA,Signed as Free Agent,Seattle Mariners signed free agent OF Kay Robles to a minor league contract.,808073.0,Kay Robles,/api/v1/people/808073,136,Seattle Mariners,/api/v1/teams/136,,,
666113,2023-01-15,2023-01-15,2023-01-15,SFA,Signed as Free Agent,Seattle Mariners signed free agent RHP Jose Romero to a minor league contract.,808487.0,Jose Romero,/api/v1/people/808487,136,Seattle Mariners,/api/v1/teams/136,,,
666118,2023-01-15,2023-01-15,2023-01-15,SFA,Signed as Free Agent,Seattle Mariners signed free agent SS Gustavo Beltran to a minor league contract.,808492.0,Gustavo Beltran,/api/v1/people/808492,136,Seattle Mariners,/api/v1/teams/136,,,
666139,2023-01-15,2023-01-15,2023-01-15,SFA,Signed as Free Agent,Seattle Mariners signed free agent SS Alexander Garcia to a minor league contract.,808517.0,Alexander Garcia,/api/v1/people/808517,136,Seattle Mariners,/api/v1/teams/136,,,
666125,2023-01-15,2023-01-15,2023-01-15,SFA,Signed as Free Agent,Seattle Mariners signed free agent OF Jean C. Gutierrez to a minor league contract.,808499.0,Jean C. Gutierrez,/api/v1/people/808499,136,Seattle Mariners,/api/v1/teams/136,,,
665737,2023-01-15,2023-01-15,2023-01-15,SFA,Signed as Free Agent,Seattle Mariners signed free agent SS Felnin Celesten to a minor league contract.,806958.0,Felnin Celesten,/api/v1/people/806958,136,Seattle Mariners,/api/v1/teams/136,,,
665611,2023-01-15,2023-01-15,2023-01-15,SFA,Signed as Free Agent,Seattle Mariners signed free agent C Sebastian De Andrade to a minor league contract.,808143.0,Sebastian De Andrade,/api/v1/people/808143,136,Seattle Mariners,/api/v1/teams/136,,,
665516,2023-01-15,2023-01-15,2023-01-15,SFA,Signed as Free Agent,Seattle Mariners signed free agent 2B Delfry Carrasco to a minor league contract.,808058.0,Delfry Carrasco,/api/v1/people/808058,136,Seattle Mariners,/api/v1/teams/136,,,
666135,2023-01-15,2023-01-15,2023-01-15,SFA,Signed as Free Agent,Seattle Mariners signed free agent RHP Dylan Wilson to a minor league contract.,808511.0,Dylan Wilson,/api/v1/people/808511,136,Seattle Mariners,/api/v1/teams/136,,,
665947,2023-01-17,2023-01-17,2023-01-17,DES,Designated for Assignment,Seattle Mariners designated OF Alberto Rodriguez for assignment.,679754.0,Alberto Rodriguez,/api/v1/people/679754,136,Seattle Mariners,/api/v1/teams/136,,,
665946,2023-01-17,2023-01-17,,CLW,Claimed Off Waivers,Seattle Mariners claimed RHP J.B. Bukauskas off waivers from Arizona Diamondbacks.,656266.0,J.B. Bukauskas,/api/v1/people/656266,136,Seattle Mariners,/api/v1/teams/136,109.0,Arizona Diamondbacks,/api/v1/teams/109
666683,2023-01-18,2023-01-18,2023-01-18,SFA,Signed as Free Agent,Seattle Mariners signed free agent 3B Jason Vosler to a minor league contract.,613564.0,Jason Vosler,/api/v1/people/613564,136,Seattle Mariners,/api/v1/teams/136,,,
679249,2023-01-19,2023-01-19,2023-01-19,SC,Status Change,Seattle Mariners activated 2B Tommy La Stella.,,,,136,Seattle Mariners,/api/v1/teams/136,,,
666271,2023-01-19,2023-01-19,2023-01-19,SFA,Signed as Free Agent,Seattle Mariners signed free agent 2B Tommy La Stella.,600303.0,Tommy La Stella,/api/v1/people/600303,136,Seattle Mariners,/api/v1/teams/136,,,
666270,2023-01-19,2023-01-19,2023-01-19,DES,Designated for Assignment,Seattle Mariners designated LHP Justus Sheffield for assignment.,656954.0,Justus Sheffield,/api/v1/people/656954,136,Seattle Mariners,/api/v1/teams/136,,,
668005,2023-01-20,2023-01-20,2023-01-20,SFA,Signed as Free Agent,Seattle Mariners signed free agent 3B Josh Morgan to a minor league contract.,656766.0,Josh Morgan,/api/v1/people/656766,136,Seattle Mariners,/api/v1/teams/136,,,
677235,2023-01-23,2023-01-23,2023-01-23,SC,Status Change,3B Colin Moran roster status changed by Seattle Mariners.,592567.0,Colin Moran,/api/v1/people/592567,136,Seattle Mariners,/api/v1/teams/136,,,
666528,2023-01-23,2023-01-23,2023-01-23,SFA,Signed as Free Agent,Seattle Mariners signed free agent 3B Colin Moran to a minor league contract and invited him to spring training.,592567.0,Colin Moran,/api/v1/people/592567,136,Seattle Mariners,/api/v1/teams/136,,,
678949,2023-01-23,2023-01-23,2023-01-23,SC,Status Change,OF Alberto Rodriguez roster status changed by Seattle Mariners.,679754.0,Alberto Rodriguez,/api/v1/people/679754,136,Seattle Mariners,/api/v1/teams/136,,,
666685,2023-01-24,2023-01-24,2023-01-24,SFA,Signed as Free Agent,Seattle Mariners signed free agent RHP Connor Prins to a minor league contract.,808629.0,Connor Prins,/api/v1/people/808629,136,Seattle Mariners,/api/v1/teams/136,,,
666613,2023-01-24,2023-01-24,,OUT,Outrighted,Seattle Mariners sent OF Alberto Rodriguez outright to Tacoma Rainiers.,679754.0,Alberto Rodriguez,/api/v1/people/679754,529,Tacoma Rainiers,/api/v1/teams/529,136.0,Seattle Mariners,/api/v1/teams/136
667392,2023-01-25,2023-01-25,2023-01-25,SC,Status Change,LHP Justus Sheffield roster status changed by Seattle Mariners.,656954.0,Justus Sheffield,/api/v1/people/656954,136,Seattle Mariners,/api/v1/teams/136,,,
666804,2023-01-26,2023-01-26,,OUT,Outrighted,Seattle Mariners sent LHP Justus Sheffield outright to Tacoma Rainiers.,656954.0,Justus Sheffield,/api/v1/people/656954,529,Tacoma Rainiers,/api/v1/teams/529,136.0,Seattle Mariners,/api/v1/teams/136
667394,2023-01-30,2023-01-30,2023-01-30,SFA,Signed as Free Agent,Seattle Mariners signed free agent RHP Taylor Williams to a minor league contract and invited him to spring training.,592865.0,Taylor Williams,/api/v1/people/592865,136,Seattle Mariners,/api/v1/teams/136,,,
668003,2023-01-30,2023-01-30,2023-01-30,SFA,Signed as Free Agent,Seattle Mariners signed free agent LHP Ian Clarkin to a minor league contract.,624420.0,Ian Clarkin,/api/v1/people/624420,136,Seattle Mariners,/api/v1/teams/136,,,
678873,2023-01-30,2023-01-30,2023-01-30,SC,Status Change,RHP Taylor Williams roster status changed by Seattle Mariners.,592865.0,Taylor Williams,/api/v1/people/592865,136,Seattle Mariners,/api/v1/teams/136,,,
667409,2023-01-30,2023-01-30,2023-01-30,SFA,Signed as Free Agent,Seattle Mariners signed free agent SS Leonardo Rivas to a minor league contract and invited him to spring training.,660844.0,Leo Rivas,/api/v1/people/660844,136,Seattle Mariners,/api/v1/teams/136,,,
678875,2023-01-30,2023-01-30,2023-01-30,SC,Status Change,SS Leonardo Rivas roster status changed by Seattle Mariners.,660844.0,Leo Rivas,/api/v1/people/660844,136,Seattle Mariners,/api/v1/teams/136,,,
668009,2023-01-30,2023-01-30,2023-01-30,SFA,Signed as Free Agent,Seattle Mariners signed free agent RHP Allan Saathoff to a minor league contract.,802697.0,Allan Saathoff,/api/v1/people/802697,136,Seattle Mariners,/api/v1/teams/136,,,
667381,2023-01-31,2023-01-31,2023-01-31,ASG,Assigned,Seattle Mariners invited non-roster RHP Travis Kuhn to spring training.,674047.0,Travis Kuhn,/api/v1/people/674047,136,Seattle Mariners,/api/v1/teams/136,,,
667401,2023-01-31,2023-01-31,2023-01-31,ASG,Assigned,Seattle Mariners invited non-roster C Harry Ford to spring training.,695670.0,Harry Ford,/api/v1/people/695670,136,Seattle Mariners,/api/v1/teams/136,,,
667402,2023-01-31,2023-01-31,2023-01-31,ASG,Assigned,Seattle Mariners invited non-roster 1B Mike Ford to spring training.,645801.0,Mike Ford,/api/v1/people/645801,136,Seattle Mariners,/api/v1/teams/136,,,
667386,2023-01-31,2023-01-31,2023-01-31,ASG,Assigned,Seattle Mariners invited non-roster RHP Bryce Miller to spring training.,682243.0,Bryce Miller,/api/v1/people/682243,136,Seattle Mariners,/api/v1/teams/136,,,
667412,2023-01-31,2023-01-31,2023-01-31,ASG,Assigned,Seattle Mariners invited non-roster 3B Jake Scheiner to spring training.,676595.0,Jake Scheiner,/api/v1/people/676595,136,Seattle Mariners,/api/v1/teams/136,,,
667390,2023-01-31,2023-01-31,2023-01-31,ASG,Assigned,Seattle Mariners invited non-roster RHP Ryder Ryan to spring training.,656924.0,Ryder Ryan,/api/v1/people/656924,136,Seattle Mariners,/api/v1/teams/136,,,
671309,2023-01-31,2023-01-31,2023-01-31,SFA,Signed as Free Agent,Seattle Mariners signed free agent RHP Francisco Pazos to a minor league contract.,802387.0,Francisco Pazos,/api/v1/people/802387,136,Seattle Mariners,/api/v1/teams/136,,,
667379,2023-01-31,2023-01-31,2023-01-31,ASG,Assigned,Seattle Mariners invited non-roster RHP Taylor Dollard to spring training.,693440.0,Taylor Dollard,/api/v1/people/693440,136,Seattle Mariners,/api/v1/teams/136,,,
667380,2023-01-31,2023-01-31,2023-01-31,ASG,Assigned,Seattle Mariners invited non-roster RHP Emerson Hancock to spring training.,676106.0,Emerson Hancock,/api/v1/people/676106,136,Seattle Mariners,/api/v1/teams/136,,,
667389,2023-01-31,2023-01-31,2023-01-31,ASG,Assigned,Seattle Mariners invited non-roster RHP Jose Rodriguez to spring training.,642578.0,José Rodríguez,/api/v1/people/642578,136,Seattle Mariners,/api/v1/teams/136,,,
678836,2023-01-31,2023-01-31,2023-01-31,SC,Status Change,2B Kaden Polcovich roster status changed by Seattle Mariners.,687659.0,Kaden Polcovich,/api/v1/people/687659,136,Seattle Mariners,/api/v1/teams/136,,,
678837,2023-01-31,2023-01-31,2023-01-31,SC,Status Change,SS Jose Caballero roster status changed by Seattle Mariners.,676609.0,José Caballero,/api/v1/people/676609,136,Seattle Mariners,/api/v1/teams/136,,,
678838,2023-01-31,2023-01-31,2023-01-31,SC,Status Change,SS Mason McCoy roster status changed by Seattle Mariners.,669200.0,Mason McCoy,/api/v1/people/669200,136,Seattle Mariners,/api/v1/teams/136,,,
678839,2023-01-31,2023-01-31,2023-01-31,SC,Status Change,RHP Travis Kuhn roster status changed by Seattle Mariners.,674047.0,Travis Kuhn,/api/v1/people/674047,136,Seattle Mariners,/api/v1/teams/136,,,
678840,2023-01-31,2023-01-31,2023-01-31,SC,Status Change,OF Jack Larsen roster status changed by Seattle Mariners.,677223.0,Jack Larsen,/api/v1/people/677223,136,Seattle Mariners,/api/v1/teams/136,,,
678841,2023-01-31,2023-01-31,2023-01-31,SC,Status Change,RHP Riley O'Brien roster status changed by Seattle Mariners.,676617.0,Riley O'Brien,/api/v1/people/676617,136,Seattle Mariners,/api/v1/teams/136,,,
678842,2023-01-31,2023-01-31,2023-01-31,SC,Status Change,RHP Emerson Hancock roster status changed by Seattle Mariners.,676106.0,Emerson Hancock,/api/v1/people/676106,136,Seattle Mariners,/api/v1/teams/136,,,
678843,2023-01-31,2023-01-31,2023-01-31,SC,Status Change,RHP Taylor Dollard roster status changed by Seattle Mariners.,693440.0,Taylor Dollard,/api/v1/people/693440,136,Seattle Mariners,/api/v1/teams/136,,,
678844,2023-01-31,2023-01-31,2023-01-31,SC,Status Change,RHP Bryan Woo roster status changed by Seattle Mariners.,693433.0,Bryan Woo,/api/v1/people/693433,136,Seattle Mariners,/api/v1/teams/136,,,
678845,2023-01-31,2023-01-31,2023-01-31,SC,Status Change,3B Jake Scheiner roster status changed by Seattle Mariners.,676595.0,Jake Scheiner,/api/v1/people/676595,136,Seattle Mariners,/api/v1/teams/136,,,
678846,2023-01-31,2023-01-31,2023-01-31,SC,Status Change,LF Robert Perez Jr. roster status changed by Seattle Mariners.,672596.0,Robert Perez Jr.,/api/v1/people/672596,136,Seattle Mariners,/api/v1/teams/136,,,
678847,2023-01-31,2023-01-31,2023-01-31,SC,Status Change,1B Mike Ford roster status changed by Seattle Mariners.,645801.0,Mike Ford,/api/v1/people/645801,136,Seattle Mariners,/api/v1/teams/136,,,
678848,2023-01-31,2023-01-31,2023-01-31,SC,Status Change,C Harry Ford roster status changed by Seattle Mariners.,695670.0,Harry Ford,/api/v1/people/695670,136,Seattle Mariners,/api/v1/teams/136,,,
678849,2023-01-31,2023-01-31,2023-01-31,SC,Status Change,C Matt Scheffler roster status changed by Seattle Mariners.,688032.0,Matt Scheffler,/api/v1/people/688032,136,Seattle Mariners,/api/v1/teams/136,,,
678850,2023-01-31,2023-01-31,2023-01-31,SC,Status Change,RHP Darren McCaughan roster status changed by Seattle Mariners.,670766.0,Darren McCaughan,/api/v1/people/670766,136,Seattle Mariners,/api/v1/teams/136,,,
678851,2023-01-31,2023-01-31,2023-01-31,SC,Status Change,OF Zach DeLoach roster status changed by Seattle Mariners.,676113.0,Zach DeLoach,/api/v1/people/676113,136,Seattle Mariners,/api/v1/teams/136,,,
678852,2023-01-31,2023-01-31,2023-01-31,SC,Status Change,RHP Bryce Miller roster status changed by Seattle Mariners.,682243.0,Bryce Miller,/api/v1/people/682243,136,Seattle Mariners,/api/v1/teams/136,,,
678853,2023-01-31,2023-01-31,2023-01-31,SC,Status Change,RHP Ryder Ryan roster status changed by Seattle Mariners.,656924.0,Ryder Ryan,/api/v1/people/656924,136,Seattle Mariners,/api/v1/teams/136,,,
678854,2023-01-31,2023-01-31,2023-01-31,SC,Status Change,RHP Jose Rodriguez roster status changed by Seattle Mariners.,642578.0,José Rodríguez,/api/v1/people/642578,136,Seattle Mariners,/api/v1/teams/136,,,
667403,2023-01-31,2023-01-31,2023-01-31,ASG,Assigned,Seattle Mariners invited non-roster OF Jack Larsen to spring training.,677223.0,Jack Larsen,/api/v1/people/677223,136,Seattle Mariners,/api/v1/teams/136,,,
667413,2023-01-31,2023-01-31,2023-01-31,DES,Designated for Assignment,Seattle Mariners designated RHP J.B. Bukauskas for assignment.,656266.0,J.B. Bukauskas,/api/v1/people/656266,136,Seattle Mariners,/api/v1/teams/136,,,
667411,2023-01-31,2023-01-31,2023-01-31,ASG,Assigned,Seattle Mariners invited non-roster C Matt Scheffler to spring training.,688032.0,Matt Scheffler,/api/v1/people/688032,136,Seattle Mariners,/api/v1/teams/136,,,
667406,2023-01-31,2023-01-31,2023-01-31,ASG,Assigned,Seattle Mariners invited non-roster LF Robert Perez Jr. to spring training.,672596.0,Robert Perez Jr.,/api/v1/people/672596,136,Seattle Mariners,/api/v1/teams/136,,,
667385,2023-01-31,2023-01-31,2023-01-31,ASG,Assigned,Seattle Mariners invited non-roster RHP Darren McCaughan to spring training.,670766.0,Darren McCaughan,/api/v1/people/670766,136,Seattle Mariners,/api/v1/teams/136,,,
667397,2023-01-31,2023-01-31,2023-01-31,ASG,Assigned,Seattle Mariners invited non-roster SS Jose Caballero to spring training.,676609.0,José Caballero,/api/v1/people/676609,136,Seattle Mariners,/api/v1/teams/136,,,
667399,2023-01-31,2023-01-31,2023-01-31,ASG,Assigned,Seattle Mariners invited non-roster 3B Drew Ellis to spring training.,656403.0,Drew Ellis,/api/v1/people/656403,136,Seattle Mariners,/api/v1/teams/136,,,
667388,2023-01-31,2023-01-31,2023-01-31,ASG,Assigned,Seattle Mariners invited non-roster RHP Riley O'Brien to spring training.,676617.0,Riley O'Brien,/api/v1/people/676617,136,Seattle Mariners,/api/v1/teams/136,,,
667398,2023-01-31,2023-01-31,2023-01-31,ASG,Assigned,Seattle Mariners invited non-roster C Jake Anchia to spring training.,680971.0,Jake Anchia,/api/v1/people/680971,136,Seattle Mariners,/api/v1/teams/136,,,
667400,2023-01-31,2023-01-31,2023-01-31,ASG,Assigned,Seattle Mariners invited non-roster OF Zach DeLoach to spring training.,676113.0,Zach DeLoach,/api/v1/people/676113,136,Seattle Mariners,/api/v1/teams/136,,,
667382,2023-01-31,2023-01-31,2023-01-31,ASG,Assigned,Seattle Mariners invited non-roster LHP Nick Margevicius to spring training.,676606.0,Nick Margevicius,/api/v1/people/676606,136,Seattle Mariners,/api/v1/teams/136,,,
667408,2023-01-31,2023-01-31,2023-01-31,ASG,Assigned,Seattle Mariners invited non-roster 2B Kaden Polcovich to spring training.,687659.0,Kaden Polcovich,/api/v1/people/687659,136,Seattle Mariners,/api/v1/teams/136,,,
667396,2023-01-31,2023-01-31,2023-01-31,ASG,Assigned,Seattle Mariners invited non-roster RHP Bryan Woo to spring training.,693433.0,Bryan Woo,/api/v1/people/693433,136,Seattle Mariners,/api/v1/teams/136,,,
678855,2023-01-31,2023-01-31,2023-01-31,SC,Status Change,C Jake Anchia roster status changed by Seattle Mariners.,680971.0,Jake Anchia,/api/v1/people/680971,136,Seattle Mariners,/api/v1/teams/136,,,
667404,2023-01-31,2023-01-31,2023-01-31,ASG,Assigned,Seattle Mariners invited non-roster SS Mason McCoy to spring training.,669200.0,Mason McCoy,/api/v1/people/669200,136,Seattle Mariners,/api/v1/teams/136,,,
667414,2023-01-31,2023-01-31,,CLW,Claimed Off Waivers,Seattle Mariners claimed LHP Tayler Saucedo off waivers from New York Mets.,642048.0,Tayler Saucedo,/api/v1/people/642048,136,Seattle Mariners,/api/v1/teams/136,121.0,New York Mets,/api/v1/teams/121
681574,2023-02-03,2023-02-03,2023-02-03,SFA,Signed as Free Agent,Seattle Mariners signed free agent RHP Kyle Tyler to a minor league contract.,667725.0,Kyle Tyler,/api/v1/people/667725,136,Seattle Mariners,/api/v1/teams/136,,,
668042,2023-02-03,2023-02-03,,OUT,Outrighted,Seattle Mariners sent RHP J.B. Bukauskas outright to Tacoma Rainiers.,656266.0,J.B. Bukauskas,/api/v1/people/656266,529,Tacoma Rainiers,/api/v1/teams/529,136.0,Seattle Mariners,/api/v1/teams/136
671306,2023-02-06,2023-02-06,2023-02-06,SFA,Signed as Free Agent,Seattle Mariners signed free agent RHP Shaddon Peavyhouse to a minor league contract.,685097.0,Shaddon Peavyhouse,/api/v1/people/685097,136,Seattle Mariners,/api/v1/teams/136,,,
668407,2023-02-06,2023-02-06,2023-02-06,ASG,Assigned,Seattle Mariners invited non-roster RHP J.B. Bukauskas and  to spring training.,,,,136,Seattle Mariners,/api/v1/teams/136,,,
668812,2023-02-08,2023-02-08,2023-02-08,SFA,Signed as Free Agent,Seattle Mariners signed free agent RHP A.J. Puckett to a minor league contract.,643494.0,A.J. Puckett,/api/v1/people/643494,136,Seattle Mariners,/api/v1/teams/136,,,
669608,2023-02-09,2023-02-09,2023-02-09,SFA,Signed as Free Agent,Seattle Mariners signed free agent RHP Carson Fulmer to a minor league contract.,608334.0,Carson Fulmer,/api/v1/people/608334,136,Seattle Mariners,/api/v1/teams/136,,,
672771,2023-02-10,2023-02-10,2023-02-10,SC,Status Change,CF Leonys Martin roster status changed by Seattle Mariners.,547982.0,Leonys Martin,/api/v1/people/547982,136,Seattle Mariners,/api/v1/teams/136,,,
671305,2023-02-10,2023-02-10,2023-02-10,SFA,Signed as Free Agent,Seattle Mariners signed free agent CF Leonys Martin to a minor league contract.,547982.0,Leonys Martin,/api/v1/people/547982,136,Seattle Mariners,/api/v1/teams/136,,,
676827,2023-02-10,2023-02-10,2023-02-10,SC,Status Change,CF Leonys Martin roster status changed by Seattle Mariners.,547982.0,Leonys Martin,/api/v1/people/547982,136,Seattle Mariners,/api/v1/teams/136,,,
672772,2023-02-18,2023-02-18,2023-02-18,SFA,Signed as Free Agent,Seattle Mariners signed free agent 2B Kean Wong and  to a minor league contract and invited him to spring training.,642221.0,Kean Wong,/api/v1/people/642221,136,Seattle Mariners,/api/v1/teams/136,,,
672770,2023-02-24,2023-02-24,2023-02-24,ASG,Assigned,RHP Jake Haberer and  assigned to Seattle Mariners.,,,,136,Seattle Mariners,/api/v1/teams/136,,,
672768,2023-02-24,2023-02-24,2023-02-24,ASG,Assigned,RHP Bernie Martinez assigned to Seattle Mariners.,689852.0,Bernie Martinez,/api/v1/people/689852,136,Seattle Mariners,/api/v1/teams/136,,,
672769,2023-02-24,2023-02-24,2023-02-24,ASG,Assigned,RHP Logan Rinehart assigned to Seattle Mariners.,686827.0,Logan Rinehart,/api/v1/people/686827,136,Seattle Mariners,/api/v1/teams/136,,,
678643,2023-02-24,2023-02-24,2023-02-24,SC,Status Change,RHP Bernie Martinez roster status changed by Seattle Mariners.,689852.0,Bernie Martinez,/api/v1/people/689852,136,Seattle Mariners,/api/v1/teams/136,,,
678642,2023-02-24,2023-02-24,2023-02-24,SC,Status Change,RHP Logan Rinehart roster status changed by Seattle Mariners.,686827.0,Logan Rinehart,/api/v1/people/686827,136,Seattle Mariners,/api/v1/teams/136,,,
672774,2023-02-24,2023-02-24,2023-02-24,SFA,Signed as Free Agent,Seattle Mariners signed free agent RF Kole Calhoun to a minor league contract and invited him to spring training.,594777.0,Kole Calhoun,/api/v1/people/594777,136,Seattle Mariners,/api/v1/teams/136,,,
672767,2023-02-24,2023-02-24,2023-02-24,ASG,Assigned,RHP Kelvin Nunez assigned to Seattle Mariners.,674555.0,Kelvin Nunez,/api/v1/people/674555,136,Seattle Mariners,/api/v1/teams/136,,,
672766,2023-02-24,2023-02-24,2023-02-24,ASG,Assigned,RHP Collin Kober assigned to Seattle Mariners.,676830.0,Collin Kober,/api/v1/people/676830,136,Seattle Mariners,/api/v1/teams/136,,,
678584,2023-02-25,2023-02-25,2023-02-25,SC,Status Change,RHP Sam Carlson roster status changed by Seattle Mariners.,672277.0,Sam Carlson,/api/v1/people/672277,136,Seattle Mariners,/api/v1/teams/136,,,
678586,2023-02-25,2023-02-25,2023-02-25,SC,Status Change,LHP Jorge Benitez roster status changed by Seattle Mariners.,676221.0,Jorge Benitez,/api/v1/people/676221,136,Seattle Mariners,/api/v1/teams/136,,,
678583,2023-02-25,2023-02-25,2023-02-25,SC,Status Change,RHP Troy Taylor roster status changed by Seattle Mariners.,700187.0,Troy Taylor,/api/v1/people/700187,136,Seattle Mariners,/api/v1/teams/136,,,
675598,2023-02-25,2023-02-25,2023-02-25,SC,Status Change,LHP Jorge Benitez roster status changed by Seattle Mariners.,676221.0,Jorge Benitez,/api/v1/people/676221,136,Seattle Mariners,/api/v1/teams/136,,,
674945,2023-02-25,2023-02-25,2023-02-25,SC,Status Change,LHP Jorge Benitez roster status changed by Seattle Mariners.,676221.0,Jorge Benitez,/api/v1/people/676221,136,Seattle Mariners,/api/v1/teams/136,,,
678585,2023-02-25,2023-02-25,2023-02-25,SC,Status Change,RHP Devin Sweet roster status changed by Seattle Mariners.,682967.0,Devin Sweet,/api/v1/people/682967,136,Seattle Mariners,/api/v1/teams/136,,,
673308,2023-02-25,2023-02-25,2023-02-25,ASG,Assigned,RHP Sam Carlson assigned to Seattle Mariners.,672277.0,Sam Carlson,/api/v1/people/672277,136,Seattle Mariners,/api/v1/teams/136,,,
673305,2023-02-25,2023-02-25,2023-02-25,ASG,Assigned,LHP Jorge Benitez assigned to Seattle Mariners.,676221.0,Jorge Benitez,/api/v1/people/676221,136,Seattle Mariners,/api/v1/teams/136,,,
673419,2023-02-25,2023-02-25,2023-02-25,ASG,Assigned,RHP Jack Parisi assigned to Seattle Mariners.,801365.0,Jack Parisi,/api/v1/people/801365,136,Seattle Mariners,/api/v1/teams/136,,,
673306,2023-02-25,2023-02-25,2023-02-25,ASG,Assigned,RHP Devin Sweet assigned to Seattle Mariners.,682967.0,Devin Sweet,/api/v1/people/682967,136,Seattle Mariners,/api/v1/teams/136,,,
673307,2023-02-25,2023-02-25,2023-02-25,ASG,Assigned,RHP Troy Taylor assigned to Seattle Mariners.,700187.0,Troy Taylor,/api/v1/people/700187,136,Seattle Mariners,/api/v1/teams/136,,,
678451,2023-02-26,2023-02-26,2023-02-26,SC,Status Change,RHP Chris Jefferson roster status changed by Seattle Mariners.,690103.0,Chris Jefferson,/api/v1/people/690103,136,Seattle Mariners,/api/v1/teams/136,,,
674346,2023-02-26,2023-02-26,2023-02-26,SC,Status Change,RHP Dayeison Arias roster status changed by Seattle Mariners.,,,,136,Seattle Mariners,/api/v1/teams/136,,,
673460,2023-02-26,2023-02-26,2023-02-26,ASG,Assigned,RHP Dayeison Arias assigned to Seattle Mariners.,674375.0,Dayeison Arias,/api/v1/people/674375,136,Seattle Mariners,/api/v1/teams/136,,,
678452,2023-02-26,2023-02-26,2023-02-26,SC,Status Change,RHP Stefan Raeth roster status changed by Seattle Mariners.,806288.0,Stefan Raeth,/api/v1/people/806288,136,Seattle Mariners,/api/v1/teams/136,,,
678450,2023-02-26,2023-02-26,2023-02-26,SC,Status Change,LHP Raúl Alcantara roster status changed by Seattle Mariners.,678921.0,Raúl Alcantara,/api/v1/people/678921,136,Seattle Mariners,/api/v1/teams/136,,,
673458,2023-02-26,2023-02-26,2023-02-26,ASG,Assigned,RHP Stefan Raeth assigned to Seattle Mariners.,806288.0,Stefan Raeth,/api/v1/people/806288,136,Seattle Mariners,/api/v1/teams/136,,,
673461,2023-02-26,2023-02-26,2023-02-26,ASG,Assigned,RHP Chris Jefferson assigned to Seattle Mariners.,690103.0,Chris Jefferson,/api/v1/people/690103,136,Seattle Mariners,/api/v1/teams/136,,,
673459,2023-02-26,2023-02-26,2023-02-26,ASG,Assigned,LHP Raúl Alcantara assigned to Seattle Mariners.,678921.0,Raúl Alcantara,/api/v1/people/678921,136,Seattle Mariners,/api/v1/teams/136,,,
674348,2023-02-27,2023-02-27,2023-02-27,SC,Status Change,SS Axel Sanchez roster status changed by Seattle Mariners.,692046.0,Axel Sanchez,/api/v1/people/692046,136,Seattle Mariners,/api/v1/teams/136,,,
675600,2023-02-27,2023-02-27,2023-02-27,SC,Status Change,SS Axel Sanchez roster status changed by Seattle Mariners.,692046.0,Axel Sanchez,/api/v1/people/692046,136,Seattle Mariners,/api/v1/teams/136,,,
678363,2023-02-27,2023-02-27,2023-02-27,SC,Status Change,SS Axel Sanchez roster status changed by Seattle Mariners.,692046.0,Axel Sanchez,/api/v1/people/692046,136,Seattle Mariners,/api/v1/teams/136,,,
673849,2023-02-27,2023-02-27,2023-02-27,ASG,Assigned,SS Axel Sanchez assigned to Seattle Mariners.,692046.0,Axel Sanchez,/api/v1/people/692046,136,Seattle Mariners,/api/v1/teams/136,,,
677237,2023-02-27,2023-02-27,2023-02-27,SC,Status Change,SS Axel Sanchez roster status changed by Seattle Mariners.,692046.0,Axel Sanchez,/api/v1/people/692046,136,Seattle Mariners,/api/v1/teams/136,,,
678325,2023-02-28,2023-02-28,2023-02-28,SC,Status Change,RHP Kelvin Nunez roster status changed by Seattle Mariners.,674555.0,Kelvin Nunez,/api/v1/people/674555,136,Seattle Mariners,/api/v1/teams/136,,,
674010,2023-02-28,2023-02-28,2023-02-28,SC,Status Change,RHP Kelvin Nunez roster status changed by Seattle Mariners.,674555.0,Kelvin Nunez,/api/v1/people/674555,136,Seattle Mariners,/api/v1/teams/136,,,
674007,2023-02-28,2023-02-28,2023-02-28,ASG,Assigned,C Charlie Welch assigned to Seattle Mariners.,681234.0,Charlie Welch,/api/v1/people/681234,136,Seattle Mariners,/api/v1/teams/136,,,
678327,2023-02-28,2023-02-28,2023-02-28,SC,Status Change,C Charlie Welch roster status changed by Seattle Mariners.,681234.0,Charlie Welch,/api/v1/people/681234,136,Seattle Mariners,/api/v1/teams/136,,,
674009,2023-02-28,2023-02-28,2023-02-28,ASG,Assigned,RHP Kelvin Nunez assigned to Seattle Mariners.,674555.0,Kelvin Nunez,/api/v1/people/674555,136,Seattle Mariners,/api/v1/teams/136,,,
674008,2023-02-28,2023-02-28,2023-02-28,ASG,Assigned,RHP Collin Kober assigned to Seattle Mariners.,676830.0,Collin Kober,/api/v1/people/676830,136,Seattle Mariners,/api/v1/teams/136,,,
674944,2023-02-28,2023-02-28,2023-02-28,SC,Status Change,RHP Kelvin Nunez roster status changed by Seattle Mariners.,674555.0,Kelvin Nunez,/api/v1/people/674555,136,Seattle Mariners,/api/v1/teams/136,,,
674946,2023-02-28,2023-02-28,2023-02-28,SC,Status Change,C Charlie Welch roster status changed by Seattle Mariners.,681234.0,Charlie Welch,/api/v1/people/681234,136,Seattle Mariners,/api/v1/teams/136,,,
678241,2023-03-03,2023-03-03,2023-03-03,SC,Status Change,RHP Collin Kober roster status changed by Seattle Mariners.,676830.0,Collin Kober,/api/v1/people/676830,136,Seattle Mariners,/api/v1/teams/136,,,
674347,2023-03-03,2023-03-03,2023-03-03,SC,Status Change,RHP Collin Kober roster status changed by Seattle Mariners.,676830.0,Collin Kober,/api/v1/people/676830,136,Seattle Mariners,/api/v1/teams/136,,,
677234,2023-03-03,2023-03-03,2023-03-03,SC,Status Change,RHP Fred Villarreal roster status changed by Seattle Mariners.,,,,136,Seattle Mariners,/api/v1/teams/136,,,
675597,2023-03-03,2023-03-03,2023-03-03,SC,Status Change,RHP Fred Villarreal roster status changed by Seattle Mariners.,670381.0,Fred Villarreal,/api/v1/people/670381,136,Seattle Mariners,/api/v1/teams/136,,,
674345,2023-03-03,2023-03-03,2023-03-03,SC,Status Change,RHP Fred Villarreal roster status changed by Seattle Mariners.,670381.0,Fred Villarreal,/api/v1/people/670381,136,Seattle Mariners,/api/v1/teams/136,,,
674464,2023-03-04,2023-03-04,2023-03-04,SC,Status Change,SS Logan Warmoth roster status changed by Seattle Mariners.,657089.0,Logan Warmoth,/api/v1/people/657089,136,Seattle Mariners,/api/v1/teams/136,,,
674465,2023-03-04,2023-03-04,2023-03-04,ASG,Assigned,OF Spencer Packard assigned to Seattle Mariners.,689070.0,Spencer Packard,/api/v1/people/689070,136,Seattle Mariners,/api/v1/teams/136,,,
678211,2023-03-04,2023-03-04,2023-03-04,SC,Status Change,RHP A.J. Puckett roster status changed by Seattle Mariners.,643494.0,A.J. Puckett,/api/v1/people/643494,136,Seattle Mariners,/api/v1/teams/136,,,
678212,2023-03-04,2023-03-04,2023-03-04,SC,Status Change,SS Logan Warmoth roster status changed by Seattle Mariners.,657089.0,Logan Warmoth,/api/v1/people/657089,136,Seattle Mariners,/api/v1/teams/136,,,
678210,2023-03-04,2023-03-04,2023-03-04,SC,Status Change,OF Spencer Packard roster status changed by Seattle Mariners.,689070.0,Spencer Packard,/api/v1/people/689070,136,Seattle Mariners,/api/v1/teams/136,,,
678209,2023-03-04,2023-03-04,2023-03-04,SC,Status Change,2B Hogan Windish roster status changed by Seattle Mariners.,702112.0,Hogan Windish,/api/v1/people/702112,136,Seattle Mariners,/api/v1/teams/136,,,
674458,2023-03-04,2023-03-04,2023-03-04,ASG,Assigned,RHP A.J. Puckett assigned to Seattle Mariners.,643494.0,A.J. Puckett,/api/v1/people/643494,136,Seattle Mariners,/api/v1/teams/136,,,
674460,2023-03-04,2023-03-04,2023-03-04,ASG,Assigned,2B Hogan Windish assigned to Seattle Mariners.,702112.0,Hogan Windish,/api/v1/people/702112,136,Seattle Mariners,/api/v1/teams/136,,,
677241,2023-03-05,2023-03-05,2023-03-05,SC,Status Change,OF Gabriel Gonzalez roster status changed by Seattle Mariners.,,,,136,Seattle Mariners,/api/v1/teams/136,,,
678184,2023-03-05,2023-03-05,2023-03-05,SC,Status Change,OF George Feliz roster status changed by Seattle Mariners.,692031.0,George Feliz,/api/v1/people/692031,136,Seattle Mariners,/api/v1/teams/136,,,
674599,2023-03-05,2023-03-05,2023-03-05,ASG,Assigned,OF George Feliz assigned to Seattle Mariners.,692031.0,George Feliz,/api/v1/people/692031,136,Seattle Mariners,/api/v1/teams/136,,,
674598,2023-03-05,2023-03-05,2023-03-05,ASG,Assigned,OF Gabriel Gonzalez assigned to Seattle Mariners.,694224.0,Gabriel Gonzalez,/api/v1/people/694224,136,Seattle Mariners,/api/v1/teams/136,,,
674659,2023-03-06,2023-03-06,2023-03-06,ASG,Assigned,SS Edryn Rodriguez assigned to Seattle Mariners.,692043.0,Edryn Rodriguez,/api/v1/people/692043,136,Seattle Mariners,/api/v1/teams/136,,,
678173,2023-03-06,2023-03-06,2023-03-06,SC,Status Change,SS Edryn Rodriguez roster status changed by Seattle Mariners.,692043.0,Edryn Rodriguez,/api/v1/people/692043,136,Seattle Mariners,/api/v1/teams/136,,,
674661,2023-03-06,2023-03-06,2023-03-06,REL,Released,Seattle Mariners released LHP Nick Margevicius.,676606.0,Nick Margevicius,/api/v1/people/676606,136,Seattle Mariners,/api/v1/teams/136,,,
678172,2023-03-06,2023-03-06,2023-03-06,SC,Status Change,2B Robbie Tenerowicz roster status changed by Seattle Mariners.,642134.0,Robbie Tenerowicz,/api/v1/people/642134,136,Seattle Mariners,/api/v1/teams/136,,,
674660,2023-03-06,2023-03-06,2023-03-06,ASG,Assigned,2B Robbie Tenerowicz assigned to Seattle Mariners.,642134.0,Robbie Tenerowicz,/api/v1/people/642134,136,Seattle Mariners,/api/v1/teams/136,,,
674781,2023-03-08,2023-03-08,2023-03-08,ASG,Assigned,SS Connor Hoover assigned to Seattle Mariners.,676803.0,Connor Hoover,/api/v1/people/676803,136,Seattle Mariners,/api/v1/teams/136,,,
674780,2023-03-08,2023-03-08,2023-03-08,ASG,Assigned,CF Tanner Kirwer assigned to Seattle Mariners.,647255.0,Tanner Kirwer,/api/v1/people/647255,136,Seattle Mariners,/api/v1/teams/136,,,
674779,2023-03-08,2023-03-08,2023-03-08,ASG,Assigned,C Andrew Miller assigned to Seattle Mariners.,685460.0,Andrew Miller,/api/v1/people/685460,136,Seattle Mariners,/api/v1/teams/136,,,
678145,2023-03-08,2023-03-08,2023-03-08,SC,Status Change,SS Connor Hoover roster status changed by Seattle Mariners.,676803.0,Connor Hoover,/api/v1/people/676803,136,Seattle Mariners,/api/v1/teams/136,,,
678144,2023-03-08,2023-03-08,2023-03-08,SC,Status Change,C Andrew Miller roster status changed by Seattle Mariners.,685460.0,Andrew Miller,/api/v1/people/685460,136,Seattle Mariners,/api/v1/teams/136,,,
678146,2023-03-08,2023-03-08,2023-03-08,SC,Status Change,CF Tanner Kirwer roster status changed by Seattle Mariners.,647255.0,Tanner Kirwer,/api/v1/people/647255,136,Seattle Mariners,/api/v1/teams/136,,,
674942,2023-03-09,2023-03-09,2023-03-09,ASG,Assigned,2B Justin Lavey assigned to Seattle Mariners.,669671.0,Justin Lavey,/api/v1/people/669671,136,Seattle Mariners,/api/v1/teams/136,,,
678120,2023-03-09,2023-03-09,2023-03-09,SC,Status Change,OF Colin Davis roster status changed by Seattle Mariners.,695342.0,Colin Davis,/api/v1/people/695342,136,Seattle Mariners,/api/v1/teams/136,,,
674947,2023-03-09,2023-03-09,2023-03-09,ASG,Assigned,OF Colin Davis assigned to Seattle Mariners.,695342.0,Colin Davis,/api/v1/people/695342,136,Seattle Mariners,/api/v1/teams/136,,,
685843,2023-03-09,2023-04-20,,OPT,Optioned,Seattle Mariners optioned RHP Isaiah Campbell to Arkansas Travelers.,663462.0,Isaiah Campbell,/api/v1/people/663462,574,Arkansas Travelers,/api/v1/teams/574,136.0,Seattle Mariners,/api/v1/teams/136
679503,2023-03-10,2023-03-10,,OPT,Optioned,Seattle Mariners optioned OF Jonatan Clase and  to Everett AquaSox.,682729.0,Jonatan Clase,/api/v1/people/682729,403,Everett AquaSox,/api/v1/teams/403,136.0,Seattle Mariners,/api/v1/teams/136
677275,2023-03-11,2023-03-11,2023-03-11,SC,Status Change,RHP Michael Flynn roster status changed by Seattle Mariners.,,,,136,Seattle Mariners,/api/v1/teams/136,,,
678071,2023-03-11,2023-03-11,2023-03-11,SC,Status Change,SS Miguel Perez roster status changed by Seattle Mariners.,673036.0,Miguel Perez,/api/v1/people/673036,136,Seattle Mariners,/api/v1/teams/136,,,
678072,2023-03-11,2023-03-11,2023-03-11,SC,Status Change,SS Patrick Frick roster status changed by Seattle Mariners.,687518.0,Patrick Frick,/api/v1/people/687518,136,Seattle Mariners,/api/v1/teams/136,,,
675177,2023-03-11,2023-03-11,2023-03-11,SC,Status Change,SS Miguel Perez roster status changed by Seattle Mariners.,673036.0,Miguel Perez,/api/v1/people/673036,136,Seattle Mariners,/api/v1/teams/136,,,
675174,2023-03-11,2023-03-11,2023-03-11,SC,Status Change,RHP Michael Flynn roster status changed by Seattle Mariners.,663901.0,Michael Flynn,/api/v1/people/663901,136,Seattle Mariners,/api/v1/teams/136,,,
675175,2023-03-11,2023-03-11,2023-03-11,SC,Status Change,SS Patrick Frick roster status changed by Seattle Mariners.,687518.0,Patrick Frick,/api/v1/people/687518,136,Seattle Mariners,/api/v1/teams/136,,,
677239,2023-03-11,2023-03-11,2023-03-11,SC,Status Change,OF Randy Bednar roster status changed by Seattle Mariners.,676419.0,Randy Bednar,/api/v1/people/676419,136,Seattle Mariners,/api/v1/teams/136,,,
675176,2023-03-11,2023-03-11,2023-03-11,SC,Status Change,OF Randy Bednar roster status changed by Seattle Mariners.,676419.0,Randy Bednar,/api/v1/people/676419,136,Seattle Mariners,/api/v1/teams/136,,,
675155,2023-03-11,2023-03-11,,OPT,Optioned,Seattle Mariners optioned LF Cade Marlowe to Tacoma Rainiers.,687799.0,Cade Marlowe,/api/v1/people/687799,529,Tacoma Rainiers,/api/v1/teams/529,136.0,Seattle Mariners,/api/v1/teams/136
677242,2023-03-12,2023-03-12,2023-03-12,SC,Status Change,C Freuddy Batista roster status changed by Seattle Mariners.,,,,136,Seattle Mariners,/api/v1/teams/136,,,
675709,2023-03-12,2023-03-12,2023-03-12,SC,Status Change,C Freuddy Batista roster status changed by Seattle Mariners.,673945.0,Freuddy Batista,/api/v1/people/673945,136,Seattle Mariners,/api/v1/teams/136,,,
675399,2023-03-12,2023-03-12,2023-03-12,ASG,Assigned,CF Arturo Guerrero assigned to Seattle Mariners.,679552.0,Arturo Guerrero,/api/v1/people/679552,136,Seattle Mariners,/api/v1/teams/136,,,
678037,2023-03-12,2023-03-12,2023-03-12,SC,Status Change,CF Arturo Guerrero roster status changed by Seattle Mariners.,679552.0,Arturo Guerrero,/api/v1/people/679552,136,Seattle Mariners,/api/v1/teams/136,,,
675599,2023-03-12,2023-03-12,2023-03-12,SC,Status Change,RHP Jarod Bayless roster status changed by Seattle Mariners.,663681.0,Jarod Bayless,/api/v1/people/663681,136,Seattle Mariners,/api/v1/teams/136,,,
675398,2023-03-12,2023-03-12,2023-03-12,ASG,Assigned,SS Cesar Izturis Jr. and  assigned to Seattle Mariners.,,,,136,Seattle Mariners,/api/v1/teams/136,,,
675397,2023-03-12,2023-03-12,2023-03-12,ASG,Assigned,RHP Jarod Bayless assigned to Seattle Mariners.,663681.0,Jarod Bayless,/api/v1/people/663681,136,Seattle Mariners,/api/v1/teams/136,,,
675396,2023-03-12,2023-03-12,2023-03-12,ASG,Assigned,RHP Erik Stock assigned to Seattle Mariners.,693486.0,Erik Stock,/api/v1/people/693486,136,Seattle Mariners,/api/v1/teams/136,,,
678038,2023-03-12,2023-03-12,2023-03-12,SC,Status Change,RHP Jarod Bayless roster status changed by Seattle Mariners.,663681.0,Jarod Bayless,/api/v1/people/663681,136,Seattle Mariners,/api/v1/teams/136,,,
678039,2023-03-12,2023-03-12,2023-03-12,SC,Status Change,RHP Erik Stock roster status changed by Seattle Mariners.,693486.0,Erik Stock,/api/v1/people/693486,136,Seattle Mariners,/api/v1/teams/136,,,
675400,2023-03-12,2023-03-12,2023-03-12,ASG,Assigned,C Freuddy Batista assigned to Seattle Mariners.,673945.0,Freuddy Batista,/api/v1/people/673945,136,Seattle Mariners,/api/v1/teams/136,,,
675430,2023-03-12,2023-03-12,,OPT,Optioned,Seattle Mariners optioned RHP Easton McGee to Tacoma Rainiers.,668834.0,Easton McGee,/api/v1/people/668834,529,Tacoma Rainiers,/api/v1/teams/529,136.0,Seattle Mariners,/api/v1/teams/136
675432,2023-03-12,2023-03-12,,OPT,Optioned,Seattle Mariners optioned RHP Juan Then and  to Arkansas Travelers.,672730.0,Juan Then,/api/v1/people/672730,574,Arkansas Travelers,/api/v1/teams/574,136.0,Seattle Mariners,/api/v1/teams/136
678009,2023-03-13,2023-03-13,2023-03-13,SC,Status Change,OF Bill Knight roster status changed by Seattle Mariners.,681098.0,Bill Knight,/api/v1/people/681098,136,Seattle Mariners,/api/v1/teams/136,,,
678011,2023-03-13,2023-03-13,2023-03-13,SC,Status Change,C Tatem Levins roster status changed by Seattle Mariners.,694420.0,Tatem Levins,/api/v1/people/694420,136,Seattle Mariners,/api/v1/teams/136,,,
678010,2023-03-13,2023-03-13,2023-03-13,SC,Status Change,SS James Parker roster status changed by Seattle Mariners.,681466.0,James Parker,/api/v1/people/681466,136,Seattle Mariners,/api/v1/teams/136,,,
675592,2023-03-13,2023-03-13,2023-03-13,ASG,Assigned,RHP Jimmy Kingsbury assigned to Seattle Mariners.,700675.0,Jimmy Kingsbury,/api/v1/people/700675,136,Seattle Mariners,/api/v1/teams/136,,,
677273,2023-03-13,2023-03-13,2023-03-13,SC,Status Change,RHP Jimmy Kingsbury roster status changed by Seattle Mariners.,,,,136,Seattle Mariners,/api/v1/teams/136,,,
675595,2023-03-13,2023-03-13,2023-03-13,ASG,Assigned,OF Bill Knight assigned to Seattle Mariners.,681098.0,Bill Knight,/api/v1/people/681098,136,Seattle Mariners,/api/v1/teams/136,,,
678008,2023-03-13,2023-03-13,2023-03-13,SC,Status Change,SS Josh Hood roster status changed by Seattle Mariners.,681377.0,Josh Hood,/api/v1/people/681377,136,Seattle Mariners,/api/v1/teams/136,,,
675596,2023-03-13,2023-03-13,2023-03-13,ASG,Assigned,C Tatem Levins assigned to Seattle Mariners.,694420.0,Tatem Levins,/api/v1/people/694420,136,Seattle Mariners,/api/v1/teams/136,,,
675593,2023-03-13,2023-03-13,2023-03-13,ASG,Assigned,SS Josh Hood assigned to Seattle Mariners.,681377.0,Josh Hood,/api/v1/people/681377,136,Seattle Mariners,/api/v1/teams/136,,,
675594,2023-03-13,2023-03-13,2023-03-13,ASG,Assigned,SS James Parker assigned to Seattle Mariners.,681466.0,James Parker,/api/v1/people/681466,136,Seattle Mariners,/api/v1/teams/136,,,
675658,2023-03-13,2023-03-13,,OPT,Optioned,Seattle Mariners optioned LHP Brennan Bernardino to Tacoma Rainiers.,657514.0,Brennan Bernardino,/api/v1/people/657514,529,Tacoma Rainiers,/api/v1/teams/529,136.0,Seattle Mariners,/api/v1/teams/136
675708,2023-03-14,2023-03-14,2023-03-14,ASG,Assigned,3B Blake Rambusch assigned to Seattle Mariners.,800683.0,Blake Rambusch,/api/v1/people/800683,136,Seattle Mariners,/api/v1/teams/136,,,
675710,2023-03-14,2023-03-14,2023-03-14,ASG,Assigned,OF Curtis Washington Jr. and  assigned to Seattle Mariners.,,,,136,Seattle Mariners,/api/v1/teams/136,,,
677992,2023-03-14,2023-03-14,2023-03-14,SC,Status Change,3B Blake Rambusch roster status changed by Seattle Mariners.,800683.0,Blake Rambusch,/api/v1/people/800683,136,Seattle Mariners,/api/v1/teams/136,,,
675758,2023-03-14,2023-03-14,,OPT,Optioned,Seattle Mariners optioned 1B Evan White to Tacoma Rainiers.,657108.0,Evan White,/api/v1/people/657108,529,Tacoma Rainiers,/api/v1/teams/529,136.0,Seattle Mariners,/api/v1/teams/136
675759,2023-03-14,2023-03-14,,OPT,Optioned,Seattle Mariners optioned RHP Prelander Berroa and  to Arkansas Travelers.,672860.0,Prelander Berroa,/api/v1/people/672860,574,Arkansas Travelers,/api/v1/teams/574,136.0,Seattle Mariners,/api/v1/teams/136
675875,2023-03-15,2023-03-15,2023-03-15,ASG,Assigned,SS Mike Salvatore assigned to Seattle Mariners.,663682.0,Mike Salvatore,/api/v1/people/663682,136,Seattle Mariners,/api/v1/teams/136,,,
677240,2023-03-15,2023-03-15,2023-03-15,SC,Status Change,OF Walking Cabrera roster status changed by Seattle Mariners.,676004.0,Walking Cabrera,/api/v1/people/676004,136,Seattle Mariners,/api/v1/teams/136,,,
676628,2023-03-15,2023-03-15,2023-03-15,SFA,Signed as Free Agent,Seattle Mariners signed free agent SS Johnny Adams to a minor league contract.,650626.0,Johnny Adams,/api/v1/people/650626,136,Seattle Mariners,/api/v1/teams/136,,,
675876,2023-03-15,2023-03-15,2023-03-15,ASG,Assigned,RHP Luis Curvelo assigned to Seattle Mariners.,681168.0,Luis Curvelo,/api/v1/people/681168,136,Seattle Mariners,/api/v1/teams/136,,,
677970,2023-03-15,2023-03-15,2023-03-15,SC,Status Change,SS Mike Salvatore roster status changed by Seattle Mariners.,663682.0,Mike Salvatore,/api/v1/people/663682,136,Seattle Mariners,/api/v1/teams/136,,,
677971,2023-03-15,2023-03-15,2023-03-15,SC,Status Change,RHP Luis Curvelo roster status changed by Seattle Mariners.,681168.0,Luis Curvelo,/api/v1/people/681168,136,Seattle Mariners,/api/v1/teams/136,,,
675874,2023-03-15,2023-03-15,2023-03-15,ASG,Assigned,OF Walking Cabrera assigned to Seattle Mariners.,676004.0,Walking Cabrera,/api/v1/people/676004,136,Seattle Mariners,/api/v1/teams/136,,,
683707,2023-03-16,2023-03-16,2023-03-16,SFA,Signed as Free Agent,Seattle Mariners signed free agent 2B Jordan Cowan to a minor league contract.,643268.0,Jordan Cowan,/api/v1/people/643268,136,Seattle Mariners,/api/v1/teams/136,,,
676048,2023-03-16,2023-03-16,2023-03-16,ASG,Assigned,3B Cole Barr assigned to Seattle Mariners.,685297.0,Cole Barr,/api/v1/people/685297,136,Seattle Mariners,/api/v1/teams/136,,,
677947,2023-03-16,2023-03-16,2023-03-16,SC,Status Change,3B Josh Morgan roster status changed by Seattle Mariners.,656766.0,Josh Morgan,/api/v1/people/656766,136,Seattle Mariners,/api/v1/teams/136,,,
676047,2023-03-16,2023-03-16,2023-03-16,ASG,Assigned,3B Josh Morgan assigned to Seattle Mariners.,656766.0,Josh Morgan,/api/v1/people/656766,136,Seattle Mariners,/api/v1/teams/136,,,
677948,2023-03-16,2023-03-16,2023-03-16,SC,Status Change,3B Cole Barr roster status changed by Seattle Mariners.,685297.0,Cole Barr,/api/v1/people/685297,136,Seattle Mariners,/api/v1/teams/136,,,
677921,2023-03-17,2023-03-17,2023-03-17,SC,Status Change,3B Tyler Locklear roster status changed by Seattle Mariners.,682988.0,Tyler Locklear,/api/v1/people/682988,136,Seattle Mariners,/api/v1/teams/136,,,
676164,2023-03-17,2023-03-17,2023-03-17,ASG,Assigned,3B Tyler Locklear assigned to Seattle Mariners.,682988.0,Tyler Locklear,/api/v1/people/682988,136,Seattle Mariners,/api/v1/teams/136,,,
677923,2023-03-17,2023-03-17,2023-03-17,SC,Status Change,OF Lazaro Montes roster status changed by Seattle Mariners.,703155.0,Lazaro Montes,/api/v1/people/703155,136,Seattle Mariners,/api/v1/teams/136,,,
677922,2023-03-17,2023-03-17,2023-03-17,SC,Status Change,SS Ben Ramirez roster status changed by Seattle Mariners.,668756.0,Ben Ramirez,/api/v1/people/668756,136,Seattle Mariners,/api/v1/teams/136,,,
676166,2023-03-17,2023-03-17,2023-03-17,ASG,Assigned,OF Lazaro Montes assigned to Seattle Mariners.,703155.0,Lazaro Montes,/api/v1/people/703155,136,Seattle Mariners,/api/v1/teams/136,,,
676163,2023-03-17,2023-03-17,2023-03-17,ASG,Assigned,SS Cole Young and  assigned to Seattle Mariners.,702284.0,Cole Young,/api/v1/people/702284,136,Seattle Mariners,/api/v1/teams/136,,,
676165,2023-03-17,2023-03-17,2023-03-17,ASG,Assigned,SS Ben Ramirez assigned to Seattle Mariners.,668756.0,Ben Ramirez,/api/v1/people/668756,136,Seattle Mariners,/api/v1/teams/136,,,
677236,2023-03-17,2023-03-17,2023-03-17,SC,Status Change,SS Ben Ramirez roster status changed by Seattle Mariners.,668756.0,Ben Ramirez,/api/v1/people/668756,136,Seattle Mariners,/api/v1/teams/136,,,
676325,2023-03-18,2023-03-18,2023-03-18,ASG,Assigned,RHP Rodney Hutchison and  assigned to Seattle Mariners.,663899.0,Rodney Hutchison,/api/v1/people/663899,136,Seattle Mariners,/api/v1/teams/136,,,
677238,2023-03-18,2023-03-18,2023-03-18,SC,Status Change,CF Delino DeShields roster status changed by Seattle Mariners.,592261.0,Delino DeShields,/api/v1/people/592261,136,Seattle Mariners,/api/v1/teams/136,,,
676326,2023-03-18,2023-03-18,2023-03-18,ASG,Assigned,SS Brett Rodriguez and  assigned to Seattle Mariners.,,,,136,Seattle Mariners,/api/v1/teams/136,,,
676327,2023-03-18,2023-03-18,2023-03-18,ASG,Assigned,2B Amador Arias and  assigned to Seattle Mariners.,,,,136,Seattle Mariners,/api/v1/teams/136,,,
676383,2023-03-18,2023-03-18,2023-03-18,SFA,Signed as Free Agent,Seattle Mariners signed free agent CF Delino DeShields to a minor league contract.,592261.0,Delino DeShields,/api/v1/people/592261,136,Seattle Mariners,/api/v1/teams/136,,,
676381,2023-03-19,2023-03-19,2023-03-19,ASG,Assigned,RHP Tim Elliott and  assigned to Seattle Mariners.,669651.0,Tim Elliott,/api/v1/people/669651,136,Seattle Mariners,/api/v1/teams/136,,,
677885,2023-03-19,2023-03-19,2023-03-19,SC,Status Change,LHP Peyton Alford roster status changed by Seattle Mariners.,688230.0,Peyton Alford,/api/v1/people/688230,136,Seattle Mariners,/api/v1/teams/136,,,
676386,2023-03-19,2023-03-19,2023-03-19,ASG,Assigned,RF Trent Tingelstad and  assigned to Seattle Mariners.,,,,136,Seattle Mariners,/api/v1/teams/136,,,
676382,2023-03-19,2023-03-19,2023-03-19,ASG,Assigned,RHP Ty Adcock assigned to Seattle Mariners.,686654.0,Ty Adcock,/api/v1/people/686654,136,Seattle Mariners,/api/v1/teams/136,,,
676387,2023-03-19,2023-03-19,2023-03-19,ASG,Assigned,LHP Peyton Alford assigned to Seattle Mariners.,688230.0,Peyton Alford,/api/v1/people/688230,136,Seattle Mariners,/api/v1/teams/136,,,
677883,2023-03-19,2023-03-19,2023-03-19,SC,Status Change,RHP Ty Adcock roster status changed by Seattle Mariners.,686654.0,Ty Adcock,/api/v1/people/686654,136,Seattle Mariners,/api/v1/teams/136,,,
676390,2023-03-19,2023-03-19,2023-03-19,SC,Status Change,RHP Carson Fulmer roster status changed by Seattle Mariners.,608334.0,Carson Fulmer,/api/v1/people/608334,136,Seattle Mariners,/api/v1/teams/136,,,
676404,2023-03-19,2023-03-19,,OPT,Optioned,Seattle Mariners optioned LHP Tayler Saucedo to Tacoma Rainiers.,642048.0,Tayler Saucedo,/api/v1/people/642048,529,Tacoma Rainiers,/api/v1/teams/529,136.0,Seattle Mariners,/api/v1/teams/136
676768,2023-03-20,2023-03-20,2023-03-20,SFA,Signed as Free Agent,Seattle Mariners signed free agent LF Ty Kelly to a minor league contract.,571841.0,Ty Kelly,/api/v1/people/571841,136,Seattle Mariners,/api/v1/teams/136,,,
676928,2023-03-24,2023-03-24,2023-03-24,ASG,Assigned,RHP Erick Rodriguez and  assigned to Seattle Mariners.,,,,136,Seattle Mariners,/api/v1/teams/136,,,
677276,2023-03-25,2023-03-25,2023-03-25,SC,Status Change,RHP Allan Saathoff roster status changed by Seattle Mariners.,,,,136,Seattle Mariners,/api/v1/teams/136,,,
677099,2023-03-25,2023-03-25,2023-03-25,ASG,Assigned,RHP Allan Saathoff assigned to Seattle Mariners.,802697.0,Allan Saathoff,/api/v1/people/802697,136,Seattle Mariners,/api/v1/teams/136,,,
677101,2023-03-25,2023-03-25,2023-03-25,ASG,Assigned,2B Riley Unroe and  assigned to Seattle Mariners.,,,,136,Seattle Mariners,/api/v1/teams/136,,,
677102,2023-03-25,2023-03-25,2023-03-25,ASG,Assigned,RF Isiah Gilliam and  assigned to Seattle Mariners.,,,,136,Seattle Mariners,/api/v1/teams/136,,,
679371,2023-03-25,2023-03-25,2023-03-25,SFA,Signed as Free Agent,Seattle Mariners signed free agent SS Pat Valaika to a minor league contract.,642162.0,Pat Valaika,/api/v1/people/642162,136,Seattle Mariners,/api/v1/teams/136,,,
677100,2023-03-25,2023-03-25,2023-03-25,ASG,Assigned,RHP Matt Willrodt and  assigned to Seattle Mariners.,681585.0,Matt Willrodt,/api/v1/people/681585,136,Seattle Mariners,/api/v1/teams/136,,,
677233,2023-03-26,2023-03-26,2023-03-26,SC,Status Change,LHP Blake Townsend roster status changed by Seattle Mariners.,,,,136,Seattle Mariners,/api/v1/teams/136,,,
677277,2023-03-26,2023-03-26,2023-03-26,SC,Status Change,SS Michael Arroyo roster status changed by Seattle Mariners.,703197.0,Michael Arroyo,/api/v1/people/703197,136,Seattle Mariners,/api/v1/teams/136,,,
677231,2023-03-26,2023-03-26,2023-03-26,SC,Status Change,RHP John Creel roster status changed by Seattle Mariners.,663496.0,John Creel,/api/v1/people/663496,136,Seattle Mariners,/api/v1/teams/136,,,
677274,2023-03-26,2023-03-26,2023-03-26,SC,Status Change,RHP Tyler Cleveland roster status changed by Seattle Mariners.,804663.0,Tyler Cleveland,/api/v1/people/804663,136,Seattle Mariners,/api/v1/teams/136,,,
677184,2023-03-26,2023-03-26,2023-03-26,REL,Released,Seattle Mariners released RF Kole Calhoun.,594777.0,Kole Calhoun,/api/v1/people/594777,136,Seattle Mariners,/api/v1/teams/136,,,
677262,2023-03-26,2023-03-26,,OPT,Optioned,Seattle Mariners optioned LHP Gabe Speier to Tacoma Rainiers.,642100.0,Gabe Speier,/api/v1/people/642100,529,Tacoma Rainiers,/api/v1/teams/529,136.0,Seattle Mariners,/api/v1/teams/136
677183,2023-03-26,2023-03-26,,RTN,Returned,RHP Chris Clarke returned to Chicago Cubs from Seattle Mariners.,669247.0,Chris Clarke,/api/v1/people/669247,112,Chicago Cubs,/api/v1/teams/112,136.0,Seattle Mariners,/api/v1/teams/136
677413,2023-03-27,2023-03-27,2023-03-27,ASG,Assigned,3B Milkar Perez and  assigned to Seattle Mariners.,,,,136,Seattle Mariners,/api/v1/teams/136,,,
677411,2023-03-27,2023-03-27,2023-03-27,ASG,Assigned,RHP Tyler Driver and  assigned to Seattle Mariners.,,,,136,Seattle Mariners,/api/v1/teams/136,,,
679907,2023-03-27,2023-03-27,2023-03-27,SFA,Signed as Free Agent,Seattle Mariners signed free agent RHP Nick Davila to a minor league contract.,689546.0,Nick Davila,/api/v1/people/689546,136,Seattle Mariners,/api/v1/teams/136,,,
677283,2023-03-27,2023-03-27,,OPT,Optioned,Seattle Mariners optioned RHP Justin Topa to Tacoma Rainiers.,623437.0,Justin Topa,/api/v1/people/623437,529,Tacoma Rainiers,/api/v1/teams/529,136.0,Seattle Mariners,/api/v1/teams/136
679273,2023-03-29,2023-03-27,2023-03-27,SC,Status Change,"Seattle Mariners placed 1B Dylan Moore on the 10-day injured list retroactive to March 27, 2023. Left oblique strain.",664238.0,Dylan Moore,/api/v1/people/664238,136,Seattle Mariners,/api/v1/teams/136,,,
679740,2023-03-30,2023-03-30,2023-03-30,SFA,Signed as Free Agent,Seattle Mariners signed free agent RHP Nolan Blackwood to a minor league contract.,670154.0,Nolan Blackwood,/api/v1/people/670154,136,Seattle Mariners,/api/v1/teams/136,,,
680695,2023-03-31,2023-03-31,,OPT,Optioned,Seattle Mariners optioned 2B Nick Solak to Tacoma Rainiers.,669256.0,Nick Solak,/api/v1/people/669256,529,Tacoma Rainiers,/api/v1/teams/529,136.0,Seattle Mariners,/api/v1/teams/136
680449,2023-03-31,2023-03-31,,TR,Trade,Cincinnati Reds traded 2B Nick Solak to Seattle Mariners for cash.,669256.0,Nick Solak,/api/v1/people/669256,136,Seattle Mariners,/api/v1/teams/136,113.0,Cincinnati Reds,/api/v1/teams/113
680716,2023-04-01,2023-04-01,2023-04-01,SC,Status Change,Seattle Mariners placed LHP Robbie Ray on the 15-day injured list. Left flexor strain.,592662.0,Robbie Ray,/api/v1/people/592662,136,Seattle Mariners,/api/v1/teams/136,,,
680715,2023-04-01,2023-04-01,2023-04-01,CU,Recalled,"Seattle Mariners recalled LHP Gabe Speier,  and  from Tacoma Rainiers.",,,,136,Seattle Mariners,/api/v1/teams/136,,,
681212,2023-04-03,2023-04-03,2023-04-03,SFA,Signed as Free Agent,Seattle Mariners signed free agent 2B César Hernández to a minor league contract.,514917.0,César Hernández,/api/v1/people/514917,136,Seattle Mariners,/api/v1/teams/136,,,
683324,2023-04-05,2023-04-05,2023-04-05,SFA,Signed as Free Agent,Seattle Mariners signed free agent OF MJ Rookard to a minor league contract.,811125.0,MJ Rookard,/api/v1/people/811125,136,Seattle Mariners,/api/v1/teams/136,,,
684846,2023-04-06,2023-04-06,2023-04-06,SFA,Signed as Free Agent,Seattle Mariners signed free agent RHP Braden Shipley to a minor league contract.,640463.0,Braden Shipley,/api/v1/people/640463,136,Seattle Mariners,/api/v1/teams/136,,,
683810,2023-04-09,2022-04-08,2022-04-08,SC,Status Change,"Seattle Mariners placed RHP Andrés Muñoz on the 15-day injured list retroactive to April 8, 2022. Right deltoid strain.",662253.0,Andrés Muñoz,/api/v1/people/662253,136,Seattle Mariners,/api/v1/teams/136,,,
683807,2023-04-09,2023-04-09,2023-04-09,CU,Recalled,"Seattle Mariners recalled RHP Justin Topa,  and  from Tacoma Rainiers.",,,,136,Seattle Mariners,/api/v1/teams/136,,,
683815,2023-04-09,2023-04-09,2023-04-09,SC,Status Change,Seattle Mariners placed 1B Evan White on the 60-day injured list. Left adductor strain.,657108.0,Evan White,/api/v1/people/657108,136,Seattle Mariners,/api/v1/teams/136,,,
683811,2023-04-09,2023-04-09,,OPT,Optioned,Seattle Mariners optioned RHP Matt Festa to Tacoma Rainiers.,670036.0,Matt Festa,/api/v1/people/670036,529,Tacoma Rainiers,/api/v1/teams/529,136.0,Seattle Mariners,/api/v1/teams/136
683808,2023-04-09,2023-04-09,,SE,Selected,Seattle Mariners selected the contract of RHP J.B. Bukauskas from Tacoma Rainiers.,656266.0,J.B. Bukauskas,/api/v1/people/656266,136,Seattle Mariners,/api/v1/teams/136,529.0,Tacoma Rainiers,/api/v1/teams/529
683814,2023-04-09,2023-04-09,,CU,Recalled,Seattle Mariners recalled 1B Evan White from Tacoma Rainiers.,657108.0,Evan White,/api/v1/people/657108,136,Seattle Mariners,/api/v1/teams/136,529.0,Tacoma Rainiers,/api/v1/teams/529
684010,2023-04-10,2023-04-10,2023-04-10,DES,Designated for Assignment,Seattle Mariners designated 2B Nick Solak for assignment.,669256.0,Nick Solak,/api/v1/people/669256,136,Seattle Mariners,/api/v1/teams/136,,,
684009,2023-04-10,2023-04-10,,SE,Selected,Seattle Mariners selected the contract of RHP José Rodriguez from Tacoma Rainiers.,642578.0,José Rodríguez,/api/v1/people/642578,136,Seattle Mariners,/api/v1/teams/136,529.0,Tacoma Rainiers,/api/v1/teams/529
684008,2023-04-10,2023-04-10,,OPT,Optioned,Seattle Mariners optioned RHP J.B. Bukauskas to Tacoma Rainiers.,656266.0,J.B. Bukauskas,/api/v1/people/656266,529,Tacoma Rainiers,/api/v1/teams/529,136.0,Seattle Mariners,/api/v1/teams/136
684258,2023-04-12,2023-04-12,2023-04-12,DES,Designated for Assignment,Seattle Mariners designated LHP Brennan Bernardino for assignment.,657514.0,Brennan Bernardino,/api/v1/people/657514,136,Seattle Mariners,/api/v1/teams/136,,,
684256,2023-04-12,2023-04-12,2023-04-12,SE,Selected,"Seattle Mariners selected the contract of RHP Darren McCaughan,  and  from Tacoma Rainiers.",,,,136,Seattle Mariners,/api/v1/teams/136,,,
684257,2023-04-12,2023-04-12,,OPT,Optioned,Seattle Mariners optioned RHP José Rodríguez to Tacoma Rainiers.,642578.0,José Rodríguez,/api/v1/people/642578,529,Tacoma Rainiers,/api/v1/teams/529,136.0,Seattle Mariners,/api/v1/teams/136
684457,2023-04-13,2023-04-13,2023-04-13,SFA,Signed as Free Agent,Seattle Mariners signed free agent LHP Eric Stout to a minor league contract.,657770.0,Eric Stout,/api/v1/people/657770,136,Seattle Mariners,/api/v1/teams/136,,,
684931,2023-04-14,2023-04-14,2023-04-14,SC,Status Change,Seattle Mariners activated LHP Tommy Milone.,543548.0,Tommy Milone,/api/v1/people/543548,136,Seattle Mariners,/api/v1/teams/136,,,
684576,2023-04-14,2023-04-14,2023-04-14,SC,Status Change,Seattle Mariners placed LHP Marco Gonzales on the paternity list.,594835.0,Marco Gonzales,/api/v1/people/594835,136,Seattle Mariners,/api/v1/teams/136,,,
684575,2023-04-14,2023-04-14,2023-04-14,SE,Selected,Seattle Mariners selected the contract of LHP Tommy Milone and  from Tacoma Rainiers.,,,,136,Seattle Mariners,/api/v1/teams/136,,,
684589,2023-04-14,2023-04-14,2023-04-14,SFA,Signed as Free Agent,Seattle Mariners signed free agent LHP Rob Kaminsky to a minor league contract.,641739.0,Rob Kaminsky,/api/v1/people/641739,136,Seattle Mariners,/api/v1/teams/136,,,
684577,2023-04-14,2023-04-14,2023-04-14,DES,Designated for Assignment,Seattle Mariners designated RHP J.B. Bukauskas for assignment.,656266.0,J.B. Bukauskas,/api/v1/people/656266,136,Seattle Mariners,/api/v1/teams/136,,,
684530,2023-04-14,2023-04-14,,CLW,Claimed Off Waivers,Chicago White Sox claimed 2B Nick Solak off waivers from Seattle Mariners.,669256.0,Nick Solak,/api/v1/people/669256,145,Chicago White Sox,/api/v1/teams/145,136.0,Seattle Mariners,/api/v1/teams/136
687766,2023-04-15,2023-04-15,2023-04-15,SC,Status Change,Seattle Mariners activated SS Jose Caballero.,676609.0,José Caballero,/api/v1/people/676609,136,Seattle Mariners,/api/v1/teams/136,,,
684929,2023-04-15,2023-04-15,2023-04-15,DES,Designated for Assignment,Seattle Mariners designated LHP Tommy Milone for assignment.,543548.0,Tommy Milone,/api/v1/people/543548,136,Seattle Mariners,/api/v1/teams/136,,,
685178,2023-04-15,2023-04-15,2023-04-15,SC,Status Change,Seattle Mariners placed 2B Sam Haggerty on the 7-day injured list. Concussion.,,,,136,Seattle Mariners,/api/v1/teams/136,,,
684930,2023-04-15,2023-04-15,2023-04-15,DES,Designated for Assignment,Seattle Mariners designated LHP Tommy Milone for assignment.,543548.0,Tommy Milone,/api/v1/people/543548,136,Seattle Mariners,/api/v1/teams/136,,,
684932,2023-04-15,2023-04-15,2023-04-15,DES,Designated for Assignment,Seattle Mariners designated LHP Tommy Milone for assignment.,543548.0,Tommy Milone,/api/v1/people/543548,136,Seattle Mariners,/api/v1/teams/136,,,
684928,2023-04-15,2023-04-15,,SE,Selected,Seattle Mariners selected the contract of SS Jose Caballero from Tacoma Rainiers.,676609.0,José Caballero,/api/v1/people/676609,136,Seattle Mariners,/api/v1/teams/136,529.0,Tacoma Rainiers,/api/v1/teams/529
685137,2023-04-16,2023-04-16,,CLW,Claimed Off Waivers,Boston Red Sox claimed LHP Brennan Bernardino off waivers from Seattle Mariners.,657514.0,Brennan Bernardino,/api/v1/people/657514,111,Boston Red Sox,/api/v1/teams/111,136.0,Seattle Mariners,/api/v1/teams/136
685179,2023-04-17,2023-04-17,2023-04-17,SC,Status Change,Seattle Mariners activated LHP Marco Gonzales from the paternity list.,594835.0,Marco Gonzales,/api/v1/people/594835,136,Seattle Mariners,/api/v1/teams/136,,,
685580,2023-04-18,2023-04-18,2023-04-18,ASG,Assigned,Seattle Mariners sent 1B Dylan Moore on a rehab assignment to Everett AquaSox.,664238.0,Dylan Moore,/api/v1/people/664238,403,Everett AquaSox,/api/v1/teams/403,136.0,Seattle Mariners,/api/v1/teams/136
685611,2023-04-18,2023-04-18,2023-04-18,ASG,Assigned,Seattle Mariners sent LF Taylor Trammell on a rehab assignment to Tacoma Rainiers.,666211.0,Taylor Trammell,/api/v1/people/666211,529,Tacoma Rainiers,/api/v1/teams/529,136.0,Seattle Mariners,/api/v1/teams/136
685568,2023-04-18,2023-04-18,2023-04-18,ASG,Assigned,Seattle Mariners sent 1B Dylan Moore on a rehab assignment to Everett AquaSox.,664238.0,Dylan Moore,/api/v1/people/664238,403,Everett AquaSox,/api/v1/teams/403,136.0,Seattle Mariners,/api/v1/teams/136
685618,2023-04-18,2023-04-18,2023-04-18,SFA,Signed as Free Agent,Seattle Mariners signed free agent RHP Konner Wade to a minor league contract.,592831.0,Konner Wade,/api/v1/people/592831,136,Seattle Mariners,/api/v1/teams/136,,,
685421,2023-04-18,2023-04-18,,CLW,Claimed Off Waivers,Milwaukee Brewers claimed RHP J.B. Bukauskas off waivers from Seattle Mariners.,656266.0,J.B. Bukauskas,/api/v1/people/656266,158,Milwaukee Brewers,/api/v1/teams/158,136.0,Seattle Mariners,/api/v1/teams/136
685612,2023-04-18,2023-04-18,,CU,Recalled,Seattle Mariners recalled LHP Tayler Saucedo from Tacoma Rainiers.,642048.0,Tayler Saucedo,/api/v1/people/642048,136,Seattle Mariners,/api/v1/teams/136,529.0,Tacoma Rainiers,/api/v1/teams/529
685613,2023-04-18,2023-04-18,,OPT,Optioned,Seattle Mariners optioned RHP Darren McCaughan to Tacoma Rainiers.,670766.0,Darren McCaughan,/api/v1/people/670766,529,Tacoma Rainiers,/api/v1/teams/529,136.0,Seattle Mariners,/api/v1/teams/136
685835,2023-04-19,2023-04-19,,OUT,Outrighted,Seattle Mariners sent LHP Tommy Milone outright to Tacoma Rainiers.,543548.0,Tommy Milone,/api/v1/people/543548,529,Tacoma Rainiers,/api/v1/teams/529,136.0,Seattle Mariners,/api/v1/teams/136
661547,2023-04-21,2022-11-17,2022-11-17,SC,Status Change,Seattle Mariners activated C Cooper Hummel.,,,,136,Seattle Mariners,/api/v1/teams/136,,,
686793,2023-04-22,2023-04-22,2023-04-22,SC,Status Change,Seattle Mariners activated 2B Sam Haggerty from the 7-day injured list.,664059.0,Sam Haggerty,/api/v1/people/664059,136,Seattle Mariners,/api/v1/teams/136,,,
686792,2023-04-22,2023-04-22,,OPT,Optioned,Seattle Mariners optioned C Cooper Hummel to Tacoma Rainiers.,669450.0,Cooper Hummel,/api/v1/people/669450,529,Tacoma Rainiers,/api/v1/teams/529,136.0,Seattle Mariners,/api/v1/teams/136
687951,2023-04-29,2023-04-29,,OPT,Optioned,Seattle Mariners optioned RHP Diego Castillo to Tacoma Rainiers.,650895.0,Diego Castillo,/api/v1/people/650895,529,Tacoma Rainiers,/api/v1/teams/529,136.0,Seattle Mariners,/api/v1/teams/136
687950,2023-04-29,2023-04-29,,CU,Recalled,Seattle Mariners recalled RHP Easton McGee from Tacoma Rainiers.,668834.0,Easton McGee,/api/v1/people/668834,136,Seattle Mariners,/api/v1/teams/136,529.0,Tacoma Rainiers,/api/v1/teams/529
688096,2023-04-30,2023-04-30,2023-04-30,SC,Status Change,Seattle Mariners activated LF Taylor Trammell from the 10-day injured list.,666211.0,Taylor Trammell,/api/v1/people/666211,136,Seattle Mariners,/api/v1/teams/136,,,
688095,2023-04-30,2023-04-30,2023-04-30,SC,Status Change,Seattle Mariners placed RHP Easton McGee on the 15-day injured list. Right forearm strain.,668834.0,Easton McGee,/api/v1/people/668834,136,Seattle Mariners,/api/v1/teams/136,,,
688338,2023-05-01,2023-05-01,,OUT,Outrighted,Seattle Mariners sent RHP Diego Castillo outright to Tacoma Rainiers.,650895.0,Diego Castillo,/api/v1/people/650895,529,Tacoma Rainiers,/api/v1/teams/529,136.0,Seattle Mariners,/api/v1/teams/136
688571,2023-05-02,2023-05-02,2023-05-02,DES,Designated for Assignment,Seattle Mariners designated 2B Tommy La Stella for assignment.,600303.0,Tommy La Stella,/api/v1/people/600303,136,Seattle Mariners,/api/v1/teams/136,,,
688572,2023-05-02,2023-05-02,,SE,Selected,Seattle Mariners selected the contract of RHP Bryce Miller from Arkansas Travelers.,682243.0,Bryce Miller,/api/v1/people/682243,136,Seattle Mariners,/api/v1/teams/136,574.0,Arkansas Travelers,/api/v1/teams/574
689272,2023-05-04,2023-05-04,2023-05-04,REL,Released,Seattle Mariners released 2B Tommy La Stella.,600303.0,Tommy La Stella,/api/v1/people/600303,136,Seattle Mariners,/api/v1/teams/136,,,
689777,2023-05-06,2023-05-04,2023-05-04,SC,Status Change,"Seattle Mariners placed RHP Penn Murfee on the 15-day injured list retroactive to May 4, 2023. Right elbow inflammation.",682171.0,Penn Murfee,/api/v1/people/682171,136,Seattle Mariners,/api/v1/teams/136,,,
689778,2023-05-06,2023-05-06,,CU,Recalled,Seattle Mariners recalled RHP Juan Then from Arkansas Travelers.,672730.0,Juan Then,/api/v1/people/672730,136,Seattle Mariners,/api/v1/teams/136,574.0,Arkansas Travelers,/api/v1/teams/574
690222,2023-05-08,2023-05-08,,TR,Trade,Philadelphia Phillies traded LHP Ethan Lindow to Seattle Mariners for cash.,,,,143,Philadelphia Phillies,/api/v1/teams/143,136.0,Seattle Mariners,/api/v1/teams/136
693127,2023-05-18,2023-05-18,2023-05-18,ASG,Assigned,Seattle Mariners sent 1B Dylan Moore on a rehab assignment to Everett AquaSox.,664238.0,Dylan Moore,/api/v1/people/664238,403,Everett AquaSox,/api/v1/teams/403,136.0,Seattle Mariners,/api/v1/teams/136
694826,2023-05-22,2023-05-22,2023-05-22,SFA,Signed as Free Agent,Seattle Mariners signed free agent RHP Jose Zerpa to a minor league contract.,813683.0,Jose Zerpa,/api/v1/people/813683,136,Seattle Mariners,/api/v1/teams/136,,,
696061,2023-05-22,2023-05-22,2023-05-22,SC,Status Change,C Pedro Severino roster status changed by Seattle Mariners.,600474.0,Pedro Severino,/api/v1/people/600474,136,Seattle Mariners,/api/v1/teams/136,,,
694681,2023-05-22,2023-05-22,2023-05-22,SFA,Signed as Free Agent,Seattle Mariners signed free agent RHP Marcus Walden to a minor league contract.,519393.0,Marcus Walden,/api/v1/people/519393,136,Seattle Mariners,/api/v1/teams/136,,,
694961,2023-05-22,2023-05-22,2023-05-22,ASG,Assigned,C Pedro Severino assigned to Seattle Mariners.,600474.0,Pedro Severino,/api/v1/people/600474,136,Seattle Mariners,/api/v1/teams/136,,,
694803,2023-05-22,2023-05-22,2023-05-22,ASG,Assigned,Seattle Mariners sent 1B Dylan Moore on a rehab assignment to Tacoma Rainiers.,664238.0,Dylan Moore,/api/v1/people/664238,529,Tacoma Rainiers,/api/v1/teams/529,136.0,Seattle Mariners,/api/v1/teams/136
696063,2023-05-24,2023-05-24,,TR,Trade,Seattle Mariners traded C Jacob Nottingham to San Francisco Giants.,641924.0,Jacob Nottingham,/api/v1/people/641924,137,San Francisco Giants,/api/v1/teams/137,136.0,Seattle Mariners,/api/v1/teams/136
697205,2023-05-30,2023-05-30,2023-05-30,ASG,Assigned,Seattle Mariners sent RHP Andrés Muñoz on a rehab assignment to Tacoma Rainiers.,662253.0,Andrés Muñoz,/api/v1/people/662253,529,Tacoma Rainiers,/api/v1/teams/529,136.0,Seattle Mariners,/api/v1/teams/136
697201,2023-05-30,2023-05-30,2023-05-30,SFA,Signed as Free Agent,Seattle Mariners signed free agent CF Adam Engel to a minor league contract.,641553.0,Adam Engel,/api/v1/people/641553,136,Seattle Mariners,/api/v1/teams/136,,,
697148,2023-05-30,2023-05-30,,CU,Recalled,Seattle Mariners recalled RHP Darren McCaughan from Tacoma Rainiers.,670766.0,Darren McCaughan,/api/v1/people/670766,136,Seattle Mariners,/api/v1/teams/136,529.0,Tacoma Rainiers,/api/v1/teams/529
697149,2023-05-30,2023-05-30,,OPT,Optioned,Seattle Mariners optioned RHP Juan Then to Tacoma Rainiers.,672730.0,Juan Then,/api/v1/people/672730,529,Tacoma Rainiers,/api/v1/teams/529,136.0,Seattle Mariners,/api/v1/teams/136
697612,2023-05-31,2023-05-31,,OPT,Optioned,Seattle Mariners optioned RHP Darren McCaughan to Tacoma Rainiers.,670766.0,Darren McCaughan,/api/v1/people/670766,529,Tacoma Rainiers,/api/v1/teams/529,136.0,Seattle Mariners,/api/v1/teams/136
697611,2023-05-31,2023-05-31,,CU,Recalled,Seattle Mariners recalled RHP Matt Festa from Tacoma Rainiers.,670036.0,Matt Festa,/api/v1/people/670036,136,Seattle Mariners,/api/v1/teams/136,529.0,Tacoma Rainiers,/api/v1/teams/529
697857,2023-06-01,2023-06-01,,OPT,Optioned,Seattle Mariners optioned LF Taylor Trammell to Tacoma Rainiers.,666211.0,Taylor Trammell,/api/v1/people/666211,529,Tacoma Rainiers,/api/v1/teams/529,136.0,Seattle Mariners,/api/v1/teams/136
698052,2023-06-02,2023-06-02,,SE,Selected,Seattle Mariners selected the contract of 1B Mike Ford from Tacoma Rainiers.,645801.0,Mike Ford,/api/v1/people/645801,136,Seattle Mariners,/api/v1/teams/136,529.0,Tacoma Rainiers,/api/v1/teams/529
698316,2023-06-03,2023-06-03,2023-06-03,SC,Status Change,Seattle Mariners placed LHP Marco Gonzales on the 15-day injured list. Left forearm strain.,594835.0,Marco Gonzales,/api/v1/people/594835,136,Seattle Mariners,/api/v1/teams/136,,,
698497,2023-06-03,2023-06-03,2023-06-03,SFA,Signed as Free Agent,Seattle Mariners signed free agent LHP Kyle Hart to a minor league contract.,606996.0,Kyle Hart,/api/v1/people/606996,136,Seattle Mariners,/api/v1/teams/136,,,
698312,2023-06-03,2023-06-03,,SE,Selected,Seattle Mariners selected the contract of RHP Bryan Woo from Arkansas Travelers.,693433.0,Bryan Woo,/api/v1/people/693433,136,Seattle Mariners,/api/v1/teams/136,574.0,Arkansas Travelers,/api/v1/teams/574
699222,2023-06-04,2023-06-04,2023-06-04,ASG,Assigned,Seattle Mariners sent RHP Penn Murfee on a rehab assignment to Tacoma Rainiers.,682171.0,Penn Murfee,/api/v1/people/682171,529,Tacoma Rainiers,/api/v1/teams/529,136.0,Seattle Mariners,/api/v1/teams/136
701531,2023-06-05,2023-06-05,2023-06-05,SFA,Signed as Free Agent,Seattle Mariners signed free agent RHP Ryder Ryan to a minor league contract.,656924.0,Ryder Ryan,/api/v1/people/656924,136,Seattle Mariners,/api/v1/teams/136,,,
701691,2023-06-06,2023-06-06,2023-06-06,SC,Status Change,Seattle Mariners activated RHP Andrés Muñoz from the 15-day injured list.,662253.0,Andrés Muñoz,/api/v1/people/662253,136,Seattle Mariners,/api/v1/teams/136,,,
701698,2023-06-06,2023-06-05,2023-06-05,SC,Status Change,"Seattle Mariners placed RHP Trevor Gott on the 15-day injured list retroactive to June 5, 2023. Low back muscle spasm.",641627.0,Trevor Gott,/api/v1/people/641627,136,Seattle Mariners,/api/v1/teams/136,,,
701694,2023-06-06,2023-06-06,2023-06-06,SC,Status Change,Seattle Mariners activated 1B Dylan Moore from the 10-day injured list.,664238.0,Dylan Moore,/api/v1/people/664238,136,Seattle Mariners,/api/v1/teams/136,,,
701696,2023-06-06,2023-06-06,,OPT,Optioned,Seattle Mariners optioned 2B Sam Haggerty to Tacoma Rainiers.,664059.0,Sam Haggerty,/api/v1/people/664059,529,Tacoma Rainiers,/api/v1/teams/529,136.0,Seattle Mariners,/api/v1/teams/136
708074,2023-06-08,2023-06-08,2023-06-08,SFA,Signed as Free Agent,Seattle Mariners signed free agent SS Didi Gregorius to a minor league contract.,544369.0,Didi Gregorius,/api/v1/people/544369,136,Seattle Mariners,/api/v1/teams/136,,,
702818,2023-06-09,2023-06-09,2023-06-09,SC,Status Change,Seattle Mariners activated RHP Penn Murfee from the 15-day injured list.,682171.0,Penn Murfee,/api/v1/people/682171,136,Seattle Mariners,/api/v1/teams/136,,,
702777,2023-06-09,2023-06-09,2023-06-09,SFA,Signed as Free Agent,Seattle Mariners signed free agent RHP Shawn Semple to a minor league contract.,676111.0,Shawn Semple,/api/v1/people/676111,136,Seattle Mariners,/api/v1/teams/136,,,
702817,2023-06-09,2023-06-09,,OPT,Optioned,Seattle Mariners optioned RHP Matt Festa to Tacoma Rainiers.,670036.0,Matt Festa,/api/v1/people/670036,529,Tacoma Rainiers,/api/v1/teams/529,136.0,Seattle Mariners,/api/v1/teams/136
703421,2023-06-12,2023-06-12,2023-06-12,SC,Status Change,Seattle Mariners placed RHP Penn Murfee on the 15-day injured list. Right elbow inflammation.,682171.0,Penn Murfee,/api/v1/people/682171,136,Seattle Mariners,/api/v1/teams/136,,,
703422,2023-06-12,2023-06-12,2023-06-12,SC,Status Change,Seattle Mariners transferred LHP Robbie Ray from the 15-day injured list to the 60-day injured list.,592662.0,Robbie Ray,/api/v1/people/592662,136,Seattle Mariners,/api/v1/teams/136,,,
703420,2023-06-12,2023-06-12,,SE,Selected,Seattle Mariners selected the contract of RHP Ty Adcock from Arkansas Travelers.,686654.0,Ty Adcock,/api/v1/people/686654,136,Seattle Mariners,/api/v1/teams/136,574.0,Arkansas Travelers,/api/v1/teams/574
704492,2023-06-15,2023-06-15,,TR,Trade,Seattle Mariners traded 2B Kean Wong to Chicago White Sox.,642221.0,Kean Wong,/api/v1/people/642221,145,Chicago White Sox,/api/v1/teams/145,136.0,Seattle Mariners,/api/v1/teams/136
705543,2023-06-20,2023-06-20,2023-06-20,ASG,Assigned,Seattle Mariners sent RHP Trevor Gott on a rehab assignment to Tacoma Rainiers.,641627.0,Trevor Gott,/api/v1/people/641627,529,Tacoma Rainiers,/api/v1/teams/529,136.0,Seattle Mariners,/api/v1/teams/136
707233,2023-06-20,2023-06-20,2023-06-20,ASG,Assigned,Seattle Mariners sent RHP Trevor Gott on a rehab assignment to Tacoma Rainiers.,641627.0,Trevor Gott,/api/v1/people/641627,529,Tacoma Rainiers,/api/v1/teams/529,136.0,Seattle Mariners,/api/v1/teams/136
707234,2023-06-27,2023-06-27,2023-06-27,SC,Status Change,Seattle Mariners activated RHP Trevor Gott from the 15-day injured list.,641627.0,Trevor Gott,/api/v1/people/641627,136,Seattle Mariners,/api/v1/teams/136,,,
707232,2023-06-27,2023-06-27,2023-06-27,DES,Designated for Assignment,Seattle Mariners designated RHP Chris Flexen for assignment.,623167.0,Chris Flexen,/api/v1/people/623167,136,Seattle Mariners,/api/v1/teams/136,,,
708440,2023-07-02,2023-07-02,,CLW,Claimed Off Waivers,Seattle Mariners claimed 2B Mark Mathias off waivers from Pittsburgh Pirates.,664029.0,Mark Mathias,/api/v1/people/664029,136,Seattle Mariners,/api/v1/teams/136,134.0,Pittsburgh Pirates,/api/v1/teams/134
708696,2023-07-03,2023-07-01,2023-07-01,SC,Status Change,"Seattle Mariners placed RHP Bryce Miller on the 15-day injured list retroactive to July 1, 2023. Right middle finger blister.",682243.0,Bryce Miller,/api/v1/people/682243,136,Seattle Mariners,/api/v1/teams/136,,,
708635,2023-07-03,2023-07-03,,TR,Trade,Seattle Mariners traded RHP Trevor Gott and RHP Chris Flexen to New York Mets for LHP Zach Muckenhirn.,623167.0,Chris Flexen,/api/v1/people/623167,121,New York Mets,/api/v1/teams/121,136.0,Seattle Mariners,/api/v1/teams/136
708713,2023-07-03,2023-07-03,,CU,Recalled,Seattle Mariners recalled RHP Matt Festa from Tacoma Rainiers.,670036.0,Matt Festa,/api/v1/people/670036,136,Seattle Mariners,/api/v1/teams/136,529.0,Tacoma Rainiers,/api/v1/teams/529
708697,2023-07-03,2023-07-03,,CU,Recalled,Seattle Mariners recalled RHP Darren McCaughan from Tacoma Rainiers.,670766.0,Darren McCaughan,/api/v1/people/670766,136,Seattle Mariners,/api/v1/teams/136,529.0,Tacoma Rainiers,/api/v1/teams/529
708962,2023-07-04,2023-07-04,,TR,Trade,Seattle Mariners traded SS Pat Valaika to Los Angeles Dodgers for cash.,,,,136,Seattle Mariners,/api/v1/teams/136,119.0,Los Angeles Dodgers,/api/v1/teams/119
709216,2023-07-05,2023-07-05,2023-07-05,SC,Status Change,Seattle Mariners transferred RHP Penn Murfee from the 15-day injured list to the 60-day injured list. Right elbow inflammation.,682171.0,Penn Murfee,/api/v1/people/682171,136,Seattle Mariners,/api/v1/teams/136,,,
709215,2023-07-05,2023-07-05,,SE,Selected,Seattle Mariners selected the contract of LHP Tommy Milone from Tacoma Rainiers.,543548.0,Tommy Milone,/api/v1/people/543548,136,Seattle Mariners,/api/v1/teams/136,529.0,Tacoma Rainiers,/api/v1/teams/529
709214,2023-07-05,2023-07-05,,OPT,Optioned,Seattle Mariners optioned RHP Darren McCaughan to Tacoma Rainiers.,670766.0,Darren McCaughan,/api/v1/people/670766,529,Tacoma Rainiers,/api/v1/teams/529,136.0,Seattle Mariners,/api/v1/teams/136
709518,2023-07-06,2023-07-06,2023-07-06,DES,Designated for Assignment,Seattle Mariners designated LHP Tommy Milone for assignment.,543548.0,Tommy Milone,/api/v1/people/543548,136,Seattle Mariners,/api/v1/teams/136,,,
709517,2023-07-06,2023-07-06,,CU,Recalled,Seattle Mariners recalled RHP Isaiah Campbell from Arkansas Travelers.,663462.0,Isaiah Campbell,/api/v1/people/663462,136,Seattle Mariners,/api/v1/teams/136,574.0,Arkansas Travelers,/api/v1/teams/574
710005,2023-07-07,2023-07-07,,OUT,Outrighted,Seattle Mariners sent RHP José Rodríguez outright to Tacoma Rainiers.,642578.0,José Rodríguez,/api/v1/people/642578,529,Tacoma Rainiers,/api/v1/teams/529,136.0,Seattle Mariners,/api/v1/teams/136
710159,2023-07-07,2023-07-07,,TR,Trade,Seattle Mariners traded OF Jack Larsen to San Francisco Giants.,677223.0,Jack Larsen,/api/v1/people/677223,137,San Francisco Giants,/api/v1/teams/137,136.0,Seattle Mariners,/api/v1/teams/136
710663,2023-07-12,2023-07-12,,CLW,Claimed Off Waivers,Seattle Mariners claimed RHP Adam Oller off waivers from Oakland Athletics.,670124.0,Adam Oller,/api/v1/people/670124,136,Seattle Mariners,/api/v1/teams/136,133.0,Athletics,/api/v1/teams/133
710664,2023-07-12,2023-07-12,,OPT,Optioned,Seattle Mariners optioned RHP Adam Oller to Tacoma Rainiers.,670124.0,Adam Oller,/api/v1/people/670124,529,Tacoma Rainiers,/api/v1/teams/529,136.0,Seattle Mariners,/api/v1/teams/136
710801,2023-07-13,2023-07-13,,OUT,Outrighted,Seattle Mariners sent LHP Tommy Milone outright to Tacoma Rainiers.,543548.0,Tommy Milone,/api/v1/people/543548,529,Tacoma Rainiers,/api/v1/teams/529,136.0,Seattle Mariners,/api/v1/teams/136
711362,2023-07-14,2023-07-14,2023-07-14,SFA,Signed as Free Agent,Seattle Mariners signed free agent LHP Logan Allen to a minor league contract.,663531.0,Logan Allen,/api/v1/people/663531,136,Seattle Mariners,/api/v1/teams/136,,,
711503,2023-07-15,2023-07-15,2023-07-15,SFA,Signed as Free Agent,Seattle Mariners signed free agent C Robert Emery to a minor league contract.,681487.0,Robert Emery,/api/v1/people/681487,136,Seattle Mariners,/api/v1/teams/136,,,
734253,2023-07-15,2023-07-15,2023-07-15,SGN,Signed,Seattle Mariners signed RHP Jacob McNairy.,805722.0,Jacob McNairy,/api/v1/people/805722,136,Seattle Mariners,/api/v1/teams/136,,,
711645,2023-07-16,2023-07-16,2023-07-16,SC,Status Change,Seattle Mariners activated RHP Bryce Miller from the 15-day injured list.,682243.0,Bryce Miller,/api/v1/people/682243,136,Seattle Mariners,/api/v1/teams/136,,,
711644,2023-07-16,2023-07-16,,OPT,Optioned,Seattle Mariners optioned RHP Matt Festa to Tacoma Rainiers.,670036.0,Matt Festa,/api/v1/people/670036,529,Tacoma Rainiers,/api/v1/teams/529,136.0,Seattle Mariners,/api/v1/teams/136
712243,2023-07-18,2023-07-18,2023-07-18,SFA,Signed as Free Agent,Seattle Mariners signed free agent 1B Jarrod Belbin to a minor league contract.,684008.0,Jarrod Belbin,/api/v1/people/684008,136,Seattle Mariners,/api/v1/teams/136,,,
712236,2023-07-18,2023-07-18,2023-07-18,SGN,Signed,Seattle Mariners signed C Jacob Sharp.,814435.0,Jacob Sharp,/api/v1/people/814435,136,Seattle Mariners,/api/v1/teams/136,,,
712213,2023-07-18,2023-07-18,2023-07-18,SGN,Signed,Seattle Mariners signed RHP Teddy McGraw.,803141.0,Teddy McGraw,/api/v1/people/803141,136,Seattle Mariners,/api/v1/teams/136,,,
712224,2023-07-18,2023-07-18,2023-07-18,SGN,Signed,Seattle Mariners signed OF RJ Schreck.,702302.0,RJ Schreck,/api/v1/people/702302,136,Seattle Mariners,/api/v1/teams/136,,,
713000,2023-07-18,2023-07-18,2023-07-18,SC,Status Change,3B Hunter Fitz-Gerald roster status changed by Seattle Mariners.,686638.0,Hunter Fitz-Gerald,/api/v1/people/686638,136,Seattle Mariners,/api/v1/teams/136,,,
712237,2023-07-18,2023-07-18,2023-07-18,SGN,Signed,Seattle Mariners signed RHP Daniel Ouderkirk.,686705.0,Daniel Ouderkirk,/api/v1/people/686705,136,Seattle Mariners,/api/v1/teams/136,,,
712229,2023-07-18,2023-07-18,2023-07-18,SGN,Signed,Seattle Mariners signed RHP Elijah Dale.,688145.0,Elijah Dale,/api/v1/people/688145,136,Seattle Mariners,/api/v1/teams/136,,,
712216,2023-07-18,2023-07-18,2023-07-18,SGN,Signed,Seattle Mariners signed SS Brock Rodden.,801126.0,Brock Rodden,/api/v1/people/801126,136,Seattle Mariners,/api/v1/teams/136,,,
712228,2023-07-18,2023-07-18,2023-07-18,SGN,Signed,Seattle Mariners signed RHP Logan Evans.,688138.0,Logan Evans,/api/v1/people/688138,136,Seattle Mariners,/api/v1/teams/136,,,
712218,2023-07-18,2023-07-18,2023-07-18,SGN,Signed,Seattle Mariners signed RHP Brody Hopkins.,811315.0,Brody Hopkins,/api/v1/people/811315,136,Seattle Mariners,/api/v1/teams/136,,,
712225,2023-07-18,2023-07-18,2023-07-18,SGN,Signed,Seattle Mariners signed OF Jared Sundstrom.,814791.0,Jared Sundstrom,/api/v1/people/814791,136,Seattle Mariners,/api/v1/teams/136,,,
712231,2023-07-18,2023-07-18,2023-07-18,SGN,Signed,Seattle Mariners signed RHP Ernie Day.,701308.0,Ernie Day,/api/v1/people/701308,136,Seattle Mariners,/api/v1/teams/136,,,
712214,2023-07-18,2023-07-18,2023-07-18,SGN,Signed,Seattle Mariners signed OF Aidan Smith.,806223.0,Aidan Smith,/api/v1/people/806223,136,Seattle Mariners,/api/v1/teams/136,,,
712238,2023-07-18,2023-07-18,2023-07-18,SGN,Signed,Seattle Mariners signed 3B Charlie Pagliarini.,813860.0,Charlie Pagliarini,/api/v1/people/813860,136,Seattle Mariners,/api/v1/teams/136,,,
712235,2023-07-18,2023-07-18,2023-07-18,SGN,Signed,Seattle Mariners signed 3B Caleb Cali.,687730.0,Caleb Cali,/api/v1/people/687730,136,Seattle Mariners,/api/v1/teams/136,,,
712211,2023-07-18,2023-07-18,2023-07-18,SGN,Signed,Seattle Mariners signed 3B Ben Williamson.,810938.0,Ben Williamson,/api/v1/people/810938,136,Seattle Mariners,/api/v1/teams/136,,,
712226,2023-07-18,2023-07-18,2023-07-18,SGN,Signed,Seattle Mariners signed LHP Brandyn Garcia.,805299.0,Brandyn Garcia,/api/v1/people/805299,136,Seattle Mariners,/api/v1/teams/136,,,
712240,2023-07-18,2023-07-18,2023-07-18,SFA,Signed as Free Agent,Seattle Mariners signed free agent 3B Hunter Fitz-Gerald to a minor league contract.,686638.0,Hunter Fitz-Gerald,/api/v1/people/686638,136,Seattle Mariners,/api/v1/teams/136,,,
712208,2023-07-18,2023-07-18,2023-07-18,SGN,Signed,Seattle Mariners signed SS Colt Emerson.,806068.0,Colt Emerson,/api/v1/people/806068,136,Seattle Mariners,/api/v1/teams/136,,,
712242,2023-07-18,2023-07-18,2023-07-18,SFA,Signed as Free Agent,Seattle Mariners signed free agent RHP German Fajardo to a minor league contract.,690455.0,German Fajardo,/api/v1/people/690455,136,Seattle Mariners,/api/v1/teams/136,,,
712209,2023-07-18,2023-07-18,2023-07-18,SGN,Signed,Seattle Mariners signed SS Tai Peete.,806191.0,Tai Peete,/api/v1/people/806191,136,Seattle Mariners,/api/v1/teams/136,,,
712220,2023-07-18,2023-07-18,2023-07-18,SGN,Signed,Seattle Mariners signed RHP Ty Cummings.,807744.0,Ty Cummings,/api/v1/people/807744,136,Seattle Mariners,/api/v1/teams/136,,,
712222,2023-07-18,2023-07-18,2023-07-18,SGN,Signed,Seattle Mariners signed RHP Ryan Hawks.,686470.0,Ryan Hawks,/api/v1/people/686470,136,Seattle Mariners,/api/v1/teams/136,,,
712233,2023-07-18,2023-07-18,2023-07-18,SGN,Signed,Seattle Mariners signed OF Carson Jones.,687982.0,Carson Jones,/api/v1/people/687982,136,Seattle Mariners,/api/v1/teams/136,,,
712543,2023-07-19,2023-07-19,2023-07-19,SGN,Signed,Seattle Mariners signed OF Jonny Farmelo.,806071.0,Jonny Farmelo,/api/v1/people/806071,136,Seattle Mariners,/api/v1/teams/136,,,
712598,2023-07-19,2023-07-19,,OPT,Optioned,Seattle Mariners optioned RHP Ty Adcock to Arkansas Travelers.,686654.0,Ty Adcock,/api/v1/people/686654,574,Arkansas Travelers,/api/v1/teams/574,136.0,Seattle Mariners,/api/v1/teams/136
712571,2023-07-19,2023-07-19,,OPT,Optioned,Seattle Mariners optioned RHP Isaiah Campbell to Arkansas Travelers.,663462.0,Isaiah Campbell,/api/v1/people/663462,574,Arkansas Travelers,/api/v1/teams/574,136.0,Seattle Mariners,/api/v1/teams/136
712569,2023-07-19,2023-07-19,,CU,Recalled,Seattle Mariners recalled RHP Prelander Berroa from Arkansas Travelers.,672860.0,Prelander Berroa,/api/v1/people/672860,136,Seattle Mariners,/api/v1/teams/136,574.0,Arkansas Travelers,/api/v1/teams/574
712568,2023-07-19,2023-07-19,,SE,Selected,Seattle Mariners selected the contract of RHP Devin Sweet from Arkansas Travelers.,682967.0,Devin Sweet,/api/v1/people/682967,136,Seattle Mariners,/api/v1/teams/136,574.0,Arkansas Travelers,/api/v1/teams/574
712695,2023-07-20,2023-07-20,2023-07-20,SC,Status Change,Seattle Mariners placed OF Jarred Kelenic on the 10-day injured list. Left foot fracture.,672284.0,Jarred Kelenic,/api/v1/people/672284,136,Seattle Mariners,/api/v1/teams/136,,,
712696,2023-07-20,2023-07-20,,CU,Recalled,Seattle Mariners recalled LF Cade Marlowe from Tacoma Rainiers.,687799.0,Cade Marlowe,/api/v1/people/687799,136,Seattle Mariners,/api/v1/teams/136,529.0,Tacoma Rainiers,/api/v1/teams/529
719679,2023-07-22,2023-07-22,2023-07-22,SFA,Signed as Free Agent,Seattle Mariners signed free agent RHP Will Schomberg to a minor league contract.,801696.0,Will Schomberg,/api/v1/people/801696,136,Seattle Mariners,/api/v1/teams/136,,,
713505,2023-07-22,2023-07-22,2023-07-22,SC,Status Change,Seattle Mariners placed CF AJ Pollock on the 10-day injured list. Left hamstring strain.,572041.0,AJ Pollock,/api/v1/people/572041,136,Seattle Mariners,/api/v1/teams/136,,,
713503,2023-07-22,2023-07-22,,CU,Recalled,Seattle Mariners recalled LF Taylor Trammell from Tacoma Rainiers.,666211.0,Taylor Trammell,/api/v1/people/666211,136,Seattle Mariners,/api/v1/teams/136,529.0,Tacoma Rainiers,/api/v1/teams/529
713504,2023-07-22,2023-07-22,,OPT,Optioned,Seattle Mariners optioned RHP Prelander Berroa to Arkansas Travelers.,672860.0,Prelander Berroa,/api/v1/people/672860,574,Arkansas Travelers,/api/v1/teams/574,136.0,Seattle Mariners,/api/v1/teams/136
713501,2023-07-22,2023-07-22,,CU,Recalled,Seattle Mariners recalled RHP Isaiah Campbell from Arkansas Travelers.,663462.0,Isaiah Campbell,/api/v1/people/663462,136,Seattle Mariners,/api/v1/teams/136,574.0,Arkansas Travelers,/api/v1/teams/574
714664,2023-07-26,2023-07-26,2023-07-26,SC,Status Change,Seattle Mariners transferred LHP Marco Gonzales from the 15-day injured list to the 60-day injured list. Left forearm strain.,594835.0,Marco Gonzales,/api/v1/people/594835,136,Seattle Mariners,/api/v1/teams/136,,,
714665,2023-07-26,2023-07-26,,OPT,Optioned,Seattle Mariners optioned RHP Trent Thornton to Tacoma Rainiers.,663423.0,Trent Thornton,/api/v1/people/663423,529,Tacoma Rainiers,/api/v1/teams/529,136.0,Seattle Mariners,/api/v1/teams/136
714663,2023-07-26,2023-07-26,,TR,Trade,Toronto Blue Jays traded RHP Trent Thornton to Seattle Mariners for SS Mason McCoy.,669200.0,Mason McCoy,/api/v1/people/669200,141,Toronto Blue Jays,/api/v1/teams/141,136.0,Seattle Mariners,/api/v1/teams/136
716193,2023-07-30,2023-07-30,2023-07-30,SC,Status Change,2B Mark Mathias roster status changed by Seattle Mariners.,664029.0,Mark Mathias,/api/v1/people/664029,136,Seattle Mariners,/api/v1/teams/136,,,
716254,2023-07-31,2023-07-31,2023-07-31,SC,Status Change,Seattle Mariners reassigned 2B Josh Rojas to the minor leagues.,668942.0,Josh Rojas,/api/v1/people/668942,136,Seattle Mariners,/api/v1/teams/136,,,
716255,2023-07-31,2023-07-31,2023-07-31,SC,Status Change,Seattle Mariners reassigned RF Dominic Canzone to the minor leagues.,686527.0,Dominic Canzone,/api/v1/people/686527,136,Seattle Mariners,/api/v1/teams/136,,,
716160,2023-07-31,2023-07-31,,CU,Recalled,Seattle Mariners recalled RHP Juan Then from Tacoma Rainiers.,672730.0,Juan Then,/api/v1/people/672730,136,Seattle Mariners,/api/v1/teams/136,529.0,Tacoma Rainiers,/api/v1/teams/529
716146,2023-07-31,2023-07-31,,TR,Trade,"Seattle Mariners traded RHP Paul Sewald to Arizona Diamondbacks for 2B Josh Rojas, RF Dominic Canzone and SS Ryan Bliss.",623149.0,Paul Sewald,/api/v1/people/623149,109,Arizona Diamondbacks,/api/v1/teams/109,136.0,Seattle Mariners,/api/v1/teams/136
716144,2023-07-31,2023-07-31,,TR,Trade,"Seattle Mariners traded 2B Mark Mathias, CF AJ Pollock and cash to San Francisco Giants for Player To Be Named Later.",,,,136,Seattle Mariners,/api/v1/teams/136,137.0,San Francisco Giants,/api/v1/teams/137
716600,2023-08-01,2023-08-01,2023-08-01,SC,Status Change,Seattle Mariners activated RF Dominic Canzone.,686527.0,Dominic Canzone,/api/v1/people/686527,136,Seattle Mariners,/api/v1/teams/136,,,
763380,2023-08-01,2023-08-01,2023-08-01,SC,Status Change,Seattle Mariners activated RF Dominic Canzone.,686527.0,Dominic Canzone,/api/v1/people/686527,136,Seattle Mariners,/api/v1/teams/136,,,
716601,2023-08-01,2023-08-01,2023-08-01,DES,Designated for Assignment,Seattle Mariners designated 2B Kolten Wong for assignment.,543939.0,Kolten Wong,/api/v1/people/543939,136,Seattle Mariners,/api/v1/teams/136,,,
716599,2023-08-01,2023-08-01,2023-08-01,SC,Status Change,Seattle Mariners activated 2B Josh Rojas.,668942.0,Josh Rojas,/api/v1/people/668942,136,Seattle Mariners,/api/v1/teams/136,,,
716510,2023-08-01,2023-08-01,,TR,Trade,Baltimore Orioles traded RHP Eduard Bazardo to Seattle Mariners for RHP Logan Rinehart.,660825.0,Eduard Bazardo,/api/v1/people/660825,136,Seattle Mariners,/api/v1/teams/136,110.0,Baltimore Orioles,/api/v1/teams/110
716602,2023-08-01,2023-08-01,,CU,Recalled,Seattle Mariners recalled RHP Trent Thornton from Tacoma Rainiers.,663423.0,Trent Thornton,/api/v1/people/663423,136,Seattle Mariners,/api/v1/teams/136,529.0,Tacoma Rainiers,/api/v1/teams/529
716598,2023-08-01,2023-08-01,,OPT,Optioned,Seattle Mariners optioned LF Taylor Trammell to Tacoma Rainiers.,666211.0,Taylor Trammell,/api/v1/people/666211,529,Tacoma Rainiers,/api/v1/teams/529,136.0,Seattle Mariners,/api/v1/teams/136
716597,2023-08-01,2023-08-01,,OPT,Optioned,Seattle Mariners optioned RHP Juan Then to Tacoma Rainiers.,672730.0,Juan Then,/api/v1/people/672730,529,Tacoma Rainiers,/api/v1/teams/529,136.0,Seattle Mariners,/api/v1/teams/136
717372,2023-08-03,2023-08-03,2023-08-03,REL,Released,Seattle Mariners released 2B Kolten Wong.,543939.0,Kolten Wong,/api/v1/people/543939,136,Seattle Mariners,/api/v1/teams/136,,,
717413,2023-08-03,2023-08-03,2023-08-03,SC,Status Change,Seattle Mariners reassigned RHP Ryder Ryan to the minor leagues.,656924.0,Ryder Ryan,/api/v1/people/656924,136,Seattle Mariners,/api/v1/teams/136,,,
717386,2023-08-03,2023-08-03,,SE,Selected,Seattle Mariners selected the contract of RHP Ryder Ryan from Tacoma Rainiers.,656924.0,Ryder Ryan,/api/v1/people/656924,136,Seattle Mariners,/api/v1/teams/136,529.0,Tacoma Rainiers,/api/v1/teams/529
717387,2023-08-03,2023-08-03,,OPT,Optioned,Seattle Mariners optioned RHP Ryder Ryan to Tacoma Rainiers.,656924.0,Ryder Ryan,/api/v1/people/656924,529,Tacoma Rainiers,/api/v1/teams/529,136.0,Seattle Mariners,/api/v1/teams/136
718516,2023-08-08,2023-08-08,2023-08-08,DES,Designated for Assignment,Seattle Mariners designated RHP Matt Festa for assignment.,670036.0,Matt Festa,/api/v1/people/670036,136,Seattle Mariners,/api/v1/teams/136,,,
718698,2023-08-08,2023-08-08,2023-08-08,REL,Released,Seattle Mariners released RHP Matt Festa.,670036.0,Matt Festa,/api/v1/people/670036,136,Seattle Mariners,/api/v1/teams/136,,,
718515,2023-08-08,2023-08-05,2023-08-05,SC,Status Change,"Seattle Mariners placed RHP Bryan Woo on the 15-day injured list retroactive to August 5, 2023. Right forearm inflammation.",693433.0,Bryan Woo,/api/v1/people/693433,136,Seattle Mariners,/api/v1/teams/136,,,
718513,2023-08-08,2023-08-08,,CLW,Claimed Off Waivers,Seattle Mariners claimed RHP Ryan Jensen off waivers from Chicago Cubs.,686754.0,Ryan Jensen,/api/v1/people/686754,136,Seattle Mariners,/api/v1/teams/136,112.0,Chicago Cubs,/api/v1/teams/112
718514,2023-08-08,2023-08-08,,CU,Recalled,Seattle Mariners recalled RHP Ryder Ryan from Tacoma Rainiers.,656924.0,Ryder Ryan,/api/v1/people/656924,136,Seattle Mariners,/api/v1/teams/136,529.0,Tacoma Rainiers,/api/v1/teams/529
718859,2023-08-09,2023-08-09,2023-08-09,DES,Designated for Assignment,Seattle Mariners designated LHP Zach Muckenhirn for assignment.,669105.0,Zach Muckenhirn,/api/v1/people/669105,136,Seattle Mariners,/api/v1/teams/136,,,
718857,2023-08-09,2023-08-09,,OPT,Optioned,Seattle Mariners optioned RHP Devin Sweet to Tacoma Rainiers.,682967.0,Devin Sweet,/api/v1/people/682967,529,Tacoma Rainiers,/api/v1/teams/529,136.0,Seattle Mariners,/api/v1/teams/136
718858,2023-08-09,2023-08-09,,SE,Selected,Seattle Mariners selected the contract of RHP Emerson Hancock from Arkansas Travelers.,676106.0,Emerson Hancock,/api/v1/people/676106,136,Seattle Mariners,/api/v1/teams/136,574.0,Arkansas Travelers,/api/v1/teams/574
718879,2023-08-09,2023-08-09,,OPT,Optioned,Seattle Mariners optioned RHP Ryan Jensen to Tacoma Rainiers.,686754.0,Ryan Jensen,/api/v1/people/686754,529,Tacoma Rainiers,/api/v1/teams/529,136.0,Seattle Mariners,/api/v1/teams/136
719204,2023-08-10,2023-08-10,2023-08-10,SFA,Signed as Free Agent,Seattle Mariners signed free agent RHP Jesse Wainscott to a minor league contract.,703040.0,Jesse Wainscott,/api/v1/people/703040,136,Seattle Mariners,/api/v1/teams/136,,,
719300,2023-08-11,2023-08-11,2023-08-11,SFA,Signed as Free Agent,Seattle Mariners signed free agent RHP Blas Castano to a minor league contract.,680604.0,Blas Castaño,/api/v1/people/680604,136,Seattle Mariners,/api/v1/teams/136,,,
719317,2023-08-11,2023-08-10,2023-08-10,SC,Status Change,"Seattle Mariners placed SS J.P. Crawford on the 7-day injured list retroactive to August 10, 2023. Concussion.",641487.0,J.P. Crawford,/api/v1/people/641487,136,Seattle Mariners,/api/v1/teams/136,,,
719343,2023-08-11,2023-08-11,,OUT,Outrighted,Seattle Mariners sent LHP Zach Muckenhirn outright to Tacoma Rainiers.,669105.0,Zach Muckenhirn,/api/v1/people/669105,529,Tacoma Rainiers,/api/v1/teams/529,136.0,Seattle Mariners,/api/v1/teams/136
719318,2023-08-11,2023-08-11,,CU,Recalled,Seattle Mariners recalled 2B Sam Haggerty from Tacoma Rainiers.,664059.0,Sam Haggerty,/api/v1/people/664059,136,Seattle Mariners,/api/v1/teams/136,529.0,Tacoma Rainiers,/api/v1/teams/529
719496,2023-08-12,2023-08-12,2023-08-12,SFA,Signed as Free Agent,Seattle Mariners signed free agent RHP Alex Valverde to a minor league contract.,663820.0,Alex Valverde,/api/v1/people/663820,136,Seattle Mariners,/api/v1/teams/136,,,
719500,2023-08-12,2023-08-12,,OUT,Outrighted,Seattle Mariners sent RHP Juan Then outright to Tacoma Rainiers.,672730.0,Juan Then,/api/v1/people/672730,529,Tacoma Rainiers,/api/v1/teams/529,136.0,Seattle Mariners,/api/v1/teams/136
720229,2023-08-16,2023-08-14,2023-08-14,SC,Status Change,"Seattle Mariners placed C Tom Murphy on the 10-day injured list retroactive to August 14, 2023. Left thumb sprain.",608596.0,Tom Murphy,/api/v1/people/608596,136,Seattle Mariners,/api/v1/teams/136,,,
720228,2023-08-16,2023-08-16,,SE,Selected,Seattle Mariners selected the contract of C Brian O'Keefe from Tacoma Rainiers.,657247.0,Brian O'Keefe,/api/v1/people/657247,136,Seattle Mariners,/api/v1/teams/136,529.0,Tacoma Rainiers,/api/v1/teams/529
720386,2023-08-17,2023-08-17,,CU,Recalled,Seattle Mariners recalled RHP Eduard Bazardo from Tacoma Rainiers.,660825.0,Eduard Bazardo,/api/v1/people/660825,136,Seattle Mariners,/api/v1/teams/136,529.0,Tacoma Rainiers,/api/v1/teams/529
720388,2023-08-17,2023-08-17,,OPT,Optioned,Seattle Mariners optioned RHP Ryder Ryan to Tacoma Rainiers.,656924.0,Ryder Ryan,/api/v1/people/656924,529,Tacoma Rainiers,/api/v1/teams/529,136.0,Seattle Mariners,/api/v1/teams/136
720886,2023-08-19,2023-08-19,2023-08-19,SFA,Signed as Free Agent,Seattle Mariners signed free agent RHP Nick Wittgren to a minor league contract.,621295.0,Nick Wittgren,/api/v1/people/621295,136,Seattle Mariners,/api/v1/teams/136,,,
720798,2023-08-19,2023-08-19,2023-08-19,ASG,Assigned,Seattle Mariners sent SS J.P. Crawford on a rehab assignment to Everett AquaSox.,641487.0,J.P. Crawford,/api/v1/people/641487,403,Everett AquaSox,/api/v1/teams/403,136.0,Seattle Mariners,/api/v1/teams/136
720966,2023-08-21,2023-08-21,2023-08-21,SC,Status Change,Seattle Mariners activated SS J.P. Crawford from the 7-day injured list.,641487.0,J.P. Crawford,/api/v1/people/641487,136,Seattle Mariners,/api/v1/teams/136,,,
720967,2023-08-21,2023-08-21,2023-08-21,SC,Status Change,Seattle Mariners placed RHP Emerson Hancock on the 15-day injured list. Right shoulder strain.,676106.0,Emerson Hancock,/api/v1/people/676106,136,Seattle Mariners,/api/v1/teams/136,,,
720969,2023-08-21,2023-08-21,,OPT,Optioned,Seattle Mariners optioned 2B Sam Haggerty to Tacoma Rainiers.,664059.0,Sam Haggerty,/api/v1/people/664059,529,Tacoma Rainiers,/api/v1/teams/529,136.0,Seattle Mariners,/api/v1/teams/136
720968,2023-08-21,2023-08-21,,CU,Recalled,Seattle Mariners recalled RHP Darren McCaughan from Tacoma Rainiers.,670766.0,Darren McCaughan,/api/v1/people/670766,136,Seattle Mariners,/api/v1/teams/136,529.0,Tacoma Rainiers,/api/v1/teams/529
721338,2023-08-22,2023-08-22,2023-08-22,SC,Status Change,Seattle Mariners transferred RHP Emerson Hancock from the 15-day injured list to the 60-day injured list.,676106.0,Emerson Hancock,/api/v1/people/676106,136,Seattle Mariners,/api/v1/teams/136,,,
721339,2023-08-22,2023-08-22,2023-08-22,SFA,Signed as Free Agent,Seattle Mariners signed free agent RHP Luke Weaver.,596133.0,Luke Weaver,/api/v1/people/596133,136,Seattle Mariners,/api/v1/teams/136,,,
721337,2023-08-22,2023-08-22,2023-08-22,SC,Status Change,Seattle Mariners activated RHP Bryan Woo from the 15-day injured list.,693433.0,Bryan Woo,/api/v1/people/693433,136,Seattle Mariners,/api/v1/teams/136,,,
735074,2023-08-22,2023-08-22,2023-08-22,SC,Status Change,Seattle Mariners activated RHP Bryan Woo from the 15-day injured list.,693433.0,Bryan Woo,/api/v1/people/693433,136,Seattle Mariners,/api/v1/teams/136,,,
721341,2023-08-22,2023-08-22,,OPT,Optioned,Seattle Mariners optioned RHP Darren McCaughan to Tacoma Rainiers.,670766.0,Darren McCaughan,/api/v1/people/670766,529,Tacoma Rainiers,/api/v1/teams/529,136.0,Seattle Mariners,/api/v1/teams/136
721340,2023-08-22,2023-08-22,,OPT,Optioned,Seattle Mariners optioned RHP Eduard Bazardo to Tacoma Rainiers.,660825.0,Eduard Bazardo,/api/v1/people/660825,529,Tacoma Rainiers,/api/v1/teams/529,136.0,Seattle Mariners,/api/v1/teams/136
722716,2023-08-30,2023-08-30,2023-08-30,SFA,Signed as Free Agent,Seattle Mariners signed free agent C Luis Torrens to a minor league contract.,620443.0,Luis Torrens,/api/v1/people/620443,136,Seattle Mariners,/api/v1/teams/136,,,
724427,2023-08-30,2023-08-30,2023-08-30,ASG,Assigned,Seattle Mariners sent OF Jarred Kelenic on a rehab assignment to Tacoma Rainiers.,672284.0,Jarred Kelenic,/api/v1/people/672284,529,Tacoma Rainiers,/api/v1/teams/529,136.0,Seattle Mariners,/api/v1/teams/136
722719,2023-08-30,2023-08-30,2023-08-30,ASG,Assigned,Seattle Mariners sent OF Jarred Kelenic on a rehab assignment to Tacoma Rainiers.,672284.0,Jarred Kelenic,/api/v1/people/672284,529,Tacoma Rainiers,/api/v1/teams/529,136.0,Seattle Mariners,/api/v1/teams/136
722857,2023-08-31,2023-08-31,2023-08-31,DES,Designated for Assignment,Seattle Mariners designated RHP Devin Sweet for assignment.,682967.0,Devin Sweet,/api/v1/people/682967,136,Seattle Mariners,/api/v1/teams/136,,,
722856,2023-08-31,2023-08-31,,CLW,Claimed Off Waivers,Seattle Mariners claimed RHP Dominic Leone off waivers from Los Angeles Angels.,608678.0,Dominic Leone,/api/v1/people/608678,136,Seattle Mariners,/api/v1/teams/136,108.0,Los Angeles Angels,/api/v1/teams/108
723277,2023-09-01,2023-09-01,2023-09-01,SC,Status Change,RHP Devin Sweet roster status changed by Seattle Mariners.,682967.0,Devin Sweet,/api/v1/people/682967,136,Seattle Mariners,/api/v1/teams/136,,,
723020,2023-09-01,2023-09-01,2023-09-01,SC,Status Change,Seattle Mariners activated RHP Dominic Leone.,608678.0,Dominic Leone,/api/v1/people/608678,136,Seattle Mariners,/api/v1/teams/136,,,
723019,2023-09-01,2023-09-01,,CU,Recalled,Seattle Mariners recalled 2B Sam Haggerty from Tacoma Rainiers.,664059.0,Sam Haggerty,/api/v1/people/664059,136,Seattle Mariners,/api/v1/teams/136,529.0,Tacoma Rainiers,/api/v1/teams/529
723275,2023-09-02,2023-09-02,,CLW,Claimed Off Waivers,Oakland Athletics claimed RHP Devin Sweet off waivers from Seattle Mariners.,682967.0,Devin Sweet,/api/v1/people/682967,133,Athletics,/api/v1/teams/133,136.0,Seattle Mariners,/api/v1/teams/136
724329,2023-09-10,2023-09-10,2023-09-10,DES,Designated for Assignment,Seattle Mariners designated RHP Luke Weaver for assignment.,596133.0,Luke Weaver,/api/v1/people/596133,136,Seattle Mariners,/api/v1/teams/136,,,
724328,2023-09-10,2023-09-10,,CU,Recalled,Seattle Mariners recalled RHP Eduard Bazardo from Tacoma Rainiers.,660825.0,Eduard Bazardo,/api/v1/people/660825,136,Seattle Mariners,/api/v1/teams/136,529.0,Tacoma Rainiers,/api/v1/teams/529
724428,2023-09-11,2023-09-11,2023-09-11,SC,Status Change,Seattle Mariners activated OF Jarred Kelenic from the 10-day injured list.,672284.0,Jarred Kelenic,/api/v1/people/672284,136,Seattle Mariners,/api/v1/teams/136,,,
724426,2023-09-11,2023-09-11,,OPT,Optioned,Seattle Mariners optioned LF Cade Marlowe to Tacoma Rainiers.,687799.0,Cade Marlowe,/api/v1/people/687799,529,Tacoma Rainiers,/api/v1/teams/529,136.0,Seattle Mariners,/api/v1/teams/136
724602,2023-09-12,2023-09-12,2023-09-12,SC,Status Change,Seattle Mariners placed C Brian O'Keefe on the paternity list.,657247.0,Brian O'Keefe,/api/v1/people/657247,136,Seattle Mariners,/api/v1/teams/136,,,
724601,2023-09-12,2023-09-12,,SE,Selected,Seattle Mariners selected the contract of C Luis Torrens from Tacoma Rainiers.,620443.0,Luis Torrens,/api/v1/people/620443,136,Seattle Mariners,/api/v1/teams/136,529.0,Tacoma Rainiers,/api/v1/teams/529
724584,2023-09-12,2023-09-12,,CLW,Claimed Off Waivers,New York Yankees claimed RHP Luke Weaver off waivers from Seattle Mariners.,596133.0,Luke Weaver,/api/v1/people/596133,147,New York Yankees,/api/v1/teams/147,136.0,Seattle Mariners,/api/v1/teams/136
725178,2023-09-15,2023-09-15,2023-09-15,SC,Status Change,Seattle Mariners activated C Brian O'Keefe from the paternity list.,657247.0,Brian O'Keefe,/api/v1/people/657247,136,Seattle Mariners,/api/v1/teams/136,,,
725179,2023-09-15,2023-09-15,,OPT,Optioned,Seattle Mariners optioned C Brian O'Keefe to Tacoma Rainiers.,657247.0,Brian O'Keefe,/api/v1/people/657247,529,Tacoma Rainiers,/api/v1/teams/529,136.0,Seattle Mariners,/api/v1/teams/136
727214,2023-10-01,2023-10-01,,CU,Recalled,Seattle Mariners recalled RHP Prelander Berroa from Arkansas Travelers.,672860.0,Prelander Berroa,/api/v1/people/672860,136,Seattle Mariners,/api/v1/teams/136,574.0,Arkansas Travelers,/api/v1/teams/574
727215,2023-10-01,2023-10-01,,OPT,Optioned,Seattle Mariners optioned RHP Eduard Bazardo to ACL Mariners.,660825.0,Eduard Bazardo,/api/v1/people/660825,409,ACL Mariners,/api/v1/teams/409,136.0,Seattle Mariners,/api/v1/teams/136
727439,2023-10-02,2023-10-02,2023-10-02,SC,Status Change,Seattle Mariners activated C Tom Murphy from the 10-day injured list.,608596.0,Tom Murphy,/api/v1/people/608596,136,Seattle Mariners,/api/v1/teams/136,,,
727436,2023-10-02,2023-10-02,,CU,Recalled,Seattle Mariners recalled RHP Eduard Bazardo from ACL Mariners.,660825.0,Eduard Bazardo,/api/v1/people/660825,136,Seattle Mariners,/api/v1/teams/136,409.0,ACL Mariners,/api/v1/teams/409
727445,2023-10-02,2023-10-02,,CU,Recalled,Seattle Mariners recalled OF Jonatan Clase from Arkansas Travelers.,682729.0,Jonatan Clase,/api/v1/people/682729,136,Seattle Mariners,/api/v1/teams/136,574.0,Arkansas Travelers,/api/v1/teams/574
727442,2023-10-02,2023-10-02,,CU,Recalled,Seattle Mariners recalled LF Taylor Trammell from Tacoma Rainiers.,666211.0,Taylor Trammell,/api/v1/people/666211,136,Seattle Mariners,/api/v1/teams/136,529.0,Tacoma Rainiers,/api/v1/teams/529
727441,2023-10-02,2023-10-02,,CU,Recalled,Seattle Mariners recalled RHP Ryan Jensen from Tacoma Rainiers.,686754.0,Ryan Jensen,/api/v1/people/686754,136,Seattle Mariners,/api/v1/teams/136,529.0,Tacoma Rainiers,/api/v1/teams/529
727443,2023-10-02,2023-10-02,,CU,Recalled,Seattle Mariners recalled LF Cade Marlowe from Tacoma Rainiers.,687799.0,Cade Marlowe,/api/v1/people/687799,136,Seattle Mariners,/api/v1/teams/136,529.0,Tacoma Rainiers,/api/v1/teams/529
727440,2023-10-02,2023-10-02,,CU,Recalled,Seattle Mariners recalled C Cooper Hummel from Tacoma Rainiers.,669450.0,Cooper Hummel,/api/v1/people/669450,136,Seattle Mariners,/api/v1/teams/136,529.0,Tacoma Rainiers,/api/v1/teams/529
727446,2023-10-02,2023-10-02,,CU,Recalled,Seattle Mariners recalled RHP Ty Adcock from Arkansas Travelers.,686654.0,Ty Adcock,/api/v1/people/686654,136,Seattle Mariners,/api/v1/teams/136,574.0,Arkansas Travelers,/api/v1/teams/574
727447,2023-10-02,2023-10-02,,CU,Recalled,Seattle Mariners recalled C Brian O'Keefe from Tacoma Rainiers.,657247.0,Brian O'Keefe,/api/v1/people/657247,136,Seattle Mariners,/api/v1/teams/136,529.0,Tacoma Rainiers,/api/v1/teams/529
727449,2023-10-02,2023-10-02,,CU,Recalled,Seattle Mariners recalled RHP Darren McCaughan from Tacoma Rainiers.,670766.0,Darren McCaughan,/api/v1/people/670766,136,Seattle Mariners,/api/v1/teams/136,529.0,Tacoma Rainiers,/api/v1/teams/529
727444,2023-10-02,2023-10-02,,CU,Recalled,Seattle Mariners recalled RHP Adam Oller from Tacoma Rainiers.,670124.0,Adam Oller,/api/v1/people/670124,136,Seattle Mariners,/api/v1/teams/136,529.0,Tacoma Rainiers,/api/v1/teams/529
727448,2023-10-02,2023-10-02,,CU,Recalled,Seattle Mariners recalled RHP Ryder Ryan from Tacoma Rainiers.,656924.0,Ryder Ryan,/api/v1/people/656924,136,Seattle Mariners,/api/v1/teams/136,529.0,Tacoma Rainiers,/api/v1/teams/529
728606,2023-10-13,2023-10-13,2023-10-13,DES,Designated for Assignment,Seattle Mariners designated C Brian O'Keefe for assignment.,657247.0,Brian O'Keefe,/api/v1/people/657247,136,Seattle Mariners,/api/v1/teams/136,,,
728605,2023-10-13,2023-10-13,,CLW,Claimed Off Waivers,Seattle Mariners claimed RHP Kaleb Ort off waivers from Boston Red Sox.,672391.0,Kaleb Ort,/api/v1/people/672391,136,Seattle Mariners,/api/v1/teams/136,111.0,Boston Red Sox,/api/v1/teams/111
728887,2023-10-17,2023-10-17,,OUT,Outrighted,Seattle Mariners sent C Brian O'Keefe outright to Tacoma Rainiers.,657247.0,Brian O'Keefe,/api/v1/people/657247,529,Tacoma Rainiers,/api/v1/teams/529,136.0,Seattle Mariners,/api/v1/teams/136
730088,2023-10-31,2023-10-31,2023-10-31,SC,Status Change,Seattle Mariners activated RHP Easton McGee from the 60-day injured list.,668834.0,Easton McGee,/api/v1/people/668834,136,Seattle Mariners,/api/v1/teams/136,,,
730089,2023-10-31,2023-10-31,,OUT,Outrighted,Seattle Mariners sent RHP Adam Oller outright to Tacoma Rainiers.,670124.0,Adam Oller,/api/v1/people/670124,529,Tacoma Rainiers,/api/v1/teams/529,136.0,Seattle Mariners,/api/v1/teams/136
730090,2023-10-31,2023-10-31,,OUT,Outrighted,Seattle Mariners sent RHP Easton McGee outright to Tacoma Rainiers.,668834.0,Easton McGee,/api/v1/people/668834,529,Tacoma Rainiers,/api/v1/teams/529,136.0,Seattle Mariners,/api/v1/teams/136
730156,2023-10-31,2023-10-31,,OUT,Outrighted,Seattle Mariners sent C Luis Torrens outright to Tacoma Rainiers.,620443.0,Luis Torrens,/api/v1/people/620443,529,Tacoma Rainiers,/api/v1/teams/529,136.0,Seattle Mariners,/api/v1/teams/136
730087,2023-10-31,2023-10-31,,CLW,Claimed Off Waivers,New York Mets claimed RHP Penn Murfee off waivers from Seattle Mariners.,682171.0,Penn Murfee,/api/v1/people/682171,121,New York Mets,/api/v1/teams/121,136.0,Seattle Mariners,/api/v1/teams/136
734230,2023-11-02,2023-11-02,2023-11-02,SFA,Signed as Free Agent,Seattle Mariners signed free agent RHP Tyson Miller to a minor league contract.,668338.0,Tyson Miller,/api/v1/people/668338,136,Seattle Mariners,/api/v1/teams/136,,,
735413,2023-11-02,2023-11-02,2023-11-02,SC,Status Change,Seattle Mariners activated RHP Cody Bolton.,675989.0,Cody Bolton,/api/v1/people/675989,136,Seattle Mariners,/api/v1/teams/136,,,
730325,2023-11-02,2023-11-02,2023-11-02,DFA,Declared Free Agency,RHP Dominic Leone elected free agency.,608678.0,Dominic Leone,/api/v1/people/608678,136,Seattle Mariners,/api/v1/teams/136,,,
730324,2023-11-02,2023-11-02,2023-11-02,DFA,Declared Free Agency,LF Teoscar Hernández elected free agency.,606192.0,Teoscar Hernández,/api/v1/people/606192,136,Seattle Mariners,/api/v1/teams/136,,,
730326,2023-11-02,2023-11-02,2023-11-02,DFA,Declared Free Agency,C Tom Murphy elected free agency.,608596.0,Tom Murphy,/api/v1/people/608596,136,Seattle Mariners,/api/v1/teams/136,,,
730229,2023-11-02,2023-11-02,,TR,Trade,Pittsburgh Pirates traded RHP Cody Bolton to Seattle Mariners for cash.,,,,134,Pittsburgh Pirates,/api/v1/teams/134,136.0,Seattle Mariners,/api/v1/teams/136
731129,2023-11-05,2023-11-05,,TR,Trade,Seattle Mariners traded RHP Riley O'Brien to St. Louis Cardinals for cash.,,,,136,Seattle Mariners,/api/v1/teams/136,138.0,St. Louis Cardinals,/api/v1/teams/138
731358,2023-11-06,2023-11-06,2023-11-06,SC,Status Change,Seattle Mariners activated LHP Marco Gonzales from the 60-day injured list.,594835.0,Marco Gonzales,/api/v1/people/594835,136,Seattle Mariners,/api/v1/teams/136,,,
731361,2023-11-06,2023-11-06,2023-11-06,SC,Status Change,Seattle Mariners activated 1B Evan White from the 60-day injured list.,657108.0,Evan White,/api/v1/people/657108,136,Seattle Mariners,/api/v1/teams/136,,,
735414,2023-11-06,2023-11-06,2023-11-06,SC,Status Change,Seattle Mariners activated C Blake Hunt.,675448.0,Blake Hunt,/api/v1/people/675448,136,Seattle Mariners,/api/v1/teams/136,,,
731359,2023-11-06,2023-11-06,2023-11-06,SC,Status Change,Seattle Mariners activated RHP Emerson Hancock from the 60-day injured list.,676106.0,Emerson Hancock,/api/v1/people/676106,136,Seattle Mariners,/api/v1/teams/136,,,
731360,2023-11-06,2023-11-06,2023-11-06,SC,Status Change,Seattle Mariners activated LHP Robbie Ray from the 60-day injured list.,592662.0,Robbie Ray,/api/v1/people/592662,136,Seattle Mariners,/api/v1/teams/136,,,
731363,2023-11-06,2023-11-06,,OUT,Outrighted,Seattle Mariners sent RHP Ryder Ryan outright to Tacoma Rainiers.,656924.0,Ryder Ryan,/api/v1/people/656924,529,Tacoma Rainiers,/api/v1/teams/529,136.0,Seattle Mariners,/api/v1/teams/136
731275,2023-11-06,2023-11-06,,TR,Trade,Tampa Bay Rays traded C Blake Hunt to Seattle Mariners for C Tatem Levins.,675448.0,Blake Hunt,/api/v1/people/675448,136,Seattle Mariners,/api/v1/teams/136,139.0,Tampa Bay Rays,/api/v1/teams/139
732907,2023-11-13,2023-11-13,2023-11-13,SFA,Signed as Free Agent,Seattle Mariners signed free agent RHP Nick Davila to a minor league contract.,689546.0,Nick Davila,/api/v1/people/689546,136,Seattle Mariners,/api/v1/teams/136,,,
732918,2023-11-14,2023-11-14,2023-11-14,DES,Designated for Assignment,Seattle Mariners designated 1B Mike Ford for assignment.,645801.0,Mike Ford,/api/v1/people/645801,136,Seattle Mariners,/api/v1/teams/136,,,
735411,2023-11-14,2023-11-14,2023-11-14,SC,Status Change,Seattle Mariners activated OF Zach DeLoach.,676113.0,Zach DeLoach,/api/v1/people/676113,136,Seattle Mariners,/api/v1/teams/136,,,
732919,2023-11-14,2023-11-14,,SE,Selected,Seattle Mariners selected the contract of OF Zach DeLoach from Tacoma Rainiers.,676113.0,Zach DeLoach,/api/v1/people/676113,136,Seattle Mariners,/api/v1/teams/136,529.0,Tacoma Rainiers,/api/v1/teams/529
733829,2023-11-16,2023-11-16,2023-11-16,SFA,Signed as Free Agent,Seattle Mariners signed free agent 1B Rangel Ravelo to a minor league contract.,592660.0,Rangel Ravelo,/api/v1/people/592660,136,Seattle Mariners,/api/v1/teams/136,,,
733303,2023-11-17,2023-11-17,2023-11-17,DFA,Declared Free Agency,1B Mike Ford elected free agency.,645801.0,Mike Ford,/api/v1/people/645801,136,Seattle Mariners,/api/v1/teams/136,,,
733290,2023-11-17,2023-11-17,,TR,Trade,Boston Red Sox traded 3B Luis Urías to Seattle Mariners for RHP Isaiah Campbell.,663462.0,Isaiah Campbell,/api/v1/people/663462,111,Boston Red Sox,/api/v1/teams/111,136.0,Seattle Mariners,/api/v1/teams/136
733588,2023-11-22,2023-11-22,2023-11-22,DES,Designated for Assignment,Seattle Mariners designated RHP Ryan Jensen for assignment.,686754.0,Ryan Jensen,/api/v1/people/686754,136,Seattle Mariners,/api/v1/teams/136,,,
733589,2023-11-22,2023-11-22,,TR,Trade,Seattle Mariners traded 3B Eugenio Suárez to Arizona Diamondbacks for RHP Carlos Vargas and C Seby Zavala.,553993.0,Eugenio Suárez,/api/v1/people/553993,109,Arizona Diamondbacks,/api/v1/teams/109,136.0,Seattle Mariners,/api/v1/teams/136
733865,2023-11-27,2023-11-27,,CLW,Claimed Off Waivers,Miami Marlins claimed RHP Ryan Jensen off waivers from Seattle Mariners.,686754.0,Ryan Jensen,/api/v1/people/686754,146,Miami Marlins,/api/v1/teams/146,136.0,Seattle Mariners,/api/v1/teams/136
734389,2023-12-01,2023-12-01,,CLW,Claimed Off Waivers,Miami Marlins claimed RHP Kaleb Ort off waivers from Seattle Mariners.,672391.0,Kaleb Ort,/api/v1/people/672391,146,Miami Marlins,/api/v1/teams/146,136.0,Seattle Mariners,/api/v1/teams/136
734392,2023-12-01,2023-12-01,,CLW,Claimed Off Waivers,New York Mets claimed C Cooper Hummel off waivers from Seattle Mariners.,669450.0,Cooper Hummel,/api/v1/people/669450,121,New York Mets,/api/v1/teams/121,136.0,Seattle Mariners,/api/v1/teams/136
734596,2023-12-03,2023-12-03,2023-12-03,SFA,Signed as Free Agent,Seattle Mariners signed free agent RHP Brett de Geus to a minor league contract.,676969.0,Brett de Geus,/api/v1/people/676969,136,Seattle Mariners,/api/v1/teams/136,,,
735412,2023-12-03,2023-12-03,2023-12-03,SC,Status Change,Seattle Mariners activated RHP Jackson Kowar.,663804.0,Jackson Kowar,/api/v1/people/663804,136,Seattle Mariners,/api/v1/teams/136,,,
734480,2023-12-03,2023-12-03,,TR,Trade,"Atlanta Braves traded RHP Cole Phillips and RHP Jackson Kowar to Seattle Mariners for LHP Marco Gonzales, OF Jarred Kelenic and 1B Evan White.",657108.0,Evan White,/api/v1/people/657108,144,Atlanta Braves,/api/v1/teams/144,136.0,Seattle Mariners,/api/v1/teams/136
735073,2023-12-15,2023-12-15,2023-12-15,SC,Status Change,Seattle Mariners activated C Seby Zavala.,664874.0,Seby Zavala,/api/v1/people/664874,136,Seattle Mariners,/api/v1/teams/136,,,
735980,2023-12-28,2023-12-28,2023-12-28,SFA,Signed as Free Agent,Seattle Mariners signed free agent C Mitch Garver.,641598.0,Mitch Garver,/api/v1/people/641598,136,Seattle Mariners,/api/v1/teams/136,,,
822430,2023-12-28,2023-12-28,2023-12-28,SC,Status Change,Seattle Mariners activated C Mitch Garver.,641598.0,Mitch Garver,/api/v1/people/641598,136,Seattle Mariners,/api/v1/teams/136,,,
736422,2024-01-05,2024-01-05,,TR,Trade,Tampa Bay Rays traded LF Luke Raley to Seattle Mariners for SS José Caballero.,676609.0,José Caballero,/api/v1/people/676609,139,Tampa Bay Rays,/api/v1/teams/139,136.0,Seattle Mariners,/api/v1/teams/136
736413,2024-01-05,2024-01-05,,TR,Trade,"Seattle Mariners traded LHP Robbie Ray to San Francisco Giants for RF Mitch Haniger, RHP Anthony DeSclafani and cash.",571745.0,Mitch Haniger,/api/v1/people/571745,136,Seattle Mariners,/api/v1/teams/136,137.0,San Francisco Giants,/api/v1/teams/137
742361,2024-01-10,2024-01-10,2024-01-10,SC,Status Change,Seattle Mariners activated RHP Mauricio Llovera.,661440.0,Mauricio Llovera,/api/v1/people/661440,136,Seattle Mariners,/api/v1/teams/136,,,
736562,2024-01-10,2024-01-10,,CLW,Claimed Off Waivers,Seattle Mariners claimed RHP Mauricio Llovera off waivers from Boston Red Sox.,661440.0,Mauricio Llovera,/api/v1/people/661440,136,Seattle Mariners,/api/v1/teams/136,111.0,Boston Red Sox,/api/v1/teams/111
737136,2024-01-15,2024-01-15,2024-01-15,SFA,Signed as Free Agent,Seattle Mariners signed free agent C Manuel Baez to a minor league contract.,821281.0,Manuel Baez,/api/v1/people/821281,136,Seattle Mariners,/api/v1/teams/136,,,
736932,2024-01-15,2024-01-15,2024-01-15,SFA,Signed as Free Agent,Seattle Mariners signed free agent SS Leandro Romero to a minor league contract.,815933.0,Leandro Romero,/api/v1/people/815933,136,Seattle Mariners,/api/v1/teams/136,,,
736798,2024-01-15,2024-01-15,2024-01-15,SC,Status Change,Seattle Mariners activated LF Cade Marlowe.,687799.0,Cade Marlowe,/api/v1/people/687799,136,Seattle Mariners,/api/v1/teams/136,,,
738284,2024-01-15,2024-01-15,2024-01-15,SFA,Signed as Free Agent,Seattle Mariners signed free agent 2B Joshua Francis to a minor league contract.,821806.0,Joshua Francis,/api/v1/people/821806,136,Seattle Mariners,/api/v1/teams/136,,,
737129,2024-01-15,2024-01-15,2024-01-15,SFA,Signed as Free Agent,Seattle Mariners signed free agent SS Deuri Castillo to a minor league contract.,821274.0,Deuri Castillo,/api/v1/people/821274,136,Seattle Mariners,/api/v1/teams/136,,,
737015,2024-01-15,2024-01-15,2024-01-15,SFA,Signed as Free Agent,Seattle Mariners signed free agent 3B Zeus Nunez to a minor league contract.,821192.0,Zeus Nunez,/api/v1/people/821192,136,Seattle Mariners,/api/v1/teams/136,,,
737984,2024-01-15,2024-01-15,2024-01-15,SFA,Signed as Free Agent,Seattle Mariners signed free agent C Gabriel Guanchez to a minor league contract.,821687.0,Gabriel Guanchez,/api/v1/people/821687,136,Seattle Mariners,/api/v1/teams/136,,,
737999,2024-01-15,2024-01-15,2024-01-15,SFA,Signed as Free Agent,Seattle Mariners signed free agent OF Manuel De Cesare to a minor league contract.,821699.0,Manuel De Cesare,/api/v1/people/821699,136,Seattle Mariners,/api/v1/teams/136,,,
738252,2024-01-15,2024-01-15,2024-01-15,SFA,Signed as Free Agent,Seattle Mariners signed free agent RHP Cristian Aray to a minor league contract.,821774.0,Cristian Aray,/api/v1/people/821774,136,Seattle Mariners,/api/v1/teams/136,,,
738298,2024-01-15,2024-01-15,2024-01-15,SFA,Signed as Free Agent,Seattle Mariners signed free agent RHP Erick Lanza to a minor league contract.,821820.0,Erick Lanza,/api/v1/people/821820,136,Seattle Mariners,/api/v1/teams/136,,,
736972,2024-01-15,2024-01-15,2024-01-15,SFA,Signed as Free Agent,Seattle Mariners signed free agent RHP David Pena to a minor league contract.,821159.0,David Pena,/api/v1/people/821159,136,Seattle Mariners,/api/v1/teams/136,,,
737945,2024-01-15,2024-01-15,2024-01-15,SFA,Signed as Free Agent,Seattle Mariners signed free agent RHP Jheifer Ramirez to a minor league contract.,821649.0,Jheifer Ramirez,/api/v1/people/821649,136,Seattle Mariners,/api/v1/teams/136,,,
736942,2024-01-15,2024-01-15,2024-01-15,SFA,Signed as Free Agent,Seattle Mariners signed free agent LHP Eliezer Orbe to a minor league contract.,821132.0,Eliezer Orbe,/api/v1/people/821132,136,Seattle Mariners,/api/v1/teams/136,,,
737106,2024-01-15,2024-01-15,2024-01-15,SFA,Signed as Free Agent,Seattle Mariners signed free agent RHP Anderson Jimenez to a minor league contract.,821254.0,Anderson Jimenez,/api/v1/people/821254,136,Seattle Mariners,/api/v1/teams/136,,,
737961,2024-01-15,2024-01-15,2024-01-15,SFA,Signed as Free Agent,Seattle Mariners signed free agent RHP Carlos Jaspe to a minor league contract.,821664.0,Carlos Jaspe,/api/v1/people/821664,136,Seattle Mariners,/api/v1/teams/136,,,
736933,2024-01-15,2024-01-15,2024-01-15,SFA,Signed as Free Agent,Seattle Mariners signed free agent SS Dawel Joseph to a minor league contract.,815892.0,Dawel Joseph,/api/v1/people/815892,136,Seattle Mariners,/api/v1/teams/136,,,
742362,2024-01-17,2024-01-17,2024-01-17,SC,Status Change,Seattle Mariners activated RHP Austin Voth.,608723.0,Austin Voth,/api/v1/people/608723,136,Seattle Mariners,/api/v1/teams/136,,,
737321,2024-01-17,2024-01-17,2024-01-17,SFA,Signed as Free Agent,Seattle Mariners signed free agent RHP Austin Voth.,608723.0,Austin Voth,/api/v1/people/608723,136,Seattle Mariners,/api/v1/teams/136,,,
737721,2024-01-18,2024-01-18,2024-01-18,SFA,Signed as Free Agent,Seattle Mariners signed free agent 2B Michael Chavis to a minor league contract.,656308.0,Michael Chavis,/api/v1/people/656308,136,Seattle Mariners,/api/v1/teams/136,,,
738643,2024-01-18,2024-01-18,2024-01-18,SFA,Signed as Free Agent,Seattle Mariners signed free agent RHP Sean Poppen to a minor league contract.,664092.0,Sean Poppen,/api/v1/people/664092,136,Seattle Mariners,/api/v1/teams/136,,,
738634,2024-01-18,2024-01-18,2024-01-18,SFA,Signed as Free Agent,Seattle Mariners signed free agent RHP Ty Buttrey to a minor league contract.,621142.0,Ty Buttrey,/api/v1/people/621142,136,Seattle Mariners,/api/v1/teams/136,,,
761610,2024-01-19,2024-01-19,2024-01-19,SFA,Signed as Free Agent,Seattle Mariners signed free agent C Eduardo Ponce to a minor league contract.,823866.0,Eduardo Ponce,/api/v1/people/823866,136,Seattle Mariners,/api/v1/teams/136,,,
759804,2024-01-19,2024-01-19,2024-01-19,SFA,Signed as Free Agent,Seattle Mariners signed free agent RHP Eduardo Uscanga to a minor league contract.,823786.0,Eduardo Uscanga,/api/v1/people/823786,136,Seattle Mariners,/api/v1/teams/136,,,
761564,2024-01-20,2024-01-20,2024-01-20,SFA,Signed as Free Agent,Seattle Mariners signed free agent RHP Gregori Arrieche to a minor league contract.,816287.0,Gregori Arrieche,/api/v1/people/816287,136,Seattle Mariners,/api/v1/teams/136,,,
776380,2024-01-20,2024-01-20,2024-01-20,REL,Released,Seattle Mariners released 2B Joshua Francis.,821806.0,Joshua Francis,/api/v1/people/821806,136,Seattle Mariners,/api/v1/teams/136,,,
776393,2024-01-20,2024-01-20,2024-01-20,REL,Released,Seattle Mariners released RHP Lisander Brito.,683499.0,Lisander Brito,/api/v1/people/683499,136,Seattle Mariners,/api/v1/teams/136,,,
738641,2024-01-22,2024-01-22,2024-01-22,SFA,Signed as Free Agent,Seattle Mariners signed free agent C Michael Papierski to a minor league contract.,657709.0,Michael Papierski,/api/v1/people/657709,136,Seattle Mariners,/api/v1/teams/136,,,
738637,2024-01-23,2024-01-23,2024-01-23,SFA,Signed as Free Agent,Seattle Mariners signed free agent LHP Garrett Davila to a minor league contract.,663657.0,Garrett Davila,/api/v1/people/663657,136,Seattle Mariners,/api/v1/teams/136,,,
738646,2024-01-23,2024-01-23,2024-01-23,SFA,Signed as Free Agent,Seattle Mariners signed free agent LHP Jack White to a minor league contract.,685086.0,Jack White,/api/v1/people/685086,136,Seattle Mariners,/api/v1/teams/136,,,
738638,2024-01-23,2024-01-23,2024-01-23,SFA,Signed as Free Agent,Seattle Mariners signed free agent SS Morgan McCullough to a minor league contract.,668833.0,Morgan McCullough,/api/v1/people/668833,136,Seattle Mariners,/api/v1/teams/136,,,
738596,2024-01-29,2024-01-29,,TR,Trade,"Minnesota Twins traded SS Jorge Polanco to Seattle Mariners for RHP Anthony DeSclafani, RHP Justin Topa, OF Gabriel Gonzalez, RHP Darren Bowen and cash.",593871.0,Jorge Polanco,/api/v1/people/593871,136,Seattle Mariners,/api/v1/teams/136,142.0,Minnesota Twins,/api/v1/teams/142
761604,2024-01-30,2024-01-30,2024-01-30,SFA,Signed as Free Agent,Seattle Mariners signed free agent RHP Juan Jimenez to a minor league contract.,823859.0,Juan Jimenez,/api/v1/people/823859,136,Seattle Mariners,/api/v1/teams/136,,,
738715,2024-01-30,2024-01-30,,TR,Trade,Kansas City Royals traded 2B Samad Taylor to Seattle Mariners for Player To Be Named Later.,669392.0,Samad Taylor,/api/v1/people/669392,136,Seattle Mariners,/api/v1/teams/136,118.0,Kansas City Royals,/api/v1/teams/118
761587,2024-01-31,2024-01-31,2024-01-31,SFA,Signed as Free Agent,Seattle Mariners signed free agent RHP Deybi Castro to a minor league contract.,823849.0,Deybi Castro,/api/v1/people/823849,136,Seattle Mariners,/api/v1/teams/136,,,
761592,2024-01-31,2024-01-31,2024-01-31,SFA,Signed as Free Agent,Seattle Mariners signed free agent RHP Mathias Sato to a minor league contract.,823852.0,Mathias Sato,/api/v1/people/823852,136,Seattle Mariners,/api/v1/teams/136,,,
757302,2024-01-31,2024-01-31,2024-01-31,SFA,Signed as Free Agent,Seattle Mariners signed free agent RHP Danery Meyer to a minor league contract.,823721.0,Danery Meyer,/api/v1/people/823721,136,Seattle Mariners,/api/v1/teams/136,,,
739231,2024-02-02,2024-02-02,2024-02-02,SFA,Signed as Free Agent,Seattle Mariners signed free agent RHP Heath Hembree to a minor league contract.,592390.0,Heath Hembree,/api/v1/people/592390,136,Seattle Mariners,/api/v1/teams/136,,,
742165,2024-02-02,2024-02-02,2024-02-02,SFA,Signed as Free Agent,Seattle Mariners signed free agent RHP Juan Cazarez to a minor league contract.,814811.0,Juan Cazarez,/api/v1/people/814811,136,Seattle Mariners,/api/v1/teams/136,,,
739306,2024-02-03,2024-02-03,2024-02-03,SC,Status Change,Seattle Mariners activated RHP Gregory Santos.,666619.0,Gregory Santos,/api/v1/people/666619,136,Seattle Mariners,/api/v1/teams/136,,,
739238,2024-02-03,2024-02-03,,TR,Trade,"Chicago White Sox traded RHP Gregory Santos to Seattle Mariners for RHP Prelander Berroa, OF Zach DeLoach and Future Considerations.",676113.0,Zach DeLoach,/api/v1/people/676113,145,Chicago White Sox,/api/v1/teams/145,136.0,Seattle Mariners,/api/v1/teams/136
755925,2024-02-06,2024-02-06,2024-02-06,SC,Status Change,SS Cole Tucker roster status changed by Seattle Mariners.,657061.0,Cole Tucker,/api/v1/people/657061,136,Seattle Mariners,/api/v1/teams/136,,,
739698,2024-02-06,2024-02-06,2024-02-06,ASG,Assigned,Seattle Mariners invited non-roster SS Cole Tucker to spring training.,657061.0,Cole Tucker,/api/v1/people/657061,136,Seattle Mariners,/api/v1/teams/136,,,
739626,2024-02-06,2024-02-06,2024-02-06,SFA,Signed as Free Agent,Seattle Mariners signed free agent SS Cole Tucker to a minor league contract.,657061.0,Cole Tucker,/api/v1/people/657061,136,Seattle Mariners,/api/v1/teams/136,,,
739624,2024-02-06,2024-02-06,2024-02-06,SFA,Signed as Free Agent,Seattle Mariners signed free agent 2B Nick Solak to a minor league contract.,669256.0,Nick Solak,/api/v1/people/669256,136,Seattle Mariners,/api/v1/teams/136,,,
739507,2024-02-06,2024-02-06,,CLW,Claimed Off Waivers,Seattle Mariners claimed RHP Collin Snider off waivers from Arizona Diamondbacks.,676092.0,Collin Snider,/api/v1/people/676092,136,Seattle Mariners,/api/v1/teams/136,109.0,Arizona Diamondbacks,/api/v1/teams/109
739670,2024-02-07,2024-02-07,2024-02-07,SFA,Signed as Free Agent,Seattle Mariners signed free agent RHP Casey Lawrence to a minor league contract and invited him to spring training.,596271.0,Casey Lawrence,/api/v1/people/596271,136,Seattle Mariners,/api/v1/teams/136,,,
739684,2024-02-07,2024-02-07,2024-02-07,ASG,Assigned,Seattle Mariners invited non-roster C Matt Scheffler to spring training.,688032.0,Matt Scheffler,/api/v1/people/688032,136,Seattle Mariners,/api/v1/teams/136,,,
739692,2024-02-07,2024-02-07,2024-02-07,ASG,Assigned,Seattle Mariners invited non-roster 2B Kaden Polcovich to spring training.,687659.0,Kaden Polcovich,/api/v1/people/687659,136,Seattle Mariners,/api/v1/teams/136,,,
739666,2024-02-07,2024-02-07,2024-02-07,ASG,Assigned,Seattle Mariners invited non-roster RHP Jimmy Joyce to spring training.,702460.0,Jimmy Joyce,/api/v1/people/702460,136,Seattle Mariners,/api/v1/teams/136,,,
739669,2024-02-07,2024-02-07,2024-02-07,ASG,Assigned,Seattle Mariners invited non-roster RHP Travis Kuhn to spring training.,674047.0,Travis Kuhn,/api/v1/people/674047,136,Seattle Mariners,/api/v1/teams/136,,,
739700,2024-02-07,2024-02-07,2024-02-07,ASG,Assigned,Seattle Mariners invited non-roster SS Cole Young to spring training.,702284.0,Cole Young,/api/v1/people/702284,136,Seattle Mariners,/api/v1/teams/136,,,
739682,2024-02-07,2024-02-07,2024-02-07,ASG,Assigned,Seattle Mariners invited non-roster C Harry Ford to spring training.,695670.0,Harry Ford,/api/v1/people/695670,136,Seattle Mariners,/api/v1/teams/136,,,
756492,2024-02-07,2024-02-07,2024-02-07,SC,Status Change,RHP Joey Krehbiel roster status changed by Seattle Mariners.,607216.0,Joey Krehbiel,/api/v1/people/607216,136,Seattle Mariners,/api/v1/teams/136,,,
739677,2024-02-07,2024-02-07,2024-02-07,ASG,Assigned,Seattle Mariners invited non-roster RHP Sean Poppen to spring training.,664092.0,Sean Poppen,/api/v1/people/664092,136,Seattle Mariners,/api/v1/teams/136,,,
739693,2024-02-07,2024-02-07,2024-02-07,SC,Status Change,2B Kaden Polcovich roster status changed by Seattle Mariners.,687659.0,Kaden Polcovich,/api/v1/people/687659,136,Seattle Mariners,/api/v1/teams/136,,,
739674,2024-02-07,2024-02-07,2024-02-07,ASG,Assigned,Seattle Mariners invited non-roster RHP Darren McCaughan to spring training.,670766.0,Darren McCaughan,/api/v1/people/670766,136,Seattle Mariners,/api/v1/teams/136,,,
739694,2024-02-07,2024-02-07,2024-02-07,ASG,Assigned,Seattle Mariners invited non-roster 1B Rangel Ravelo to spring training.,592660.0,Rangel Ravelo,/api/v1/people/592660,136,Seattle Mariners,/api/v1/teams/136,,,
739667,2024-02-07,2024-02-07,2024-02-07,SFA,Signed as Free Agent,Seattle Mariners signed free agent RHP Joey Krehbiel to a minor league contract and invited him to spring training.,607216.0,Joey Krehbiel,/api/v1/people/607216,136,Seattle Mariners,/api/v1/teams/136,,,
739659,2024-02-07,2024-02-07,2024-02-07,DES,Designated for Assignment,Seattle Mariners designated RHP Darren McCaughan for assignment.,670766.0,Darren McCaughan,/api/v1/people/670766,136,Seattle Mariners,/api/v1/teams/136,,,
739661,2024-02-07,2024-02-07,2024-02-07,SFA,Signed as Free Agent,Seattle Mariners signed free agent RHP Cory Abbott to a minor league contract and invited him to spring training.,676265.0,Cory Abbott,/api/v1/people/676265,136,Seattle Mariners,/api/v1/teams/136,,,
739675,2024-02-07,2024-02-07,2024-02-07,ASG,Assigned,Seattle Mariners invited non-roster RHP Tyson Miller to spring training.,668338.0,Tyson Miller,/api/v1/people/668338,136,Seattle Mariners,/api/v1/teams/136,,,
739676,2024-02-07,2024-02-07,2024-02-07,ASG,Assigned,Seattle Mariners invited non-roster RHP Marcelo Perez to spring training.,681041.0,Marcelo Perez,/api/v1/people/681041,136,Seattle Mariners,/api/v1/teams/136,,,
739681,2024-02-07,2024-02-07,2024-02-07,ASG,Assigned,Seattle Mariners invited non-roster C Jake Anchia to spring training.,680971.0,Jake Anchia,/api/v1/people/680971,136,Seattle Mariners,/api/v1/teams/136,,,
739683,2024-02-07,2024-02-07,2024-02-07,ASG,Assigned,Seattle Mariners invited non-roster C Michael Papierski to spring training.,657709.0,Michael Papierski,/api/v1/people/657709,136,Seattle Mariners,/api/v1/teams/136,,,
739685,2024-02-07,2024-02-07,2024-02-07,ASG,Assigned,Seattle Mariners invited non-roster RF Isiah Gilliam to spring training.,656462.0,Isiah Gilliam,/api/v1/people/656462,136,Seattle Mariners,/api/v1/teams/136,,,
739687,2024-02-07,2024-02-07,2024-02-07,ASG,Assigned,Seattle Mariners invited non-roster OF Alberto Rodriguez to spring training.,679754.0,Alberto Rodriguez,/api/v1/people/679754,136,Seattle Mariners,/api/v1/teams/136,,,
739688,2024-02-07,2024-02-07,2024-02-07,ASG,Assigned,Seattle Mariners invited non-roster SS Ryan Bliss to spring training.,669208.0,Ryan Bliss,/api/v1/people/669208,136,Seattle Mariners,/api/v1/teams/136,,,
739696,2024-02-07,2024-02-07,2024-02-07,ASG,Assigned,Seattle Mariners invited non-roster SS Brock Rodden to spring training.,801126.0,Brock Rodden,/api/v1/people/801126,136,Seattle Mariners,/api/v1/teams/136,,,
739678,2024-02-07,2024-02-07,2024-02-07,SFA,Signed as Free Agent,Seattle Mariners signed free agent LHP Kirby Snead to a minor league contract and invited him to spring training.,669912.0,Kirby Snead,/api/v1/people/669912,136,Seattle Mariners,/api/v1/teams/136,,,
739672,2024-02-07,2024-02-07,2024-02-07,ASG,Assigned,Seattle Mariners invited non-roster LHP Holden Laws to spring training.,681391.0,Holden Laws,/api/v1/people/681391,136,Seattle Mariners,/api/v1/teams/136,,,
739699,2024-02-07,2024-02-07,2024-02-07,ASG,Assigned,Seattle Mariners invited non-roster 1B Hogan Windish to spring training.,702112.0,Hogan Windish,/api/v1/people/702112,136,Seattle Mariners,/api/v1/teams/136,,,
739680,2024-02-07,2024-02-07,2024-02-07,ASG,Assigned,Seattle Mariners invited non-roster LHP Reid VanScoter to spring training.,804577.0,Reid VanScoter,/api/v1/people/804577,136,Seattle Mariners,/api/v1/teams/136,,,
739663,2024-02-07,2024-02-07,2024-02-07,ASG,Assigned,Seattle Mariners invited non-roster RHP Ty Buttrey to spring training.,621142.0,Ty Buttrey,/api/v1/people/621142,136,Seattle Mariners,/api/v1/teams/136,,,
739686,2024-02-07,2024-02-07,2024-02-07,ASG,Assigned,Seattle Mariners invited non-roster OF Spencer Packard to spring training.,689070.0,Spencer Packard,/api/v1/people/689070,136,Seattle Mariners,/api/v1/teams/136,,,
739691,2024-02-07,2024-02-07,2024-02-07,ASG,Assigned,Seattle Mariners invited non-roster 3B Tyler Locklear to spring training.,682988.0,Tyler Locklear,/api/v1/people/682988,136,Seattle Mariners,/api/v1/teams/136,,,
739689,2024-02-07,2024-02-07,2024-02-07,ASG,Assigned,Seattle Mariners invited non-roster 2B Michael Chavis to spring training.,656308.0,Michael Chavis,/api/v1/people/656308,136,Seattle Mariners,/api/v1/teams/136,,,
739695,2024-02-07,2024-02-07,2024-02-07,ASG,Assigned,Seattle Mariners invited non-roster SS Leo Rivas to spring training.,660844.0,Leo Rivas,/api/v1/people/660844,136,Seattle Mariners,/api/v1/teams/136,,,
739697,2024-02-07,2024-02-07,2024-02-07,ASG,Assigned,Seattle Mariners invited non-roster 2B Nick Solak to spring training.,669256.0,Nick Solak,/api/v1/people/669256,136,Seattle Mariners,/api/v1/teams/136,,,
739664,2024-02-07,2024-02-07,2024-02-07,SFA,Signed as Free Agent,Seattle Mariners signed free agent LHP Jhonathan Diaz to a minor league contract and invited him to spring training.,646242.0,Jhonathan Díaz,/api/v1/people/646242,136,Seattle Mariners,/api/v1/teams/136,,,
739673,2024-02-07,2024-02-07,,OUT,Outrighted,Seattle Mariners sent RHP Darren McCaughan outright to Tacoma Rainiers.,670766.0,Darren McCaughan,/api/v1/people/670766,529,Tacoma Rainiers,/api/v1/teams/529,136.0,Seattle Mariners,/api/v1/teams/136
739660,2024-02-07,2024-02-07,,CLW,Claimed Off Waivers,Seattle Mariners claimed CF Canaan Smith-Njigba off waivers from Pittsburgh Pirates.,675986.0,Canaan Smith-Njigba,/api/v1/people/675986,136,Seattle Mariners,/api/v1/teams/136,134.0,Pittsburgh Pirates,/api/v1/teams/134
741401,2024-02-09,2024-02-09,2024-02-09,SFA,Signed as Free Agent,Seattle Mariners signed free agent RHP Jordan Holloway to a minor league contract.,656548.0,Jordan Holloway,/api/v1/people/656548,136,Seattle Mariners,/api/v1/teams/136,,,
740906,2024-02-12,2024-02-12,,TR,Trade,Seattle Mariners traded RHP Darren McCaughan to Miami Marlins.,670766.0,Darren McCaughan,/api/v1/people/670766,146,Miami Marlins,/api/v1/teams/146,136.0,Seattle Mariners,/api/v1/teams/136
741826,2024-02-17,2024-02-17,,CLW,Claimed Off Waivers,Seattle Mariners claimed RHP Levi Stoudt off waivers from Cincinnati Reds.,686651.0,Levi Stoudt,/api/v1/people/686651,136,Seattle Mariners,/api/v1/teams/136,113.0,Cincinnati Reds,/api/v1/teams/113
751269,2024-02-18,2024-02-18,2024-02-18,SFA,Signed as Free Agent,Seattle Mariners signed free agent 2B Robbie Tenerowicz to a minor league contract.,642134.0,Robbie Tenerowicz,/api/v1/people/642134,136,Seattle Mariners,/api/v1/teams/136,,,
741972,2024-02-19,2024-02-19,,CLW,Claimed Off Waivers,Pittsburgh Pirates claimed CF Canaan Smith-Njigba off waivers from Seattle Mariners.,675986.0,Canaan Smith-Njigba,/api/v1/people/675986,134,Pittsburgh Pirates,/api/v1/teams/134,136.0,Seattle Mariners,/api/v1/teams/136
753183,2024-02-23,2024-02-23,2024-02-23,SFA,Signed as Free Agent,Seattle Mariners signed free agent LHP Danny Wirchansky to a minor league contract.,688024.0,Danny Wirchansky,/api/v1/people/688024,136,Seattle Mariners,/api/v1/teams/136,,,
752751,2024-02-24,2024-02-24,2024-02-24,SC,Status Change,RHP Stefan Raeth roster status changed by Seattle Mariners.,806288.0,Stefan Raeth,/api/v1/people/806288,136,Seattle Mariners,/api/v1/teams/136,,,
751380,2024-02-24,2024-02-24,2024-02-24,ASG,Assigned,RHP Stefan Raeth assigned to Seattle Mariners.,806288.0,Stefan Raeth,/api/v1/people/806288,136,Seattle Mariners,/api/v1/teams/136,,,
751396,2024-02-24,2024-02-24,2024-02-24,ASG,Assigned,RHP Jarod Bayless assigned to Seattle Mariners.,663681.0,Jarod Bayless,/api/v1/people/663681,136,Seattle Mariners,/api/v1/teams/136,,,
751398,2024-02-24,2024-02-24,2024-02-24,ASG,Assigned,RHP Juan Mercedes assigned to Seattle Mariners.,675195.0,Juan Mercedes,/api/v1/people/675195,136,Seattle Mariners,/api/v1/teams/136,,,
752755,2024-02-24,2024-02-24,2024-02-24,SC,Status Change,RHP Jarod Bayless roster status changed by Seattle Mariners.,663681.0,Jarod Bayless,/api/v1/people/663681,136,Seattle Mariners,/api/v1/teams/136,,,
751385,2024-02-24,2024-02-24,2024-02-24,ASG,Assigned,LHP Peyton Alford assigned to Seattle Mariners.,688230.0,Peyton Alford,/api/v1/people/688230,136,Seattle Mariners,/api/v1/teams/136,,,
751382,2024-02-24,2024-02-24,2024-02-24,ASG,Assigned,RHP Juan Burgos assigned to Seattle Mariners.,686228.0,Juan Burgos,/api/v1/people/686228,136,Seattle Mariners,/api/v1/teams/136,,,
751393,2024-02-24,2024-02-24,2024-02-24,ASG,Assigned,RHP Brett de Geus assigned to Seattle Mariners.,676969.0,Brett de Geus,/api/v1/people/676969,136,Seattle Mariners,/api/v1/teams/136,,,
752243,2024-02-24,2024-02-24,2024-02-24,SC,Status Change,LHP Peyton Alford roster status changed by Seattle Mariners.,688230.0,Peyton Alford,/api/v1/people/688230,136,Seattle Mariners,/api/v1/teams/136,,,
752418,2024-02-24,2024-02-24,2024-02-24,SFA,Signed as Free Agent,Seattle Mariners signed free agent 3B Brian Anderson to a minor league contract.,605119.0,Brian Anderson,/api/v1/people/605119,136,Seattle Mariners,/api/v1/teams/136,,,
753074,2024-02-24,2024-02-24,2024-02-24,SFA,Signed as Free Agent,Seattle Mariners signed free agent RHP Trevor Kelley to a minor league contract.,665001.0,Trevor Kelley,/api/v1/people/665001,136,Seattle Mariners,/api/v1/teams/136,,,
751650,2024-02-25,2024-02-25,2024-02-25,ASG,Assigned,RHP Blas Castano assigned to Seattle Mariners.,680604.0,Blas Castaño,/api/v1/people/680604,136,Seattle Mariners,/api/v1/teams/136,,,
751651,2024-02-25,2024-02-25,2024-02-25,ASG,Assigned,RHP Nick Davila assigned to Seattle Mariners.,689546.0,Nick Davila,/api/v1/people/689546,136,Seattle Mariners,/api/v1/teams/136,,,
752010,2024-02-26,2024-02-26,2024-02-26,ASG,Assigned,RHP Elijah Dale assigned to Seattle Mariners.,688145.0,Elijah Dale,/api/v1/people/688145,136,Seattle Mariners,/api/v1/teams/136,,,
752242,2024-02-27,2024-02-27,2024-02-27,ASG,Assigned,RHP Troy Taylor assigned to Seattle Mariners.,700187.0,Troy Taylor,/api/v1/people/700187,136,Seattle Mariners,/api/v1/teams/136,,,
752363,2024-02-28,2024-02-28,2024-02-28,ASG,Assigned,SS Colt Emerson assigned to Seattle Mariners.,806068.0,Colt Emerson,/api/v1/people/806068,136,Seattle Mariners,/api/v1/teams/136,,,
752548,2024-02-29,2024-02-29,2024-02-29,ASG,Assigned,OF Jonny Farmelo assigned to Seattle Mariners.,806071.0,Jonny Farmelo,/api/v1/people/806071,136,Seattle Mariners,/api/v1/teams/136,,,
752546,2024-02-29,2024-02-29,2024-02-29,ASG,Assigned,OF Bill Knight assigned to Seattle Mariners.,681098.0,Bill Knight,/api/v1/people/681098,136,Seattle Mariners,/api/v1/teams/136,,,
752545,2024-02-29,2024-02-29,2024-02-29,ASG,Assigned,RHP Logan Evans assigned to Seattle Mariners.,688138.0,Logan Evans,/api/v1/people/688138,136,Seattle Mariners,/api/v1/teams/136,,,
752544,2024-02-29,2024-02-29,2024-02-29,ASG,Assigned,LHP Raúl Alcantara assigned to Seattle Mariners.,678921.0,Raúl Alcantara,/api/v1/people/678921,136,Seattle Mariners,/api/v1/teams/136,,,
752757,2024-03-01,2024-03-01,2024-03-01,ASG,Assigned,SS Axel Sanchez assigned to Seattle Mariners.,692046.0,Axel Sanchez,/api/v1/people/692046,136,Seattle Mariners,/api/v1/teams/136,,,
752752,2024-03-01,2024-03-01,2024-03-01,ASG,Assigned,RHP Ty Cummings assigned to Seattle Mariners.,807744.0,Ty Cummings,/api/v1/people/807744,136,Seattle Mariners,/api/v1/teams/136,,,
752758,2024-03-01,2024-03-01,2024-03-01,ASG,Assigned,OF Aidan Smith assigned to Seattle Mariners.,806223.0,Aidan Smith,/api/v1/people/806223,136,Seattle Mariners,/api/v1/teams/136,,,
752753,2024-03-01,2024-03-01,2024-03-01,ASG,Assigned,LHP Brandyn Garcia assigned to Seattle Mariners.,805299.0,Brandyn Garcia,/api/v1/people/805299,136,Seattle Mariners,/api/v1/teams/136,,,
752756,2024-03-01,2024-03-01,2024-03-01,ASG,Assigned,SS Josh Hood assigned to Seattle Mariners.,681377.0,Josh Hood,/api/v1/people/681377,136,Seattle Mariners,/api/v1/teams/136,,,
752754,2024-03-01,2024-03-01,2024-03-01,ASG,Assigned,RHP Luis Curvelo assigned to Seattle Mariners.,681168.0,Luis Curvelo,/api/v1/people/681168,136,Seattle Mariners,/api/v1/teams/136,,,
754435,2024-03-01,2024-03-01,2024-03-01,SC,Status Change,RHP Luis Curvelo roster status changed by Seattle Mariners.,681168.0,Luis Curvelo,/api/v1/people/681168,136,Seattle Mariners,/api/v1/teams/136,,,
754467,2024-03-03,2024-03-03,2024-03-03,SC,Status Change,C Connor Charping roster status changed by Seattle Mariners.,806464.0,Connor Charping,/api/v1/people/806464,136,Seattle Mariners,/api/v1/teams/136,,,
752983,2024-03-03,2024-03-03,2024-03-03,ASG,Assigned,3B Luis Suisbel assigned to Seattle Mariners.,692044.0,Luis Suisbel,/api/v1/people/692044,136,Seattle Mariners,/api/v1/teams/136,,,
752986,2024-03-03,2024-03-03,2024-03-03,ASG,Assigned,C Connor Charping assigned to Seattle Mariners.,806464.0,Connor Charping,/api/v1/people/806464,136,Seattle Mariners,/api/v1/teams/136,,,
752984,2024-03-03,2024-03-03,2024-03-03,SC,Status Change,3B Luis Suisbel roster status changed by Seattle Mariners.,692044.0,Luis Suisbel,/api/v1/people/692044,136,Seattle Mariners,/api/v1/teams/136,,,
753048,2024-03-03,2024-03-03,2024-03-03,ASG,Assigned,SS Michael Arroyo assigned to Seattle Mariners.,703197.0,Michael Arroyo,/api/v1/people/703197,136,Seattle Mariners,/api/v1/teams/136,,,
752985,2024-03-03,2024-03-03,2024-03-03,ASG,Assigned,OF Lazaro Montes assigned to Seattle Mariners.,703155.0,Lazaro Montes,/api/v1/people/703155,136,Seattle Mariners,/api/v1/teams/136,,,
753151,2024-03-05,2024-03-05,2024-03-05,ASG,Assigned,OF George Feliz assigned to Seattle Mariners.,692031.0,George Feliz,/api/v1/people/692031,136,Seattle Mariners,/api/v1/teams/136,,,
753146,2024-03-05,2024-03-05,2024-03-05,ASG,Assigned,SS Morgan McCullough assigned to Seattle Mariners.,668833.0,Morgan McCullough,/api/v1/people/668833,136,Seattle Mariners,/api/v1/teams/136,,,
753152,2024-03-05,2024-03-05,2024-03-05,ASG,Assigned,C Freuddy Batista assigned to Seattle Mariners.,673945.0,Freuddy Batista,/api/v1/people/673945,136,Seattle Mariners,/api/v1/teams/136,,,
753144,2024-03-05,2024-03-05,2024-03-05,ASG,Assigned,C Charlie Welch assigned to Seattle Mariners.,681234.0,Charlie Welch,/api/v1/people/681234,136,Seattle Mariners,/api/v1/teams/136,,,
753145,2024-03-05,2024-03-05,2024-03-05,ASG,Assigned,3B Ben Williamson assigned to Seattle Mariners.,810938.0,Ben Williamson,/api/v1/people/810938,136,Seattle Mariners,/api/v1/teams/136,,,
753150,2024-03-05,2024-03-05,2024-03-05,ASG,Assigned,SS Ben Ramirez assigned to Seattle Mariners.,668756.0,Ben Ramirez,/api/v1/people/668756,136,Seattle Mariners,/api/v1/teams/136,,,
754436,2024-03-05,2024-03-05,2024-03-05,SC,Status Change,SS Ben Ramirez roster status changed by Seattle Mariners.,668756.0,Ben Ramirez,/api/v1/people/668756,136,Seattle Mariners,/api/v1/teams/136,,,
753205,2024-03-06,2024-03-06,2024-03-06,SC,Status Change,RHP Brett de Geus roster status changed by Seattle Mariners.,676969.0,Brett de Geus,/api/v1/people/676969,136,Seattle Mariners,/api/v1/teams/136,,,
753223,2024-03-06,2024-03-06,2024-03-06,ASG,Assigned,RHP Reid Morgan assigned to Seattle Mariners.,681539.0,Reid Morgan,/api/v1/people/681539,136,Seattle Mariners,/api/v1/teams/136,,,
753221,2024-03-06,2024-03-06,2024-03-06,ASG,Assigned,SS Tai Peete assigned to Seattle Mariners.,806191.0,Tai Peete,/api/v1/people/806191,136,Seattle Mariners,/api/v1/teams/136,,,
753220,2024-03-06,2024-03-06,2024-03-06,ASG,Assigned,3B Caleb Cali assigned to Seattle Mariners.,687730.0,Caleb Cali,/api/v1/people/687730,136,Seattle Mariners,/api/v1/teams/136,,,
754364,2024-03-08,2024-03-08,2024-03-08,ASG,Assigned,C Ty Duvall assigned to Seattle Mariners.,669649.0,Ty Duvall,/api/v1/people/669649,136,Seattle Mariners,/api/v1/teams/136,,,
754434,2024-03-09,2024-03-09,2024-03-09,ASG,Assigned,RHP Jordan Holloway assigned to Seattle Mariners.,656548.0,Jordan Holloway,/api/v1/people/656548,136,Seattle Mariners,/api/v1/teams/136,,,
754517,2024-03-09,2024-03-09,2024-03-09,SFA,Signed as Free Agent,Seattle Mariners signed free agent 3B Jason Vosler to a minor league contract.,613564.0,Jason Vosler,/api/v1/people/613564,136,Seattle Mariners,/api/v1/teams/136,,,
754473,2024-03-09,2024-03-09,,OPT,Optioned,Seattle Mariners optioned C Blake Hunt to Tacoma Rainiers.,675448.0,Blake Hunt,/api/v1/people/675448,529,Tacoma Rainiers,/api/v1/teams/529,136.0,Seattle Mariners,/api/v1/teams/136
754584,2024-03-10,2024-03-10,2024-03-10,ASG,Assigned,1B Gabe Moncada assigned to Seattle Mariners.,682732.0,Gabriel Moncada,/api/v1/people/682732,136,Seattle Mariners,/api/v1/teams/136,,,
754560,2024-03-10,2024-03-10,2024-03-10,SC,Status Change,Seattle Mariners activated RHP Ryne Stanek.,592773.0,Ryne Stanek,/api/v1/people/592773,136,Seattle Mariners,/api/v1/teams/136,,,
754558,2024-03-10,2024-03-10,2024-03-10,SC,Status Change,Seattle Mariners placed RHP Jackson Kowar on the 60-day injured list. Right ulnar collateral ligament tear.,663804.0,Jackson Kowar,/api/v1/people/663804,136,Seattle Mariners,/api/v1/teams/136,,,
754559,2024-03-10,2024-03-10,2024-03-10,SFA,Signed as Free Agent,Seattle Mariners signed free agent RHP Ryne Stanek.,592773.0,Ryne Stanek,/api/v1/people/592773,136,Seattle Mariners,/api/v1/teams/136,,,
754595,2024-03-10,2024-03-10,,OPT,Optioned,Seattle Mariners optioned RHP Ty Adcock to Tacoma Rainiers.,686654.0,Ty Adcock,/api/v1/people/686654,529,Tacoma Rainiers,/api/v1/teams/529,136.0,Seattle Mariners,/api/v1/teams/136
754687,2024-03-11,2024-03-11,2024-03-11,ASG,Assigned,RHP Jimmy Kingsbury assigned to Seattle Mariners.,700675.0,Jimmy Kingsbury,/api/v1/people/700675,136,Seattle Mariners,/api/v1/teams/136,,,
754689,2024-03-11,2024-03-11,2024-03-11,ASG,Assigned,3B Charlie Pagliarini assigned to Seattle Mariners.,813860.0,Charlie Pagliarini,/api/v1/people/813860,136,Seattle Mariners,/api/v1/teams/136,,,
754688,2024-03-11,2024-03-11,2024-03-11,ASG,Assigned,RHP Allan Saathoff assigned to Seattle Mariners.,802697.0,Allan Saathoff,/api/v1/people/802697,136,Seattle Mariners,/api/v1/teams/136,,,
754798,2024-03-11,2024-03-11,,OPT,Optioned,Seattle Mariners optioned RHP Levi Stoudt to Tacoma Rainiers.,686651.0,Levi Stoudt,/api/v1/people/686651,529,Tacoma Rainiers,/api/v1/teams/529,136.0,Seattle Mariners,/api/v1/teams/136
757300,2024-03-12,2024-03-12,2024-03-12,SFA,Signed as Free Agent,Seattle Mariners signed free agent RHP Hansel Robles to a minor league contract.,570663.0,Hansel Robles,/api/v1/people/570663,136,Seattle Mariners,/api/v1/teams/136,,,
755154,2024-03-13,2024-03-13,2024-03-13,ASG,Assigned,OF Carson Jones assigned to Seattle Mariners.,687982.0,Carson Jones,/api/v1/people/687982,136,Seattle Mariners,/api/v1/teams/136,,,
755309,2024-03-14,2024-03-14,2024-03-14,ASG,Assigned,OF RJ Schreck assigned to Seattle Mariners.,702302.0,RJ Schreck,/api/v1/people/702302,136,Seattle Mariners,/api/v1/teams/136,,,
755308,2024-03-14,2024-03-14,2024-03-14,ASG,Assigned,RHP Jose Geraldo assigned to Seattle Mariners.,702751.0,Jose Geraldo,/api/v1/people/702751,136,Seattle Mariners,/api/v1/teams/136,,,
755403,2024-03-14,2024-03-14,,OUT,Outrighted,Seattle Mariners sent RHP Mauricio Llovera outright to Tacoma Rainiers.,661440.0,Mauricio Llovera,/api/v1/people/661440,529,Tacoma Rainiers,/api/v1/teams/529,136.0,Seattle Mariners,/api/v1/teams/136
755364,2024-03-15,2024-03-15,2024-03-15,ASG,Assigned,SS James Parker assigned to Seattle Mariners.,681466.0,James Parker,/api/v1/people/681466,136,Seattle Mariners,/api/v1/teams/136,,,
755367,2024-03-15,2024-03-15,2024-03-15,ASG,Assigned,OF Colin Davis assigned to Seattle Mariners.,695342.0,Colin Davis,/api/v1/people/695342,136,Seattle Mariners,/api/v1/teams/136,,,
755366,2024-03-15,2024-03-15,2024-03-15,SC,Status Change,2B Robbie Tenerowicz roster status changed by Seattle Mariners.,642134.0,Robbie Tenerowicz,/api/v1/people/642134,136,Seattle Mariners,/api/v1/teams/136,,,
755365,2024-03-15,2024-03-15,2024-03-15,ASG,Assigned,2B Robbie Tenerowicz assigned to Seattle Mariners.,642134.0,Robbie Tenerowicz,/api/v1/people/642134,136,Seattle Mariners,/api/v1/teams/136,,,
755430,2024-03-15,2024-03-15,,TR,Trade,Seattle Mariners traded RHP Natanael Garabitos to Kansas City Royals.,686460.0,Natanael Garabitos,/api/v1/people/686460,118,Kansas City Royals,/api/v1/teams/118,136.0,Seattle Mariners,/api/v1/teams/136
755465,2024-03-16,2024-03-16,2024-03-16,ASG,Assigned,CF Victor Labrada assigned to Seattle Mariners.,700032.0,Victor Labrada,/api/v1/people/700032,136,Seattle Mariners,/api/v1/teams/136,,,
755466,2024-03-16,2024-03-16,2024-03-16,ASG,Assigned,C Jose Caguana assigned to Seattle Mariners.,683588.0,Jose Caguana,/api/v1/people/683588,136,Seattle Mariners,/api/v1/teams/136,,,
755741,2024-03-17,2024-03-17,2024-03-17,ASG,Assigned,RHP Mauricio Llovera assigned to Seattle Mariners.,661440.0,Mauricio Llovera,/api/v1/people/661440,136,Seattle Mariners,/api/v1/teams/136,,,
755743,2024-03-17,2024-03-17,2024-03-17,ASG,Assigned,RHP Jesse Wainscott assigned to Seattle Mariners.,703040.0,Jesse Wainscott,/api/v1/people/703040,136,Seattle Mariners,/api/v1/teams/136,,,
755745,2024-03-17,2024-03-17,2024-03-17,ASG,Assigned,RHP Chris Jefferson assigned to Seattle Mariners.,690103.0,Chris Jefferson,/api/v1/people/690103,136,Seattle Mariners,/api/v1/teams/136,,,
755748,2024-03-17,2024-03-17,2024-03-17,ASG,Assigned,LHP Blake Townsend assigned to Seattle Mariners.,678620.0,Blake Townsend,/api/v1/people/678620,136,Seattle Mariners,/api/v1/teams/136,,,
755751,2024-03-17,2024-03-17,2024-03-17,ASG,Assigned,C Junior Gonzalez assigned to Seattle Mariners.,680854.0,Junior Gonzalez,/api/v1/people/680854,136,Seattle Mariners,/api/v1/teams/136,,,
755912,2024-03-18,2024-03-18,,OPT,Optioned,Seattle Mariners optioned OF Jonatan Clase to Tacoma Rainiers.,682729.0,Jonatan Clase,/api/v1/people/682729,529,Tacoma Rainiers,/api/v1/teams/529,136.0,Seattle Mariners,/api/v1/teams/136
755945,2024-03-19,2024-03-19,2024-03-19,ASG,Assigned,RHP Kyle Hill assigned to Seattle Mariners.,663540.0,Kyle Hill,/api/v1/people/663540,136,Seattle Mariners,/api/v1/teams/136,,,
755957,2024-03-19,2024-03-19,,OPT,Optioned,Seattle Mariners optioned LF Cade Marlowe to Tacoma Rainiers.,687799.0,Cade Marlowe,/api/v1/people/687799,529,Tacoma Rainiers,/api/v1/teams/529,136.0,Seattle Mariners,/api/v1/teams/136
756191,2024-03-20,2024-03-20,,TR,Trade,Philadelphia Phillies traded RHP Jason Ruffcorn to Seattle Mariners for cash.,674022.0,Jason Ruffcorn,/api/v1/people/674022,136,Seattle Mariners,/api/v1/teams/136,143.0,Philadelphia Phillies,/api/v1/teams/143
756507,2024-03-21,2024-03-21,2024-03-21,SFA,Signed as Free Agent,Seattle Mariners signed free agent OF Grant Witherspoon to a minor league contract.,680710.0,Grant Witherspoon,/api/v1/people/680710,136,Seattle Mariners,/api/v1/teams/136,,,
756312,2024-03-21,2024-03-21,,OPT,Optioned,Seattle Mariners optioned RHP Carlos Vargas to Tacoma Rainiers.,672841.0,Carlos Vargas,/api/v1/people/672841,529,Tacoma Rainiers,/api/v1/teams/529,136.0,Seattle Mariners,/api/v1/teams/136
756464,2024-03-22,2024-03-22,2024-03-22,ASG,Assigned,LHP Ben Onyshko assigned to Seattle Mariners.,647306.0,Ben Onyshko,/api/v1/people/647306,136,Seattle Mariners,/api/v1/teams/136,,,
756465,2024-03-22,2024-03-22,2024-03-22,ASG,Assigned,OF Jared Oliva assigned to Seattle Mariners.,666931.0,Jared Oliva,/api/v1/people/666931,136,Seattle Mariners,/api/v1/teams/136,,,
756463,2024-03-22,2024-03-22,2024-03-22,ASG,Assigned,C Jacob Sharp assigned to Seattle Mariners.,814435.0,Jacob Sharp,/api/v1/people/814435,136,Seattle Mariners,/api/v1/teams/136,,,
756612,2024-03-23,2024-03-23,2024-03-23,ASG,Assigned,RHP Shaddon Peavyhouse assigned to Seattle Mariners.,685097.0,Shaddon Peavyhouse,/api/v1/people/685097,136,Seattle Mariners,/api/v1/teams/136,,,
756594,2024-03-23,2024-03-23,,OPT,Optioned,Seattle Mariners optioned 2B Samad Taylor to Tacoma Rainiers.,669392.0,Samad Taylor,/api/v1/people/669392,529,Tacoma Rainiers,/api/v1/teams/529,136.0,Seattle Mariners,/api/v1/teams/136
756593,2024-03-23,2024-03-23,,OPT,Optioned,Seattle Mariners optioned RHP Emerson Hancock to Tacoma Rainiers.,676106.0,Emerson Hancock,/api/v1/people/676106,529,Tacoma Rainiers,/api/v1/teams/529,136.0,Seattle Mariners,/api/v1/teams/136
756739,2024-03-24,2024-03-24,2024-03-24,ASG,Assigned,SS Ricardo Cova assigned to Seattle Mariners.,699698.0,Ricardo Cova,/api/v1/people/699698,136,Seattle Mariners,/api/v1/teams/136,,,
756740,2024-03-24,2024-03-24,2024-03-24,ASG,Assigned,CF Carlos Jimenez assigned to Seattle Mariners.,692039.0,Carlos Jimenez,/api/v1/people/692039,136,Seattle Mariners,/api/v1/teams/136,,,
756873,2024-03-24,2024-03-24,2024-03-24,REL,Released,Seattle Mariners released 3B Brian Anderson.,605119.0,Brian Anderson,/api/v1/people/605119,136,Seattle Mariners,/api/v1/teams/136,,,
756737,2024-03-24,2024-03-24,2024-03-24,ASG,Assigned,SS Felnin Celesten assigned to Seattle Mariners.,806958.0,Felnin Celesten,/api/v1/people/806958,136,Seattle Mariners,/api/v1/teams/136,,,
758365,2024-03-27,2024-03-27,2024-03-27,SFA,Signed as Free Agent,Seattle Mariners signed free agent LHP C.J. Widger to a minor league contract.,702448.0,C.J. Widger,/api/v1/people/702448,136,Seattle Mariners,/api/v1/teams/136,,,
757894,2024-03-28,2024-03-28,2024-03-28,ASG,Assigned,RHP Logan Gragg assigned to Seattle Mariners.,685401.0,Logan Gragg,/api/v1/people/685401,136,Seattle Mariners,/api/v1/teams/136,,,
757678,2024-03-28,2024-03-25,2024-03-25,SC,Status Change,"Seattle Mariners placed RHP Bryan Woo on the 15-day injured list retroactive to March 25, 2024. Right medial albow inflammation.",693433.0,Bryan Woo,/api/v1/people/693433,136,Seattle Mariners,/api/v1/teams/136,,,
758422,2024-03-28,2024-03-28,2024-03-28,SFA,Signed as Free Agent,Seattle Mariners signed free agent RHP Michael Mariot to a minor league contract.,592527.0,Michael Mariot,/api/v1/people/592527,136,Seattle Mariners,/api/v1/teams/136,,,
757676,2024-03-28,2024-03-25,2024-03-25,SC,Status Change,"Seattle Mariners placed RHP Matt Brash on the 15-day injured list retroactive to March 25, 2024. Right elbow inflammation.",666374.0,Matt Brash,/api/v1/people/666374,136,Seattle Mariners,/api/v1/teams/136,,,
757812,2024-03-28,2024-03-28,2024-03-28,RET,Retired,DH Nelson Cruz retired.,443558.0,Nelson Cruz,/api/v1/people/443558,136,Seattle Mariners,/api/v1/teams/136,,,
757674,2024-03-28,2024-03-28,2024-03-28,DES,Designated for Assignment,Seattle Mariners designated LF Taylor Trammell for assignment.,666211.0,Taylor Trammell,/api/v1/people/666211,136,Seattle Mariners,/api/v1/teams/136,,,
758090,2024-03-28,2024-03-28,2024-03-28,SFA,Signed as Free Agent,Seattle Mariners signed free agent 3B Brian Anderson to a minor league contract.,605119.0,Brian Anderson,/api/v1/people/605119,136,Seattle Mariners,/api/v1/teams/136,,,
757677,2024-03-28,2024-03-25,2024-03-25,SC,Status Change,"Seattle Mariners placed RHP Eduard Bazardo on the 15-day injured list retroactive to March 25, 2024. Right rotator cuff strain.",660825.0,Eduard Bazardo,/api/v1/people/660825,136,Seattle Mariners,/api/v1/teams/136,,,
757679,2024-03-28,2024-03-25,2024-03-25,SC,Status Change,"Seattle Mariners placed RHP Gregory Santos on the 15-day injured list retroactive to March 25, 2024. Right latissimus dorsi strain.",666619.0,Gregory Santos,/api/v1/people/666619,136,Seattle Mariners,/api/v1/teams/136,,,
757675,2024-03-28,2024-03-25,2024-03-25,SC,Status Change,"Seattle Mariners placed 2B Sam Haggerty on the 10-day injured list retroactive to March 25, 2024. Medical procedure.",664059.0,Sam Haggerty,/api/v1/people/664059,136,Seattle Mariners,/api/v1/teams/136,,,
757682,2024-03-28,2024-03-28,,CU,Recalled,Seattle Mariners recalled RHP Emerson Hancock from Tacoma Rainiers.,676106.0,Emerson Hancock,/api/v1/people/676106,136,Seattle Mariners,/api/v1/teams/136,529.0,Tacoma Rainiers,/api/v1/teams/529
760367,2024-04-01,2024-04-01,2024-04-01,SFA,Signed as Free Agent,Seattle Mariners signed free agent RHP Matt Tabor to a minor league contract.,675652.0,Matt Tabor,/api/v1/people/675652,136,Seattle Mariners,/api/v1/teams/136,,,
765570,2024-04-02,2024-04-02,2024-04-02,SC,Status Change,Seattle Mariners reassigned LHP Sammy Peralta to the minor leagues.,671111.0,Sammy Peralta,/api/v1/people/671111,136,Seattle Mariners,/api/v1/teams/136,,,
760017,2024-04-02,2024-04-02,2024-04-02,SFA,Signed as Free Agent,Seattle Mariners signed free agent RHP Bryan Pope to a minor league contract.,675276.0,Bryan Pope,/api/v1/people/675276,136,Seattle Mariners,/api/v1/teams/136,,,
759380,2024-04-02,2024-04-02,,CLW,Claimed Off Waivers,Los Angeles Dodgers claimed LF Taylor Trammell off waivers from Seattle Mariners.,666211.0,Taylor Trammell,/api/v1/people/666211,119,Los Angeles Dodgers,/api/v1/teams/119,136.0,Seattle Mariners,/api/v1/teams/136
759383,2024-04-02,2024-04-02,,CLW,Claimed Off Waivers,Seattle Mariners claimed LHP Sammy Peralta off waivers from Chicago White Sox.,671111.0,Sammy Peralta,/api/v1/people/671111,136,Seattle Mariners,/api/v1/teams/136,145.0,Chicago White Sox,/api/v1/teams/145
761104,2024-04-05,2024-04-05,2024-04-05,SC,Status Change,Seattle Mariners placed 3B Ty France on the paternity list.,664034.0,Ty France,/api/v1/people/664034,136,Seattle Mariners,/api/v1/teams/136,,,
761262,2024-04-05,2024-04-05,2024-04-05,ASG,Assigned,Seattle Mariners sent 2B Sam Haggerty on a rehab assignment to Tacoma Rainiers.,664059.0,Sam Haggerty,/api/v1/people/664059,529,Tacoma Rainiers,/api/v1/teams/529,136.0,Seattle Mariners,/api/v1/teams/136
761265,2024-04-05,2024-04-05,2024-04-05,SFA,Signed as Free Agent,Seattle Mariners signed free agent LHP Dallas Keuchel to a minor league contract.,572971.0,Dallas Keuchel,/api/v1/people/572971,136,Seattle Mariners,/api/v1/teams/136,,,
761105,2024-04-05,2024-04-05,,CU,Recalled,Seattle Mariners recalled 2B Samad Taylor from Tacoma Rainiers.,669392.0,Samad Taylor,/api/v1/people/669392,136,Seattle Mariners,/api/v1/teams/136,529.0,Tacoma Rainiers,/api/v1/teams/529
761834,2024-04-08,2024-04-06,2024-04-06,SC,Status Change,"Seattle Mariners placed RHP Cody Bolton on the 15-day injured list retroactive to April 6, 2024. General medical issue.",675989.0,Cody Bolton,/api/v1/people/675989,136,Seattle Mariners,/api/v1/teams/136,,,
761833,2024-04-08,2024-04-08,2024-04-08,SC,Status Change,Seattle Mariners placed RHP Collin Snider on the 15-day injured list. Left knee contusion.,676092.0,Collin Snider,/api/v1/people/676092,136,Seattle Mariners,/api/v1/teams/136,,,
761832,2024-04-08,2024-04-08,2024-04-08,SC,Status Change,Seattle Mariners activated 3B Ty France from the paternity list.,664034.0,Ty France,/api/v1/people/664034,136,Seattle Mariners,/api/v1/teams/136,,,
761831,2024-04-08,2024-04-08,2024-04-08,DES,Designated for Assignment,Seattle Mariners designated RHP Ty Adcock for assignment.,686654.0,Ty Adcock,/api/v1/people/686654,136,Seattle Mariners,/api/v1/teams/136,,,
761836,2024-04-08,2024-04-08,,SE,Selected,Seattle Mariners selected the contract of RHP Brett de Geus from Tacoma Rainiers.,676969.0,Brett de Geus,/api/v1/people/676969,136,Seattle Mariners,/api/v1/teams/136,529.0,Tacoma Rainiers,/api/v1/teams/529
761835,2024-04-08,2024-04-08,,OPT,Optioned,Seattle Mariners optioned 2B Samad Taylor to Tacoma Rainiers.,669392.0,Samad Taylor,/api/v1/people/669392,529,Tacoma Rainiers,/api/v1/teams/529,136.0,Seattle Mariners,/api/v1/teams/136
761837,2024-04-08,2024-04-08,,SE,Selected,Seattle Mariners selected the contract of RHP Tyson Miller from Tacoma Rainiers.,668338.0,Tyson Miller,/api/v1/people/668338,136,Seattle Mariners,/api/v1/teams/136,529.0,Tacoma Rainiers,/api/v1/teams/529
762960,2024-04-09,2024-04-09,2024-04-09,SFA,Signed as Free Agent,Seattle Mariners signed free agent C Beau Taylor to a minor league contract.,607333.0,Beau Taylor,/api/v1/people/607333,136,Seattle Mariners,/api/v1/teams/136,,,
763378,2024-04-15,2024-04-15,2024-04-15,SC,Status Change,Seattle Mariners placed RF Dominic Canzone on the 10-day injured list. Left AC joint sprain.,686527.0,Dominic Canzone,/api/v1/people/686527,136,Seattle Mariners,/api/v1/teams/136,,,
763377,2024-04-15,2024-04-15,,CU,Recalled,Seattle Mariners recalled OF Jonatan Clase from Tacoma Rainiers.,682729.0,Jonatan Clase,/api/v1/people/682729,136,Seattle Mariners,/api/v1/teams/136,529.0,Tacoma Rainiers,/api/v1/teams/529
763419,2024-04-15,2024-04-15,,CLW,Claimed Off Waivers,Detroit Tigers claimed RHP Ty Adcock off waivers from Seattle Mariners.,686654.0,Ty Adcock,/api/v1/people/686654,116,Detroit Tigers,/api/v1/teams/116,136.0,Seattle Mariners,/api/v1/teams/136
763816,2024-04-17,2024-04-17,2024-04-17,SC,Status Change,Seattle Mariners activated 2B Sam Haggerty from the 10-day injured list.,664059.0,Sam Haggerty,/api/v1/people/664059,136,Seattle Mariners,/api/v1/teams/136,,,
765148,2024-04-17,2024-04-17,2024-04-17,ASG,Assigned,Seattle Mariners sent RHP Collin Snider on a rehab assignment to Tacoma Rainiers.,676092.0,Collin Snider,/api/v1/people/676092,529,Tacoma Rainiers,/api/v1/teams/529,136.0,Seattle Mariners,/api/v1/teams/136
763924,2024-04-17,2024-04-17,2024-04-17,ASG,Assigned,Seattle Mariners sent RHP Collin Snider on a rehab assignment to Tacoma Rainiers.,676092.0,Collin Snider,/api/v1/people/676092,529,Tacoma Rainiers,/api/v1/teams/529,136.0,Seattle Mariners,/api/v1/teams/136
763919,2024-04-17,2024-04-17,2024-04-17,ASG,Assigned,Seattle Mariners sent RHP Cody Bolton on a rehab assignment to Tacoma Rainiers.,675989.0,Cody Bolton,/api/v1/people/675989,529,Tacoma Rainiers,/api/v1/teams/529,136.0,Seattle Mariners,/api/v1/teams/136
763817,2024-04-17,2024-04-17,,OPT,Optioned,Seattle Mariners optioned 2B Sam Haggerty to Tacoma Rainiers.,664059.0,Sam Haggerty,/api/v1/people/664059,529,Tacoma Rainiers,/api/v1/teams/529,136.0,Seattle Mariners,/api/v1/teams/136
764108,2024-04-18,2024-04-18,2024-04-18,SFA,Signed as Free Agent,Seattle Mariners signed free agent RHP Luke Barker to a minor league contract.,673316.0,Luke Barker,/api/v1/people/673316,136,Seattle Mariners,/api/v1/teams/136,,,
764755,2024-04-21,2024-04-21,2024-04-21,ASG,Assigned,Seattle Mariners sent RHP Bryan Woo on a rehab assignment to Tacoma Rainiers.,693433.0,Bryan Woo,/api/v1/people/693433,529,Tacoma Rainiers,/api/v1/teams/529,136.0,Seattle Mariners,/api/v1/teams/136
764685,2024-04-21,2024-04-21,2024-04-21,SC,Status Change,Seattle Mariners activated RHP Cody Bolton from the 15-day injured list.,675989.0,Cody Bolton,/api/v1/people/675989,136,Seattle Mariners,/api/v1/teams/136,,,
770116,2024-04-21,2024-04-21,2024-04-21,ASG,Assigned,Seattle Mariners sent RHP Bryan Woo on a rehab assignment to Tacoma Rainiers.,693433.0,Bryan Woo,/api/v1/people/693433,529,Tacoma Rainiers,/api/v1/teams/529,136.0,Seattle Mariners,/api/v1/teams/136
764932,2024-04-22,2024-04-22,,OPT,Optioned,Seattle Mariners optioned RHP Brett de Geus to Tacoma Rainiers.,676969.0,Brett de Geus,/api/v1/people/676969,529,Tacoma Rainiers,/api/v1/teams/529,136.0,Seattle Mariners,/api/v1/teams/136
765245,2024-04-23,2024-04-23,2024-04-23,ASG,Assigned,Seattle Mariners sent RHP Eduard Bazardo on a rehab assignment to Tacoma Rainiers.,660825.0,Eduard Bazardo,/api/v1/people/660825,529,Tacoma Rainiers,/api/v1/teams/529,136.0,Seattle Mariners,/api/v1/teams/136
765149,2024-04-23,2024-04-23,2024-04-23,SC,Status Change,Seattle Mariners activated RHP Collin Snider from the 15-day injured list.,676092.0,Collin Snider,/api/v1/people/676092,136,Seattle Mariners,/api/v1/teams/136,,,
765150,2024-04-23,2024-04-23,,OPT,Optioned,Seattle Mariners optioned RHP Collin Snider to Tacoma Rainiers.,676092.0,Collin Snider,/api/v1/people/676092,529,Tacoma Rainiers,/api/v1/teams/529,136.0,Seattle Mariners,/api/v1/teams/136
765482,2024-04-25,2024-04-24,2024-04-24,SC,Status Change,"Seattle Mariners placed SS J.P. Crawford on the 10-day injured list retroactive to April 24, 2024. Right oblique strain.",641487.0,J.P. Crawford,/api/v1/people/641487,136,Seattle Mariners,/api/v1/teams/136,,,
765483,2024-04-25,2024-04-25,2024-04-25,SC,Status Change,Seattle Mariners transferred RHP Gregory Santos from the 15-day injured list to the 60-day injured list. Right latissimus dorsi strain.,666619.0,Gregory Santos,/api/v1/people/666619,136,Seattle Mariners,/api/v1/teams/136,,,
765481,2024-04-25,2024-04-25,,SE,Selected,Seattle Mariners selected the contract of SS Leo Rivas from Tacoma Rainiers.,660844.0,Leo Rivas,/api/v1/people/660844,136,Seattle Mariners,/api/v1/teams/136,529.0,Tacoma Rainiers,/api/v1/teams/529
765989,2024-04-29,2024-04-29,,OPT,Optioned,Seattle Mariners optioned OF Jonatan Clase to Tacoma Rainiers.,682729.0,Jonatan Clase,/api/v1/people/682729,529,Tacoma Rainiers,/api/v1/teams/529,136.0,Seattle Mariners,/api/v1/teams/136
765988,2024-04-29,2024-04-29,,CU,Recalled,Seattle Mariners recalled 2B Sam Haggerty from Tacoma Rainiers.,664059.0,Sam Haggerty,/api/v1/people/664059,136,Seattle Mariners,/api/v1/teams/136,529.0,Tacoma Rainiers,/api/v1/teams/529
767655,2024-04-30,2024-04-30,2024-04-30,SFA,Signed as Free Agent,Seattle Mariners signed free agent LHP Chandler Brierley to a minor league contract.,690397.0,Chandler Brierley,/api/v1/people/690397,136,Seattle Mariners,/api/v1/teams/136,,,
769190,2024-05-08,2024-05-08,2024-05-08,SC,Status Change,Seattle Mariners activated RHP Eduard Bazardo from the 15-day injured list.,660825.0,Eduard Bazardo,/api/v1/people/660825,136,Seattle Mariners,/api/v1/teams/136,,,
769191,2024-05-08,2024-05-08,2024-05-08,SC,Status Change,Seattle Mariners transferred RHP Matt Brash from the 15-day injured list to the 60-day injured list. Right elbow inflammation.,666374.0,Matt Brash,/api/v1/people/666374,136,Seattle Mariners,/api/v1/teams/136,,,
769193,2024-05-08,2024-05-08,2024-05-08,SC,Status Change,Seattle Mariners placed LHP Tayler Saucedo on the 15-day injured list. Right knee hyperextension.,642048.0,Tayler Saucedo,/api/v1/people/642048,136,Seattle Mariners,/api/v1/teams/136,,,
769192,2024-05-08,2024-05-08,,OPT,Optioned,Seattle Mariners optioned RHP Emerson Hancock to Tacoma Rainiers.,676106.0,Emerson Hancock,/api/v1/people/676106,529,Tacoma Rainiers,/api/v1/teams/529,136.0,Seattle Mariners,/api/v1/teams/136
769189,2024-05-08,2024-05-08,,SE,Selected,Seattle Mariners selected the contract of LHP Kirby Snead from Tacoma Rainiers.,669912.0,Kirby Snead,/api/v1/people/669912,136,Seattle Mariners,/api/v1/teams/136,529.0,Tacoma Rainiers,/api/v1/teams/529
770118,2024-05-10,2024-05-10,2024-05-10,DES,Designated for Assignment,Seattle Mariners designated RHP Tyson Miller for assignment.,668338.0,Tyson Miller,/api/v1/people/668338,136,Seattle Mariners,/api/v1/teams/136,,,
770117,2024-05-10,2024-05-10,2024-05-10,SC,Status Change,Seattle Mariners activated RHP Bryan Woo from the 15-day injured list.,693433.0,Bryan Woo,/api/v1/people/693433,136,Seattle Mariners,/api/v1/teams/136,,,
770430,2024-05-10,2024-05-10,2024-05-10,SFA,Signed as Free Agent,Seattle Mariners signed free agent RHP Gregori Arrieche to a minor league contract.,816287.0,Gregori Arrieche,/api/v1/people/816287,136,Seattle Mariners,/api/v1/teams/136,,,
770462,2024-05-11,2024-05-11,2024-05-11,ASG,Assigned,Seattle Mariners sent RF Dominic Canzone on a rehab assignment to Tacoma Rainiers.,686527.0,Dominic Canzone,/api/v1/people/686527,529,Tacoma Rainiers,/api/v1/teams/529,136.0,Seattle Mariners,/api/v1/teams/136
772175,2024-05-13,2024-05-13,2024-05-13,SFA,Signed as Free Agent,Seattle Mariners signed free agent RHP Ruben Ramirez to a minor league contract.,826510.0,Ruben Ramirez,/api/v1/people/826510,136,Seattle Mariners,/api/v1/teams/136,,,
771481,2024-05-14,2024-05-14,2024-05-14,ASG,Assigned,Seattle Mariners sent SS J.P. Crawford on a rehab assignment to Tacoma Rainiers.,641487.0,J.P. Crawford,/api/v1/people/641487,529,Tacoma Rainiers,/api/v1/teams/529,136.0,Seattle Mariners,/api/v1/teams/136
770991,2024-05-14,2024-05-14,,TR,Trade,Chicago Cubs traded SS Jake Slaughter and cash to Seattle Mariners for RHP Tyson Miller.,670237.0,Jake Slaughter,/api/v1/people/670237,136,Seattle Mariners,/api/v1/teams/136,112.0,Chicago Cubs,/api/v1/teams/112
771658,2024-05-15,2024-05-15,2024-05-15,SC,Status Change,Seattle Mariners activated RF Dominic Canzone from the 10-day injured list.,686527.0,Dominic Canzone,/api/v1/people/686527,136,Seattle Mariners,/api/v1/teams/136,,,
771657,2024-05-15,2024-05-15,,OPT,Optioned,Seattle Mariners optioned 2B Sam Haggerty to Tacoma Rainiers.,664059.0,Sam Haggerty,/api/v1/people/664059,529,Tacoma Rainiers,/api/v1/teams/529,136.0,Seattle Mariners,/api/v1/teams/136
773094,2024-05-17,2024-05-17,2024-05-17,SFA,Signed as Free Agent,Seattle Mariners signed free agent RHP Roberto Perez to a minor league contract.,826947.0,Roberto Perez,/api/v1/people/826947,136,Seattle Mariners,/api/v1/teams/136,,,
773014,2024-05-20,2024-05-20,2024-05-20,SC,Status Change,Seattle Mariners activated SS J.P. Crawford from the 10-day injured list.,641487.0,J.P. Crawford,/api/v1/people/641487,136,Seattle Mariners,/api/v1/teams/136,,,
789121,2024-05-20,2024-05-20,2024-05-20,SC,Status Change,Seattle Mariners activated SS J.P. Crawford from the 10-day injured list.,641487.0,J.P. Crawford,/api/v1/people/641487,136,Seattle Mariners,/api/v1/teams/136,,,
773013,2024-05-20,2024-05-20,,OPT,Optioned,Seattle Mariners optioned SS Leo Rivas to Tacoma Rainiers.,660844.0,Leo Rivas,/api/v1/people/660844,529,Tacoma Rainiers,/api/v1/teams/529,136.0,Seattle Mariners,/api/v1/teams/136
773402,2024-05-22,2024-05-22,,SE,Selected,Seattle Mariners selected the contract of LHP Jhonathan Diaz from Tacoma Rainiers.,646242.0,Jhonathan Díaz,/api/v1/people/646242,136,Seattle Mariners,/api/v1/teams/136,529.0,Tacoma Rainiers,/api/v1/teams/529
773444,2024-05-22,2024-05-22,,TR,Trade,Seattle Mariners traded C Blake Hunt to Baltimore Orioles for RHP Mike Baumann and C Michael Pérez.,657508.0,Mike Baumann,/api/v1/people/657508,136,Seattle Mariners,/api/v1/teams/136,110.0,Baltimore Orioles,/api/v1/teams/110
773403,2024-05-22,2024-05-22,,OPT,Optioned,Seattle Mariners optioned LHP Jhonathan Diaz to Tacoma Rainiers.,646242.0,Jhonathan Díaz,/api/v1/people/646242,529,Tacoma Rainiers,/api/v1/teams/529,136.0,Seattle Mariners,/api/v1/teams/136
773581,2024-05-23,2024-05-23,2024-05-23,DES,Designated for Assignment,Seattle Mariners designated LHP Sammy Peralta for assignment.,671111.0,Sammy Peralta,/api/v1/people/671111,136,Seattle Mariners,/api/v1/teams/136,,,
773636,2024-05-23,2024-05-23,2024-05-23,ASG,Assigned,Seattle Mariners sent LHP Tayler Saucedo on a rehab assignment to Tacoma Rainiers.,642048.0,Tayler Saucedo,/api/v1/people/642048,529,Tacoma Rainiers,/api/v1/teams/529,136.0,Seattle Mariners,/api/v1/teams/136
773467,2024-05-23,2024-05-23,2024-05-23,SC,Status Change,Seattle Mariners activated RHP Mike Baumann.,657508.0,Mike Baumann,/api/v1/people/657508,136,Seattle Mariners,/api/v1/teams/136,,,
773607,2024-05-23,2024-05-23,2024-05-23,ASG,Assigned,Seattle Mariners sent LHP Tayler Saucedo on a rehab assignment to Tacoma Rainiers.,642048.0,Tayler Saucedo,/api/v1/people/642048,529,Tacoma Rainiers,/api/v1/teams/529,136.0,Seattle Mariners,/api/v1/teams/136
773903,2024-05-23,2024-05-23,2024-05-23,SFA,Signed as Free Agent,Seattle Mariners signed free agent LHP Dallas Keuchel to a minor league contract.,572971.0,Dallas Keuchel,/api/v1/people/572971,136,Seattle Mariners,/api/v1/teams/136,,,
773580,2024-05-23,2024-05-23,,OPT,Optioned,Seattle Mariners optioned RHP Eduardo Salazar to Tacoma Rainiers.,674285.0,Eduardo Salazar,/api/v1/people/674285,529,Tacoma Rainiers,/api/v1/teams/529,136.0,Seattle Mariners,/api/v1/teams/136
773579,2024-05-23,2024-05-23,,CLW,Claimed Off Waivers,Seattle Mariners claimed RHP Eduardo Salazar off waivers from Los Angeles Dodgers.,674285.0,Eduardo Salazar,/api/v1/people/674285,136,Seattle Mariners,/api/v1/teams/136,119.0,Los Angeles Dodgers,/api/v1/teams/119
773459,2024-05-23,2024-05-23,,OPT,Optioned,Seattle Mariners optioned RHP Cody Bolton to Tacoma Rainiers.,675989.0,Cody Bolton,/api/v1/people/675989,529,Tacoma Rainiers,/api/v1/teams/529,136.0,Seattle Mariners,/api/v1/teams/136
773761,2024-05-24,2024-05-24,,OPT,Optioned,Seattle Mariners optioned 3B Luis Urías to Tacoma Rainiers.,649966.0,Luis Urías,/api/v1/people/649966,529,Tacoma Rainiers,/api/v1/teams/529,136.0,Seattle Mariners,/api/v1/teams/136
773760,2024-05-24,2024-05-24,,CU,Recalled,Seattle Mariners recalled OF Jonatan Clase from Tacoma Rainiers.,682729.0,Jonatan Clase,/api/v1/people/682729,136,Seattle Mariners,/api/v1/teams/136,529.0,Tacoma Rainiers,/api/v1/teams/529
774053,2024-05-26,2024-05-26,2024-05-26,SC,Status Change,Seattle Mariners activated LHP Tayler Saucedo from the 15-day injured list.,642048.0,Tayler Saucedo,/api/v1/people/642048,136,Seattle Mariners,/api/v1/teams/136,,,
774077,2024-05-26,2024-05-26,,CLW,Claimed Off Waivers,Chicago White Sox claimed LHP Sammy Peralta off waivers from Seattle Mariners.,671111.0,Sammy Peralta,/api/v1/people/671111,145,Chicago White Sox,/api/v1/teams/145,136.0,Seattle Mariners,/api/v1/teams/136
774054,2024-05-26,2024-05-26,,OPT,Optioned,Seattle Mariners optioned RHP Eduard Bazardo to Tacoma Rainiers.,660825.0,Eduard Bazardo,/api/v1/people/660825,529,Tacoma Rainiers,/api/v1/teams/529,136.0,Seattle Mariners,/api/v1/teams/136
774162,2024-05-27,2024-05-27,2024-05-27,SC,Status Change,Seattle Mariners placed SS Jorge Polanco on the 10-day injured list. Right hamstring strain.,593871.0,Jorge Polanco,/api/v1/people/593871,136,Seattle Mariners,/api/v1/teams/136,,,
774164,2024-05-27,2024-05-27,,CU,Recalled,Seattle Mariners recalled 2B Sam Haggerty from Tacoma Rainiers.,664059.0,Sam Haggerty,/api/v1/people/664059,136,Seattle Mariners,/api/v1/teams/136,529.0,Tacoma Rainiers,/api/v1/teams/529
774163,2024-05-27,2024-05-27,,SE,Selected,Seattle Mariners selected the contract of SS Ryan Bliss from Tacoma Rainiers.,669208.0,Ryan Bliss,/api/v1/people/669208,136,Seattle Mariners,/api/v1/teams/136,529.0,Tacoma Rainiers,/api/v1/teams/529
777726,2024-05-28,2024-05-28,2024-05-28,SFA,Signed as Free Agent,Seattle Mariners signed free agent RHP Joseph Hernandez to a minor league contract.,678852.0,Joseph Hernandez,/api/v1/people/678852,136,Seattle Mariners,/api/v1/teams/136,,,
775872,2024-06-01,2024-05-30,2024-05-30,SC,Status Change,"Seattle Mariners placed LHP Gabe Speier on the 15-day injured list retroactive to May 30, 2024. Left rotator cuff strain.",642100.0,Gabe Speier,/api/v1/people/642100,136,Seattle Mariners,/api/v1/teams/136,,,
775873,2024-06-01,2024-06-01,,CU,Recalled,Seattle Mariners recalled RHP Collin Snider from Tacoma Rainiers.,676092.0,Collin Snider,/api/v1/people/676092,136,Seattle Mariners,/api/v1/teams/136,529.0,Tacoma Rainiers,/api/v1/teams/529
777539,2024-06-03,2024-06-03,,OPT,Optioned,Seattle Mariners optioned OF Jonatan Clase to Tacoma Rainiers.,682729.0,Jonatan Clase,/api/v1/people/682729,529,Tacoma Rainiers,/api/v1/teams/529,136.0,Seattle Mariners,/api/v1/teams/136
777872,2024-06-04,2024-06-04,2024-06-04,ASG,Assigned,RHP Matt Bowman assigned to Seattle Mariners.,621199.0,Matt Bowman,/api/v1/people/621199,136,Seattle Mariners,/api/v1/teams/136,,,
777878,2024-06-04,2024-06-04,2024-06-04,SFA,Signed as Free Agent,Seattle Mariners signed free agent CF Victor Robles.,645302.0,Victor Robles,/api/v1/people/645302,136,Seattle Mariners,/api/v1/teams/136,,,
777879,2024-06-04,2024-06-04,,OUT,Outrighted,Seattle Mariners sent 3B Luis Urías outright to Tacoma Rainiers.,649966.0,Luis Urías,/api/v1/people/649966,529,Tacoma Rainiers,/api/v1/teams/529,136.0,Seattle Mariners,/api/v1/teams/136
778867,2024-06-09,2024-06-08,2024-06-08,SC,Status Change,"Seattle Mariners placed 3B Ty France on the 10-day injured list retroactive to June 8, 2024. Right heel fracture.",664034.0,Ty France,/api/v1/people/664034,136,Seattle Mariners,/api/v1/teams/136,,,
778868,2024-06-09,2024-06-09,2024-06-09,DES,Designated for Assignment,Seattle Mariners designated RHP Eduardo Salazar for assignment.,674285.0,Eduardo Salazar,/api/v1/people/674285,136,Seattle Mariners,/api/v1/teams/136,,,
778869,2024-06-09,2024-06-09,2024-06-09,DES,Designated for Assignment,Seattle Mariners designated RHP Levi Stoudt for assignment.,686651.0,Levi Stoudt,/api/v1/people/686651,136,Seattle Mariners,/api/v1/teams/136,,,
778870,2024-06-09,2024-06-09,,OPT,Optioned,Seattle Mariners optioned RHP Collin Snider to Tacoma Rainiers.,676092.0,Collin Snider,/api/v1/people/676092,529,Tacoma Rainiers,/api/v1/teams/529,136.0,Seattle Mariners,/api/v1/teams/136
778872,2024-06-09,2024-06-09,,SE,Selected,Seattle Mariners selected the contract of RHP Matt Bowman from Tacoma Rainiers.,621199.0,Matt Bowman,/api/v1/people/621199,136,Seattle Mariners,/api/v1/teams/136,529.0,Tacoma Rainiers,/api/v1/teams/529
778871,2024-06-09,2024-06-09,,SE,Selected,Seattle Mariners selected the contract of 3B Tyler Locklear from Tacoma Rainiers.,682988.0,Tyler Locklear,/api/v1/people/682988,136,Seattle Mariners,/api/v1/teams/136,529.0,Tacoma Rainiers,/api/v1/teams/529
779120,2024-06-10,2024-06-10,2024-06-10,SC,Status Change,Seattle Mariners placed 1B Dylan Moore on the paternity list.,664238.0,Dylan Moore,/api/v1/people/664238,136,Seattle Mariners,/api/v1/teams/136,,,
779119,2024-06-10,2024-06-10,,CU,Recalled,Seattle Mariners recalled SS Leo Rivas from Tacoma Rainiers.,660844.0,Leo Rivas,/api/v1/people/660844,136,Seattle Mariners,/api/v1/teams/136,529.0,Tacoma Rainiers,/api/v1/teams/529
779387,2024-06-11,2024-06-11,2024-06-11,DES,Designated for Assignment,Seattle Mariners designated LHP Kirby Snead for assignment.,669912.0,Kirby Snead,/api/v1/people/669912,136,Seattle Mariners,/api/v1/teams/136,,,
779386,2024-06-11,2024-06-11,2024-06-11,DES,Designated for Assignment,Seattle Mariners designated RHP Matt Bowman for assignment.,621199.0,Matt Bowman,/api/v1/people/621199,136,Seattle Mariners,/api/v1/teams/136,,,
779388,2024-06-11,2024-06-11,,CU,Recalled,Seattle Mariners recalled RHP Eduard Bazardo from Tacoma Rainiers.,660825.0,Eduard Bazardo,/api/v1/people/660825,136,Seattle Mariners,/api/v1/teams/136,529.0,Tacoma Rainiers,/api/v1/teams/529
779389,2024-06-11,2024-06-11,,CU,Recalled,Seattle Mariners recalled LHP Jhonathan Diaz from Tacoma Rainiers.,646242.0,Jhonathan Díaz,/api/v1/people/646242,136,Seattle Mariners,/api/v1/teams/136,529.0,Tacoma Rainiers,/api/v1/teams/529
779829,2024-06-12,2024-06-12,2024-06-12,SC,Status Change,RHP Eduardo Salazar roster status changed by Seattle Mariners.,674285.0,Eduardo Salazar,/api/v1/people/674285,136,Seattle Mariners,/api/v1/teams/136,,,
779819,2024-06-12,2024-06-12,2024-06-12,SC,Status Change,RHP Levi Stoudt roster status changed by Seattle Mariners.,686651.0,Levi Stoudt,/api/v1/people/686651,136,Seattle Mariners,/api/v1/teams/136,,,
779553,2024-06-12,2024-06-12,,CU,Recalled,Seattle Mariners recalled RHP Brett de Geus from Tacoma Rainiers.,676969.0,Brett de Geus,/api/v1/people/676969,136,Seattle Mariners,/api/v1/teams/136,529.0,Tacoma Rainiers,/api/v1/teams/529
779554,2024-06-12,2024-06-12,,OPT,Optioned,Seattle Mariners optioned LHP Jhonathan Diaz to Tacoma Rainiers.,646242.0,Jhonathan Díaz,/api/v1/people/646242,529,Tacoma Rainiers,/api/v1/teams/529,136.0,Seattle Mariners,/api/v1/teams/136
779809,2024-06-13,2024-06-13,2024-06-13,SC,Status Change,Seattle Mariners activated 1B Dylan Moore from the paternity list.,664238.0,Dylan Moore,/api/v1/people/664238,136,Seattle Mariners,/api/v1/teams/136,,,
779808,2024-06-13,2024-06-13,,CU,Recalled,Seattle Mariners recalled RHP Emerson Hancock from Tacoma Rainiers.,676106.0,Emerson Hancock,/api/v1/people/676106,136,Seattle Mariners,/api/v1/teams/136,529.0,Tacoma Rainiers,/api/v1/teams/529
779827,2024-06-13,2024-06-13,,CLW,Claimed Off Waivers,Washington Nationals claimed RHP Eduardo Salazar off waivers from Seattle Mariners.,674285.0,Eduardo Salazar,/api/v1/people/674285,120,Washington Nationals,/api/v1/teams/120,136.0,Seattle Mariners,/api/v1/teams/136
779811,2024-06-13,2024-06-13,,OPT,Optioned,Seattle Mariners optioned RHP Brett de Geus to Tacoma Rainiers.,676969.0,Brett de Geus,/api/v1/people/676969,529,Tacoma Rainiers,/api/v1/teams/529,136.0,Seattle Mariners,/api/v1/teams/136
779810,2024-06-13,2024-06-13,,OPT,Optioned,Seattle Mariners optioned SS Leo Rivas to Tacoma Rainiers.,660844.0,Leo Rivas,/api/v1/people/660844,529,Tacoma Rainiers,/api/v1/teams/529,136.0,Seattle Mariners,/api/v1/teams/136
779813,2024-06-13,2024-06-13,,CLW,Claimed Off Waivers,Baltimore Orioles claimed RHP Levi Stoudt off waivers from Seattle Mariners.,686651.0,Levi Stoudt,/api/v1/people/686651,110,Baltimore Orioles,/api/v1/teams/110,136.0,Seattle Mariners,/api/v1/teams/136
780040,2024-06-14,2024-06-14,,CU,Recalled,Seattle Mariners recalled RHP Cody Bolton from Tacoma Rainiers.,675989.0,Cody Bolton,/api/v1/people/675989,136,Seattle Mariners,/api/v1/teams/136,529.0,Tacoma Rainiers,/api/v1/teams/529
780107,2024-06-14,2024-06-14,,OUT,Outrighted,Seattle Mariners sent RHP Matt Bowman outright to Tacoma Rainiers.,621199.0,Matt Bowman,/api/v1/people/621199,529,Tacoma Rainiers,/api/v1/teams/529,136.0,Seattle Mariners,/api/v1/teams/136
780039,2024-06-14,2024-06-14,,OPT,Optioned,Seattle Mariners optioned RHP Emerson Hancock to Tacoma Rainiers.,676106.0,Emerson Hancock,/api/v1/people/676106,529,Tacoma Rainiers,/api/v1/teams/529,136.0,Seattle Mariners,/api/v1/teams/136
780411,2024-06-15,2024-06-15,2024-06-15,ASG,Assigned,Seattle Mariners sent SS Jorge Polanco on a rehab assignment to Everett AquaSox.,593871.0,Jorge Polanco,/api/v1/people/593871,403,Everett AquaSox,/api/v1/teams/403,136.0,Seattle Mariners,/api/v1/teams/136
780936,2024-06-15,2024-06-15,2024-06-15,ASG,Assigned,Seattle Mariners sent SS Jorge Polanco on a rehab assignment to Everett AquaSox.,593871.0,Jorge Polanco,/api/v1/people/593871,403,Everett AquaSox,/api/v1/teams/403,136.0,Seattle Mariners,/api/v1/teams/136
780338,2024-06-15,2024-06-15,,OUT,Outrighted,Seattle Mariners sent LHP Kirby Snead outright to Tacoma Rainiers.,669912.0,Kirby Snead,/api/v1/people/669912,529,Tacoma Rainiers,/api/v1/teams/529,136.0,Seattle Mariners,/api/v1/teams/136
780943,2024-06-16,2024-06-16,2024-06-16,ASG,Assigned,RHP Matt Bowman assigned to Seattle Mariners.,621199.0,Matt Bowman,/api/v1/people/621199,136,Seattle Mariners,/api/v1/teams/136,,,
781449,2024-06-17,2024-06-17,2024-06-17,SFA,Signed as Free Agent,Seattle Mariners signed free agent LHP Rob Kaminsky to a minor league contract.,641739.0,Rob Kaminsky,/api/v1/people/641739,136,Seattle Mariners,/api/v1/teams/136,,,
781120,2024-06-18,2024-06-18,2024-06-18,SC,Status Change,Seattle Mariners activated 3B Ty France from the 10-day injured list.,664034.0,Ty France,/api/v1/people/664034,136,Seattle Mariners,/api/v1/teams/136,,,
781412,2024-06-18,2024-06-18,2024-06-18,ASG,Assigned,Seattle Mariners sent SS Jorge Polanco on a rehab assignment to Tacoma Rainiers.,593871.0,Jorge Polanco,/api/v1/people/593871,529,Tacoma Rainiers,/api/v1/teams/529,136.0,Seattle Mariners,/api/v1/teams/136
781121,2024-06-18,2024-06-18,2024-06-18,DES,Designated for Assignment,Seattle Mariners designated C Seby Zavala for assignment.,664874.0,Seby Zavala,/api/v1/people/664874,136,Seattle Mariners,/api/v1/teams/136,,,
782488,2024-06-18,2024-06-18,2024-06-18,ASG,Assigned,Seattle Mariners sent SS Jorge Polanco on a rehab assignment to Tacoma Rainiers.,593871.0,Jorge Polanco,/api/v1/people/593871,529,Tacoma Rainiers,/api/v1/teams/529,136.0,Seattle Mariners,/api/v1/teams/136
781880,2024-06-20,2024-06-20,2024-06-20,SFA,Signed as Free Agent,Seattle Mariners signed free agent CF Lolo Sanchez to a minor league contract.,665975.0,Lolo Sanchez,/api/v1/people/665975,136,Seattle Mariners,/api/v1/teams/136,,,
782293,2024-06-22,2024-06-22,,OUT,Outrighted,Seattle Mariners sent C Seby Zavala outright to Tacoma Rainiers.,664874.0,Seby Zavala,/api/v1/people/664874,529,Tacoma Rainiers,/api/v1/teams/529,136.0,Seattle Mariners,/api/v1/teams/136
782489,2024-06-24,2024-06-24,2024-06-24,SC,Status Change,Seattle Mariners activated SS Jorge Polanco from the 10-day injured list.,593871.0,Jorge Polanco,/api/v1/people/593871,136,Seattle Mariners,/api/v1/teams/136,,,
782490,2024-06-24,2024-06-24,,OPT,Optioned,Seattle Mariners optioned 3B Tyler Locklear to Tacoma Rainiers.,682988.0,Tyler Locklear,/api/v1/people/682988,529,Tacoma Rainiers,/api/v1/teams/529,136.0,Seattle Mariners,/api/v1/teams/136
782866,2024-06-25,2024-06-25,2024-06-25,SC,Status Change,Seattle Mariners placed RHP Bryan Woo on the 15-day injured list. Right hamstring strain.,693433.0,Bryan Woo,/api/v1/people/693433,136,Seattle Mariners,/api/v1/teams/136,,,
782906,2024-06-25,2024-06-25,,TR,Trade,Seattle Mariners traded LHP Dallas Keuchel to Milwaukee Brewers for cash.,,,,136,Seattle Mariners,/api/v1/teams/136,158.0,Milwaukee Brewers,/api/v1/teams/158
782865,2024-06-25,2024-06-25,,CU,Recalled,Seattle Mariners recalled RHP Collin Snider from Tacoma Rainiers.,676092.0,Collin Snider,/api/v1/people/676092,136,Seattle Mariners,/api/v1/teams/136,529.0,Tacoma Rainiers,/api/v1/teams/529
783554,2024-06-28,2024-06-28,,OPT,Optioned,Seattle Mariners optioned RHP Cody Bolton to Tacoma Rainiers.,675989.0,Cody Bolton,/api/v1/people/675989,529,Tacoma Rainiers,/api/v1/teams/529,136.0,Seattle Mariners,/api/v1/teams/136
783555,2024-06-28,2024-06-28,,CU,Recalled,Seattle Mariners recalled LHP Jhonathan Diaz from Tacoma Rainiers.,646242.0,Jhonathan Díaz,/api/v1/people/646242,136,Seattle Mariners,/api/v1/teams/136,529.0,Tacoma Rainiers,/api/v1/teams/529
784613,2024-07-02,2024-07-02,2024-07-02,SFA,Signed as Free Agent,Seattle Mariners signed free agent RHP Chris Devenski.,606965.0,Chris Devenski,/api/v1/people/606965,136,Seattle Mariners,/api/v1/teams/136,,,
785451,2024-07-02,2024-07-02,2024-07-02,ASG,Assigned,Seattle Mariners sent RHP Gregory Santos on a rehab assignment to Tacoma Rainiers.,666619.0,Gregory Santos,/api/v1/people/666619,529,Tacoma Rainiers,/api/v1/teams/529,136.0,Seattle Mariners,/api/v1/teams/136
784678,2024-07-02,2024-07-02,2024-07-02,ASG,Assigned,Seattle Mariners sent RHP Gregory Santos on a rehab assignment to Tacoma Rainiers.,666619.0,Gregory Santos,/api/v1/people/666619,529,Tacoma Rainiers,/api/v1/teams/529,136.0,Seattle Mariners,/api/v1/teams/136
784608,2024-07-02,2024-07-02,,OPT,Optioned,Seattle Mariners optioned LHP Jhonathan Diaz to Tacoma Rainiers.,646242.0,Jhonathan Díaz,/api/v1/people/646242,529,Tacoma Rainiers,/api/v1/teams/529,136.0,Seattle Mariners,/api/v1/teams/136
784607,2024-07-02,2024-07-02,,SE,Selected,Seattle Mariners selected the contract of C Seby Zavala from Tacoma Rainiers.,664874.0,Seby Zavala,/api/v1/people/664874,136,Seattle Mariners,/api/v1/teams/136,529.0,Tacoma Rainiers,/api/v1/teams/529
784958,2024-07-04,2024-07-04,,CLW,Claimed Off Waivers,Seattle Mariners claimed OF Duke Ellis off waivers from New York Mets.,668752.0,Duke Ellis,/api/v1/people/668752,136,Seattle Mariners,/api/v1/teams/136,121.0,New York Mets,/api/v1/teams/121
785429,2024-07-06,2024-07-06,2024-07-06,DES,Designated for Assignment,Seattle Mariners designated C Seby Zavala for assignment.,664874.0,Seby Zavala,/api/v1/people/664874,136,Seattle Mariners,/api/v1/teams/136,,,
785452,2024-07-06,2024-07-06,2024-07-06,ASG,Assigned,Seattle Mariners sent RHP Gregory Santos on a rehab assignment to Everett AquaSox.,666619.0,Gregory Santos,/api/v1/people/666619,403,Everett AquaSox,/api/v1/teams/403,136.0,Seattle Mariners,/api/v1/teams/136
785450,2024-07-06,2024-07-06,2024-07-06,ASG,Assigned,Seattle Mariners sent RHP Bryan Woo on a rehab assignment to Everett AquaSox.,693433.0,Bryan Woo,/api/v1/people/693433,403,Everett AquaSox,/api/v1/teams/403,136.0,Seattle Mariners,/api/v1/teams/136
785430,2024-07-06,2024-07-06,,CU,Recalled,Seattle Mariners recalled RHP Emerson Hancock from Tacoma Rainiers.,676106.0,Emerson Hancock,/api/v1/people/676106,136,Seattle Mariners,/api/v1/teams/136,529.0,Tacoma Rainiers,/api/v1/teams/529
785829,2024-07-08,2024-07-08,2024-07-08,SC,Status Change,Seattle Mariners activated RHP Gregory Santos from the 60-day injured list.,666619.0,Gregory Santos,/api/v1/people/666619,136,Seattle Mariners,/api/v1/teams/136,,,
785850,2024-07-08,2024-07-08,,OUT,Outrighted,Seattle Mariners sent C Seby Zavala outright to Tacoma Rainiers.,664874.0,Seby Zavala,/api/v1/people/664874,529,Tacoma Rainiers,/api/v1/teams/529,136.0,Seattle Mariners,/api/v1/teams/136
785831,2024-07-08,2024-07-07,,OPT,Optioned,Seattle Mariners optioned RHP Emerson Hancock to Tacoma Rainiers.,676106.0,Emerson Hancock,/api/v1/people/676106,529,Tacoma Rainiers,/api/v1/teams/529,136.0,Seattle Mariners,/api/v1/teams/136
786053,2024-07-09,2024-07-09,2024-07-09,SFA,Signed as Free Agent,Seattle Mariners signed free agent RHP Chia-Shi Shen to a minor league contract.,828430.0,Chia-Shi Shen,/api/v1/people/828430,136,Seattle Mariners,/api/v1/teams/136,,,
786179,2024-07-10,2024-07-10,2024-07-10,SC,Status Change,Seattle Mariners placed RF Dominic Canzone on the 10-day injured list. Right adductor strain.,686527.0,Dominic Canzone,/api/v1/people/686527,136,Seattle Mariners,/api/v1/teams/136,,,
786178,2024-07-10,2024-07-10,,CU,Recalled,Seattle Mariners recalled OF Jonatan Clase from Tacoma Rainiers.,682729.0,Jonatan Clase,/api/v1/people/682729,136,Seattle Mariners,/api/v1/teams/136,529.0,Tacoma Rainiers,/api/v1/teams/529
786574,2024-07-12,2024-07-12,2024-07-12,SC,Status Change,Seattle Mariners activated RHP Bryan Woo from the 15-day injured list.,693433.0,Bryan Woo,/api/v1/people/693433,136,Seattle Mariners,/api/v1/teams/136,,,
786456,2024-07-12,2024-07-12,2024-07-12,SFA,Signed as Free Agent,Seattle Mariners signed free agent 2B Kobe Kato to a minor league contract.,701158.0,Kobe Kato,/api/v1/people/701158,136,Seattle Mariners,/api/v1/teams/136,,,
786638,2024-07-12,2024-07-12,2024-07-12,ASG,Assigned,Seattle Mariners sent LHP Gabe Speier on a rehab assignment to Tacoma Rainiers.,642100.0,Gabe Speier,/api/v1/people/642100,529,Tacoma Rainiers,/api/v1/teams/529,136.0,Seattle Mariners,/api/v1/teams/136
786458,2024-07-12,2024-07-12,2024-07-12,SFA,Signed as Free Agent,Seattle Mariners signed free agent OF Yunior Garcia to a minor league contract.,678832.0,Yunior Garcia,/api/v1/people/678832,136,Seattle Mariners,/api/v1/teams/136,,,
786575,2024-07-12,2024-07-12,,OPT,Optioned,Seattle Mariners optioned RHP Eduard Bazardo to Tacoma Rainiers.,660825.0,Eduard Bazardo,/api/v1/people/660825,529,Tacoma Rainiers,/api/v1/teams/529,136.0,Seattle Mariners,/api/v1/teams/136
787505,2024-07-13,2024-07-13,2024-07-13,SFA,Signed as Free Agent,Seattle Mariners signed free agent RHP Olivier Gomez to a minor league contract.,691311.0,Olivier Gomez,/api/v1/people/691311,136,Seattle Mariners,/api/v1/teams/136,,,
787507,2024-07-13,2024-07-13,2024-07-13,SFA,Signed as Free Agent,Seattle Mariners signed free agent LHP Fernando Silvera to a minor league contract.,806465.0,Fernando Silvera,/api/v1/people/806465,136,Seattle Mariners,/api/v1/teams/136,,,
788050,2024-07-15,2024-07-15,2024-07-15,ASG,Assigned,Seattle Mariners sent LHP Gabe Speier on a rehab assignment to ACL Mariners.,642100.0,Gabe Speier,/api/v1/people/642100,409,ACL Mariners,/api/v1/teams/409,136.0,Seattle Mariners,/api/v1/teams/136
787078,2024-07-15,2024-07-15,2024-07-15,ASG,Assigned,Seattle Mariners sent LHP Gabe Speier on a rehab assignment to ACL Mariners.,642100.0,Gabe Speier,/api/v1/people/642100,409,ACL Mariners,/api/v1/teams/409,136.0,Seattle Mariners,/api/v1/teams/136
788449,2024-07-19,2024-07-19,2024-07-19,SGN,Signed,Seattle Mariners signed 2B Dustin Crenshaw.,695289.0,Dustin Crenshaw,/api/v1/people/695289,136,Seattle Mariners,/api/v1/teams/136,,,
788052,2024-07-19,2024-07-19,2024-07-19,DES,Designated for Assignment,Seattle Mariners designated RHP Mike Baumann for assignment.,657508.0,Mike Baumann,/api/v1/people/657508,136,Seattle Mariners,/api/v1/teams/136,,,
788447,2024-07-19,2024-07-19,2024-07-19,SGN,Signed,Seattle Mariners signed C Connor Dykstra.,683270.0,Connor Dykstra,/api/v1/people/683270,136,Seattle Mariners,/api/v1/teams/136,,,
788051,2024-07-19,2024-07-19,2024-07-19,SC,Status Change,Seattle Mariners activated LHP Gabe Speier from the 15-day injured list.,642100.0,Gabe Speier,/api/v1/people/642100,136,Seattle Mariners,/api/v1/teams/136,,,
788448,2024-07-19,2024-07-19,2024-07-19,SGN,Signed,Seattle Mariners signed OF Anthony Donofrio.,823703.0,Anthony Donofrio,/api/v1/people/823703,136,Seattle Mariners,/api/v1/teams/136,,,
788450,2024-07-19,2024-07-19,2024-07-19,SGN,Signed,Seattle Mariners signed C Josh Caron.,701805.0,Josh Caron,/api/v1/people/701805,136,Seattle Mariners,/api/v1/teams/136,,,
788873,2024-07-22,2024-07-22,2024-07-22,SGN,Signed,Seattle Mariners signed RHP Gage Boehm.,814515.0,Gage Boehm,/api/v1/people/814515,136,Seattle Mariners,/api/v1/teams/136,,,
788874,2024-07-22,2024-07-22,2024-07-22,SGN,Signed,Seattle Mariners signed RHP Christian Little.,691733.0,Christian Little,/api/v1/people/691733,136,Seattle Mariners,/api/v1/teams/136,,,
788877,2024-07-22,2024-07-22,2024-07-22,SGN,Signed,Seattle Mariners signed RHP Will Riley.,703042.0,Will Riley,/api/v1/people/703042,136,Seattle Mariners,/api/v1/teams/136,,,
788920,2024-07-22,2024-07-22,2024-07-22,SFA,Signed as Free Agent,Seattle Mariners signed free agent SS Carter Dorighi to a minor league contract.,826163.0,Carter Dorighi,/api/v1/people/826163,136,Seattle Mariners,/api/v1/teams/136,,,
788875,2024-07-22,2024-07-22,2024-07-22,SFA,Signed as Free Agent,Seattle Mariners signed free agent RHP Trevor Long to a minor league contract.,694995.0,Trevor Long,/api/v1/people/694995,136,Seattle Mariners,/api/v1/teams/136,,,
788876,2024-07-22,2024-07-22,2024-07-22,SGN,Signed,Seattle Mariners signed RHP Brock Moore.,822160.0,Brock Moore,/api/v1/people/822160,136,Seattle Mariners,/api/v1/teams/136,,,
789104,2024-07-22,2024-07-23,,OPT,Optioned,Seattle Mariners optioned OF Jonatan Clase to Tacoma Rainiers.,682729.0,Jonatan Clase,/api/v1/people/682729,529,Tacoma Rainiers,/api/v1/teams/529,136.0,Seattle Mariners,/api/v1/teams/136
788689,2024-07-22,2024-07-22,,OPT,Optioned,Seattle Mariners optioned SS Ryan Bliss to Tacoma Rainiers.,669208.0,Ryan Bliss,/api/v1/people/669208,529,Tacoma Rainiers,/api/v1/teams/529,136.0,Seattle Mariners,/api/v1/teams/136
788687,2024-07-22,2024-07-22,,SE,Selected,Seattle Mariners selected the contract of 3B Jason Vosler from Tacoma Rainiers.,613564.0,Jason Vosler,/api/v1/people/613564,136,Seattle Mariners,/api/v1/teams/136,529.0,Tacoma Rainiers,/api/v1/teams/529
789114,2024-07-22,2024-07-22,,OPT,Optioned,Seattle Mariners optioned OF Jonatan Clase to Tacoma Rainiers.,682729.0,Jonatan Clase,/api/v1/people/682729,529,Tacoma Rainiers,/api/v1/teams/529,136.0,Seattle Mariners,/api/v1/teams/136
788723,2024-07-22,2024-07-22,,TR,Trade,Seattle Mariners traded RHP Mike Baumann to San Francisco Giants.,657508.0,Mike Baumann,/api/v1/people/657508,137,San Francisco Giants,/api/v1/teams/137,136.0,Seattle Mariners,/api/v1/teams/136
789161,2024-07-23,2024-07-23,2024-07-23,SGN,Signed,Seattle Mariners signed RHP Evan Truitt.,822462.0,Evan Truitt,/api/v1/people/822462,136,Seattle Mariners,/api/v1/teams/136,,,
788844,2024-07-23,2024-07-23,2024-07-23,ASG,Assigned,SS Alisson Del Orbe assigned to Seattle Mariners.,683540.0,Alisson Del Orbe,/api/v1/people/683540,136,Seattle Mariners,/api/v1/teams/136,,,
788848,2024-07-23,2024-07-23,2024-07-23,SC,Status Change,SS Alisson Del Orbe roster status changed by Seattle Mariners.,683540.0,Alisson Del Orbe,/api/v1/people/683540,136,Seattle Mariners,/api/v1/teams/136,,,
789122,2024-07-23,2024-07-23,2024-07-23,SC,Status Change,Seattle Mariners placed SS J.P. Crawford on the 10-day injured list. Rught hand fracture.,641487.0,J.P. Crawford,/api/v1/people/641487,136,Seattle Mariners,/api/v1/teams/136,,,
789154,2024-07-23,2024-07-23,2024-07-23,SGN,Signed,Seattle Mariners signed RHP Hunter Cranton.,675450.0,Hunter Cranton,/api/v1/people/675450,136,Seattle Mariners,/api/v1/teams/136,,,
789153,2024-07-23,2024-07-23,2024-07-23,SGN,Signed,Seattle Mariners signed RHP Ryan Sloan.,815549.0,Ryan Sloan,/api/v1/people/815549,136,Seattle Mariners,/api/v1/teams/136,,,
789165,2024-07-23,2024-07-23,2024-07-23,SGN,Signed,Seattle Mariners signed 3B Austin St. Laurent.,694318.0,Austin St. Laurent,/api/v1/people/694318,136,Seattle Mariners,/api/v1/teams/136,,,
789152,2024-07-23,2024-07-23,2024-07-23,SGN,Signed,Seattle Mariners signed SHP Jurrangelo Cijntje.,701388.0,Jurrangelo Cijntje,/api/v1/people/701388,136,Seattle Mariners,/api/v1/teams/136,,,
789166,2024-07-23,2024-07-23,2024-07-23,SGN,Signed,Seattle Mariners signed RHP Wyatt Lunsford-Shenkman.,701828.0,Wyatt Lunsford-Shenkman,/api/v1/people/701828,136,Seattle Mariners,/api/v1/teams/136,,,
789157,2024-07-23,2024-07-23,2024-07-23,SGN,Signed,Seattle Mariners signed TWP Grant Knipp.,694840.0,Grant Knipp,/api/v1/people/694840,136,Seattle Mariners,/api/v1/teams/136,,,
789167,2024-07-23,2024-07-23,2024-07-23,SGN,Signed,Seattle Mariners signed RHP Harrison Kreiling.,801653.0,Harrison Kreiling,/api/v1/people/801653,136,Seattle Mariners,/api/v1/teams/136,,,
789120,2024-07-23,2024-07-23,2024-07-23,SC,Status Change,Seattle Mariners placed OF Julio Rodríguez on the 10-day injured list. Right high ankle sprain.,677594.0,Julio Rodríguez,/api/v1/people/677594,136,Seattle Mariners,/api/v1/teams/136,,,
789164,2024-07-23,2024-07-23,2024-07-23,SGN,Signed,Seattle Mariners signed 3B Brandon Eike.,694806.0,Brandon Eike,/api/v1/people/694806,136,Seattle Mariners,/api/v1/teams/136,,,
789168,2024-07-23,2024-07-23,2024-07-23,SGN,Signed,Seattle Mariners signed RHP Matt Tiberia.,828510.0,Matt Tiberia,/api/v1/people/828510,136,Seattle Mariners,/api/v1/teams/136,,,
789108,2024-07-23,2024-07-23,2024-07-23,DES,Designated for Assignment,Seattle Mariners designated 3B Ty France for assignment.,664034.0,Ty France,/api/v1/people/664034,136,Seattle Mariners,/api/v1/teams/136,,,
789155,2024-07-23,2024-07-23,2024-07-23,SGN,Signed,Seattle Mariners signed RHP Charlie Beilenson.,810897.0,Charlie Beilenson,/api/v1/people/810897,136,Seattle Mariners,/api/v1/teams/136,,,
789107,2024-07-23,2024-07-23,,CU,Recalled,Seattle Mariners recalled 3B Tyler Locklear from Tacoma Rainiers.,682988.0,Tyler Locklear,/api/v1/people/682988,136,Seattle Mariners,/api/v1/teams/136,529.0,Tacoma Rainiers,/api/v1/teams/529
789106,2024-07-23,2024-07-23,,CU,Recalled,Seattle Mariners recalled SS Leo Rivas from Tacoma Rainiers.,660844.0,Leo Rivas,/api/v1/people/660844,136,Seattle Mariners,/api/v1/teams/136,529.0,Tacoma Rainiers,/api/v1/teams/529
789116,2024-07-23,2024-07-23,,CU,Recalled,Seattle Mariners recalled OF Jonatan Clase from Tacoma Rainiers.,682729.0,Jonatan Clase,/api/v1/people/682729,136,Seattle Mariners,/api/v1/teams/136,529.0,Tacoma Rainiers,/api/v1/teams/529
789105,2024-07-23,2024-07-23,,CU,Recalled,Seattle Mariners recalled LF Cade Marlowe from Tacoma Rainiers.,687799.0,Cade Marlowe,/api/v1/people/687799,136,Seattle Mariners,/api/v1/teams/136,529.0,Tacoma Rainiers,/api/v1/teams/529
789442,2024-07-24,2024-07-24,2024-07-24,SFA,Signed as Free Agent,Seattle Mariners signed free agent SS Logan Warmoth to a minor league contract.,657089.0,Logan Warmoth,/api/v1/people/657089,136,Seattle Mariners,/api/v1/teams/136,,,
789907,2024-07-24,2024-07-24,2024-07-24,SFA,Signed as Free Agent,Seattle Mariners signed free agent RHP Thomas Higgins Jr. to a minor league contract.,825099.0,Thomas Higgins,/api/v1/people/825099,136,Seattle Mariners,/api/v1/teams/136,,,
789908,2024-07-25,2024-07-25,2024-07-25,SC,Status Change,RHP Brody Hopkins roster status changed by Seattle Mariners.,811315.0,Brody Hopkins,/api/v1/people/811315,136,Seattle Mariners,/api/v1/teams/136,,,
790191,2024-07-26,2024-07-26,2024-07-26,SGN,Signed,Seattle Mariners signed OF Ryan Picollo.,827264.0,Ryan Picollo,/api/v1/people/827264,136,Seattle Mariners,/api/v1/teams/136,,,
790034,2024-07-26,2024-07-26,,TR,Trade,Toronto Blue Jays traded RHP Yimi García to Seattle Mariners for OF Jonatan Clase and C Jacob Sharp.,682729.0,Jonatan Clase,/api/v1/people/682729,141,Toronto Blue Jays,/api/v1/teams/141,136.0,Seattle Mariners,/api/v1/teams/136
790106,2024-07-26,2024-07-26,,TR,Trade,Seattle Mariners traded RHP Ryne Stanek to New York Mets for OF Rhylan Thomas.,689041.0,Rhylan Thomas,/api/v1/people/689041,136,Seattle Mariners,/api/v1/teams/136,121.0,New York Mets,/api/v1/teams/121
789807,2024-07-26,2024-07-26,,TR,Trade,"Tampa Bay Rays traded CF Randy Arozarena to Seattle Mariners for RHP Brody Hopkins, OF Aidan Smith and Player To Be Named Later.",806223.0,Aidan Smith,/api/v1/people/806223,139,Tampa Bay Rays,/api/v1/teams/139,136.0,Seattle Mariners,/api/v1/teams/136
790229,2024-07-27,2024-07-27,2024-07-27,SC,Status Change,Seattle Mariners activated RHP Yimi García.,554340.0,Yimi García,/api/v1/people/554340,136,Seattle Mariners,/api/v1/teams/136,,,
790230,2024-07-27,2024-07-27,2024-07-27,SC,Status Change,Seattle Mariners activated CF Randy Arozarena.,668227.0,Randy Arozarena,/api/v1/people/668227,136,Seattle Mariners,/api/v1/teams/136,,,
791468,2024-07-29,2024-07-29,2024-07-29,SGN,Signed,Seattle Mariners signed RHP Aiden Butler.,804210.0,Aiden Butler,/api/v1/people/804210,136,Seattle Mariners,/api/v1/teams/136,,,
790728,2024-07-29,2024-07-29,,TR,Trade,Seattle Mariners traded 3B Ty France and cash to Cincinnati Reds for C Andruw Salcedo.,664034.0,Ty France,/api/v1/people/664034,113,Cincinnati Reds,/api/v1/teams/113,136.0,Seattle Mariners,/api/v1/teams/136
790817,2024-07-29,2024-07-29,,TR,Trade,Toronto Blue Jays traded 3B Justin Turner and cash to Seattle Mariners for OF RJ Schreck.,702302.0,RJ Schreck,/api/v1/people/702302,141,Toronto Blue Jays,/api/v1/teams/141,136.0,Seattle Mariners,/api/v1/teams/136
790893,2024-07-30,2024-07-30,2024-07-30,SC,Status Change,Seattle Mariners activated LF Cade Marlowe.,687799.0,Cade Marlowe,/api/v1/people/687799,136,Seattle Mariners,/api/v1/teams/136,,,
791090,2024-07-30,2024-07-30,2024-07-30,SC,Status Change,Seattle Mariners activated 3B Justin Turner.,457759.0,Justin Turner,/api/v1/people/457759,136,Seattle Mariners,/api/v1/teams/136,,,
791466,2024-07-30,2024-07-30,,OUT,Outrighted,Seattle Mariners sent RHP Chris Devenski outright to Tacoma Rainiers.,606965.0,Chris Devenski,/api/v1/people/606965,529,Tacoma Rainiers,/api/v1/teams/529,136.0,Seattle Mariners,/api/v1/teams/136
791089,2024-07-30,2024-07-30,,OPT,Optioned,Seattle Mariners optioned 3B Tyler Locklear to Tacoma Rainiers.,682988.0,Tyler Locklear,/api/v1/people/682988,529,Tacoma Rainiers,/api/v1/teams/529,136.0,Seattle Mariners,/api/v1/teams/136
791088,2024-07-30,2024-07-30,,OPT,Optioned,Seattle Mariners optioned LHP Gabe Speier to Tacoma Rainiers.,642100.0,Gabe Speier,/api/v1/people/642100,529,Tacoma Rainiers,/api/v1/teams/529,136.0,Seattle Mariners,/api/v1/teams/136
791154,2024-07-30,2024-07-30,,TR,Trade,Miami Marlins traded RHP JT Chargois to Seattle Mariners for RHP Will Schomberg.,608638.0,JT Chargois,/api/v1/people/608638,136,Seattle Mariners,/api/v1/teams/136,146.0,Miami Marlins,/api/v1/teams/146
791087,2024-07-30,2024-07-30,,CU,Recalled,Seattle Mariners recalled LHP Jhonathan Diaz from Tacoma Rainiers.,646242.0,Jhonathan Díaz,/api/v1/people/646242,136,Seattle Mariners,/api/v1/teams/136,529.0,Tacoma Rainiers,/api/v1/teams/529
791755,2024-08-01,2024-08-01,2024-08-01,SFA,Signed as Free Agent,Seattle Mariners signed free agent C Matthew Ellis to a minor league contract.,700815.0,Matthew Ellis,/api/v1/people/700815,136,Seattle Mariners,/api/v1/teams/136,,,
791992,2024-08-01,2024-08-01,2024-08-01,ASG,Assigned,Seattle Mariners sent RF Dominic Canzone on a rehab assignment to Tacoma Rainiers.,686527.0,Dominic Canzone,/api/v1/people/686527,529,Tacoma Rainiers,/api/v1/teams/529,136.0,Seattle Mariners,/api/v1/teams/136
792309,2024-08-02,2024-08-02,2024-08-02,DES,Designated for Assignment,Seattle Mariners designated RHP Brett de Geus for assignment.,676969.0,Brett de Geus,/api/v1/people/676969,136,Seattle Mariners,/api/v1/teams/136,,,
792307,2024-08-02,2024-08-02,2024-08-02,SC,Status Change,Seattle Mariners activated RHP JT Chargois.,608638.0,JT Chargois,/api/v1/people/608638,136,Seattle Mariners,/api/v1/teams/136,,,
792308,2024-08-02,2024-08-01,2024-08-01,SC,Status Change,"Seattle Mariners placed RHP Gregory Santos on the 15-day injured list retroactive to August 1, 2024. Right biceps inflammation.",666619.0,Gregory Santos,/api/v1/people/666619,136,Seattle Mariners,/api/v1/teams/136,,,
792310,2024-08-02,2024-08-02,,CLW,Claimed Off Waivers,Seattle Mariners claimed RHP Jonathan Hernández off waivers from Texas Rangers.,642546.0,Jonathan Hernández,/api/v1/people/642546,136,Seattle Mariners,/api/v1/teams/136,140.0,Texas Rangers,/api/v1/teams/140
792465,2024-08-03,2024-08-03,2024-08-03,SC,Status Change,Seattle Mariners activated RHP Jonathan Hernández.,642546.0,Jonathan Hernández,/api/v1/people/642546,136,Seattle Mariners,/api/v1/teams/136,,,
792466,2024-08-03,2024-08-03,,OPT,Optioned,Seattle Mariners optioned LHP Jhonathan Diaz to Tacoma Rainiers.,646242.0,Jhonathan Díaz,/api/v1/people/646242,529,Tacoma Rainiers,/api/v1/teams/529,136.0,Seattle Mariners,/api/v1/teams/136
792700,2024-08-05,2024-08-05,,CLW,Claimed Off Waivers,Miami Marlins claimed RHP Brett de Geus off waivers from Seattle Mariners.,676969.0,Brett de Geus,/api/v1/people/676969,146,Miami Marlins,/api/v1/teams/146,136.0,Seattle Mariners,/api/v1/teams/136
792695,2024-08-05,2024-08-05,,CLW,Claimed Off Waivers,Miami Marlins claimed  off waivers from Seattle Mariners.,,,,146,Miami Marlins,/api/v1/teams/146,136.0,Seattle Mariners,/api/v1/teams/136
793304,2024-08-06,2024-08-06,2024-08-06,SFA,Signed as Free Agent,Seattle Mariners signed free agent LHP Josh Fleming to a minor league contract.,676596.0,Josh Fleming,/api/v1/people/676596,136,Seattle Mariners,/api/v1/teams/136,,,
793436,2024-08-07,2024-08-07,,OPT,Optioned,Seattle Mariners optioned LF Cade Marlowe to Tacoma Rainiers.,687799.0,Cade Marlowe,/api/v1/people/687799,529,Tacoma Rainiers,/api/v1/teams/529,136.0,Seattle Mariners,/api/v1/teams/136
793437,2024-08-07,2024-08-07,,CU,Recalled,Seattle Mariners recalled SS Ryan Bliss from Tacoma Rainiers.,669208.0,Ryan Bliss,/api/v1/people/669208,136,Seattle Mariners,/api/v1/teams/136,529.0,Tacoma Rainiers,/api/v1/teams/529
793579,2024-08-08,2024-08-08,2024-08-08,SFA,Signed as Free Agent,Seattle Mariners signed free agent RHP Nick Payero to a minor league contract.,809579.0,Nick Payero,/api/v1/people/809579,136,Seattle Mariners,/api/v1/teams/136,,,
793614,2024-08-08,2024-08-08,2024-08-08,DES,Designated for Assignment,Seattle Mariners designated RHP Jonathan Hernández for assignment.,642546.0,Jonathan Hernández,/api/v1/people/642546,136,Seattle Mariners,/api/v1/teams/136,,,
793610,2024-08-08,2024-08-08,2024-08-08,SC,Status Change,Seattle Mariners activated RF Dominic Canzone from the 10-day injured list.,686527.0,Dominic Canzone,/api/v1/people/686527,136,Seattle Mariners,/api/v1/teams/136,,,
793612,2024-08-08,2024-08-08,,CU,Recalled,Seattle Mariners recalled RHP Eduard Bazardo from Tacoma Rainiers.,660825.0,Eduard Bazardo,/api/v1/people/660825,136,Seattle Mariners,/api/v1/teams/136,529.0,Tacoma Rainiers,/api/v1/teams/529
793613,2024-08-08,2024-08-08,,OPT,Optioned,Seattle Mariners optioned 3B Jason Vosler to Tacoma Rainiers.,613564.0,Jason Vosler,/api/v1/people/613564,529,Tacoma Rainiers,/api/v1/teams/529,136.0,Seattle Mariners,/api/v1/teams/136
793880,2024-08-10,2024-08-10,,SE,Selected,Seattle Mariners selected the contract of RHP Troy Taylor from Arkansas Travelers.,700187.0,Troy Taylor,/api/v1/people/700187,136,Seattle Mariners,/api/v1/teams/136,574.0,Arkansas Travelers,/api/v1/teams/574
793881,2024-08-10,2024-08-10,,OPT,Optioned,Seattle Mariners optioned RHP Eduard Bazardo to Tacoma Rainiers.,660825.0,Eduard Bazardo,/api/v1/people/660825,529,Tacoma Rainiers,/api/v1/teams/529,136.0,Seattle Mariners,/api/v1/teams/136
794048,2024-08-11,2024-08-11,2024-08-11,SC,Status Change,Seattle Mariners activated OF Julio Rodríguez from the 10-day injured list.,677594.0,Julio Rodríguez,/api/v1/people/677594,136,Seattle Mariners,/api/v1/teams/136,,,
794047,2024-08-11,2024-08-11,,OPT,Optioned,Seattle Mariners optioned SS Ryan Bliss to Tacoma Rainiers.,669208.0,Ryan Bliss,/api/v1/people/669208,529,Tacoma Rainiers,/api/v1/teams/529,136.0,Seattle Mariners,/api/v1/teams/136
794060,2024-08-11,2024-08-11,,OUT,Outrighted,Seattle Mariners sent RHP Jonathan Hernández outright to Tacoma Rainiers.,642546.0,Jonathan Hernández,/api/v1/people/642546,529,Tacoma Rainiers,/api/v1/teams/529,136.0,Seattle Mariners,/api/v1/teams/136
795931,2024-08-23,2024-08-23,2024-08-23,DES,Designated for Assignment,Seattle Mariners designated OF Duke Ellis for assignment.,668752.0,Duke Ellis,/api/v1/people/668752,136,Seattle Mariners,/api/v1/teams/136,,,
795991,2024-08-23,2024-08-20,2024-08-20,SC,Status Change,"Seattle Mariners placed RHP Yimi García on the 15-day injured list retroactive to August 20, 2024. Right elbow inflammation.",554340.0,Yimi García,/api/v1/people/554340,136,Seattle Mariners,/api/v1/teams/136,,,
795935,2024-08-23,2024-08-23,,OPT,Optioned,Seattle Mariners optioned SS Terrin Vavra to Tacoma Rainiers.,679631.0,Terrin Vavra,/api/v1/people/679631,529,Tacoma Rainiers,/api/v1/teams/529,136.0,Seattle Mariners,/api/v1/teams/136
795932,2024-08-23,2024-08-23,,CLW,Claimed Off Waivers,Seattle Mariners claimed SS Terrin Vavra off waivers from Baltimore Orioles.,679631.0,Terrin Vavra,/api/v1/people/679631,136,Seattle Mariners,/api/v1/teams/136,110.0,Baltimore Orioles,/api/v1/teams/110
795990,2024-08-23,2024-08-23,,CU,Recalled,Seattle Mariners recalled LHP Gabe Speier from Tacoma Rainiers.,642100.0,Gabe Speier,/api/v1/people/642100,136,Seattle Mariners,/api/v1/teams/136,529.0,Tacoma Rainiers,/api/v1/teams/529
796127,2024-08-24,2024-08-24,2024-08-24,ASG,Assigned,Seattle Mariners sent SS J.P. Crawford on a rehab assignment to Tacoma Rainiers.,641487.0,J.P. Crawford,/api/v1/people/641487,529,Tacoma Rainiers,/api/v1/teams/529,136.0,Seattle Mariners,/api/v1/teams/136
796336,2024-08-26,2024-08-26,,CLW,Claimed Off Waivers,New York Yankees claimed OF Duke Ellis off waivers from Seattle Mariners.,668752.0,Duke Ellis,/api/v1/people/668752,147,New York Yankees,/api/v1/teams/147,136.0,Seattle Mariners,/api/v1/teams/136
796697,2024-08-28,2024-08-28,2024-08-28,SC,Status Change,Seattle Mariners activated SS J.P. Crawford from the 10-day injured list.,641487.0,J.P. Crawford,/api/v1/people/641487,136,Seattle Mariners,/api/v1/teams/136,,,
796698,2024-08-28,2024-08-28,,OPT,Optioned,Seattle Mariners optioned RF Dominic Canzone to Tacoma Rainiers.,686527.0,Dominic Canzone,/api/v1/people/686527,529,Tacoma Rainiers,/api/v1/teams/529,136.0,Seattle Mariners,/api/v1/teams/136
797120,2024-08-31,2024-08-31,2024-08-31,DES,Designated for Assignment,Seattle Mariners designated SS Terrin Vavra for assignment.,679631.0,Terrin Vavra,/api/v1/people/679631,136,Seattle Mariners,/api/v1/teams/136,,,
797122,2024-08-31,2024-08-31,,OPT,Optioned,Seattle Mariners optioned LHP Gabe Speier to Tacoma Rainiers.,642100.0,Gabe Speier,/api/v1/people/642100,529,Tacoma Rainiers,/api/v1/teams/529,136.0,Seattle Mariners,/api/v1/teams/136
797121,2024-08-31,2024-08-31,,SE,Selected,Seattle Mariners selected the contract of 3B Luis Urías from Tacoma Rainiers.,649966.0,Luis Urías,/api/v1/people/649966,136,Seattle Mariners,/api/v1/teams/136,529.0,Tacoma Rainiers,/api/v1/teams/529
797281,2024-09-01,2024-09-01,,CU,Recalled,Seattle Mariners recalled RHP Eduard Bazardo from Tacoma Rainiers.,660825.0,Eduard Bazardo,/api/v1/people/660825,136,Seattle Mariners,/api/v1/teams/136,529.0,Tacoma Rainiers,/api/v1/teams/529
797280,2024-09-01,2024-09-01,,CU,Recalled,Seattle Mariners recalled LHP Jhonathan Diaz from Tacoma Rainiers.,646242.0,Jhonathan Díaz,/api/v1/people/646242,136,Seattle Mariners,/api/v1/teams/136,529.0,Tacoma Rainiers,/api/v1/teams/529
797870,2024-09-04,2024-09-04,2024-09-04,SGN,Signed,Seattle Mariners signed RHP Jesse Hahn.,534910.0,Jesse Hahn,/api/v1/people/534910,136,Seattle Mariners,/api/v1/teams/136,,,
797877,2024-09-04,2024-09-04,,OUT,Outrighted,Seattle Mariners sent 2B Terrin Vavra outright to Tacoma Rainiers.,679631.0,Terrin Vavra,/api/v1/people/679631,529,Tacoma Rainiers,/api/v1/teams/529,136.0,Seattle Mariners,/api/v1/teams/136
798084,2024-09-06,2024-09-06,2024-09-06,ASG,Assigned,Seattle Mariners sent RHP Gregory Santos on a rehab assignment to Tacoma Rainiers.,666619.0,Gregory Santos,/api/v1/people/666619,529,Tacoma Rainiers,/api/v1/teams/529,136.0,Seattle Mariners,/api/v1/teams/136
799975,2024-09-06,2024-09-06,2024-09-06,ASG,Assigned,Seattle Mariners sent RHP Gregory Santos on a rehab assignment to Tacoma Rainiers.,666619.0,Gregory Santos,/api/v1/people/666619,529,Tacoma Rainiers,/api/v1/teams/529,136.0,Seattle Mariners,/api/v1/teams/136
798370,2024-09-09,2024-09-09,2024-09-09,DES,Designated for Assignment,Seattle Mariners designated 1B Jason Vosler for assignment.,613564.0,Jason Vosler,/api/v1/people/613564,136,Seattle Mariners,/api/v1/teams/136,,,
798375,2024-09-09,2024-09-09,,OPT,Optioned,Seattle Mariners optioned LHP Austin Kitchen to Tacoma Rainiers.,685116.0,Austin Kitchen,/api/v1/people/685116,529,Tacoma Rainiers,/api/v1/teams/529,136.0,Seattle Mariners,/api/v1/teams/136
798371,2024-09-09,2024-09-09,,CLW,Claimed Off Waivers,Seattle Mariners claimed LHP Austin Kitchen off waivers from Miami Marlins.,685116.0,Austin Kitchen,/api/v1/people/685116,136,Seattle Mariners,/api/v1/teams/136,146.0,Miami Marlins,/api/v1/teams/146
798687,2024-09-10,2024-09-10,2024-09-10,SC,Status Change,Seattle Mariners activated C Seby Zavala.,664874.0,Seby Zavala,/api/v1/people/664874,136,Seattle Mariners,/api/v1/teams/136,,,
798686,2024-09-10,2024-09-10,2024-09-10,SC,Status Change,Seattle Mariners transferred RHP Yimi García from the 15-day injured list to the 60-day injured list. Right elbow inflammation.,554340.0,Yimi García,/api/v1/people/554340,136,Seattle Mariners,/api/v1/teams/136,,,
798685,2024-09-10,2024-09-09,2024-09-09,SC,Status Change,"Seattle Mariners placed RHP Luis Castillo on the 15-day injured list retroactive to September 9, 2024. Left hamstring strain.",622491.0,Luis Castillo,/api/v1/people/622491,136,Seattle Mariners,/api/v1/teams/136,,,
798684,2024-09-10,2024-09-10,,SE,Selected,Seattle Mariners selected the contract of C Seby Zavala from Tacoma Rainiers.,664874.0,Seby Zavala,/api/v1/people/664874,136,Seattle Mariners,/api/v1/teams/136,529.0,Tacoma Rainiers,/api/v1/teams/529
798763,2024-09-11,2024-09-11,,OUT,Outrighted,Seattle Mariners sent 1B Jason Vosler outright to Tacoma Rainiers.,613564.0,Jason Vosler,/api/v1/people/613564,529,Tacoma Rainiers,/api/v1/teams/529,136.0,Seattle Mariners,/api/v1/teams/136
798887,2024-09-13,2024-09-13,2024-09-13,DES,Designated for Assignment,Seattle Mariners designated C Seby Zavala for assignment.,664874.0,Seby Zavala,/api/v1/people/664874,136,Seattle Mariners,/api/v1/teams/136,,,
798886,2024-09-13,2024-09-13,,CU,Recalled,Seattle Mariners recalled RHP Emerson Hancock from Tacoma Rainiers.,676106.0,Emerson Hancock,/api/v1/people/676106,136,Seattle Mariners,/api/v1/teams/136,529.0,Tacoma Rainiers,/api/v1/teams/529
799270,2024-09-16,2024-09-16,,OUT,Outrighted,Seattle Mariners sent C Seby Zavala outright to Tacoma Rainiers.,664874.0,Seby Zavala,/api/v1/people/664874,529,Tacoma Rainiers,/api/v1/teams/529,136.0,Seattle Mariners,/api/v1/teams/136
799942,2024-09-22,2024-09-22,,OPT,Optioned,Seattle Mariners optioned RHP Emerson Hancock to Tacoma Rainiers.,676106.0,Emerson Hancock,/api/v1/people/676106,529,Tacoma Rainiers,/api/v1/teams/529,136.0,Seattle Mariners,/api/v1/teams/136
799941,2024-09-22,2024-09-22,,CU,Recalled,Seattle Mariners recalled LHP Gabe Speier from Tacoma Rainiers.,642100.0,Gabe Speier,/api/v1/people/642100,136,Seattle Mariners,/api/v1/teams/136,529.0,Tacoma Rainiers,/api/v1/teams/529
799976,2024-09-23,2024-09-23,2024-09-23,SC,Status Change,Seattle Mariners activated RHP Gregory Santos from the 15-day injured list.,666619.0,Gregory Santos,/api/v1/people/666619,136,Seattle Mariners,/api/v1/teams/136,,,
799974,2024-09-23,2024-09-23,,OPT,Optioned,Seattle Mariners optioned LHP Jhonathan Díaz to ACL Mariners.,646242.0,Jhonathan Díaz,/api/v1/people/646242,409,ACL Mariners,/api/v1/teams/409,136.0,Seattle Mariners,/api/v1/teams/136
800595,2024-09-28,2024-09-28,2024-09-28,SC,Status Change,Seattle Mariners placed RHP Bryce Miller on the 15-day injured list. Right index finger blister.,682243.0,Bryce Miller,/api/v1/people/682243,136,Seattle Mariners,/api/v1/teams/136,,,
800594,2024-09-28,2024-09-28,,CU,Recalled,Seattle Mariners recalled RHP Emerson Hancock from Tacoma Rainiers.,676106.0,Emerson Hancock,/api/v1/people/676106,136,Seattle Mariners,/api/v1/teams/136,529.0,Tacoma Rainiers,/api/v1/teams/529
800905,2024-10-01,2024-10-01,2024-10-01,SC,Status Change,Seattle Mariners activated RHP Luis Castillo from the 15-day injured list.,622491.0,Luis Castillo,/api/v1/people/622491,136,Seattle Mariners,/api/v1/teams/136,,,
800906,2024-10-01,2024-10-01,2024-10-01,SC,Status Change,Seattle Mariners activated RHP Bryce Miller from the 15-day injured list.,682243.0,Bryce Miller,/api/v1/people/682243,136,Seattle Mariners,/api/v1/teams/136,,,
800909,2024-10-01,2024-10-01,,CU,Recalled,Seattle Mariners recalled LF Cade Marlowe from Tacoma Rainiers.,687799.0,Cade Marlowe,/api/v1/people/687799,136,Seattle Mariners,/api/v1/teams/136,529.0,Tacoma Rainiers,/api/v1/teams/529
800911,2024-10-01,2024-10-01,,CU,Recalled,Seattle Mariners recalled LHP Jhonathan Díaz from ACL Mariners.,646242.0,Jhonathan Díaz,/api/v1/people/646242,136,Seattle Mariners,/api/v1/teams/136,409.0,ACL Mariners,/api/v1/teams/409
800907,2024-10-01,2024-10-01,,CU,Recalled,Seattle Mariners recalled RHP Carlos Vargas from Tacoma Rainiers.,672841.0,Carlos Vargas,/api/v1/people/672841,136,Seattle Mariners,/api/v1/teams/136,529.0,Tacoma Rainiers,/api/v1/teams/529
800908,2024-10-01,2024-10-01,,CU,Recalled,Seattle Mariners recalled 2B Samad Taylor from Tacoma Rainiers.,669392.0,Samad Taylor,/api/v1/people/669392,136,Seattle Mariners,/api/v1/teams/136,529.0,Tacoma Rainiers,/api/v1/teams/529
800910,2024-10-01,2024-10-01,,CU,Recalled,Seattle Mariners recalled LHP Austin Kitchen from Tacoma Rainiers.,685116.0,Austin Kitchen,/api/v1/people/685116,136,Seattle Mariners,/api/v1/teams/136,529.0,Tacoma Rainiers,/api/v1/teams/529
800914,2024-10-01,2024-10-01,,CU,Recalled,Seattle Mariners recalled 2B Ryan Bliss from Tacoma Rainiers.,669208.0,Ryan Bliss,/api/v1/people/669208,136,Seattle Mariners,/api/v1/teams/136,529.0,Tacoma Rainiers,/api/v1/teams/529
800913,2024-10-01,2024-10-01,,CU,Recalled,Seattle Mariners recalled 1B Tyler Locklear from Tacoma Rainiers.,682988.0,Tyler Locklear,/api/v1/people/682988,136,Seattle Mariners,/api/v1/teams/136,529.0,Tacoma Rainiers,/api/v1/teams/529
800912,2024-10-01,2024-10-01,,CU,Recalled,Seattle Mariners recalled RF Dominic Canzone from Tacoma Rainiers.,686527.0,Dominic Canzone,/api/v1/people/686527,136,Seattle Mariners,/api/v1/teams/136,529.0,Tacoma Rainiers,/api/v1/teams/529
800916,2024-10-01,2024-10-01,,CU,Recalled,Seattle Mariners recalled RHP Cody Bolton from Tacoma Rainiers.,675989.0,Cody Bolton,/api/v1/people/675989,136,Seattle Mariners,/api/v1/teams/136,529.0,Tacoma Rainiers,/api/v1/teams/529
824135,2024-10-04,2024-10-04,,TR,Trade,Seattle Mariners traded RHP Ty Cummings to Tampa Bay Rays. Player to be named later (Randy Arozarena trade).,807744.0,Ty Cummings,/api/v1/people/807744,139,Tampa Bay Rays,/api/v1/teams/139,136.0,Seattle Mariners,/api/v1/teams/136
803027,2024-10-15,2024-10-15,2024-10-15,SFA,Signed as Free Agent,Seattle Mariners signed free agent 3B Nick Dunn to a minor league contract.,680709.0,Nick Dunn,/api/v1/people/680709,136,Seattle Mariners,/api/v1/teams/136,,,
803409,2024-10-31,2024-10-31,2024-10-31,DFA,Declared Free Agency,3B Justin Turner elected free agency.,457759.0,Justin Turner,/api/v1/people/457759,136,Seattle Mariners,/api/v1/teams/136,,,
803526,2024-10-31,2024-10-31,2024-10-31,DFA,Declared Free Agency,RHP Yimi García elected free agency.,554340.0,Yimi García,/api/v1/people/554340,136,Seattle Mariners,/api/v1/teams/136,,,
803638,2024-10-31,2024-10-31,2024-10-31,DFA,Declared Free Agency,3B Luis Urías elected free agency.,649966.0,Luis Urías,/api/v1/people/649966,136,Seattle Mariners,/api/v1/teams/136,,,
804583,2024-11-04,2024-11-04,2024-11-04,DFA,Declared Free Agency,2B Jorge Polanco elected free agency.,593871.0,Jorge Polanco,/api/v1/people/593871,136,Seattle Mariners,/api/v1/teams/136,,,
804083,2024-11-04,2024-11-04,2024-11-04,SC,Status Change,Seattle Mariners activated LF Sam Haggerty from the 60-day injured list.,664059.0,Sam Haggerty,/api/v1/people/664059,136,Seattle Mariners,/api/v1/teams/136,,,
804084,2024-11-04,2024-11-04,2024-11-04,SC,Status Change,Seattle Mariners activated RHP Jackson Kowar from the 60-day injured list.,663804.0,Jackson Kowar,/api/v1/people/663804,136,Seattle Mariners,/api/v1/teams/136,,,
804082,2024-11-04,2024-11-04,2024-11-04,SC,Status Change,Seattle Mariners activated RHP Matt Brash from the 60-day injured list.,666374.0,Matt Brash,/api/v1/people/666374,136,Seattle Mariners,/api/v1/teams/136,,,
804081,2024-11-04,2024-11-04,,SE,Selected,Seattle Mariners selected the contract of RHP Blas Castano from Tacoma Rainiers.,680604.0,Blas Castaño,/api/v1/people/680604,136,Seattle Mariners,/api/v1/teams/136,529.0,Tacoma Rainiers,/api/v1/teams/529
806307,2024-11-15,2024-11-15,2024-11-15,SFA,Signed as Free Agent,Seattle Mariners signed free agent RHP Casey Lawrence to a minor league contract.,596271.0,Casey Lawrence,/api/v1/people/596271,136,Seattle Mariners,/api/v1/teams/136,,,
806662,2024-11-18,2024-11-18,2024-11-18,SFA,Signed as Free Agent,Seattle Mariners signed free agent RHP Jesse Hahn to a minor league contract.,534910.0,Jesse Hahn,/api/v1/people/534910,136,Seattle Mariners,/api/v1/teams/136,,,
806665,2024-11-18,2024-11-18,2024-11-18,SFA,Signed as Free Agent,Seattle Mariners signed free agent RHP Adonis Medina to a minor league contract.,658431.0,Adonis Medina,/api/v1/people/658431,136,Seattle Mariners,/api/v1/teams/136,,,
806602,2024-11-19,2024-11-19,2024-11-19,DES,Designated for Assignment,Seattle Mariners designated RHP JT Chargois for assignment.,608638.0,JT Chargois,/api/v1/people/608638,136,Seattle Mariners,/api/v1/teams/136,,,
806601,2024-11-19,2024-11-19,,TR,Trade,Tampa Bay Rays traded 1B Austin Shenton to Seattle Mariners for cash.,,,,139,Tampa Bay Rays,/api/v1/teams/139,136.0,Seattle Mariners,/api/v1/teams/136
806852,2024-11-22,2024-11-22,2024-11-22,DFA,Declared Free Agency,RHP Austin Voth elected free agency.,608723.0,Austin Voth,/api/v1/people/608723,136,Seattle Mariners,/api/v1/teams/136,,,
806851,2024-11-22,2024-11-22,2024-11-22,DFA,Declared Free Agency,3B Josh Rojas elected free agency.,668942.0,Josh Rojas,/api/v1/people/668942,136,Seattle Mariners,/api/v1/teams/136,,,
806849,2024-11-22,2024-11-22,2024-11-22,DFA,Declared Free Agency,RHP JT Chargois elected free agency.,608638.0,JT Chargois,/api/v1/people/608638,136,Seattle Mariners,/api/v1/teams/136,,,
806850,2024-11-22,2024-11-22,2024-11-22,DFA,Declared Free Agency,LF Sam Haggerty elected free agency.,664059.0,Sam Haggerty,/api/v1/people/664059,136,Seattle Mariners,/api/v1/teams/136,,,
807737,2024-12-02,2024-12-02,2024-12-02,SFA,Signed as Free Agent,Seattle Mariners signed free agent RHP Dauris Valdez to a minor league contract.,667378.0,Dauris Valdez,/api/v1/people/667378,136,Seattle Mariners,/api/v1/teams/136,,,
807549,2024-12-05,2024-12-05,2024-12-05,NUM,Number Change,RHP Emerson Hancock changed number to 26.,676106.0,Emerson Hancock,/api/v1/people/676106,136,Seattle Mariners,/api/v1/teams/136,,,
807981,2024-12-05,2024-12-05,2024-12-05,SFA,Signed as Free Agent,Seattle Mariners signed free agent LHP Drew Pomeranz to a minor league contract.,519141.0,Drew Pomeranz,/api/v1/people/519141,136,Seattle Mariners,/api/v1/teams/136,,,
808032,2024-12-07,2024-12-07,2024-12-07,SFA,Signed as Free Agent,Seattle Mariners signed free agent 1B Sauryn Lao to a minor league contract.,666659.0,Sauryn Lao,/api/v1/people/666659,136,Seattle Mariners,/api/v1/teams/136,,,
808016,2024-12-08,2024-12-08,2024-12-08,SFA,Signed as Free Agent,Seattle Mariners signed free agent RHP Yorlin Calderon to a minor league contract.,683583.0,Yorlin Calderon,/api/v1/people/683583,136,Seattle Mariners,/api/v1/teams/136,,,
808018,2024-12-09,2024-12-09,2024-12-09,SFA,Signed as Free Agent,Seattle Mariners signed free agent RHP Yunior Marte to a minor league contract.,628708.0,Yunior Marte,/api/v1/people/628708,136,Seattle Mariners,/api/v1/teams/136,,,
808034,2024-12-10,2024-12-10,2024-12-10,SFA,Signed as Free Agent,Seattle Mariners signed free agent C Jacob Nottingham to a minor league contract.,641924.0,Jacob Nottingham,/api/v1/people/641924,136,Seattle Mariners,/api/v1/teams/136,,,
808798,2024-12-19,2024-12-19,,CLW,Claimed Off Waivers,Seattle Mariners claimed C Nick Raposo off waivers from Toronto Blue Jays.,695596.0,Nick Raposo,/api/v1/people/695596,136,Seattle Mariners,/api/v1/teams/136,141.0,Toronto Blue Jays,/api/v1/teams/141
809831,2025-01-02,2025-01-02,2025-01-02,SFA,Signed as Free Agent,Seattle Mariners signed free agent RHP Dylan File to a minor league contract.,668766.0,Dylan File,/api/v1/people/668766,136,Seattle Mariners,/api/v1/teams/136,,,
815601,2025-01-03,2025-01-03,2025-01-03,SC,Status Change,LHP Josh Fleming roster status changed by Seattle Mariners.,676596.0,Josh Fleming,/api/v1/people/676596,136,Seattle Mariners,/api/v1/teams/136,,,
809781,2025-01-03,2025-01-03,2025-01-03,SFA,Signed as Free Agent,Seattle Mariners signed free agent LHP Josh Fleming to a minor league contract.,676596.0,Josh Fleming,/api/v1/people/676596,136,Seattle Mariners,/api/v1/teams/136,,,
809722,2025-01-08,2025-01-08,,CLW,Claimed Off Waivers,Seattle Mariners claimed RHP Hagen Danner off waivers from Toronto Blue Jays.,668470.0,Hagen Danner,/api/v1/people/668470,136,Seattle Mariners,/api/v1/teams/136,141.0,Toronto Blue Jays,/api/v1/teams/141
810563,2025-01-09,2025-01-09,2025-01-09,SFA,Signed as Free Agent,Seattle Mariners signed free agent OF Yoyner Fajardo to a minor league contract.,679938.0,Yoyner Fajardo,/api/v1/people/679938,136,Seattle Mariners,/api/v1/teams/136,,,
809753,2025-01-09,2025-01-09,,CLW,Claimed Off Waivers,Seattle Mariners claimed LHP Tyler Jay off waivers from Milwaukee Brewers.,664079.0,Tyler Jay,/api/v1/people/664079,136,Seattle Mariners,/api/v1/teams/136,158.0,Milwaukee Brewers,/api/v1/teams/158
810555,2025-01-10,2025-01-10,2025-01-10,SFA,Signed as Free Agent,Seattle Mariners signed free agent C Freuddy Batista to a minor league contract.,673945.0,Freuddy Batista,/api/v1/people/673945,136,Seattle Mariners,/api/v1/teams/136,,,
809908,2025-01-13,2025-01-13,2025-01-13,SFA,Signed as Free Agent,Seattle Mariners signed free agent 3B Donovan Solano.,456781.0,Donovan Solano,/api/v1/people/456781,136,Seattle Mariners,/api/v1/teams/136,,,
809909,2025-01-13,2025-01-13,2025-01-13,DES,Designated for Assignment,Seattle Mariners designated LHP Austin Kitchen for assignment.,685116.0,Austin Kitchen,/api/v1/people/685116,136,Seattle Mariners,/api/v1/teams/136,,,
809958,2025-01-14,2025-01-14,2025-01-14,DES,Designated for Assignment,Seattle Mariners designated C Nick Raposo for assignment.,695596.0,Nick Raposo,/api/v1/people/695596,136,Seattle Mariners,/api/v1/teams/136,,,
812305,2025-01-14,2025-01-14,2025-01-14,SFA,Signed as Free Agent,Seattle Mariners signed free agent 2B Jack López to a minor league contract.,605346.0,Jack López,/api/v1/people/605346,136,Seattle Mariners,/api/v1/teams/136,,,
809957,2025-01-14,2025-01-14,,TR,Trade,Chicago Cubs traded SS Miles Mastrobuoni to Seattle Mariners for cash.,,,,112,Chicago Cubs,/api/v1/teams/112,136.0,Seattle Mariners,/api/v1/teams/136
810626,2025-01-15,2025-01-15,2025-01-15,SFA,Signed as Free Agent,Seattle Mariners signed free agent RHP Christopher Quiroz to a minor league contract.,829833.0,Christopher Quiroz,/api/v1/people/829833,136,Seattle Mariners,/api/v1/teams/136,,,
810633,2025-01-15,2025-01-15,2025-01-15,SFA,Signed as Free Agent,Seattle Mariners signed free agent OF Yorger Bautista to a minor league contract.,829045.0,Yorger Bautista,/api/v1/people/829045,136,Seattle Mariners,/api/v1/teams/136,,,
810606,2025-01-15,2025-01-15,2025-01-15,SFA,Signed as Free Agent,Seattle Mariners signed free agent RHP Darwin Ramos to a minor league contract.,829825.0,Darwin Ramos,/api/v1/people/829825,136,Seattle Mariners,/api/v1/teams/136,,,
810762,2025-01-15,2025-01-15,2025-01-15,SFA,Signed as Free Agent,Seattle Mariners signed free agent OF Elias Perez to a minor league contract.,829920.0,Elias Perez,/api/v1/people/829920,136,Seattle Mariners,/api/v1/teams/136,,,
810688,2025-01-15,2025-01-15,2025-01-15,SFA,Signed as Free Agent,Seattle Mariners signed free agent RHP Henry Alcantara to a minor league contract.,829856.0,Henry Alcantara,/api/v1/people/829856,136,Seattle Mariners,/api/v1/teams/136,,,
811022,2025-01-15,2025-01-15,2025-01-15,SFA,Signed as Free Agent,Seattle Mariners signed free agent RHP Randal Munoz to a minor league contract.,830036.0,Randal Munoz,/api/v1/people/830036,136,Seattle Mariners,/api/v1/teams/136,,,
812211,2025-01-15,2025-01-15,2025-01-15,SFA,Signed as Free Agent,Seattle Mariners signed free agent OF Maikol Rodriguez to a minor league contract.,830465.0,Maikol Rodriguez,/api/v1/people/830465,136,Seattle Mariners,/api/v1/teams/136,,,
810741,2025-01-15,2025-01-15,2025-01-15,SFA,Signed as Free Agent,Seattle Mariners signed free agent C Manuel Almeida to a minor league contract.,829903.0,Manuel Almeida,/api/v1/people/829903,136,Seattle Mariners,/api/v1/teams/136,,,
810313,2025-01-15,2025-01-15,2025-01-15,DES,Designated for Assignment,Seattle Mariners designated 2B Samad Taylor for assignment.,669392.0,Samad Taylor,/api/v1/people/669392,136,Seattle Mariners,/api/v1/teams/136,,,
810616,2025-01-15,2025-01-15,2025-01-15,SFA,Signed as Free Agent,Seattle Mariners signed free agent RHP Cesar Farias to a minor league contract.,829828.0,Cesar Farias,/api/v1/people/829828,136,Seattle Mariners,/api/v1/teams/136,,,
810636,2025-01-15,2025-01-15,2025-01-15,SFA,Signed as Free Agent,Seattle Mariners signed free agent SS Kendry Martínez to a minor league contract.,829036.0,Kendry Martínez,/api/v1/people/829036,136,Seattle Mariners,/api/v1/teams/136,,,
812307,2025-01-15,2025-01-15,2025-01-15,SFA,Signed as Free Agent,Seattle Mariners signed free agent C Beau Taylor to a minor league contract.,607333.0,Beau Taylor,/api/v1/people/607333,136,Seattle Mariners,/api/v1/teams/136,,,
810745,2025-01-15,2025-01-15,2025-01-15,SFA,Signed as Free Agent,Seattle Mariners signed free agent RHP Ismanuel Pina to a minor league contract.,829906.0,Ismanuel Piña,/api/v1/people/829906,136,Seattle Mariners,/api/v1/teams/136,,,
810711,2025-01-15,2025-01-15,2025-01-15,SFA,Signed as Free Agent,Seattle Mariners signed free agent RHP Wisler Infante to a minor league contract.,829878.0,Wisler Infante,/api/v1/people/829878,136,Seattle Mariners,/api/v1/teams/136,,,
810740,2025-01-15,2025-01-15,2025-01-15,SFA,Signed as Free Agent,Seattle Mariners signed free agent C Manuel Almeida to a minor league contract.,829903.0,Manuel Almeida,/api/v1/people/829903,136,Seattle Mariners,/api/v1/teams/136,,,
810314,2025-01-15,2025-01-15,,TR,Trade,Baltimore Orioles traded C Blake Hunt to Seattle Mariners for cash.,,,,110,Baltimore Orioles,/api/v1/teams/110,136.0,Seattle Mariners,/api/v1/teams/136
812117,2025-01-16,2025-01-16,2025-01-16,SFA,Signed as Free Agent,Seattle Mariners signed free agent RHP Alan Carpinteiro to a minor league contract.,830408.0,Alan Carpinteiro,/api/v1/people/830408,136,Seattle Mariners,/api/v1/teams/136,,,
810789,2025-01-16,2025-01-16,,OUT,Outrighted,Seattle Mariners sent LHP Austin Kitchen outright to Tacoma Rainiers.,685116.0,Austin Kitchen,/api/v1/people/685116,529,Tacoma Rainiers,/api/v1/teams/529,136.0,Seattle Mariners,/api/v1/teams/136
812210,2025-01-17,2025-01-17,2025-01-17,SFA,Signed as Free Agent,Seattle Mariners signed free agent RHP Maximo Rodriguez to a minor league contract.,800591.0,Maximo Rodriguez,/api/v1/people/800591,136,Seattle Mariners,/api/v1/teams/136,,,
810808,2025-01-17,2025-01-17,2025-01-17,DES,Designated for Assignment,Seattle Mariners designated 2B Samad Taylor for assignment.,669392.0,Samad Taylor,/api/v1/people/669392,136,Seattle Mariners,/api/v1/teams/136,,,
811043,2025-01-17,2025-01-17,,OUT,Outrighted,Seattle Mariners sent C Nick Raposo outright to Tacoma Rainiers.,695596.0,Nick Raposo,/api/v1/people/695596,529,Tacoma Rainiers,/api/v1/teams/529,136.0,Seattle Mariners,/api/v1/teams/136
811132,2025-01-21,2025-01-21,2025-01-21,SFA,Signed as Free Agent,Seattle Mariners signed free agent 2B Po-Chun Lin to a minor league contract.,806836.0,Po-Chun Lin,/api/v1/people/806836,136,Seattle Mariners,/api/v1/teams/136,,,
811310,2025-01-21,2025-01-21,2025-01-21,DES,Designated for Assignment,Seattle Mariners designated LHP Tyler Jay for assignment.,664079.0,Tyler Jay,/api/v1/people/664079,136,Seattle Mariners,/api/v1/teams/136,,,
811309,2025-01-21,2025-01-21,,TR,Trade,Athletics traded RHP Will Klein to Seattle Mariners for Other Considerations.,694361.0,Will Klein,/api/v1/people/694361,136,Seattle Mariners,/api/v1/teams/136,133.0,Athletics,/api/v1/teams/133
811311,2025-01-21,2025-01-21,,OUT,Outrighted,Seattle Mariners sent 2B Samad Taylor outright to Tacoma Rainiers.,669392.0,Samad Taylor,/api/v1/people/669392,529,Tacoma Rainiers,/api/v1/teams/529,136.0,Seattle Mariners,/api/v1/teams/136
812409,2025-01-22,2025-01-22,2025-01-22,SFA,Signed as Free Agent,Seattle Mariners signed free agent C Julio E. Rodriguez to a minor league contract.,667372.0,Julio E. Rodriguez,/api/v1/people/667372,136,Seattle Mariners,/api/v1/teams/136,,,
812909,2025-01-28,2025-01-28,2025-01-28,SFA,Signed as Free Agent,Seattle Mariners signed free agent SS Nathan Rose to a minor league contract.,824649.0,Nathan Rose,/api/v1/people/824649,136,Seattle Mariners,/api/v1/teams/136,,,
812907,2025-01-29,2025-01-29,2025-01-29,SFA,Signed as Free Agent,Seattle Mariners signed free agent OF Diago Machado to a minor league contract.,828331.0,Diago Machado,/api/v1/people/828331,136,Seattle Mariners,/api/v1/teams/136,,,
813709,2025-01-29,2025-01-29,2025-01-29,SFA,Signed as Free Agent,Seattle Mariners signed free agent LHP Adam Seminaris to a minor league contract.,694372.0,Adam Seminaris,/api/v1/people/694372,136,Seattle Mariners,/api/v1/teams/136,,,
812563,2025-01-29,2025-01-29,,OUT,Outrighted,Seattle Mariners sent LHP Tyler Jay outright to Tacoma Rainiers.,664079.0,Tyler Jay,/api/v1/people/664079,529,Tacoma Rainiers,/api/v1/teams/529,136.0,Seattle Mariners,/api/v1/teams/136
812708,2025-01-30,2025-01-30,2025-01-30,ASG,Assigned,Seattle Mariners invited non-roster LHP Peyton Alford to spring training.,688230.0,Peyton Alford,/api/v1/people/688230,136,Seattle Mariners,/api/v1/teams/136,,,
812723,2025-01-30,2025-01-30,2025-01-30,ASG,Assigned,Seattle Mariners invited non-roster SS Colt Emerson to spring training.,806068.0,Colt Emerson,/api/v1/people/806068,136,Seattle Mariners,/api/v1/teams/136,,,
812711,2025-01-30,2025-01-30,2025-01-30,ASG,Assigned,Seattle Mariners invited non-roster RHP Tyler Cleveland to spring training.,804663.0,Tyler Cleveland,/api/v1/people/804663,136,Seattle Mariners,/api/v1/teams/136,,,
812725,2025-01-30,2025-01-30,2025-01-30,ASG,Assigned,Seattle Mariners invited non-roster RF Lazaro Montes to spring training.,703155.0,Lazaro Montes,/api/v1/people/703155,136,Seattle Mariners,/api/v1/teams/136,,,
812722,2025-01-30,2025-01-30,2025-01-30,ASG,Assigned,Seattle Mariners invited non-roster 3B Nick Dunn to spring training.,680709.0,Nick Dunn,/api/v1/people/680709,136,Seattle Mariners,/api/v1/teams/136,,,
812728,2025-01-30,2025-01-30,2025-01-30,ASG,Assigned,Seattle Mariners invited non-roster 2B Samad Taylor to spring training.,669392.0,Samad Taylor,/api/v1/people/669392,136,Seattle Mariners,/api/v1/teams/136,,,
812730,2025-01-30,2025-01-30,2025-01-30,ASG,Assigned,Seattle Mariners invited non-roster 3B Ben Williamson to spring training.,810938.0,Ben Williamson,/api/v1/people/810938,136,Seattle Mariners,/api/v1/teams/136,,,
825139,2025-01-30,2025-01-30,2025-01-30,SC,Status Change,RHP Luis F. Castillo roster status changed by Seattle Mariners.,622379.0,Luis F. Castillo,/api/v1/people/622379,136,Seattle Mariners,/api/v1/teams/136,,,
812726,2025-01-30,2025-01-30,2025-01-30,ASG,Assigned,Seattle Mariners invited non-roster LF Spencer Packard to spring training.,689070.0,Spencer Packard,/api/v1/people/689070,136,Seattle Mariners,/api/v1/teams/136,,,
812727,2025-01-30,2025-01-30,2025-01-30,ASG,Assigned,Seattle Mariners invited non-roster 2B Brock Rodden to spring training.,801126.0,Brock Rodden,/api/v1/people/801126,136,Seattle Mariners,/api/v1/teams/136,,,
812718,2025-01-30,2025-01-30,2025-01-30,ASG,Assigned,Seattle Mariners invited non-roster LHP Brandyn Garcia to spring training.,805299.0,Brandyn Garcia,/api/v1/people/805299,136,Seattle Mariners,/api/v1/teams/136,,,
812709,2025-01-30,2025-01-30,2025-01-30,SFA,Signed as Free Agent,Seattle Mariners signed free agent RHP Luis Castillo to a minor league contract and invited him to spring training.,622379.0,Luis F. Castillo,/api/v1/people/622379,136,Seattle Mariners,/api/v1/teams/136,,,
812719,2025-01-30,2025-01-30,2025-01-30,ASG,Assigned,Seattle Mariners invited non-roster SS Michael Arroyo to spring training.,703197.0,Michael Arroyo,/api/v1/people/703197,136,Seattle Mariners,/api/v1/teams/136,,,
812716,2025-01-30,2025-01-30,2025-01-30,SFA,Signed as Free Agent,Seattle Mariners signed free agent RHP Shintaro Fujinami to a minor league contract and invited him to spring training.,660261.0,Shintaro Fujinami,/api/v1/people/660261,136,Seattle Mariners,/api/v1/teams/136,,,
812731,2025-01-30,2025-01-30,2025-01-30,ASG,Assigned,Seattle Mariners invited non-roster SS Cole Young to spring training.,702284.0,Cole Young,/api/v1/people/702284,136,Seattle Mariners,/api/v1/teams/136,,,
812720,2025-01-30,2025-01-30,2025-01-30,ASG,Assigned,Seattle Mariners invited non-roster C Josh Caron to spring training.,701805.0,Josh Caron,/api/v1/people/701805,136,Seattle Mariners,/api/v1/teams/136,,,
812721,2025-01-30,2025-01-30,2025-01-30,ASG,Assigned,Seattle Mariners invited non-roster C Connor Charping to spring training.,806464.0,Connor Charping,/api/v1/people/806464,136,Seattle Mariners,/api/v1/teams/136,,,
812729,2025-01-30,2025-01-30,2025-01-30,ASG,Assigned,Seattle Mariners invited non-roster LF Rhylan Thomas to spring training.,689041.0,Rhylan Thomas,/api/v1/people/689041,136,Seattle Mariners,/api/v1/teams/136,,,
812714,2025-01-30,2025-01-30,2025-01-30,SFA,Signed as Free Agent,Seattle Mariners signed free agent RHP Neftalí Feliz to a minor league contract and invited him to spring training.,491703.0,Neftalí Feliz,/api/v1/people/491703,136,Seattle Mariners,/api/v1/teams/136,,,
812713,2025-01-30,2025-01-30,2025-01-30,ASG,Assigned,Seattle Mariners invited non-roster RHP Logan Evans to spring training.,688138.0,Logan Evans,/api/v1/people/688138,136,Seattle Mariners,/api/v1/teams/136,,,
812712,2025-01-30,2025-01-30,2025-01-30,ASG,Assigned,Seattle Mariners invited non-roster RHP Hunter Cranton to spring training.,675450.0,Hunter Cranton,/api/v1/people/675450,136,Seattle Mariners,/api/v1/teams/136,,,
812724,2025-01-30,2025-01-30,2025-01-30,ASG,Assigned,Seattle Mariners invited non-roster C Harry Ford to spring training.,695670.0,Harry Ford,/api/v1/people/695670,136,Seattle Mariners,/api/v1/teams/136,,,
813266,2025-02-03,2025-02-03,2025-02-03,DES,Designated for Assignment,Seattle Mariners designated LHP Jhonathan Díaz for assignment.,646242.0,Jhonathan Díaz,/api/v1/people/646242,136,Seattle Mariners,/api/v1/teams/136,,,
813140,2025-02-03,2025-02-03,2025-02-03,DES,Designated for Assignment,Seattle Mariners designated LF Cade Marlowe for assignment.,687799.0,Cade Marlowe,/api/v1/people/687799,136,Seattle Mariners,/api/v1/teams/136,,,
813141,2025-02-03,2025-02-03,2025-02-03,SFA,Signed as Free Agent,Seattle Mariners signed free agent 2B Jorge Polanco.,593871.0,Jorge Polanco,/api/v1/people/593871,136,Seattle Mariners,/api/v1/teams/136,,,
813144,2025-02-03,2025-02-03,,TR,Trade,Cincinnati Reds traded RHP Casey Legumina to Seattle Mariners for cash.,668984.0,Casey Legumina,/api/v1/people/668984,136,Seattle Mariners,/api/v1/teams/136,113.0,Cincinnati Reds,/api/v1/teams/113
814181,2025-02-07,2025-02-07,2025-02-07,DFA,Declared Free Agency,LHP Jhonathan Díaz elected free agency.,646242.0,Jhonathan Díaz,/api/v1/people/646242,136,Seattle Mariners,/api/v1/teams/136,,,
814179,2025-02-07,2025-02-07,,OUT,Outrighted,Seattle Mariners sent LF Cade Marlowe outright to Tacoma Rainiers.,687799.0,Cade Marlowe,/api/v1/people/687799,529,Tacoma Rainiers,/api/v1/teams/529,136.0,Seattle Mariners,/api/v1/teams/136
815600,2025-02-15,2025-02-15,2025-02-15,SFA,Signed as Free Agent,Seattle Mariners signed free agent LHP Jhonathan Díaz to a minor league contract and invited him to spring training.,646242.0,Jhonathan Díaz,/api/v1/people/646242,136,Seattle Mariners,/api/v1/teams/136,,,
816562,2025-02-15,2025-02-15,2025-02-15,SFA,Signed as Free Agent,Seattle Mariners signed free agent RHP Garrett Hill to a minor league contract.,682051.0,Garrett Hill,/api/v1/people/682051,136,Seattle Mariners,/api/v1/teams/136,,,
816156,2025-02-19,2025-02-19,2025-02-19,SFA,Signed as Free Agent,Seattle Mariners signed free agent RHP Kleiver Benitez to a minor league contract.,831344.0,Kleiver Benitez,/api/v1/people/831344,136,Seattle Mariners,/api/v1/teams/136,,,
816375,2025-02-21,2025-02-21,2025-02-21,ASG,Assigned,RHP Jimmy Kingsbury assigned to Seattle Mariners.,700675.0,Jimmy Kingsbury,/api/v1/people/700675,136,Seattle Mariners,/api/v1/teams/136,,,
816234,2025-02-21,2025-02-21,2025-02-21,SFA,Signed as Free Agent,Seattle Mariners signed free agent 1B Rowdy Tellez to a minor league contract and invited him to spring training.,642133.0,Rowdy Tellez,/api/v1/people/642133,136,Seattle Mariners,/api/v1/teams/136,,,
816368,2025-02-21,2025-02-21,2025-02-21,ASG,Assigned,1B Hogan Windish assigned to Seattle Mariners.,702112.0,Hogan Windish,/api/v1/people/702112,136,Seattle Mariners,/api/v1/teams/136,,,
816367,2025-02-21,2025-02-21,2025-02-21,ASG,Assigned,OF Bill Knight assigned to Seattle Mariners.,681098.0,Bill Knight,/api/v1/people/681098,136,Seattle Mariners,/api/v1/teams/136,,,
816723,2025-02-22,2025-02-22,2025-02-22,ASG,Assigned,RHP Juan Burgos assigned to Seattle Mariners.,686228.0,Juan Burgos,/api/v1/people/686228,136,Seattle Mariners,/api/v1/teams/136,,,
816730,2025-02-22,2025-02-22,2025-02-22,ASG,Assigned,3B Charlie Pagliarini assigned to Seattle Mariners.,813860.0,Charlie Pagliarini,/api/v1/people/813860,136,Seattle Mariners,/api/v1/teams/136,,,
816729,2025-02-22,2025-02-22,2025-02-22,ASG,Assigned,2B Jack López assigned to Seattle Mariners.,605346.0,Jack López,/api/v1/people/605346,136,Seattle Mariners,/api/v1/teams/136,,,
816733,2025-02-22,2025-02-22,2025-02-22,ASG,Assigned,3B Tai Peete assigned to Seattle Mariners.,806191.0,Tai Peete,/api/v1/people/806191,136,Seattle Mariners,/api/v1/teams/136,,,
816732,2025-02-22,2025-02-22,2025-02-22,ASG,Assigned,OF Jared Sundstrom assigned to Seattle Mariners.,814791.0,Jared Sundstrom,/api/v1/people/814791,136,Seattle Mariners,/api/v1/teams/136,,,
816728,2025-02-22,2025-02-22,2025-02-22,ASG,Assigned,RHP Jesse Wainscott assigned to Seattle Mariners.,703040.0,Jesse Wainscott,/api/v1/people/703040,136,Seattle Mariners,/api/v1/teams/136,,,
816727,2025-02-22,2025-02-22,2025-02-22,ASG,Assigned,RHP Wyatt Lunsford-Shenkman assigned to Seattle Mariners.,701828.0,Wyatt Lunsford-Shenkman,/api/v1/people/701828,136,Seattle Mariners,/api/v1/teams/136,,,
816726,2025-02-22,2025-02-22,2025-02-22,ASG,Assigned,RHP Charlie Beilenson assigned to Seattle Mariners.,810897.0,Charlie Beilenson,/api/v1/people/810897,136,Seattle Mariners,/api/v1/teams/136,,,
816731,2025-02-22,2025-02-22,2025-02-22,ASG,Assigned,CF Carlos Jimenez assigned to Seattle Mariners.,692039.0,Carlos Jimenez,/api/v1/people/692039,136,Seattle Mariners,/api/v1/teams/136,,,
816725,2025-02-22,2025-02-22,2025-02-22,ASG,Assigned,RHP Taylor Floyd assigned to Seattle Mariners.,687905.0,Taylor Floyd,/api/v1/people/687905,136,Seattle Mariners,/api/v1/teams/136,,,
816724,2025-02-22,2025-02-22,2025-02-22,ASG,Assigned,RHP Jimmy Joyce assigned to Seattle Mariners.,702460.0,Jimmy Joyce,/api/v1/people/702460,136,Seattle Mariners,/api/v1/teams/136,,,
816965,2025-02-23,2025-02-23,2025-02-23,ASG,Assigned,3B Brandon Eike assigned to Seattle Mariners.,694806.0,Brandon Eike,/api/v1/people/694806,136,Seattle Mariners,/api/v1/teams/136,,,
816967,2025-02-23,2025-02-23,2025-02-23,ASG,Assigned,RHP Christian Little assigned to Seattle Mariners.,691733.0,Christian Little,/api/v1/people/691733,136,Seattle Mariners,/api/v1/teams/136,,,
816966,2025-02-23,2025-02-23,2025-02-23,ASG,Assigned,1B Luis Suisbel assigned to Seattle Mariners.,692044.0,Luis Suisbel,/api/v1/people/692044,136,Seattle Mariners,/api/v1/teams/136,,,
816964,2025-02-23,2025-02-23,2025-02-23,ASG,Assigned,RHP Stefan Raeth assigned to Seattle Mariners.,806288.0,Stefan Raeth,/api/v1/people/806288,136,Seattle Mariners,/api/v1/teams/136,,,
817067,2025-02-24,2025-02-24,2025-02-24,ASG,Assigned,RHP Jason Ruffcorn assigned to Seattle Mariners.,674022.0,Jason Ruffcorn,/api/v1/people/674022,136,Seattle Mariners,/api/v1/teams/136,,,
817066,2025-02-24,2025-02-24,2025-02-24,ASG,Assigned,RHP Elijah Dale assigned to Seattle Mariners.,688145.0,Elijah Dale,/api/v1/people/688145,136,Seattle Mariners,/api/v1/teams/136,,,
817068,2025-02-24,2025-02-24,2025-02-24,ASG,Assigned,3B Milkar Perez assigned to Seattle Mariners.,683529.0,Milkar Perez,/api/v1/people/683529,136,Seattle Mariners,/api/v1/teams/136,,,
817220,2025-02-25,2025-02-25,2025-02-25,ASG,Assigned,RHP Gage Boehm assigned to Seattle Mariners.,814515.0,Gage Boehm,/api/v1/people/814515,136,Seattle Mariners,/api/v1/teams/136,,,
817221,2025-02-25,2025-02-25,2025-02-25,ASG,Assigned,3B Caleb Cali assigned to Seattle Mariners.,687730.0,Caleb Cali,/api/v1/people/687730,136,Seattle Mariners,/api/v1/teams/136,,,
817222,2025-02-25,2025-02-25,2025-02-25,ASG,Assigned,2B Blake Rambusch assigned to Seattle Mariners.,800683.0,Blake Rambusch,/api/v1/people/800683,136,Seattle Mariners,/api/v1/teams/136,,,
817155,2025-02-25,2025-02-25,2025-02-25,SFA,Signed as Free Agent,Seattle Mariners signed free agent RHP Trevor Gott to a minor league contract and invited him to spring training.,641627.0,Trevor Gott,/api/v1/people/641627,136,Seattle Mariners,/api/v1/teams/136,,,
817217,2025-02-25,2025-02-25,2025-02-25,ASG,Assigned,RHP Yorlin Calderon assigned to Seattle Mariners.,683583.0,Yorlin Calderon,/api/v1/people/683583,136,Seattle Mariners,/api/v1/teams/136,,,
817219,2025-02-25,2025-02-25,2025-02-25,ASG,Assigned,RHP Brock Moore assigned to Seattle Mariners.,822160.0,Brock Moore,/api/v1/people/822160,136,Seattle Mariners,/api/v1/teams/136,,,
817218,2025-02-25,2025-02-25,2025-02-25,ASG,Assigned,RHP Harrison Kreiling assigned to Seattle Mariners.,801653.0,Harrison Kreiling,/api/v1/people/801653,136,Seattle Mariners,/api/v1/teams/136,,,
817444,2025-02-26,2025-02-26,2025-02-26,ASG,Assigned,LF Carson Jones assigned to Seattle Mariners.,687982.0,Carson Jones,/api/v1/people/687982,136,Seattle Mariners,/api/v1/teams/136,,,
817497,2025-02-27,2025-02-27,2025-02-27,ASG,Assigned,RHP Ryan Hawks assigned to Seattle Mariners.,686470.0,Ryan Hawks,/api/v1/people/686470,136,Seattle Mariners,/api/v1/teams/136,,,
817499,2025-02-27,2025-02-27,2025-02-27,ASG,Assigned,OF Anthony Donofrio assigned to Seattle Mariners.,823703.0,Anthony Donofrio,/api/v1/people/823703,136,Seattle Mariners,/api/v1/teams/136,,,
817495,2025-02-27,2025-02-27,2025-02-27,ASG,Assigned,C Connor Dykstra assigned to Seattle Mariners.,683270.0,Connor Dykstra,/api/v1/people/683270,136,Seattle Mariners,/api/v1/teams/136,,,
817493,2025-02-27,2025-02-27,2025-02-27,ASG,Assigned,RHP Evan Truitt assigned to Seattle Mariners.,822462.0,Evan Truitt,/api/v1/people/822462,136,Seattle Mariners,/api/v1/teams/136,,,
817491,2025-02-27,2025-02-27,2025-02-27,ASG,Assigned,RHP Gabriel Sosa assigned to Seattle Mariners.,691669.0,Gabriel Sosa,/api/v1/people/691669,136,Seattle Mariners,/api/v1/teams/136,,,
817496,2025-02-27,2025-02-27,2025-02-27,ASG,Assigned,LHP Jack White assigned to Seattle Mariners.,685086.0,Jack White,/api/v1/people/685086,136,Seattle Mariners,/api/v1/teams/136,,,
817500,2025-02-27,2025-02-27,2025-02-27,ASG,Assigned,C Jose Caguana assigned to Seattle Mariners.,683588.0,Jose Caguana,/api/v1/people/683588,136,Seattle Mariners,/api/v1/teams/136,,,
817490,2025-02-27,2025-02-27,2025-02-27,ASG,Assigned,2B Josh Hood assigned to Seattle Mariners.,681377.0,Josh Hood,/api/v1/people/681377,136,Seattle Mariners,/api/v1/teams/136,,,
817494,2025-02-27,2025-02-27,2025-02-27,ASG,Assigned,LHP Danny Wirchansky assigned to Seattle Mariners.,688024.0,Danny Wirchansky,/api/v1/people/688024,136,Seattle Mariners,/api/v1/teams/136,,,
817492,2025-02-27,2025-02-27,2025-02-27,ASG,Assigned,RHP Dylan File assigned to Seattle Mariners.,668766.0,Dylan File,/api/v1/people/668766,136,Seattle Mariners,/api/v1/teams/136,,,
817498,2025-02-27,2025-02-27,2025-02-27,ASG,Assigned,SS Felnin Celesten assigned to Seattle Mariners.,806958.0,Felnin Celesten,/api/v1/people/806958,136,Seattle Mariners,/api/v1/teams/136,,,
817682,2025-02-28,2025-02-28,2025-02-28,ASG,Assigned,C Andrew Miller assigned to Seattle Mariners.,685460.0,Andrew Miller,/api/v1/people/685460,136,Seattle Mariners,/api/v1/teams/136,,,
817895,2025-03-02,2025-03-02,2025-03-02,SC,Status Change,Seattle Mariners placed RHP Jackson Kowar on the 60-day injured list. Tommy John surgery recovery.,663804.0,Jackson Kowar,/api/v1/people/663804,136,Seattle Mariners,/api/v1/teams/136,,,
817874,2025-03-02,2025-03-02,2025-03-02,REL,Released,Seattle Mariners released RHP Dauris Valdez.,667378.0,Dauris Valdez,/api/v1/people/667378,136,Seattle Mariners,/api/v1/teams/136,,,
817896,2025-03-02,2025-03-02,,CLW,Claimed Off Waivers,Seattle Mariners claimed RHP Seth Martinez off waivers from Miami Marlins.,661527.0,Seth Martinez,/api/v1/people/661527,136,Seattle Mariners,/api/v1/teams/136,146.0,Miami Marlins,/api/v1/teams/146
818979,2025-03-06,2025-03-06,2025-03-06,ASG,Assigned,RHP Travis Kuhn assigned to Seattle Mariners.,674047.0,Travis Kuhn,/api/v1/people/674047,136,Seattle Mariners,/api/v1/teams/136,,,
819330,2025-03-07,2025-03-07,,OPT,Optioned,Seattle Mariners optioned RHP Blas Castano to Tacoma Rainiers.,680604.0,Blas Castaño,/api/v1/people/680604,529,Tacoma Rainiers,/api/v1/teams/529,136.0,Seattle Mariners,/api/v1/teams/136
819329,2025-03-07,2025-03-07,,OPT,Optioned,Seattle Mariners optioned RHP Hagen Danner to Tacoma Rainiers.,668470.0,Hagen Danner,/api/v1/people/668470,529,Tacoma Rainiers,/api/v1/teams/529,136.0,Seattle Mariners,/api/v1/teams/136
819407,2025-03-08,2025-03-08,2025-03-08,ASG,Assigned,RHP Reid Morgan assigned to Seattle Mariners.,681539.0,Reid Morgan,/api/v1/people/681539,136,Seattle Mariners,/api/v1/teams/136,,,
819459,2025-03-08,2025-03-08,2025-03-08,ASG,Assigned,CF Curtis Washington Jr. assigned to Seattle Mariners.,690944.0,Curtis Washington Jr.,/api/v1/people/690944,136,Seattle Mariners,/api/v1/teams/136,,,
819406,2025-03-08,2025-03-08,2025-03-08,ASG,Assigned,SS Axel Sanchez assigned to Seattle Mariners.,692046.0,Axel Sanchez,/api/v1/people/692046,136,Seattle Mariners,/api/v1/teams/136,,,
819687,2025-03-10,2025-03-10,,OPT,Optioned,Seattle Mariners optioned RHP Cody Bolton to Tacoma Rainiers.,675989.0,Cody Bolton,/api/v1/people/675989,529,Tacoma Rainiers,/api/v1/teams/529,136.0,Seattle Mariners,/api/v1/teams/136
819920,2025-03-12,2025-03-12,2025-03-12,ASG,Assigned,LF Colin Davis assigned to Seattle Mariners.,695342.0,Colin Davis,/api/v1/people/695342,136,Seattle Mariners,/api/v1/teams/136,,,
819919,2025-03-12,2025-03-12,2025-03-12,ASG,Assigned,3B Ben Ramirez assigned to Seattle Mariners.,668756.0,Ben Ramirez,/api/v1/people/668756,136,Seattle Mariners,/api/v1/teams/136,,,
820115,2025-03-13,2025-03-13,2025-03-13,ASG,Assigned,3B Austin St. Laurent assigned to Seattle Mariners.,694318.0,Austin St. Laurent,/api/v1/people/694318,136,Seattle Mariners,/api/v1/teams/136,,,
820114,2025-03-13,2025-03-13,2025-03-13,ASG,Assigned,C Julio E. Rodriguez assigned to Seattle Mariners.,667372.0,Julio E. Rodriguez,/api/v1/people/667372,136,Seattle Mariners,/api/v1/teams/136,,,
820189,2025-03-14,2025-03-14,2025-03-14,ASG,Assigned,OF Ryan Picollo assigned to Seattle Mariners.,827264.0,Ryan Picollo,/api/v1/people/827264,136,Seattle Mariners,/api/v1/teams/136,,,
820200,2025-03-14,2025-03-14,2025-03-14,REL,Released,Seattle Mariners released RHP Neftalí Feliz.,491703.0,Neftalí Feliz,/api/v1/people/491703,136,Seattle Mariners,/api/v1/teams/136,,,
820191,2025-03-14,2025-03-14,2025-03-14,ASG,Assigned,RHP Anyelo Ovando assigned to Seattle Mariners.,694041.0,Anyelo Ovando,/api/v1/people/694041,136,Seattle Mariners,/api/v1/teams/136,,,
820199,2025-03-14,2025-03-14,,OPT,Optioned,Seattle Mariners optioned RHP Will Klein to Tacoma Rainiers.,694361.0,Will Klein,/api/v1/people/694361,529,Tacoma Rainiers,/api/v1/teams/529,136.0,Seattle Mariners,/api/v1/teams/136
820419,2025-03-15,2025-03-15,2025-03-15,ASG,Assigned,RHP Jean Munoz assigned to Seattle Mariners.,692663.0,Jean Munoz,/api/v1/people/692663,136,Seattle Mariners,/api/v1/teams/136,,,
820418,2025-03-15,2025-03-15,2025-03-15,ASG,Assigned,CF Victor Labrada assigned to Seattle Mariners.,700032.0,Victor Labrada,/api/v1/people/700032,136,Seattle Mariners,/api/v1/teams/136,,,
820421,2025-03-15,2025-03-15,2025-03-15,ASG,Assigned,C Matthew Ellis assigned to Seattle Mariners.,700815.0,Matthew Ellis,/api/v1/people/700815,136,Seattle Mariners,/api/v1/teams/136,,,
820420,2025-03-15,2025-03-15,2025-03-15,ASG,Assigned,LHP Matt Cronin assigned to Seattle Mariners.,669091.0,Matt Cronin,/api/v1/people/669091,136,Seattle Mariners,/api/v1/teams/136,,,
820451,2025-03-15,2025-03-15,2025-03-15,ASG,Assigned,RHP Adrian Quintana assigned to Seattle Mariners.,692037.0,Adrian Quintana,/api/v1/people/692037,136,Seattle Mariners,/api/v1/teams/136,,,
820509,2025-03-15,2025-03-15,,CLW,Claimed Off Waivers,Miami Marlins claimed RHP Seth Martinez off waivers from Seattle Mariners.,661527.0,Seth Martinez,/api/v1/people/661527,146,Miami Marlins,/api/v1/teams/146,136.0,Seattle Mariners,/api/v1/teams/136
820400,2025-03-15,2025-03-15,,OPT,Optioned,Seattle Mariners optioned 1B Tyler Locklear to Tacoma Rainiers.,682988.0,Tyler Locklear,/api/v1/people/682988,529,Tacoma Rainiers,/api/v1/teams/529,136.0,Seattle Mariners,/api/v1/teams/136
820575,2025-03-16,2025-03-16,2025-03-16,ASG,Assigned,OF Yoyner Fajardo assigned to Seattle Mariners.,679938.0,Yoyner Fajardo,/api/v1/people/679938,136,Seattle Mariners,/api/v1/teams/136,,,
820571,2025-03-16,2025-03-16,2025-03-16,ASG,Assigned,RHP Jordan Jackson assigned to Seattle Mariners.,689095.0,Jordan Jackson,/api/v1/people/689095,136,Seattle Mariners,/api/v1/teams/136,,,
820570,2025-03-16,2025-03-16,2025-03-16,ASG,Assigned,RHP Kyle Hill assigned to Seattle Mariners.,663540.0,Kyle Hill,/api/v1/people/663540,136,Seattle Mariners,/api/v1/teams/136,,,
820572,2025-03-16,2025-03-16,2025-03-16,ASG,Assigned,2B Dervy Ventura assigned to Seattle Mariners.,805319.0,Dervy Ventura,/api/v1/people/805319,136,Seattle Mariners,/api/v1/teams/136,,,
820573,2025-03-16,2025-03-16,2025-03-16,ASG,Assigned,1B Hunter Fitz-Gerald assigned to Seattle Mariners.,686638.0,Hunter Fitz-Gerald,/api/v1/people/686638,136,Seattle Mariners,/api/v1/teams/136,,,
820574,2025-03-16,2025-03-16,2025-03-16,ASG,Assigned,CF Cesar Quintas assigned to Seattle Mariners.,692364.0,Cesar Quintas,/api/v1/people/692364,136,Seattle Mariners,/api/v1/teams/136,,,
820737,2025-03-18,2025-03-18,2025-03-18,ASG,Assigned,CF George Feliz assigned to Seattle Mariners.,692031.0,George Feliz,/api/v1/people/692031,136,Seattle Mariners,/api/v1/teams/136,,,
822119,2025-03-21,2025-03-21,2025-03-21,SFA,Signed as Free Agent,Seattle Mariners signed free agent LHP Calvin Schapira to a minor league contract.,681064.0,Calvin Schapira,/api/v1/people/681064,136,Seattle Mariners,/api/v1/teams/136,,,
821424,2025-03-21,2025-03-21,2025-03-21,ASG,Assigned,2B Ricardo Cova assigned to Seattle Mariners.,699698.0,Ricardo Cova,/api/v1/people/699698,136,Seattle Mariners,/api/v1/teams/136,,,
821473,2025-03-22,2025-03-22,2025-03-22,ASG,Assigned,RHP Allan Saathoff assigned to Seattle Mariners.,802697.0,Allan Saathoff,/api/v1/people/802697,136,Seattle Mariners,/api/v1/teams/136,,,
821483,2025-03-22,2025-03-22,,OPT,Optioned,Seattle Mariners optioned RF Dominic Canzone to Tacoma Rainiers.,686527.0,Dominic Canzone,/api/v1/people/686527,529,Tacoma Rainiers,/api/v1/teams/529,136.0,Seattle Mariners,/api/v1/teams/136
821722,2025-03-22,2025-03-22,,TR,Trade,New York Mets traded RHP Michael Hobbs to Seattle Mariners.,669419.0,Michael Hobbs,/api/v1/people/669419,136,Seattle Mariners,/api/v1/teams/136,121.0,New York Mets,/api/v1/teams/121
821482,2025-03-22,2025-03-22,,OPT,Optioned,Seattle Mariners optioned 1B Austin Shenton to Tacoma Rainiers.,668853.0,Austin Shenton,/api/v1/people/668853,529,Tacoma Rainiers,/api/v1/teams/529,136.0,Seattle Mariners,/api/v1/teams/136
821562,2025-03-23,2025-03-23,2025-03-23,REL,Released,Seattle Mariners released RF Mitch Haniger.,571745.0,Mitch Haniger,/api/v1/people/571745,136,Seattle Mariners,/api/v1/teams/136,,,
821582,2025-03-23,2025-03-23,,OPT,Optioned,Seattle Mariners optioned RHP Casey Legumina to Tacoma Rainiers.,668984.0,Casey Legumina,/api/v1/people/668984,529,Tacoma Rainiers,/api/v1/teams/529,136.0,Seattle Mariners,/api/v1/teams/136
821584,2025-03-23,2025-03-23,,OPT,Optioned,Seattle Mariners optioned SS Leo Rivas to Tacoma Rainiers.,660844.0,Leo Rivas,/api/v1/people/660844,529,Tacoma Rainiers,/api/v1/teams/529,136.0,Seattle Mariners,/api/v1/teams/136
821583,2025-03-23,2025-03-23,,OPT,Optioned,Seattle Mariners optioned C Blake Hunt to Tacoma Rainiers.,675448.0,Blake Hunt,/api/v1/people/675448,529,Tacoma Rainiers,/api/v1/teams/529,136.0,Seattle Mariners,/api/v1/teams/136
821855,2025-03-24,2025-03-24,2025-03-24,ASG,Assigned,1B Gabriel Moncada assigned to Seattle Mariners.,682732.0,Gabriel Moncada,/api/v1/people/682732,136,Seattle Mariners,/api/v1/teams/136,,,
821856,2025-03-24,2025-03-24,2025-03-24,ASG,Assigned,CF Kelvin Alcantara assigned to Seattle Mariners.,808083.0,Kelvin Alcantara,/api/v1/people/808083,136,Seattle Mariners,/api/v1/teams/136,,,
821857,2025-03-24,2025-03-24,2025-03-24,ASG,Assigned,C Andruw Salcedo assigned to Seattle Mariners.,691402.0,Andruw Salcedo,/api/v1/people/691402,136,Seattle Mariners,/api/v1/teams/136,,,
822121,2025-03-25,2025-03-25,2025-03-25,SC,Status Change,Seattle Mariners activated 1B Rowdy Tellez.,642133.0,Rowdy Tellez,/api/v1/people/642133,136,Seattle Mariners,/api/v1/teams/136,,,
821937,2025-03-25,2025-03-25,,SE,Selected,Seattle Mariners selected the contract of 1B Rowdy Tellez from Tacoma Rainiers.,642133.0,Rowdy Tellez,/api/v1/people/642133,136,Seattle Mariners,/api/v1/teams/136,529.0,Tacoma Rainiers,/api/v1/teams/529
823080,2025-03-27,2025-03-27,2025-03-27,SFA,Signed as Free Agent,Seattle Mariners signed free agent RHP Jesse Hahn to a minor league contract.,534910.0,Jesse Hahn,/api/v1/people/534910,136,Seattle Mariners,/api/v1/teams/136,,,
824143,2025-03-27,2025-03-27,2025-03-27,SFA,Signed as Free Agent,Seattle Mariners signed free agent RHP Ben Hernandez to a minor league contract.,690989.0,Ben Hernandez,/api/v1/people/690989,136,Seattle Mariners,/api/v1/teams/136,,,
822429,2025-03-27,2025-03-24,2025-03-24,SC,Status Change,"Seattle Mariners placed RHP Troy Taylor on the 15-day injured list retroactive to March 24, 2025. Right lat strain.",700187.0,Troy Taylor,/api/v1/people/700187,136,Seattle Mariners,/api/v1/teams/136,,,
823082,2025-03-27,2025-03-27,2025-03-27,SFA,Signed as Free Agent,Seattle Mariners signed free agent LHP Drew Pomeranz to a minor league contract.,519141.0,Drew Pomeranz,/api/v1/people/519141,136,Seattle Mariners,/api/v1/teams/136,,,
822428,2025-03-27,2025-03-24,2025-03-24,SC,Status Change,"Seattle Mariners placed RHP George Kirby on the 15-day injured list retroactive to March 24, 2025. Right shoulder inflammation.",669923.0,George Kirby,/api/v1/people/669923,136,Seattle Mariners,/api/v1/teams/136,,,
822427,2025-03-27,2025-03-24,2025-03-24,SC,Status Change,"Seattle Mariners placed RHP Matt Brash on the 15-day injured list retroactive to March 24, 2025. Right UCL sprain.",666374.0,Matt Brash,/api/v1/people/666374,136,Seattle Mariners,/api/v1/teams/136,,,
825594,2025-03-28,2025-03-28,2025-03-28,SFA,Signed as Free Agent,Seattle Mariners signed free agent LHP Nico Tellache to a minor league contract.,688548.0,Nico Tellache,/api/v1/people/688548,136,Seattle Mariners,/api/v1/teams/136,,,
823711,2025-03-29,2025-03-29,2025-03-29,SFA,Signed as Free Agent,Seattle Mariners signed free agent RHP Nick Fraze to a minor league contract.,684946.0,Nick Fraze,/api/v1/people/684946,136,Seattle Mariners,/api/v1/teams/136,,,
824232,2025-04-01,2025-04-01,2025-04-01,ASG,Assigned,Seattle Mariners sent RHP Troy Taylor on a rehab assignment to Tacoma Rainiers.,700187.0,Troy Taylor,/api/v1/people/700187,529,Tacoma Rainiers,/api/v1/teams/529,136.0,Seattle Mariners,/api/v1/teams/136
824457,2025-04-01,2025-04-01,2025-04-01,SC,Status Change,Seattle Mariners placed 2B Jorge Polanco on the paternity list.,593871.0,Jorge Polanco,/api/v1/people/593871,136,Seattle Mariners,/api/v1/teams/136,,,
824088,2025-04-01,2025-04-01,2025-04-01,SFA,Signed as Free Agent,Seattle Mariners signed free agent RHP William Fleming to a minor league contract.,694389.0,William Fleming,/api/v1/people/694389,136,Seattle Mariners,/api/v1/teams/136,,,
824458,2025-04-01,2025-04-01,,CU,Recalled,Seattle Mariners recalled SS Leo Rivas from Tacoma Rainiers.,660844.0,Leo Rivas,/api/v1/people/660844,136,Seattle Mariners,/api/v1/teams/136,529.0,Tacoma Rainiers,/api/v1/teams/529
824333,2025-04-01,2025-04-01,,SE,Selected,Seattle Mariners selected the contract of LHP Jhonathan Díaz from Tacoma Rainiers.,646242.0,Jhonathan Díaz,/api/v1/people/646242,136,Seattle Mariners,/api/v1/teams/136,529.0,Tacoma Rainiers,/api/v1/teams/529
824334,2025-04-01,2025-04-01,,OPT,Optioned,Seattle Mariners optioned RHP Emerson Hancock to Tacoma Rainiers.,676106.0,Emerson Hancock,/api/v1/people/676106,529,Tacoma Rainiers,/api/v1/teams/529,136.0,Seattle Mariners,/api/v1/teams/136
825444,2025-04-03,2025-04-03,2025-04-03,SC,Status Change,Seattle Mariners activated 2B Jorge Polanco from the paternity list.,593871.0,Jorge Polanco,/api/v1/people/593871,136,Seattle Mariners,/api/v1/teams/136,,,
825446,2025-04-03,2025-04-03,,OPT,Optioned,Seattle Mariners optioned SS Leo Rivas to Tacoma Rainiers.,660844.0,Leo Rivas,/api/v1/people/660844,529,Tacoma Rainiers,/api/v1/teams/529,136.0,Seattle Mariners,/api/v1/teams/136
825449,2025-04-03,2025-04-03,,OPT,Optioned,Seattle Mariners optioned LHP Jhonathan Díaz to Tacoma Rainiers.,646242.0,Jhonathan Díaz,/api/v1/people/646242,529,Tacoma Rainiers,/api/v1/teams/529,136.0,Seattle Mariners,/api/v1/teams/136
825764,2025-04-04,2025-04-04,2025-04-04,DES,Designated for Assignment,Seattle Mariners designated RHP Hagen Danner for assignment.,668470.0,Hagen Danner,/api/v1/people/668470,136,Seattle Mariners,/api/v1/teams/136,,,
825765,2025-04-04,2025-04-04,,SE,Selected,Seattle Mariners selected the contract of RHP Luis F. Castillo from Tacoma Rainiers.,622379.0,Luis F. Castillo,/api/v1/people/622379,136,Seattle Mariners,/api/v1/teams/136,529.0,Tacoma Rainiers,/api/v1/teams/529
826275,2025-04-05,2025-04-05,2025-04-05,DES,Designated for Assignment,Seattle Mariners designated RHP Cody Bolton for assignment.,675989.0,Cody Bolton,/api/v1/people/675989,136,Seattle Mariners,/api/v1/teams/136,,,
826276,2025-04-05,2025-04-05,,OPT,Optioned,Seattle Mariners optioned LHP Tayler Saucedo to Tacoma Rainiers.,642048.0,Tayler Saucedo,/api/v1/people/642048,529,Tacoma Rainiers,/api/v1/teams/529,136.0,Seattle Mariners,/api/v1/teams/136
826277,2025-04-05,2025-04-05,,SE,Selected,Seattle Mariners selected the contract of RHP Jesse Hahn from Tacoma Rainiers.,534910.0,Jesse Hahn,/api/v1/people/534910,136,Seattle Mariners,/api/v1/teams/136,529.0,Tacoma Rainiers,/api/v1/teams/529
826554,2025-04-07,2025-04-07,2025-04-07,SC,Status Change,Seattle Mariners placed CF Victor Robles on the 10-day injured list. Left shoulder dislocation.,645302.0,Victor Robles,/api/v1/people/645302,136,Seattle Mariners,/api/v1/teams/136,,,
826553,2025-04-07,2025-04-07,,CU,Recalled,Seattle Mariners recalled RF Dominic Canzone from Tacoma Rainiers.,686527.0,Dominic Canzone,/api/v1/people/686527,136,Seattle Mariners,/api/v1/teams/136,529.0,Tacoma Rainiers,/api/v1/teams/529
826437,2025-04-07,2025-04-07,,OUT,Outrighted,Seattle Mariners sent RHP Hagen Danner outright to Tacoma Rainiers.,668470.0,Hagen Danner,/api/v1/people/668470,529,Tacoma Rainiers,/api/v1/teams/529,136.0,Seattle Mariners,/api/v1/teams/136
826759,2025-04-08,2025-04-08,,TR,Trade,Seattle Mariners traded RHP Cody Bolton to Cleveland Guardians for cash.,675989.0,Cody Bolton,/api/v1/people/675989,114,Cleveland Guardians,/api/v1/teams/114,136.0,Seattle Mariners,/api/v1/teams/136
827064,2025-04-09,2025-04-09,2025-04-09,DES,Designated for Assignment,Seattle Mariners designated RHP Jesse Hahn for assignment.,534910.0,Jesse Hahn,/api/v1/people/534910,136,Seattle Mariners,/api/v1/teams/136,,,
827063,2025-04-09,2025-04-09,2025-04-09,SC,Status Change,Seattle Mariners placed 2B Ryan Bliss on the 10-day injured list. Left biceps tear.,669208.0,Ryan Bliss,/api/v1/people/669208,136,Seattle Mariners,/api/v1/teams/136,,,
827062,2025-04-09,2025-04-09,,CU,Recalled,Seattle Mariners recalled SS Leo Rivas from Tacoma Rainiers.,660844.0,Leo Rivas,/api/v1/people/660844,136,Seattle Mariners,/api/v1/teams/136,529.0,Tacoma Rainiers,/api/v1/teams/529
827061,2025-04-09,2025-04-09,,SE,Selected,Seattle Mariners selected the contract of RHP Casey Lawrence from Tacoma Rainiers.,596271.0,Casey Lawrence,/api/v1/people/596271,136,Seattle Mariners,/api/v1/teams/136,529.0,Tacoma Rainiers,/api/v1/teams/529
827350,2025-04-10,2025-04-10,,OPT,Optioned,Seattle Mariners optioned RHP Luis F. Castillo to Tacoma Rainiers.,622379.0,Luis F. Castillo,/api/v1/people/622379,529,Tacoma Rainiers,/api/v1/teams/529,136.0,Seattle Mariners,/api/v1/teams/136
827641,2025-04-11,2025-04-11,2025-04-11,SFA,Signed as Free Agent,Seattle Mariners signed free agent RHP Michael Mariot to a minor league contract.,592527.0,Michael Mariot,/api/v1/people/592527,136,Seattle Mariners,/api/v1/teams/136,,,
830033,2025-04-11,2025-04-11,2025-04-11,SFA,Signed as Free Agent,Seattle Mariners signed free agent IF Diego Contreras to a minor league contract.,832559.0,Diego Contreras,/api/v1/people/832559,136,Seattle Mariners,/api/v1/teams/136,,,
830022,2025-04-11,2025-04-11,2025-04-11,SFA,Signed as Free Agent,Seattle Mariners signed free agent RHP Osvaldo Platas to a minor league contract.,832558.0,Osvaldo Platas,/api/v1/people/832558,136,Seattle Mariners,/api/v1/teams/136,,,
827979,2025-04-11,2025-04-11,2025-04-11,SFA,Signed as Free Agent,Seattle Mariners signed free agent RHP Kevin Pino to a minor league contract.,832493.0,Kevin Pino,/api/v1/people/832493,136,Seattle Mariners,/api/v1/teams/136,,,
827605,2025-04-11,2025-04-11,,CU,Recalled,Seattle Mariners recalled RHP Casey Legumina from Tacoma Rainiers.,668984.0,Casey Legumina,/api/v1/people/668984,136,Seattle Mariners,/api/v1/teams/136,529.0,Tacoma Rainiers,/api/v1/teams/529
827735,2025-04-12,2025-04-12,,OUT,Outrighted,Seattle Mariners sent RHP Jesse Hahn outright to Tacoma Rainiers.,534910.0,Jesse Hahn,/api/v1/people/534910,529,Tacoma Rainiers,/api/v1/teams/529,136.0,Seattle Mariners,/api/v1/teams/136
827801,2025-04-13,2025-04-13,2025-04-13,ASG,Assigned,Seattle Mariners sent RHP Matt Brash on a rehab assignment to Tacoma Rainiers.,666374.0,Matt Brash,/api/v1/people/666374,529,Tacoma Rainiers,/api/v1/teams/529,136.0,Seattle Mariners,/api/v1/teams/136
827787,2025-04-13,2025-04-13,2025-04-13,SC,Status Change,Seattle Mariners transferred 2B Ryan Bliss from the 10-day injured list to the 60-day injured list. Torn left biceps.,669208.0,Ryan Bliss,/api/v1/people/669208,136,Seattle Mariners,/api/v1/teams/136,,,
827788,2025-04-13,2025-04-13,,OPT,Optioned,Seattle Mariners optioned RF Dominic Canzone to Tacoma Rainiers.,686527.0,Dominic Canzone,/api/v1/people/686527,529,Tacoma Rainiers,/api/v1/teams/529,136.0,Seattle Mariners,/api/v1/teams/136
827790,2025-04-13,2025-04-13,,SE,Selected,Seattle Mariners selected the contract of 3B Ben Williamson from Tacoma Rainiers.,810938.0,Ben Williamson,/api/v1/people/810938,136,Seattle Mariners,/api/v1/teams/136,529.0,Tacoma Rainiers,/api/v1/teams/529
827831,2025-04-14,2025-04-14,2025-04-14,SC,Status Change,Seattle Mariners activated RHP Troy Taylor from the 15-day injured list.,700187.0,Troy Taylor,/api/v1/people/700187,136,Seattle Mariners,/api/v1/teams/136,,,
829081,2025-04-14,2025-04-14,2025-04-14,SFA,Signed as Free Agent,Seattle Mariners signed free agent LHP Justin Sanchez to a minor league contract.,806296.0,Justin Sanchez,/api/v1/people/806296,136,Seattle Mariners,/api/v1/teams/136,,,
827830,2025-04-14,2025-04-14,2025-04-14,DES,Designated for Assignment,Seattle Mariners designated RHP Casey Lawrence for assignment.,596271.0,Casey Lawrence,/api/v1/people/596271,136,Seattle Mariners,/api/v1/teams/136,,,
828335,2025-04-15,2025-04-15,2025-04-15,NUM,Number Change,2B Jorge Polanco changed number to 42.,593871.0,Jorge Polanco,/api/v1/people/593871,136,Seattle Mariners,/api/v1/teams/136,,,
828350,2025-04-15,2025-04-15,2025-04-15,NUM,Number Change,LHP Gabe Speier changed number to 42.,642100.0,Gabe Speier,/api/v1/people/642100,136,Seattle Mariners,/api/v1/teams/136,,,
828351,2025-04-15,2025-04-15,2025-04-15,NUM,Number Change,C Cal Raleigh changed number to 42.,663728.0,Cal Raleigh,/api/v1/people/663728,136,Seattle Mariners,/api/v1/teams/136,,,
828352,2025-04-15,2025-04-15,2025-04-15,NUM,Number Change,SS J.P. Crawford changed number to 42.,641487.0,J.P. Crawford,/api/v1/people/641487,136,Seattle Mariners,/api/v1/teams/136,,,
828353,2025-04-15,2025-04-15,2025-04-15,NUM,Number Change,SS Dylan Moore changed number to 42.,664238.0,Dylan Moore,/api/v1/people/664238,136,Seattle Mariners,/api/v1/teams/136,,,
828354,2025-04-15,2025-04-15,2025-04-15,NUM,Number Change,RHP Andrés Muñoz changed number to 42.,662253.0,Andrés Muñoz,/api/v1/people/662253,136,Seattle Mariners,/api/v1/teams/136,,,
828333,2025-04-15,2025-04-15,2025-04-15,NUM,Number Change,1B Rowdy Tellez changed number to 42.,642133.0,Rowdy Tellez,/api/v1/people/642133,136,Seattle Mariners,/api/v1/teams/136,,,
828344,2025-04-15,2025-04-15,2025-04-15,NUM,Number Change,RHP Carlos Vargas changed number to 42.,672841.0,Carlos Vargas,/api/v1/people/672841,136,Seattle Mariners,/api/v1/teams/136,,,
828345,2025-04-15,2025-04-15,2025-04-15,NUM,Number Change,C Mitch Garver changed number to 42.,641598.0,Mitch Garver,/api/v1/people/641598,136,Seattle Mariners,/api/v1/teams/136,,,
828346,2025-04-15,2025-04-15,2025-04-15,NUM,Number Change,RHP Logan Gilbert changed number to 42.,669302.0,Logan Gilbert,/api/v1/people/669302,136,Seattle Mariners,/api/v1/teams/136,,,
828347,2025-04-15,2025-04-15,2025-04-15,NUM,Number Change,RHP Bryce Miller changed number to 42.,682243.0,Bryce Miller,/api/v1/people/682243,136,Seattle Mariners,/api/v1/teams/136,,,
828348,2025-04-15,2025-04-15,2025-04-15,NUM,Number Change,CF Julio Rodríguez changed number to 42.,677594.0,Julio Rodríguez,/api/v1/people/677594,136,Seattle Mariners,/api/v1/teams/136,,,
828349,2025-04-15,2025-04-15,2025-04-15,NUM,Number Change,RHP Luis Castillo changed number to 42.,622491.0,Luis Castillo,/api/v1/people/622491,136,Seattle Mariners,/api/v1/teams/136,,,
828332,2025-04-15,2025-04-15,2025-04-15,NUM,Number Change,3B Donovan Solano changed number to 42.,456781.0,Donovan Solano,/api/v1/people/456781,136,Seattle Mariners,/api/v1/teams/136,,,
828340,2025-04-15,2025-04-15,2025-04-15,NUM,Number Change,LF Luke Raley changed number to 42.,670042.0,Luke Raley,/api/v1/people/670042,136,Seattle Mariners,/api/v1/teams/136,,,
828334,2025-04-15,2025-04-15,2025-04-15,NUM,Number Change,RHP Collin Snider changed number to 42.,676092.0,Collin Snider,/api/v1/people/676092,136,Seattle Mariners,/api/v1/teams/136,,,
828336,2025-04-15,2025-04-15,2025-04-15,NUM,Number Change,RHP Gregory Santos changed number to 42.,666619.0,Gregory Santos,/api/v1/people/666619,136,Seattle Mariners,/api/v1/teams/136,,,
828337,2025-04-15,2025-04-15,2025-04-15,NUM,Number Change,SS Leo Rivas changed number to 42.,660844.0,Leo Rivas,/api/v1/people/660844,136,Seattle Mariners,/api/v1/teams/136,,,
828338,2025-04-15,2025-04-15,2025-04-15,NUM,Number Change,RHP Troy Taylor changed number to 42.,700187.0,Troy Taylor,/api/v1/people/700187,136,Seattle Mariners,/api/v1/teams/136,,,
828339,2025-04-15,2025-04-15,2025-04-15,NUM,Number Change,LF Randy Arozarena changed number to 42.,668227.0,Randy Arozarena,/api/v1/people/668227,136,Seattle Mariners,/api/v1/teams/136,,,
828341,2025-04-15,2025-04-15,2025-04-15,NUM,Number Change,RHP Eduard Bazardo changed number to 42.,660825.0,Eduard Bazardo,/api/v1/people/660825,136,Seattle Mariners,/api/v1/teams/136,,,
828342,2025-04-15,2025-04-15,2025-04-15,NUM,Number Change,RHP Trent Thornton changed number to 42.,663423.0,Trent Thornton,/api/v1/people/663423,136,Seattle Mariners,/api/v1/teams/136,,,
828343,2025-04-15,2025-04-15,2025-04-15,NUM,Number Change,RHP Bryan Woo changed number to 42.,693433.0,Bryan Woo,/api/v1/people/693433,136,Seattle Mariners,/api/v1/teams/136,,,
828329,2025-04-15,2025-04-15,2025-04-15,NUM,Number Change,RHP Casey Legumina changed number to 42.,668984.0,Casey Legumina,/api/v1/people/668984,136,Seattle Mariners,/api/v1/teams/136,,,
828330,2025-04-15,2025-04-15,2025-04-15,NUM,Number Change,3B Ben Williamson changed number to 42.,810938.0,Ben Williamson,/api/v1/people/810938,136,Seattle Mariners,/api/v1/teams/136,,,
828331,2025-04-15,2025-04-15,2025-04-15,NUM,Number Change,SS Miles Mastrobuoni changed number to 42.,670156.0,Miles Mastrobuoni,/api/v1/people/670156,136,Seattle Mariners,/api/v1/teams/136,,,
828984,2025-04-15,2025-04-15,2025-04-15,SFA,Signed as Free Agent,Seattle Mariners signed free agent RHP Jesse Hahn to a minor league contract.,534910.0,Jesse Hahn,/api/v1/people/534910,136,Seattle Mariners,/api/v1/teams/136,,,
830879,2025-04-16,2025-04-16,2025-04-16,SFA,Signed as Free Agent,Seattle Mariners signed free agent RHP Zach Pop to a minor league contract.,647315.0,Zach Pop,/api/v1/people/647315,136,Seattle Mariners,/api/v1/teams/136,,,
829554,2025-04-16,2025-04-16,2025-04-16,NUM,Number Change,RHP Logan Gilbert changed number to 36.,669302.0,Logan Gilbert,/api/v1/people/669302,136,Seattle Mariners,/api/v1/teams/136,,,
829556,2025-04-16,2025-04-16,2025-04-16,NUM,Number Change,SS J.P. Crawford changed number to 3.,641487.0,J.P. Crawford,/api/v1/people/641487,136,Seattle Mariners,/api/v1/teams/136,,,
829553,2025-04-16,2025-04-16,2025-04-16,NUM,Number Change,C Cal Raleigh changed number to 29.,663728.0,Cal Raleigh,/api/v1/people/663728,136,Seattle Mariners,/api/v1/teams/136,,,
829555,2025-04-16,2025-04-16,2025-04-16,NUM,Number Change,SS Dylan Moore changed number to 25.,664238.0,Dylan Moore,/api/v1/people/664238,136,Seattle Mariners,/api/v1/teams/136,,,
829550,2025-04-16,2025-04-16,2025-04-16,NUM,Number Change,CF Julio Rodríguez changed number to 44.,677594.0,Julio Rodríguez,/api/v1/people/677594,136,Seattle Mariners,/api/v1/teams/136,,,
829551,2025-04-16,2025-04-16,2025-04-16,NUM,Number Change,RHP Luis Castillo changed number to 58.,622491.0,Luis Castillo,/api/v1/people/622491,136,Seattle Mariners,/api/v1/teams/136,,,
829552,2025-04-16,2025-04-16,2025-04-16,NUM,Number Change,LHP Gabe Speier changed number to 55.,642100.0,Gabe Speier,/api/v1/people/642100,136,Seattle Mariners,/api/v1/teams/136,,,
888120,2025-04-16,2025-04-16,2025-04-16,SC,Status Change,Seattle Mariners activated LF Randy Arozarena.,668227.0,Randy Arozarena,/api/v1/people/668227,136,Seattle Mariners,/api/v1/teams/136,,,
830878,2025-04-16,2025-04-16,2025-04-16,DFA,Declared Free Agency,RHP Casey Lawrence elected free agency.,596271.0,Casey Lawrence,/api/v1/people/596271,136,Seattle Mariners,/api/v1/teams/136,,,
829557,2025-04-16,2025-04-16,2025-04-16,NUM,Number Change,RHP Andrés Muñoz changed number to 75.,662253.0,Andrés Muñoz,/api/v1/people/662253,136,Seattle Mariners,/api/v1/teams/136,,,
829529,2025-04-16,2025-04-16,2025-04-16,NUM,Number Change,3B Ben Williamson changed number to 9.,810938.0,Ben Williamson,/api/v1/people/810938,136,Seattle Mariners,/api/v1/teams/136,,,
829533,2025-04-16,2025-04-16,2025-04-16,NUM,Number Change,2B Jorge Polanco changed number to 7.,593871.0,Jorge Polanco,/api/v1/people/593871,136,Seattle Mariners,/api/v1/teams/136,,,
829534,2025-04-16,2025-04-16,2025-04-16,NUM,Number Change,1B Rowdy Tellez changed number to 23.,642133.0,Rowdy Tellez,/api/v1/people/642133,136,Seattle Mariners,/api/v1/teams/136,,,
829535,2025-04-16,2025-04-16,2025-04-16,NUM,Number Change,3B Donovan Solano changed number to 39.,456781.0,Donovan Solano,/api/v1/people/456781,136,Seattle Mariners,/api/v1/teams/136,,,
829536,2025-04-16,2025-04-16,2025-04-16,NUM,Number Change,SS Miles Mastrobuoni changed number to 21.,670156.0,Miles Mastrobuoni,/api/v1/people/670156,136,Seattle Mariners,/api/v1/teams/136,,,
829537,2025-04-16,2025-04-16,2025-04-16,NUM,Number Change,RHP Casey Legumina changed number to 64.,668984.0,Casey Legumina,/api/v1/people/668984,136,Seattle Mariners,/api/v1/teams/136,,,
829538,2025-04-16,2025-04-16,2025-04-16,NUM,Number Change,RHP Troy Taylor changed number to 59.,700187.0,Troy Taylor,/api/v1/people/700187,136,Seattle Mariners,/api/v1/teams/136,,,
829539,2025-04-16,2025-04-16,2025-04-16,NUM,Number Change,RHP Trent Thornton changed number to 46.,663423.0,Trent Thornton,/api/v1/people/663423,136,Seattle Mariners,/api/v1/teams/136,,,
829540,2025-04-16,2025-04-16,2025-04-16,NUM,Number Change,RHP Gregory Santos changed number to 48.,666619.0,Gregory Santos,/api/v1/people/666619,136,Seattle Mariners,/api/v1/teams/136,,,
829541,2025-04-16,2025-04-16,2025-04-16,NUM,Number Change,RHP Collin Snider changed number to 52.,676092.0,Collin Snider,/api/v1/people/676092,136,Seattle Mariners,/api/v1/teams/136,,,
829542,2025-04-16,2025-04-16,2025-04-16,NUM,Number Change,SS Leo Rivas changed number to 76.,660844.0,Leo Rivas,/api/v1/people/660844,136,Seattle Mariners,/api/v1/teams/136,,,
829543,2025-04-16,2025-04-16,2025-04-16,NUM,Number Change,LF Randy Arozarena changed number to 56.,668227.0,Randy Arozarena,/api/v1/people/668227,136,Seattle Mariners,/api/v1/teams/136,,,
829544,2025-04-16,2025-04-16,2025-04-16,NUM,Number Change,LF Luke Raley changed number to 20.,670042.0,Luke Raley,/api/v1/people/670042,136,Seattle Mariners,/api/v1/teams/136,,,
829545,2025-04-16,2025-04-16,2025-04-16,NUM,Number Change,C Mitch Garver changed number to 18.,641598.0,Mitch Garver,/api/v1/people/641598,136,Seattle Mariners,/api/v1/teams/136,,,
829546,2025-04-16,2025-04-16,2025-04-16,NUM,Number Change,RHP Eduard Bazardo changed number to 83.,660825.0,Eduard Bazardo,/api/v1/people/660825,136,Seattle Mariners,/api/v1/teams/136,,,
829547,2025-04-16,2025-04-16,2025-04-16,NUM,Number Change,RHP Bryan Woo changed number to 22.,693433.0,Bryan Woo,/api/v1/people/693433,136,Seattle Mariners,/api/v1/teams/136,,,
829548,2025-04-16,2025-04-16,2025-04-16,NUM,Number Change,RHP Bryce Miller changed number to 50.,682243.0,Bryce Miller,/api/v1/people/682243,136,Seattle Mariners,/api/v1/teams/136,,,
829549,2025-04-16,2025-04-16,2025-04-16,NUM,Number Change,RHP Carlos Vargas changed number to 54.,672841.0,Carlos Vargas,/api/v1/people/672841,136,Seattle Mariners,/api/v1/teams/136,,,
830063,2025-04-16,2025-04-16,,OPT,Optioned,Seattle Mariners optioned RHP Gregory Santos to Tacoma Rainiers.,666619.0,Gregory Santos,/api/v1/people/666619,529,Tacoma Rainiers,/api/v1/teams/529,136.0,Seattle Mariners,/api/v1/teams/136
830062,2025-04-16,2025-04-16,,CU,Recalled,Seattle Mariners recalled RHP Will Klein from Tacoma Rainiers.,694361.0,Will Klein,/api/v1/people/694361,136,Seattle Mariners,/api/v1/teams/136,529.0,Tacoma Rainiers,/api/v1/teams/529
830983,2025-04-17,2025-04-17,2025-04-17,SFA,Signed as Free Agent,Seattle Mariners signed free agent RHP Casey Lawrence to a minor league contract.,596271.0,Casey Lawrence,/api/v1/people/596271,136,Seattle Mariners,/api/v1/teams/136,,,
830294,2025-04-17,2025-04-17,,CU,Recalled,Seattle Mariners recalled RHP Emerson Hancock from Tacoma Rainiers.,676106.0,Emerson Hancock,/api/v1/people/676106,136,Seattle Mariners,/api/v1/teams/136,529.0,Tacoma Rainiers,/api/v1/teams/529
830293,2025-04-17,2025-04-17,,OPT,Optioned,Seattle Mariners optioned RHP Will Klein to Tacoma Rainiers.,694361.0,Will Klein,/api/v1/people/694361,529,Tacoma Rainiers,/api/v1/teams/529,136.0,Seattle Mariners,/api/v1/teams/136
830986,2025-04-18,2025-04-18,,SE,Selected,Seattle Mariners selected the contract of RHP Casey Lawrence from Tacoma Rainiers.,596271.0,Casey Lawrence,/api/v1/people/596271,136,Seattle Mariners,/api/v1/teams/136,529.0,Tacoma Rainiers,/api/v1/teams/529
830980,2025-04-18,2025-04-18,,OPT,Optioned,Seattle Mariners optioned RHP Troy Taylor to Tacoma Rainiers.,700187.0,Troy Taylor,/api/v1/people/700187,529,Tacoma Rainiers,/api/v1/teams/529,136.0,Seattle Mariners,/api/v1/teams/136
831360,2025-04-20,2025-04-20,2025-04-20,DES,Designated for Assignment,Seattle Mariners designated RHP Casey Lawrence for assignment.,596271.0,Casey Lawrence,/api/v1/people/596271,136,Seattle Mariners,/api/v1/teams/136,,,
831359,2025-04-20,2025-04-20,,SE,Selected,Seattle Mariners selected the contract of RHP Sauryn Lao from Tacoma Rainiers.,666659.0,Sauryn Lao,/api/v1/people/666659,136,Seattle Mariners,/api/v1/teams/136,529.0,Tacoma Rainiers,/api/v1/teams/529
831506,2025-04-21,2025-04-21,,TR,Trade,Seattle Mariners traded LHP Drew Pomeranz to Chicago Cubs.,519141.0,Drew Pomeranz,/api/v1/people/519141,112,Chicago Cubs,/api/v1/teams/112,136.0,Seattle Mariners,/api/v1/teams/136
831576,2025-04-22,2025-04-22,,OUT,Outrighted,Seattle Mariners sent RHP Casey Lawrence outright to Tacoma Rainiers.,596271.0,Casey Lawrence,/api/v1/people/596271,529,Tacoma Rainiers,/api/v1/teams/529,136.0,Seattle Mariners,/api/v1/teams/136
831812,2025-04-23,2025-04-23,2025-04-23,SC,Status Change,Seattle Mariners transferred RF Victor Robles from the 10-day injured list to the 60-day injured list.,645302.0,Victor Robles,/api/v1/people/645302,136,Seattle Mariners,/api/v1/teams/136,,,
831813,2025-04-23,2025-04-23,,OPT,Optioned,Seattle Mariners optioned RHP Sauryn Lao to Tacoma Rainiers.,666659.0,Sauryn Lao,/api/v1/people/666659,529,Tacoma Rainiers,/api/v1/teams/529,136.0,Seattle Mariners,/api/v1/teams/136
831814,2025-04-23,2025-04-23,,SE,Selected,Seattle Mariners selected the contract of RHP Casey Lawrence from Tacoma Rainiers.,596271.0,Casey Lawrence,/api/v1/people/596271,136,Seattle Mariners,/api/v1/teams/136,529.0,Tacoma Rainiers,/api/v1/teams/529
832280,2025-04-26,2025-04-26,2025-04-26,DES,Designated for Assignment,Seattle Mariners designated RHP Casey Lawrence for assignment.,596271.0,Casey Lawrence,/api/v1/people/596271,136,Seattle Mariners,/api/v1/teams/136,,,
833193,2025-04-26,2025-04-26,2025-04-26,SFA,Signed as Free Agent,Seattle Mariners signed free agent RHP Andrew Carson to a minor league contract.,802539.0,Andrew Carson,/api/v1/people/802539,136,Seattle Mariners,/api/v1/teams/136,,,
832279,2025-04-26,2025-04-26,2025-04-26,SC,Status Change,Seattle Mariners placed RHP Logan Gilbert on the 15-day injured list. Right elbow flexor strain.,669302.0,Logan Gilbert,/api/v1/people/669302,136,Seattle Mariners,/api/v1/teams/136,,,
832282,2025-04-26,2025-04-26,,CU,Recalled,Seattle Mariners recalled RHP Troy Taylor from Tacoma Rainiers.,700187.0,Troy Taylor,/api/v1/people/700187,136,Seattle Mariners,/api/v1/teams/136,529.0,Tacoma Rainiers,/api/v1/teams/529
832281,2025-04-26,2025-04-26,,CU,Recalled,Seattle Mariners recalled LHP Tayler Saucedo from Tacoma Rainiers.,642048.0,Tayler Saucedo,/api/v1/people/642048,136,Seattle Mariners,/api/v1/teams/136,529.0,Tacoma Rainiers,/api/v1/teams/529
832360,2025-04-27,2025-04-27,,SE,Selected,Seattle Mariners selected the contract of RHP Logan Evans from Tacoma Rainiers.,688138.0,Logan Evans,/api/v1/people/688138,136,Seattle Mariners,/api/v1/teams/136,529.0,Tacoma Rainiers,/api/v1/teams/529
832361,2025-04-27,2025-04-27,,OPT,Optioned,Seattle Mariners optioned LHP Tayler Saucedo to Tacoma Rainiers.,642048.0,Tayler Saucedo,/api/v1/people/642048,529,Tacoma Rainiers,/api/v1/teams/529,136.0,Seattle Mariners,/api/v1/teams/136
832451,2025-04-28,2025-04-28,,CLW,Claimed Off Waivers,Toronto Blue Jays claimed RHP Casey Lawrence off waivers from Seattle Mariners.,596271.0,Casey Lawrence,/api/v1/people/596271,141,Toronto Blue Jays,/api/v1/teams/141,136.0,Seattle Mariners,/api/v1/teams/136
832676,2025-04-29,2025-04-29,2025-04-29,SC,Status Change,Seattle Mariners placed RHP Gregory Santos on the 60-day injured list.,666619.0,Gregory Santos,/api/v1/people/666619,136,Seattle Mariners,/api/v1/teams/136,,,
832777,2025-04-29,2025-04-29,2025-04-29,SFA,Signed as Free Agent,Seattle Mariners signed free agent RHP Bryan Shaw to a minor league contract.,543766.0,Bryan Shaw,/api/v1/people/543766,136,Seattle Mariners,/api/v1/teams/136,,,
832673,2025-04-29,2025-04-29,,SE,Selected,Seattle Mariners selected the contract of 2B Samad Taylor from Tacoma Rainiers.,669392.0,Samad Taylor,/api/v1/people/669392,136,Seattle Mariners,/api/v1/teams/136,529.0,Tacoma Rainiers,/api/v1/teams/529
832932,2025-04-30,2025-04-28,2025-04-28,SC,Status Change,"Seattle Mariners placed RF Luke Raley on the 10-day injured list retroactive to April 28, 2025. Right oblique strain.",670042.0,Luke Raley,/api/v1/people/670042,136,Seattle Mariners,/api/v1/teams/136,,,
832931,2025-04-30,2025-04-30,2025-04-30,DES,Designated for Assignment,Seattle Mariners designated RHP Sauryn Lao for assignment.,666659.0,Sauryn Lao,/api/v1/people/666659,136,Seattle Mariners,/api/v1/teams/136,,,
835307,2025-04-30,2025-04-30,2025-04-30,SFA,Signed as Free Agent,Seattle Mariners signed free agent LHP Jacob Denner to a minor league contract.,693527.0,Jacob Denner,/api/v1/people/693527,136,Seattle Mariners,/api/v1/teams/136,,,
835311,2025-04-30,2025-04-30,2025-04-30,SFA,Signed as Free Agent,Seattle Mariners signed free agent RHP Noah Manning to a minor league contract.,828538.0,Noah Manning,/api/v1/people/828538,136,Seattle Mariners,/api/v1/teams/136,,,
832930,2025-04-30,2025-04-30,,SE,Selected,Seattle Mariners selected the contract of LF Rhylan Thomas from Tacoma Rainiers.,689041.0,Rhylan Thomas,/api/v1/people/689041,136,Seattle Mariners,/api/v1/teams/136,529.0,Tacoma Rainiers,/api/v1/teams/529
834345,2025-05-02,2025-05-02,,OUT,Outrighted,Seattle Mariners sent RHP Sauryn Lao outright to Tacoma Rainiers.,666659.0,Sauryn Lao,/api/v1/people/666659,529,Tacoma Rainiers,/api/v1/teams/529,136.0,Seattle Mariners,/api/v1/teams/136
834878,2025-05-03,2025-05-03,2025-05-03,ASG,Assigned,Seattle Mariners sent RHP Jackson Kowar on a rehab assignment to ACL Mariners.,663804.0,Jackson Kowar,/api/v1/people/663804,409,ACL Mariners,/api/v1/teams/409,136.0,Seattle Mariners,/api/v1/teams/136
836229,2025-05-03,2025-05-03,2025-05-03,ASG,Assigned,Seattle Mariners sent RHP Jackson Kowar on a rehab assignment to ACL Mariners.,663804.0,Jackson Kowar,/api/v1/people/663804,409,ACL Mariners,/api/v1/teams/409,136.0,Seattle Mariners,/api/v1/teams/136
834742,2025-05-03,2025-05-03,2025-05-03,SC,Status Change,Seattle Mariners activated RHP Matt Brash from the 15-day injured list.,666374.0,Matt Brash,/api/v1/people/666374,136,Seattle Mariners,/api/v1/teams/136,,,
834744,2025-05-03,2025-05-03,,OPT,Optioned,Seattle Mariners optioned RHP Troy Taylor to Tacoma Rainiers.,700187.0,Troy Taylor,/api/v1/people/700187,529,Tacoma Rainiers,/api/v1/teams/529,136.0,Seattle Mariners,/api/v1/teams/136
834937,2025-05-04,2025-05-04,2025-05-04,ASG,Assigned,Seattle Mariners sent RHP George Kirby on a rehab assignment to Tacoma Rainiers.,669923.0,George Kirby,/api/v1/people/669923,529,Tacoma Rainiers,/api/v1/teams/529,136.0,Seattle Mariners,/api/v1/teams/136
835362,2025-05-06,2025-05-06,2025-05-06,SC,Status Change,Seattle Mariners activated 3B Dylan Moore from the 10-day injured list.,664238.0,Dylan Moore,/api/v1/people/664238,136,Seattle Mariners,/api/v1/teams/136,,,
835664,2025-05-06,2025-05-06,2025-05-06,DES,Designated for Assignment,Seattle Mariners designated RHP Luis F. Castillo for assignment.,622379.0,Luis F. Castillo,/api/v1/people/622379,136,Seattle Mariners,/api/v1/teams/136,,,
835376,2025-05-06,2025-05-06,2025-05-06,DES,Designated for Assignment,Seattle Mariners designated RHP Luis F. Castillo for assignment.,622379.0,Luis F. Castillo,/api/v1/people/622379,136,Seattle Mariners,/api/v1/teams/136,,,
835361,2025-05-06,2025-05-05,,OPT,Optioned,Seattle Mariners optioned 2B Samad Taylor to Tacoma Rainiers.,669392.0,Samad Taylor,/api/v1/people/669392,529,Tacoma Rainiers,/api/v1/teams/529,136.0,Seattle Mariners,/api/v1/teams/136
835377,2025-05-06,2025-05-06,,CLW,Claimed Off Waivers,Seattle Mariners claimed CF Leody Taveras off waivers from Texas Rangers.,665750.0,Leody Taveras,/api/v1/people/665750,136,Seattle Mariners,/api/v1/teams/136,140.0,Texas Rangers,/api/v1/teams/140
835680,2025-05-07,2025-05-07,2025-05-07,SFA,Signed as Free Agent,Seattle Mariners signed free agent RHP Casey Lawrence to a minor league contract.,596271.0,Casey Lawrence,/api/v1/people/596271,136,Seattle Mariners,/api/v1/teams/136,,,
835572,2025-05-07,2025-05-07,2025-05-07,SC,Status Change,Seattle Mariners activated CF Leody Taveras.,665750.0,Leody Taveras,/api/v1/people/665750,136,Seattle Mariners,/api/v1/teams/136,,,
835573,2025-05-07,2025-05-07,,OPT,Optioned,Seattle Mariners optioned LF Rhylan Thomas to Tacoma Rainiers.,689041.0,Rhylan Thomas,/api/v1/people/689041,529,Tacoma Rainiers,/api/v1/teams/529,136.0,Seattle Mariners,/api/v1/teams/136
835663,2025-05-08,2025-05-07,,TR,Trade,Seattle Mariners traded RHP Luis F. Castillo to Baltimore Orioles for cash.,,,,136,Seattle Mariners,/api/v1/teams/136,110.0,Baltimore Orioles,/api/v1/teams/110
835837,2025-05-09,2025-05-06,2025-05-06,SC,Status Change,"Seattle Mariners placed RHP Trent Thornton on the 15-day injured list retroactive to May 6, 2025. Appendicitis.",663423.0,Trent Thornton,/api/v1/people/663423,136,Seattle Mariners,/api/v1/teams/136,,,
835838,2025-05-09,2025-05-09,,CU,Recalled,Seattle Mariners recalled RHP Troy Taylor from Tacoma Rainiers.,700187.0,Troy Taylor,/api/v1/people/700187,136,Seattle Mariners,/api/v1/teams/136,529.0,Tacoma Rainiers,/api/v1/teams/529
836230,2025-05-10,2025-05-10,2025-05-10,ASG,Assigned,Seattle Mariners sent RHP Jackson Kowar on a rehab assignment to Tacoma Rainiers.,663804.0,Jackson Kowar,/api/v1/people/663804,529,Tacoma Rainiers,/api/v1/teams/529,136.0,Seattle Mariners,/api/v1/teams/136
836887,2025-05-13,2025-05-13,2025-05-13,SFA,Signed as Free Agent,Seattle Mariners signed free agent OF Tomo Otosaka to a minor league contract.,678465.0,Tomo Otosaka,/api/v1/people/678465,136,Seattle Mariners,/api/v1/teams/136,,,
837586,2025-05-14,2025-05-12,2025-05-12,SC,Status Change,"Seattle Mariners placed RHP Bryce Miller on the 15-day injured list retroactive to May 12, 2025. Right elbow inflammation.",682243.0,Bryce Miller,/api/v1/people/682243,136,Seattle Mariners,/api/v1/teams/136,,,
837585,2025-05-14,2025-05-14,,CU,Recalled,Seattle Mariners recalled LHP Jhonathan Díaz from Tacoma Rainiers.,646242.0,Jhonathan Díaz,/api/v1/people/646242,136,Seattle Mariners,/api/v1/teams/136,529.0,Tacoma Rainiers,/api/v1/teams/529
839376,2025-05-20,2025-05-20,2025-05-20,DES,Designated for Assignment,Seattle Mariners designated 1B Austin Shenton for assignment.,668853.0,Austin Shenton,/api/v1/people/668853,136,Seattle Mariners,/api/v1/teams/136,,,
839378,2025-05-20,2025-05-20,,SE,Selected,Seattle Mariners selected the contract of RHP Casey Lawrence from Tacoma Rainiers.,596271.0,Casey Lawrence,/api/v1/people/596271,136,Seattle Mariners,/api/v1/teams/136,529.0,Tacoma Rainiers,/api/v1/teams/529
839377,2025-05-20,2025-05-20,,OPT,Optioned,Seattle Mariners optioned LHP Jhonathan Díaz to Tacoma Rainiers.,646242.0,Jhonathan Díaz,/api/v1/people/646242,529,Tacoma Rainiers,/api/v1/teams/529,136.0,Seattle Mariners,/api/v1/teams/136
839686,2025-05-21,2025-05-21,2025-05-21,DES,Designated for Assignment,Seattle Mariners designated RHP Casey Lawrence for assignment.,596271.0,Casey Lawrence,/api/v1/people/596271,136,Seattle Mariners,/api/v1/teams/136,,,
839688,2025-05-21,2025-05-21,2025-05-21,SC,Status Change,Seattle Mariners activated RHP Jesse Hahn.,534910.0,Jesse Hahn,/api/v1/people/534910,136,Seattle Mariners,/api/v1/teams/136,,,
839687,2025-05-21,2025-05-21,,SE,Selected,Seattle Mariners selected the contract of RHP Jesse Hahn from Tacoma Rainiers.,534910.0,Jesse Hahn,/api/v1/people/534910,136,Seattle Mariners,/api/v1/teams/136,529.0,Tacoma Rainiers,/api/v1/teams/529
839926,2025-05-22,2025-05-22,2025-05-22,SC,Status Change,Seattle Mariners activated RHP George Kirby from the 15-day injured list.,669923.0,George Kirby,/api/v1/people/669923,136,Seattle Mariners,/api/v1/teams/136,,,
839925,2025-05-22,2025-05-22,,OPT,Optioned,Seattle Mariners optioned RHP Troy Taylor to Tacoma Rainiers.,700187.0,Troy Taylor,/api/v1/people/700187,529,Tacoma Rainiers,/api/v1/teams/529,136.0,Seattle Mariners,/api/v1/teams/136
840284,2025-05-23,2025-05-23,2025-05-23,DES,Designated for Assignment,Seattle Mariners designated RHP Jesse Hahn for assignment.,534910.0,Jesse Hahn,/api/v1/people/534910,136,Seattle Mariners,/api/v1/teams/136,,,
840213,2025-05-23,2025-05-23,,OUT,Outrighted,Seattle Mariners sent RHP Casey Lawrence outright to Tacoma Rainiers.,596271.0,Casey Lawrence,/api/v1/people/596271,529,Tacoma Rainiers,/api/v1/teams/529,136.0,Seattle Mariners,/api/v1/teams/136
840283,2025-05-23,2025-05-23,,CU,Recalled,Seattle Mariners recalled RHP Blas Castano from Tacoma Rainiers.,680604.0,Blas Castaño,/api/v1/people/680604,136,Seattle Mariners,/api/v1/teams/136,529.0,Tacoma Rainiers,/api/v1/teams/529
841179,2025-05-24,2025-05-24,2025-05-24,SFA,Signed as Free Agent,Seattle Mariners signed free agent RHP Casey Lawrence to a minor league contract.,596271.0,Casey Lawrence,/api/v1/people/596271,136,Seattle Mariners,/api/v1/teams/136,,,
840707,2025-05-26,2025-05-26,,OUT,Outrighted,Seattle Mariners sent RHP Jesse Hahn outright to Tacoma Rainiers.,534910.0,Jesse Hahn,/api/v1/people/534910,529,Tacoma Rainiers,/api/v1/teams/529,136.0,Seattle Mariners,/api/v1/teams/136
840708,2025-05-26,2025-05-26,,OUT,Outrighted,Seattle Mariners sent 1B Austin Shenton outright to Tacoma Rainiers.,668853.0,Austin Shenton,/api/v1/people/668853,529,Tacoma Rainiers,/api/v1/teams/529,136.0,Seattle Mariners,/api/v1/teams/136
841305,2025-05-28,2025-05-28,2025-05-28,SC,Status Change,Seattle Mariners activated RHP Jackson Kowar from the 60-day injured list.,663804.0,Jackson Kowar,/api/v1/people/663804,136,Seattle Mariners,/api/v1/teams/136,,,
841304,2025-05-28,2025-05-28,,OPT,Optioned,Seattle Mariners optioned RHP Logan Evans to Tacoma Rainiers.,688138.0,Logan Evans,/api/v1/people/688138,529,Tacoma Rainiers,/api/v1/teams/529,136.0,Seattle Mariners,/api/v1/teams/136
841528,2025-05-29,2025-05-29,2025-05-29,DES,Designated for Assignment,Seattle Mariners designated C Blake Hunt for assignment.,675448.0,Blake Hunt,/api/v1/people/675448,136,Seattle Mariners,/api/v1/teams/136,,,
848501,2025-05-29,2025-05-29,2025-05-29,ASG,Assigned,Seattle Mariners sent RHP Logan Gilbert on a rehab assignment to Tacoma Rainiers.,669302.0,Logan Gilbert,/api/v1/people/669302,529,Tacoma Rainiers,/api/v1/teams/529,136.0,Seattle Mariners,/api/v1/teams/136
841561,2025-05-29,2025-05-29,2025-05-29,ASG,Assigned,Seattle Mariners sent RHP Logan Gilbert on a rehab assignment to Tacoma Rainiers.,669302.0,Logan Gilbert,/api/v1/people/669302,529,Tacoma Rainiers,/api/v1/teams/529,136.0,Seattle Mariners,/api/v1/teams/136
841526,2025-05-29,2025-05-29,,OPT,Optioned,Seattle Mariners optioned RHP Blas Castaño to Tacoma Rainiers.,680604.0,Blas Castaño,/api/v1/people/680604,529,Tacoma Rainiers,/api/v1/teams/529,136.0,Seattle Mariners,/api/v1/teams/136
841527,2025-05-29,2025-05-29,,SE,Selected,Seattle Mariners selected the contract of RHP Casey Lawrence from ACL Mariners.,596271.0,Casey Lawrence,/api/v1/people/596271,136,Seattle Mariners,/api/v1/teams/136,409.0,ACL Mariners,/api/v1/teams/409
842135,2025-05-30,2025-05-30,2025-05-30,ASG,Assigned,Seattle Mariners sent RHP Trent Thornton on a rehab assignment to Tacoma Rainiers.,663423.0,Trent Thornton,/api/v1/people/663423,529,Tacoma Rainiers,/api/v1/teams/529,136.0,Seattle Mariners,/api/v1/teams/136
845589,2025-05-30,2025-05-30,2025-05-30,ASG,Assigned,Seattle Mariners sent RHP Trent Thornton on a rehab assignment to Tacoma Rainiers.,663423.0,Trent Thornton,/api/v1/people/663423,529,Tacoma Rainiers,/api/v1/teams/529,136.0,Seattle Mariners,/api/v1/teams/136
844679,2025-05-31,2025-05-31,2025-05-31,ASG,Assigned,1B Dalton Davis assigned to Seattle Mariners.,802990.0,Dalton Davis,/api/v1/people/802990,136,Seattle Mariners,/api/v1/teams/136,,,
842352,2025-05-31,2025-05-31,2025-05-31,SC,Status Change,Seattle Mariners activated RHP Bryce Miller from the 15-day injured list.,682243.0,Bryce Miller,/api/v1/people/682243,136,Seattle Mariners,/api/v1/teams/136,,,
842351,2025-05-31,2025-05-31,2025-05-31,DES,Designated for Assignment,Seattle Mariners designated RHP Will Klein for assignment.,694361.0,Will Klein,/api/v1/people/694361,136,Seattle Mariners,/api/v1/teams/136,,,
842355,2025-05-31,2025-05-31,,OPT,Optioned,Seattle Mariners optioned RHP Casey Legumina to Tacoma Rainiers.,668984.0,Casey Legumina,/api/v1/people/668984,529,Tacoma Rainiers,/api/v1/teams/529,136.0,Seattle Mariners,/api/v1/teams/136
842353,2025-05-31,2025-05-31,,SE,Selected,Seattle Mariners selected the contract of SS Cole Young from Tacoma Rainiers.,702284.0,Cole Young,/api/v1/people/702284,136,Seattle Mariners,/api/v1/teams/136,529.0,Tacoma Rainiers,/api/v1/teams/529
842354,2025-05-31,2025-05-31,,OPT,Optioned,Seattle Mariners optioned 2B Leo Rivas to Tacoma Rainiers.,660844.0,Leo Rivas,/api/v1/people/660844,529,Tacoma Rainiers,/api/v1/teams/529,136.0,Seattle Mariners,/api/v1/teams/136
843205,2025-06-01,2025-06-01,,OUT,Outrighted,Seattle Mariners sent C Blake Hunt outright to Tacoma Rainiers.,675448.0,Blake Hunt,/api/v1/people/675448,529,Tacoma Rainiers,/api/v1/teams/529,136.0,Seattle Mariners,/api/v1/teams/136
843706,2025-06-02,2025-06-02,,TR,Trade,Seattle Mariners traded RHP Will Klein to Los Angeles Dodgers for LHP Joe Jacques.,694361.0,Will Klein,/api/v1/people/694361,119,Los Angeles Dodgers,/api/v1/teams/119,136.0,Seattle Mariners,/api/v1/teams/136
844312,2025-06-03,2025-06-03,2025-06-03,SFA,Signed as Free Agent,Seattle Mariners signed free agent RHP Jesse Hahn to a minor league contract.,534910.0,Jesse Hahn,/api/v1/people/534910,136,Seattle Mariners,/api/v1/teams/136,,,
845802,2025-06-03,2025-06-03,2025-06-03,SFA,Signed as Free Agent,Seattle Mariners signed free agent RHP Daniel Bard to a minor league contract.,453268.0,Daniel Bard,/api/v1/people/453268,136,Seattle Mariners,/api/v1/teams/136,,,
844950,2025-06-04,2025-06-04,2025-06-04,SC,Status Change,Seattle Mariners placed RHP Collin Snider on the 15-day injured list. Right forearm flexor strain.,676092.0,Collin Snider,/api/v1/people/676092,136,Seattle Mariners,/api/v1/teams/136,,,
844949,2025-06-04,2025-06-04,,CU,Recalled,Seattle Mariners recalled RHP Casey Legumina from Tacoma Rainiers.,668984.0,Casey Legumina,/api/v1/people/668984,136,Seattle Mariners,/api/v1/teams/136,529.0,Tacoma Rainiers,/api/v1/teams/529
845626,2025-06-07,2025-06-07,2025-06-07,SFA,Signed as Free Agent,Seattle Mariners signed free agent RHP Trevor Gott to a minor league contract.,641627.0,Trevor Gott,/api/v1/people/641627,136,Seattle Mariners,/api/v1/teams/136,,,
845588,2025-06-07,2025-06-07,2025-06-07,DES,Designated for Assignment,Seattle Mariners designated RHP Casey Lawrence for assignment.,596271.0,Casey Lawrence,/api/v1/people/596271,136,Seattle Mariners,/api/v1/teams/136,,,
845590,2025-06-07,2025-06-07,2025-06-07,SC,Status Change,Seattle Mariners activated RHP Trent Thornton from the 15-day injured list.,663423.0,Trent Thornton,/api/v1/people/663423,136,Seattle Mariners,/api/v1/teams/136,,,
845958,2025-06-09,2025-06-09,2025-06-09,DES,Designated for Assignment,Seattle Mariners designated CF Leody Taveras for assignment.,665750.0,Leody Taveras,/api/v1/people/665750,136,Seattle Mariners,/api/v1/teams/136,,,
845957,2025-06-09,2025-06-09,,CU,Recalled,Seattle Mariners recalled RF Dominic Canzone from Tacoma Rainiers.,686527.0,Dominic Canzone,/api/v1/people/686527,136,Seattle Mariners,/api/v1/teams/136,529.0,Tacoma Rainiers,/api/v1/teams/529
846042,2025-06-09,2025-06-09,,OUT,Outrighted,Seattle Mariners sent RHP Casey Lawrence outright to Tacoma Rainiers.,596271.0,Casey Lawrence,/api/v1/people/596271,529,Tacoma Rainiers,/api/v1/teams/529,136.0,Seattle Mariners,/api/v1/teams/136
846923,2025-06-10,2025-06-10,2025-06-10,SFA,Signed as Free Agent,Seattle Mariners signed free agent RHP Casey Lawrence to a minor league contract.,596271.0,Casey Lawrence,/api/v1/people/596271,136,Seattle Mariners,/api/v1/teams/136,,,
846197,2025-06-10,2025-06-07,2025-06-07,SC,Status Change,"Seattle Mariners placed RHP Bryce Miller on the 15-day injured list retroactive to June 7, 2025. Right elbow inflammation.",682243.0,Bryce Miller,/api/v1/people/682243,136,Seattle Mariners,/api/v1/teams/136,,,
846196,2025-06-10,2025-06-10,,CU,Recalled,Seattle Mariners recalled RHP Logan Evans from Tacoma Rainiers.,688138.0,Logan Evans,/api/v1/people/688138,136,Seattle Mariners,/api/v1/teams/136,529.0,Tacoma Rainiers,/api/v1/teams/529
849315,2025-06-12,2025-06-12,2025-06-12,ASG,Assigned,Seattle Mariners sent RF Luke Raley on a rehab assignment to Tacoma Rainiers.,670042.0,Luke Raley,/api/v1/people/670042,529,Tacoma Rainiers,/api/v1/teams/529,136.0,Seattle Mariners,/api/v1/teams/136
846820,2025-06-12,2025-06-12,2025-06-12,ASG,Assigned,Seattle Mariners sent RF Luke Raley on a rehab assignment to Tacoma Rainiers.,670042.0,Luke Raley,/api/v1/people/670042,529,Tacoma Rainiers,/api/v1/teams/529,136.0,Seattle Mariners,/api/v1/teams/136
847059,2025-06-13,2025-06-13,,OPT,Optioned,Seattle Mariners optioned RHP Logan Evans to Tacoma Rainiers.,688138.0,Logan Evans,/api/v1/people/688138,529,Tacoma Rainiers,/api/v1/teams/529,136.0,Seattle Mariners,/api/v1/teams/136
847058,2025-06-13,2025-06-13,,SE,Selected,Seattle Mariners selected the contract of RHP Zach Pop from Tacoma Rainiers.,647315.0,Zach Pop,/api/v1/people/647315,136,Seattle Mariners,/api/v1/teams/136,529.0,Tacoma Rainiers,/api/v1/teams/529
847021,2025-06-13,2025-06-13,,OUT,Outrighted,Seattle Mariners sent CF Leody Taveras outright to Tacoma Rainiers.,665750.0,Leody Taveras,/api/v1/people/665750,529,Tacoma Rainiers,/api/v1/teams/529,136.0,Seattle Mariners,/api/v1/teams/136
846969,2025-06-13,2025-06-13,,OUT,Outrighted,Seattle Mariners sent CF Leody Taveras outright to Tacoma Rainiers.,665750.0,Leody Taveras,/api/v1/people/665750,529,Tacoma Rainiers,/api/v1/teams/529,136.0,Seattle Mariners,/api/v1/teams/136
848090,2025-06-14,2025-06-14,,TR,Trade,Seattle Mariners traded 3B Nick Dunn to Philadelphia Phillies for cash.,,,,136,Seattle Mariners,/api/v1/teams/136,143.0,Philadelphia Phillies,/api/v1/teams/143
848502,2025-06-16,2025-06-16,2025-06-16,SC,Status Change,Seattle Mariners activated RHP Logan Gilbert from the 15-day injured list.,669302.0,Logan Gilbert,/api/v1/people/669302,136,Seattle Mariners,/api/v1/teams/136,,,
848923,2025-06-16,2025-06-16,2025-06-16,SFA,Signed as Free Agent,Seattle Mariners signed free agent LHP Josh Fleming to a minor league contract.,676596.0,Josh Fleming,/api/v1/people/676596,136,Seattle Mariners,/api/v1/teams/136,,,
848503,2025-06-16,2025-06-16,,OPT,Optioned,Seattle Mariners optioned RHP Jackson Kowar to Tacoma Rainiers.,663804.0,Jackson Kowar,/api/v1/people/663804,529,Tacoma Rainiers,/api/v1/teams/529,136.0,Seattle Mariners,/api/v1/teams/136
848737,2025-06-17,2025-06-17,,CLW,Claimed Off Waivers,Seattle Mariners claimed LF Jacob Hurtubise off waivers from Cincinnati Reds.,674441.0,Jacob Hurtubise,/api/v1/people/674441,136,Seattle Mariners,/api/v1/teams/136,113.0,Cincinnati Reds,/api/v1/teams/113
849316,2025-06-20,2025-06-20,2025-06-20,SC,Status Change,Seattle Mariners activated RF Luke Raley from the 10-day injured list.,670042.0,Luke Raley,/api/v1/people/670042,136,Seattle Mariners,/api/v1/teams/136,,,
849317,2025-06-20,2025-06-20,2025-06-20,DES,Designated for Assignment,Seattle Mariners designated 1B Rowdy Tellez for assignment.,642133.0,Rowdy Tellez,/api/v1/people/642133,136,Seattle Mariners,/api/v1/teams/136,,,
850856,2025-06-26,2025-06-26,2025-06-26,REL,Released,Seattle Mariners released 1B Rowdy Tellez.,642133.0,Rowdy Tellez,/api/v1/people/642133,136,Seattle Mariners,/api/v1/teams/136,,,
851147,2025-06-28,2025-06-28,2025-06-28,DES,Designated for Assignment,Seattle Mariners designated RHP Zach Pop for assignment.,647315.0,Zach Pop,/api/v1/people/647315,136,Seattle Mariners,/api/v1/teams/136,,,
851148,2025-06-28,2025-06-28,,SE,Selected,Seattle Mariners selected the contract of RHP Juan Burgos from Tacoma Rainiers.,686228.0,Juan Burgos,/api/v1/people/686228,136,Seattle Mariners,/api/v1/teams/136,529.0,Tacoma Rainiers,/api/v1/teams/529
852623,2025-07-01,2025-07-01,2025-07-01,SFA,Signed as Free Agent,Seattle Mariners signed free agent RHP Natanael Garabitos to a minor league contract.,686460.0,Natanael Garabitos,/api/v1/people/686460,136,Seattle Mariners,/api/v1/teams/136,,,
852140,2025-07-02,2025-07-02,,SE,Selected,Seattle Mariners selected the contract of LHP Joe Jacques from Tacoma Rainiers.,682175.0,Joe Jacques,/api/v1/people/682175,136,Seattle Mariners,/api/v1/teams/136,529.0,Tacoma Rainiers,/api/v1/teams/529
852242,2025-07-02,2025-07-02,,OUT,Outrighted,Seattle Mariners sent RHP Zach Pop outright to Tacoma Rainiers.,647315.0,Zach Pop,/api/v1/people/647315,529,Tacoma Rainiers,/api/v1/teams/529,136.0,Seattle Mariners,/api/v1/teams/136
852141,2025-07-02,2025-07-02,,OPT,Optioned,Seattle Mariners optioned RHP Emerson Hancock to Tacoma Rainiers.,676106.0,Emerson Hancock,/api/v1/people/676106,529,Tacoma Rainiers,/api/v1/teams/529,136.0,Seattle Mariners,/api/v1/teams/136
852454,2025-07-03,2025-07-03,,CU,Recalled,Seattle Mariners recalled RHP Logan Evans from Tacoma Rainiers.,688138.0,Logan Evans,/api/v1/people/688138,136,Seattle Mariners,/api/v1/teams/136,529.0,Tacoma Rainiers,/api/v1/teams/529
852455,2025-07-03,2025-07-03,,OPT,Optioned,Seattle Mariners optioned LHP Joe Jacques to Tacoma Rainiers.,682175.0,Joe Jacques,/api/v1/people/682175,529,Tacoma Rainiers,/api/v1/teams/529,136.0,Seattle Mariners,/api/v1/teams/136
853001,2025-07-05,2025-07-05,2025-07-05,ASG,Assigned,Seattle Mariners sent RHP Collin Snider on a rehab assignment to Tacoma Rainiers.,676092.0,Collin Snider,/api/v1/people/676092,529,Tacoma Rainiers,/api/v1/teams/529,136.0,Seattle Mariners,/api/v1/teams/136
858384,2025-07-08,2025-07-08,2025-07-08,SFA,Signed as Free Agent,Seattle Mariners signed free agent RHP Angel Chicuate to a minor league contract.,836257.0,Angel Chicuate,/api/v1/people/836257,136,Seattle Mariners,/api/v1/teams/136,,,
854197,2025-07-09,2025-07-09,,OUT,Outrighted,Seattle Mariners sent LF Jacob Hurtubise outright to Tacoma Rainiers.,674441.0,Jacob Hurtubise,/api/v1/people/674441,529,Tacoma Rainiers,/api/v1/teams/529,136.0,Seattle Mariners,/api/v1/teams/136
854517,2025-07-11,2025-07-11,2025-07-11,SC,Status Change,Seattle Mariners placed RHP Carlos Vargas on the paternity list.,672841.0,Carlos Vargas,/api/v1/people/672841,136,Seattle Mariners,/api/v1/teams/136,,,
854516,2025-07-11,2025-07-11,,CU,Recalled,Seattle Mariners recalled LHP Tayler Saucedo from Tacoma Rainiers.,642048.0,Tayler Saucedo,/api/v1/people/642048,136,Seattle Mariners,/api/v1/teams/136,529.0,Tacoma Rainiers,/api/v1/teams/529
855178,2025-07-14,2025-07-14,2025-07-14,SC,Status Change,Seattle Mariners activated RHP Carlos Vargas from the paternity list.,672841.0,Carlos Vargas,/api/v1/people/672841,136,Seattle Mariners,/api/v1/teams/136,,,
855177,2025-07-14,2025-07-14,,OPT,Optioned,Seattle Mariners optioned LHP Tayler Saucedo to Tacoma Rainiers.,642048.0,Tayler Saucedo,/api/v1/people/642048,529,Tacoma Rainiers,/api/v1/teams/529,136.0,Seattle Mariners,/api/v1/teams/136
856562,2025-07-19,2025-07-19,2025-07-19,SGN,Signed,Seattle Mariners signed LHP Mason Peters.,830336.0,Mason Peters,/api/v1/people/830336,136,Seattle Mariners,/api/v1/teams/136,,,
856572,2025-07-19,2025-07-19,2025-07-19,SGN,Signed,Seattle Mariners signed RHP Jackson Steensma.,805517.0,Jackson Steensma,/api/v1/people/805517,136,Seattle Mariners,/api/v1/teams/136,,,
856578,2025-07-19,2025-07-19,2025-07-19,SGN,Signed,Seattle Mariners signed C Luke Heyman.,701326.0,Luke Heyman,/api/v1/people/701326,136,Seattle Mariners,/api/v1/teams/136,,,
856563,2025-07-19,2025-07-19,2025-07-19,SGN,Signed,Seattle Mariners signed OF Korbyn Dickerson.,702668.0,Korbyn Dickerson,/api/v1/people/702668,136,Seattle Mariners,/api/v1/teams/136,,,
856589,2025-07-19,2025-07-19,2025-07-19,SFA,Signed as Free Agent,Seattle Mariners signed free agent 2B Brady O'Brien to a minor league contract.,835614.0,Brady O'Brien,/api/v1/people/835614,136,Seattle Mariners,/api/v1/teams/136,,,
856584,2025-07-19,2025-07-19,2025-07-19,SGN,Signed,Seattle Mariners signed RHP Anthony Karoly.,804397.0,Anthony Karoly,/api/v1/people/804397,136,Seattle Mariners,/api/v1/teams/136,,,
856574,2025-07-19,2025-07-19,2025-07-19,SGN,Signed,Seattle Mariners signed RHP Dusty Revis.,834961.0,Dusty Revis,/api/v1/people/834961,136,Seattle Mariners,/api/v1/teams/136,,,
856569,2025-07-19,2025-07-19,2025-07-19,SGN,Signed,Seattle Mariners signed RHP Danny Macchiarola.,809059.0,Danny Macchiarola,/api/v1/people/809059,136,Seattle Mariners,/api/v1/teams/136,,,
856568,2025-07-19,2025-07-19,2025-07-19,SGN,Signed,Seattle Mariners signed RHP Colton Shaw.,823764.0,Colton Shaw,/api/v1/people/823764,136,Seattle Mariners,/api/v1/teams/136,,,
856559,2025-07-19,2025-07-19,2025-07-19,SGN,Signed,Seattle Mariners signed SS Nick Becker.,829306.0,Nick Becker,/api/v1/people/829306,136,Seattle Mariners,/api/v1/teams/136,,,
856588,2025-07-19,2025-07-19,2025-07-19,SFA,Signed as Free Agent,Seattle Mariners signed free agent RHP Reese Lumpkin to a minor league contract.,813609.0,Reese Lumpkin,/api/v1/people/813609,136,Seattle Mariners,/api/v1/teams/136,,,
856587,2025-07-19,2025-07-19,2025-07-19,SFA,Signed as Free Agent,Seattle Mariners signed free agent LHP Reid Easterly to a minor league contract.,822498.0,Reid Easterly,/api/v1/people/822498,136,Seattle Mariners,/api/v1/teams/136,,,
856585,2025-07-19,2025-07-19,2025-07-19,SGN,Signed,Seattle Mariners signed SS Estevan Moreno.,803290.0,Estevan Moreno,/api/v1/people/803290,136,Seattle Mariners,/api/v1/teams/136,,,
856560,2025-07-19,2025-07-19,2025-07-19,SGN,Signed,Seattle Mariners signed C Luke Stevenson.,806233.0,Luke Stevenson,/api/v1/people/806233,136,Seattle Mariners,/api/v1/teams/136,,,
856576,2025-07-19,2025-07-19,2025-07-19,SGN,Signed,Seattle Mariners signed C Grant Jay.,703603.0,Grant Jay,/api/v1/people/703603,136,Seattle Mariners,/api/v1/teams/136,,,
856581,2025-07-19,2025-07-19,2025-07-19,SGN,Signed,Seattle Mariners signed RHP Casey Hintz.,808750.0,Casey Hintz,/api/v1/people/808750,136,Seattle Mariners,/api/v1/teams/136,,,
856567,2025-07-19,2025-07-19,2025-07-19,SGN,Signed,Seattle Mariners signed RHP Lucas Kelly.,805220.0,Lucas Kelly,/api/v1/people/805220,136,Seattle Mariners,/api/v1/teams/136,,,
856577,2025-07-19,2025-07-19,2025-07-19,SGN,Signed,Seattle Mariners signed OF Aiden Taurek.,702522.0,Aiden Taurek,/api/v1/people/702522,136,Seattle Mariners,/api/v1/teams/136,,,
856586,2025-07-19,2025-07-19,2025-07-19,SFA,Signed as Free Agent,Seattle Mariners signed free agent OF Konni Durschlag to a minor league contract.,835621.0,Konni Durschlag,/api/v1/people/835621,136,Seattle Mariners,/api/v1/teams/136,,,
856573,2025-07-19,2025-07-19,2025-07-19,SGN,Signed,Seattle Mariners signed RHP Isaac Lyon.,805214.0,Isaac Lyon,/api/v1/people/805214,136,Seattle Mariners,/api/v1/teams/136,,,
856579,2025-07-19,2025-07-19,2025-07-19,SGN,Signed,Seattle Mariners signed OF Brayden Corn.,836068.0,Brayden Corn,/api/v1/people/836068,136,Seattle Mariners,/api/v1/teams/136,,,
856561,2025-07-19,2025-07-19,2025-07-19,SGN,Signed,Seattle Mariners signed RHP Griffin Hugus.,702976.0,Griffin Hugus,/api/v1/people/702976,136,Seattle Mariners,/api/v1/teams/136,,,
857945,2025-07-20,2025-07-20,2025-07-20,SFA,Signed as Free Agent,Seattle Mariners signed free agent 2B Jo Oyama to a minor league contract.,814456.0,Jo Oyama,/api/v1/people/814456,136,Seattle Mariners,/api/v1/teams/136,,,
857005,2025-07-21,2025-07-21,,SE,Selected,Seattle Mariners selected the contract of LHP Brandyn Garcia from Tacoma Rainiers.,805299.0,Brandyn Garcia,/api/v1/people/805299,136,Seattle Mariners,/api/v1/teams/136,529.0,Tacoma Rainiers,/api/v1/teams/529
857006,2025-07-21,2025-07-21,,OPT,Optioned,Seattle Mariners optioned RHP Juan Burgos to Tacoma Rainiers.,686228.0,Juan Burgos,/api/v1/people/686228,529,Tacoma Rainiers,/api/v1/teams/529,136.0,Seattle Mariners,/api/v1/teams/136
857433,2025-07-22,2025-07-22,2025-07-22,SGN,Signed,Seattle Mariners signed LHP Kade Anderson.,807739.0,Kade Anderson,/api/v1/people/807739,136,Seattle Mariners,/api/v1/teams/136,,,
857392,2025-07-22,2025-07-22,,TR,Trade,Seattle Mariners traded C Julio E. Rodriguez to Kansas City Royals for cash.,667372.0,Julio E. Rodriguez,/api/v1/people/667372,118,Kansas City Royals,/api/v1/teams/118,136.0,Seattle Mariners,/api/v1/teams/136
858130,2025-07-24,2025-07-24,,CU,Recalled,Seattle Mariners recalled RHP Jackson Kowar from Tacoma Rainiers.,663804.0,Jackson Kowar,/api/v1/people/663804,136,Seattle Mariners,/api/v1/teams/136,529.0,Tacoma Rainiers,/api/v1/teams/529
858240,2025-07-24,2025-07-25,,TR,Trade,Arizona Diamondbacks traded 1B Josh Naylor to Seattle Mariners for LHP Brandyn Garcia and RHP Ashton Izzi.,802416.0,Ashton Izzi,/api/v1/people/802416,109,Arizona Diamondbacks,/api/v1/teams/109,136.0,Seattle Mariners,/api/v1/teams/136
858131,2025-07-24,2025-07-24,,OPT,Optioned,Seattle Mariners optioned LHP Brandyn Garcia to Tacoma Rainiers.,805299.0,Brandyn Garcia,/api/v1/people/805299,529,Tacoma Rainiers,/api/v1/teams/529,136.0,Seattle Mariners,/api/v1/teams/136
858620,2025-07-25,2025-07-25,2025-07-25,SC,Status Change,Seattle Mariners activated 1B Josh Naylor.,647304.0,Josh Naylor,/api/v1/people/647304,136,Seattle Mariners,/api/v1/teams/136,,,
858619,2025-07-25,2025-07-25,,OPT,Optioned,Seattle Mariners optioned 3B Miles Mastrobuoni to Tacoma Rainiers.,670156.0,Miles Mastrobuoni,/api/v1/people/670156,529,Tacoma Rainiers,/api/v1/teams/529,136.0,Seattle Mariners,/api/v1/teams/136
860061,2025-07-30,2025-07-30,2025-07-30,DES,Designated for Assignment,Seattle Mariners designated RHP Collin Snider for assignment.,676092.0,Collin Snider,/api/v1/people/676092,136,Seattle Mariners,/api/v1/teams/136,,,
860102,2025-07-30,2025-07-30,2025-07-30,SC,Status Change,Seattle Mariners activated LHP Caleb Ferguson.,657571.0,Caleb Ferguson,/api/v1/people/657571,136,Seattle Mariners,/api/v1/teams/136,,,
859996,2025-07-30,2025-07-27,2025-07-27,SC,Status Change,"Seattle Mariners placed RF Luke Raley on the 10-day injured list retroactive to July 27, 2025. Back spasm.",670042.0,Luke Raley,/api/v1/people/670042,136,Seattle Mariners,/api/v1/teams/136,,,
860062,2025-07-30,2025-07-30,,TR,Trade,Pittsburgh Pirates traded LHP Caleb Ferguson to Seattle Mariners for RHP Jeter Martinez.,657571.0,Caleb Ferguson,/api/v1/people/657571,136,Seattle Mariners,/api/v1/teams/136,134.0,Pittsburgh Pirates,/api/v1/teams/134
860103,2025-07-30,2025-07-30,,OPT,Optioned,Seattle Mariners optioned RHP Jackson Kowar to Tacoma Rainiers.,663804.0,Jackson Kowar,/api/v1/people/663804,529,Tacoma Rainiers,/api/v1/teams/529,136.0,Seattle Mariners,/api/v1/teams/136
859997,2025-07-30,2025-07-30,,CU,Recalled,Seattle Mariners recalled 1B Tyler Locklear from Tacoma Rainiers.,682988.0,Tyler Locklear,/api/v1/people/682988,136,Seattle Mariners,/api/v1/teams/136,529.0,Tacoma Rainiers,/api/v1/teams/529
860206,2025-07-31,2025-07-31,,TR,Trade,"Arizona Diamondbacks traded 3B Eugenio Suárez to Seattle Mariners for 1B Tyler Locklear, RHP Hunter Cranton and RHP Juan Burgos.",553993.0,Eugenio Suárez,/api/v1/people/553993,136,Seattle Mariners,/api/v1/teams/136,109.0,Arizona Diamondbacks,/api/v1/teams/109
860309,2025-07-31,2025-07-31,,OPT,Optioned,Seattle Mariners optioned 3B Ben Williamson to Tacoma Rainiers.,810938.0,Ben Williamson,/api/v1/people/810938,529,Tacoma Rainiers,/api/v1/teams/529,136.0,Seattle Mariners,/api/v1/teams/136
860310,2025-07-31,2025-07-31,,CU,Recalled,Seattle Mariners recalled 3B Miles Mastrobuoni from Tacoma Rainiers.,670156.0,Miles Mastrobuoni,/api/v1/people/670156,136,Seattle Mariners,/api/v1/teams/136,529.0,Tacoma Rainiers,/api/v1/teams/529
860821,2025-08-01,2025-08-01,2025-08-01,ASG,Assigned,Seattle Mariners sent RHP Bryce Miller on a rehab assignment to Tacoma Rainiers.,682243.0,Bryce Miller,/api/v1/people/682243,529,Tacoma Rainiers,/api/v1/teams/529,136.0,Seattle Mariners,/api/v1/teams/136
860800,2025-08-01,2025-08-01,2025-08-01,SC,Status Change,Seattle Mariners placed RHP Trent Thornton on the 15-day injured list. Left achilles tear.,663423.0,Trent Thornton,/api/v1/people/663423,136,Seattle Mariners,/api/v1/teams/136,,,
863115,2025-08-01,2025-08-01,2025-08-01,ASG,Assigned,Seattle Mariners sent RHP Bryce Miller on a rehab assignment to Tacoma Rainiers.,682243.0,Bryce Miller,/api/v1/people/682243,529,Tacoma Rainiers,/api/v1/teams/529,136.0,Seattle Mariners,/api/v1/teams/136
865182,2025-08-01,2025-08-01,2025-08-01,ASG,Assigned,Seattle Mariners sent RHP Bryce Miller on a rehab assignment to Tacoma Rainiers.,682243.0,Bryce Miller,/api/v1/people/682243,529,Tacoma Rainiers,/api/v1/teams/529,136.0,Seattle Mariners,/api/v1/teams/136
860799,2025-08-01,2025-08-01,,CU,Recalled,Seattle Mariners recalled RHP Jackson Kowar from Tacoma Rainiers.,663804.0,Jackson Kowar,/api/v1/people/663804,136,Seattle Mariners,/api/v1/teams/136,529.0,Tacoma Rainiers,/api/v1/teams/529
861445,2025-08-03,2025-08-03,,OUT,Outrighted,Seattle Mariners sent RHP Collin Snider outright to Tacoma Rainiers.,676092.0,Collin Snider,/api/v1/people/676092,529,Tacoma Rainiers,/api/v1/teams/529,136.0,Seattle Mariners,/api/v1/teams/136
863272,2025-08-08,2025-08-08,2025-08-08,ASG,Assigned,Seattle Mariners sent RF Luke Raley on a rehab assignment to Tacoma Rainiers.,670042.0,Luke Raley,/api/v1/people/670042,529,Tacoma Rainiers,/api/v1/teams/529,136.0,Seattle Mariners,/api/v1/teams/136
864137,2025-08-12,2025-08-12,2025-08-12,ASG,Assigned,Seattle Mariners sent RF Victor Robles on a rehab assignment to Tacoma Rainiers.,645302.0,Victor Robles,/api/v1/people/645302,529,Tacoma Rainiers,/api/v1/teams/529,136.0,Seattle Mariners,/api/v1/teams/136
865920,2025-08-12,2025-08-12,2025-08-12,ASG,Assigned,Seattle Mariners sent RF Victor Robles on a rehab assignment to Tacoma Rainiers.,645302.0,Victor Robles,/api/v1/people/645302,529,Tacoma Rainiers,/api/v1/teams/529,136.0,Seattle Mariners,/api/v1/teams/136
863929,2025-08-12,2025-08-12,,CLW,Claimed Off Waivers,Seattle Mariners claimed RHP Domingo Gonzalez off waivers from Atlanta Braves.,682445.0,Domingo Gonzalez,/api/v1/people/682445,136,Seattle Mariners,/api/v1/teams/136,144.0,Atlanta Braves,/api/v1/teams/144
863930,2025-08-12,2025-08-12,,OPT,Optioned,Seattle Mariners optioned RHP Domingo Gonzalez to Tacoma Rainiers.,682445.0,Domingo Gonzalez,/api/v1/people/682445,529,Tacoma Rainiers,/api/v1/teams/529,136.0,Seattle Mariners,/api/v1/teams/136
864630,2025-08-15,2025-08-15,2025-08-15,SC,Status Change,Seattle Mariners placed RHP Logan Evans on the 15-day injured list. Right elbow inflammation.,688138.0,Logan Evans,/api/v1/people/688138,136,Seattle Mariners,/api/v1/teams/136,,,
864631,2025-08-15,2025-08-15,2025-08-15,SC,Status Change,Seattle Mariners activated RF Luke Raley from the 10-day injured list.,670042.0,Luke Raley,/api/v1/people/670042,136,Seattle Mariners,/api/v1/teams/136,,,
864628,2025-08-15,2025-08-15,,OPT,Optioned,Seattle Mariners optioned 3B Miles Mastrobuoni to Tacoma Rainiers.,670156.0,Miles Mastrobuoni,/api/v1/people/670156,529,Tacoma Rainiers,/api/v1/teams/529,136.0,Seattle Mariners,/api/v1/teams/136
864629,2025-08-15,2025-08-15,,CU,Recalled,Seattle Mariners recalled LHP Tayler Saucedo from Tacoma Rainiers.,642048.0,Tayler Saucedo,/api/v1/people/642048,136,Seattle Mariners,/api/v1/teams/136,529.0,Tacoma Rainiers,/api/v1/teams/529
864847,2025-08-17,2025-08-17,,CU,Recalled,Seattle Mariners recalled 3B Miles Mastrobuoni from Tacoma Rainiers.,670156.0,Miles Mastrobuoni,/api/v1/people/670156,136,Seattle Mariners,/api/v1/teams/136,529.0,Tacoma Rainiers,/api/v1/teams/529
864987,2025-08-18,2025-08-18,,OPT,Optioned,Seattle Mariners optioned 3B Miles Mastrobuoni to Tacoma Rainiers.,670156.0,Miles Mastrobuoni,/api/v1/people/670156,529,Tacoma Rainiers,/api/v1/teams/529,136.0,Seattle Mariners,/api/v1/teams/136
865365,2025-08-19,2025-08-19,2025-08-19,SFA,Signed as Free Agent,Seattle Mariners signed free agent RHP Michael Fulmer to a minor league contract.,605242.0,Michael Fulmer,/api/v1/people/605242,136,Seattle Mariners,/api/v1/teams/136,,,
865185,2025-08-19,2025-08-19,2025-08-19,SC,Status Change,Seattle Mariners transferred RHP Trent Thornton from the 15-day injured list to the 60-day injured list. Left achilles tear.,663423.0,Trent Thornton,/api/v1/people/663423,136,Seattle Mariners,/api/v1/teams/136,,,
865183,2025-08-19,2025-08-19,2025-08-19,SC,Status Change,Seattle Mariners activated RHP Bryce Miller from the 15-day injured list.,682243.0,Bryce Miller,/api/v1/people/682243,136,Seattle Mariners,/api/v1/teams/136,,,
865188,2025-08-19,2025-08-19,2025-08-19,SC,Status Change,Seattle Mariners activated RHP Sauryn Lao.,666659.0,Sauryn Lao,/api/v1/people/666659,136,Seattle Mariners,/api/v1/teams/136,,,
867664,2025-08-19,2025-08-16,2025-08-16,SC,Status Change,Seattle Mariners placed RHP Jackson Kowar on the 15-day injured list. Right shoulder impingement.,663804.0,Jackson Kowar,/api/v1/people/663804,136,Seattle Mariners,/api/v1/teams/136,,,
865184,2025-08-19,2025-08-19,,SE,Selected,Seattle Mariners selected the contract of RHP Sauryn Lao from Tacoma Rainiers.,666659.0,Sauryn Lao,/api/v1/people/666659,136,Seattle Mariners,/api/v1/teams/136,529.0,Tacoma Rainiers,/api/v1/teams/529
865187,2025-08-19,2025-08-19,,OPT,Optioned,Seattle Mariners optioned RHP Casey Legumina to Tacoma Rainiers.,668984.0,Casey Legumina,/api/v1/people/668984,529,Tacoma Rainiers,/api/v1/teams/529,136.0,Seattle Mariners,/api/v1/teams/136
865186,2025-08-19,2025-08-19,,OPT,Optioned,Seattle Mariners optioned RHP Jackson Kowar to Tacoma Rainiers.,663804.0,Jackson Kowar,/api/v1/people/663804,529,Tacoma Rainiers,/api/v1/teams/529,136.0,Seattle Mariners,/api/v1/teams/136
865646,2025-08-21,2025-08-21,2025-08-21,SFA,Signed as Free Agent,Seattle Mariners signed free agent RHP Luke Jackson to a minor league contract.,592426.0,Luke Jackson,/api/v1/people/592426,136,Seattle Mariners,/api/v1/teams/136,,,
865921,2025-08-23,2025-08-23,2025-08-23,SC,Status Change,Seattle Mariners activated RF Victor Robles from the 60-day injured list.,645302.0,Victor Robles,/api/v1/people/645302,136,Seattle Mariners,/api/v1/teams/136,,,
865919,2025-08-23,2025-08-23,2025-08-23,DES,Designated for Assignment,Seattle Mariners designated 2B Dylan Moore for assignment.,664238.0,Dylan Moore,/api/v1/people/664238,136,Seattle Mariners,/api/v1/teams/136,,,
866142,2025-08-25,2025-08-25,2025-08-25,REL,Released,Seattle Mariners released 2B Dylan Moore.,664238.0,Dylan Moore,/api/v1/people/664238,136,Seattle Mariners,/api/v1/teams/136,,,
866483,2025-08-27,2025-08-27,,OPT,Optioned,Seattle Mariners optioned RHP Sauryn Lao to Tacoma Rainiers.,666659.0,Sauryn Lao,/api/v1/people/666659,529,Tacoma Rainiers,/api/v1/teams/529,136.0,Seattle Mariners,/api/v1/teams/136
866482,2025-08-27,2025-08-27,,CU,Recalled,Seattle Mariners recalled RHP Emerson Hancock from Tacoma Rainiers.,676106.0,Emerson Hancock,/api/v1/people/676106,136,Seattle Mariners,/api/v1/teams/136,529.0,Tacoma Rainiers,/api/v1/teams/529
866828,2025-08-28,2025-08-28,2025-08-28,ASG,Assigned,Seattle Mariners sent 2B Ryan Bliss on a rehab assignment to Tacoma Rainiers.,669208.0,Ryan Bliss,/api/v1/people/669208,529,Tacoma Rainiers,/api/v1/teams/529,136.0,Seattle Mariners,/api/v1/teams/136
866914,2025-08-29,2025-08-29,2025-08-29,SU,Suspension,RF Victor Robles suspended.,645302.0,Victor Robles,/api/v1/people/645302,136,Seattle Mariners,/api/v1/teams/136,,,
867240,2025-09-01,2025-09-01,2025-09-01,REL,Released,Seattle Mariners released 1B Donovan Solano.,456781.0,Donovan Solano,/api/v1/people/456781,136,Seattle Mariners,/api/v1/teams/136,,,
867238,2025-09-01,2025-09-01,2025-09-01,DES,Designated for Assignment,Seattle Mariners designated RHP Sauryn Lao for assignment.,666659.0,Sauryn Lao,/api/v1/people/666659,136,Seattle Mariners,/api/v1/teams/136,,,
867235,2025-09-01,2025-09-01,,SE,Selected,Seattle Mariners selected the contract of C Harry Ford from Tacoma Rainiers.,695670.0,Harry Ford,/api/v1/people/695670,136,Seattle Mariners,/api/v1/teams/136,529.0,Tacoma Rainiers,/api/v1/teams/529
867237,2025-09-01,2025-09-01,,CU,Recalled,Seattle Mariners recalled 2B Leo Rivas from Tacoma Rainiers.,660844.0,Leo Rivas,/api/v1/people/660844,136,Seattle Mariners,/api/v1/teams/136,529.0,Tacoma Rainiers,/api/v1/teams/529
867236,2025-09-01,2025-09-01,,SE,Selected,Seattle Mariners selected the contract of RHP Luke Jackson from Tacoma Rainiers.,592426.0,Luke Jackson,/api/v1/people/592426,136,Seattle Mariners,/api/v1/teams/136,529.0,Tacoma Rainiers,/api/v1/teams/529
867506,2025-09-02,2025-09-02,2025-09-02,SFA,Signed as Free Agent,Seattle Mariners signed free agent RHP Guillo Zuñiga to a minor league contract.,670871.0,Guillo Zuñiga,/api/v1/people/670871,136,Seattle Mariners,/api/v1/teams/136,,,
867504,2025-09-02,2025-09-02,2025-09-02,SFA,Signed as Free Agent,Seattle Mariners signed free agent RHP Nick Anderson to a minor league contract.,623433.0,Nick Anderson,/api/v1/people/623433,136,Seattle Mariners,/api/v1/teams/136,,,
867577,2025-09-03,2025-09-03,2025-09-03,DES,Designated for Assignment,Seattle Mariners designated LHP Joe Jacques for assignment.,682175.0,Joe Jacques,/api/v1/people/682175,136,Seattle Mariners,/api/v1/teams/136,,,
867566,2025-09-03,2025-09-03,,CLW,Claimed Off Waivers,Washington Nationals claimed RHP Sauryn Lao off waivers from Seattle Mariners.,666659.0,Sauryn Lao,/api/v1/people/666659,120,Washington Nationals,/api/v1/teams/120,136.0,Seattle Mariners,/api/v1/teams/136
867576,2025-09-03,2025-09-03,,CLW,Claimed Off Waivers,Seattle Mariners claimed LHP José Castillo off waivers from New York Mets.,620454.0,José Castillo,/api/v1/people/620454,136,Seattle Mariners,/api/v1/teams/136,121.0,New York Mets,/api/v1/teams/121
867737,2025-09-04,2025-09-04,2025-09-04,SC,Status Change,Seattle Mariners activated LHP José Castillo.,620454.0,José Castillo,/api/v1/people/620454,136,Seattle Mariners,/api/v1/teams/136,,,
867738,2025-09-04,2025-09-04,,OPT,Optioned,Seattle Mariners optioned LHP Tayler Saucedo to Tacoma Rainiers.,642048.0,Tayler Saucedo,/api/v1/people/642048,529,Tacoma Rainiers,/api/v1/teams/529,136.0,Seattle Mariners,/api/v1/teams/136
867987,2025-09-05,2025-09-05,,OUT,Outrighted,Seattle Mariners sent LHP Joe Jacques outright to Tacoma Rainiers.,682175.0,Joe Jacques,/api/v1/people/682175,529,Tacoma Rainiers,/api/v1/teams/529,136.0,Seattle Mariners,/api/v1/teams/136
868002,2025-09-06,2025-09-06,2025-09-06,SC,Status Change,Seattle Mariners activated RF Victor Robles.,645302.0,Victor Robles,/api/v1/people/645302,136,Seattle Mariners,/api/v1/teams/136,,,
868071,2025-09-06,2025-09-06,2025-09-06,ASG,Assigned,Seattle Mariners sent RHP Gregory Santos on a rehab assignment to Tacoma Rainiers.,666619.0,Gregory Santos,/api/v1/people/666619,529,Tacoma Rainiers,/api/v1/teams/529,136.0,Seattle Mariners,/api/v1/teams/136
868116,2025-09-06,2025-09-06,2025-09-06,ASG,Assigned,Seattle Mariners sent RHP Gregory Santos on a rehab assignment to Tacoma Rainiers.,666619.0,Gregory Santos,/api/v1/people/666619,529,Tacoma Rainiers,/api/v1/teams/529,136.0,Seattle Mariners,/api/v1/teams/136
869019,2025-09-12,2025-09-12,2025-09-12,DES,Designated for Assignment,Seattle Mariners designated LHP José Castillo for assignment.,620454.0,José Castillo,/api/v1/people/620454,136,Seattle Mariners,/api/v1/teams/136,,,
869016,2025-09-12,2025-09-12,,CU,Recalled,Seattle Mariners recalled RHP Casey Legumina from Tacoma Rainiers.,668984.0,Casey Legumina,/api/v1/people/668984,136,Seattle Mariners,/api/v1/teams/136,529.0,Tacoma Rainiers,/api/v1/teams/529
869393,2025-09-15,2025-09-15,,CLW,Claimed Off Waivers,Baltimore Orioles claimed LHP José Castillo off waivers from Seattle Mariners.,620454.0,José Castillo,/api/v1/people/620454,110,Baltimore Orioles,/api/v1/teams/110,136.0,Seattle Mariners,/api/v1/teams/136
869673,2025-09-16,2025-09-16,2025-09-16,ASG,Assigned,Seattle Mariners sent RHP Logan Evans on a rehab assignment to Tacoma Rainiers.,688138.0,Logan Evans,/api/v1/people/688138,529,Tacoma Rainiers,/api/v1/teams/529,136.0,Seattle Mariners,/api/v1/teams/136
870511,2025-09-27,2025-09-27,2025-09-27,SC,Status Change,Seattle Mariners activated RHP Logan Evans from the 15-day injured list.,688138.0,Logan Evans,/api/v1/people/688138,136,Seattle Mariners,/api/v1/teams/136,,,
870510,2025-09-27,2025-09-27,,OPT,Optioned,Seattle Mariners optioned RHP Casey Legumina to ACL Mariners.,668984.0,Casey Legumina,/api/v1/people/668984,409,ACL Mariners,/api/v1/teams/409,136.0,Seattle Mariners,/api/v1/teams/136
870537,2025-09-28,2025-09-28,,OPT,Optioned,Seattle Mariners optioned RHP Logan Evans to ACL Mariners.,688138.0,Logan Evans,/api/v1/people/688138,409,ACL Mariners,/api/v1/teams/409,136.0,Seattle Mariners,/api/v1/teams/136
870536,2025-09-28,2025-09-28,,CU,Recalled,Seattle Mariners recalled 3B Miles Mastrobuoni from Tacoma Rainiers.,670156.0,Miles Mastrobuoni,/api/v1/people/670156,136,Seattle Mariners,/api/v1/teams/136,529.0,Tacoma Rainiers,/api/v1/teams/529
870680,2025-09-29,2025-09-29,2025-09-29,SC,Status Change,Seattle Mariners activated RHP Jackson Kowar.,663804.0,Jackson Kowar,/api/v1/people/663804,136,Seattle Mariners,/api/v1/teams/136,,,
870683,2025-09-29,2025-09-29,,CU,Recalled,Seattle Mariners recalled RHP Logan Evans from ACL Mariners.,688138.0,Logan Evans,/api/v1/people/688138,136,Seattle Mariners,/api/v1/teams/136,409.0,ACL Mariners,/api/v1/teams/409
870690,2025-09-29,2025-09-29,,CU,Recalled,Seattle Mariners recalled LF Rhylan Thomas from Tacoma Rainiers.,689041.0,Rhylan Thomas,/api/v1/people/689041,136,Seattle Mariners,/api/v1/teams/136,529.0,Tacoma Rainiers,/api/v1/teams/529
870685,2025-09-29,2025-09-29,,CU,Recalled,Seattle Mariners recalled RHP Casey Legumina from ACL Mariners.,668984.0,Casey Legumina,/api/v1/people/668984,136,Seattle Mariners,/api/v1/teams/136,409.0,ACL Mariners,/api/v1/teams/409
870686,2025-09-29,2025-09-29,,CU,Recalled,Seattle Mariners recalled LHP Tayler Saucedo from Tacoma Rainiers.,642048.0,Tayler Saucedo,/api/v1/people/642048,136,Seattle Mariners,/api/v1/teams/136,529.0,Tacoma Rainiers,/api/v1/teams/529
870684,2025-09-29,2025-09-29,,CU,Recalled,Seattle Mariners recalled RHP Domingo Gonzalez from Tacoma Rainiers.,682445.0,Domingo Gonzalez,/api/v1/people/682445,136,Seattle Mariners,/api/v1/teams/136,529.0,Tacoma Rainiers,/api/v1/teams/529
870687,2025-09-29,2025-09-29,,CU,Recalled,Seattle Mariners recalled 2B Samad Taylor from Tacoma Rainiers.,669392.0,Samad Taylor,/api/v1/people/669392,136,Seattle Mariners,/api/v1/teams/136,529.0,Tacoma Rainiers,/api/v1/teams/529
870688,2025-09-29,2025-09-29,,CU,Recalled,Seattle Mariners recalled RHP Troy Taylor from Tacoma Rainiers.,700187.0,Troy Taylor,/api/v1/people/700187,136,Seattle Mariners,/api/v1/teams/136,529.0,Tacoma Rainiers,/api/v1/teams/529
870682,2025-09-29,2025-09-29,,CU,Recalled,Seattle Mariners recalled LHP Jhonathan Díaz from Tacoma Rainiers.,646242.0,Jhonathan Díaz,/api/v1/people/646242,136,Seattle Mariners,/api/v1/teams/136,529.0,Tacoma Rainiers,/api/v1/teams/529
870681,2025-09-29,2025-09-29,,CU,Recalled,Seattle Mariners recalled RHP Blas Castaño from Tacoma Rainiers.,680604.0,Blas Castaño,/api/v1/people/680604,136,Seattle Mariners,/api/v1/teams/136,529.0,Tacoma Rainiers,/api/v1/teams/529
870689,2025-09-29,2025-09-29,,CU,Recalled,Seattle Mariners recalled 3B Ben Williamson from Tacoma Rainiers.,810938.0,Ben Williamson,/api/v1/people/810938,136,Seattle Mariners,/api/v1/teams/136,529.0,Tacoma Rainiers,/api/v1/teams/529
871851,2025-10-04,2025-10-04,2025-10-04,SC,Status Change,RHP Bryan Woo roster status changed by Seattle Mariners.,693433.0,Bryan Woo,/api/v1/people/693433,136,Seattle Mariners,/api/v1/teams/136,,,
871850,2025-10-04,2025-10-04,2025-10-04,SC,Status Change,RHP Troy Taylor roster status changed by Seattle Mariners.,700187.0,Troy Taylor,/api/v1/people/700187,136,Seattle Mariners,/api/v1/teams/136,,,
871844,2025-10-04,2025-10-04,2025-10-04,SC,Status Change,LHP Jhonathan Díaz roster status changed by Seattle Mariners.,646242.0,Jhonathan Díaz,/api/v1/people/646242,136,Seattle Mariners,/api/v1/teams/136,,,
871846,2025-10-04,2025-10-04,2025-10-04,SC,Status Change,RHP Domingo Gonzalez roster status changed by Seattle Mariners.,682445.0,Domingo Gonzalez,/api/v1/people/682445,136,Seattle Mariners,/api/v1/teams/136,,,
871847,2025-10-04,2025-10-04,2025-10-04,SC,Status Change,RHP Jackson Kowar roster status changed by Seattle Mariners.,663804.0,Jackson Kowar,/api/v1/people/663804,136,Seattle Mariners,/api/v1/teams/136,,,
871843,2025-10-04,2025-10-04,2025-10-04,SC,Status Change,RHP Blas Castaño roster status changed by Seattle Mariners.,680604.0,Blas Castaño,/api/v1/people/680604,136,Seattle Mariners,/api/v1/teams/136,,,
871845,2025-10-04,2025-10-04,2025-10-04,SC,Status Change,RHP Logan Evans roster status changed by Seattle Mariners.,688138.0,Logan Evans,/api/v1/people/688138,136,Seattle Mariners,/api/v1/teams/136,,,
871848,2025-10-04,2025-10-04,2025-10-04,SC,Status Change,RHP Casey Legumina roster status changed by Seattle Mariners.,668984.0,Casey Legumina,/api/v1/people/668984,136,Seattle Mariners,/api/v1/teams/136,,,
871855,2025-10-04,2025-10-04,2025-10-04,SC,Status Change,3B Miles Mastrobuoni roster status changed by Seattle Mariners.,670156.0,Miles Mastrobuoni,/api/v1/people/670156,136,Seattle Mariners,/api/v1/teams/136,,,
871854,2025-10-04,2025-10-04,2025-10-04,SC,Status Change,2B Cole Young roster status changed by Seattle Mariners.,702284.0,Cole Young,/api/v1/people/702284,136,Seattle Mariners,/api/v1/teams/136,,,
871852,2025-10-04,2025-10-04,2025-10-04,SC,Status Change,LF Rhylan Thomas roster status changed by Seattle Mariners.,689041.0,Rhylan Thomas,/api/v1/people/689041,136,Seattle Mariners,/api/v1/teams/136,,,
871853,2025-10-04,2025-10-04,2025-10-04,SC,Status Change,2B Samad Taylor roster status changed by Seattle Mariners.,669392.0,Samad Taylor,/api/v1/people/669392,136,Seattle Mariners,/api/v1/teams/136,,,
871849,2025-10-04,2025-10-04,2025-10-04,SC,Status Change,LHP Tayler Saucedo roster status changed by Seattle Mariners.,642048.0,Tayler Saucedo,/api/v1/people/642048,136,Seattle Mariners,/api/v1/teams/136,,,
872126,2025-10-12,2025-10-12,2025-10-12,SC,Status Change,Seattle Mariners activated RHP Bryan Woo.,693433.0,Bryan Woo,/api/v1/people/693433,136,Seattle Mariners,/api/v1/teams/136,,,
872127,2025-10-12,2025-10-12,2025-10-12,SC,Status Change,Seattle Mariners activated 3B Miles Mastrobuoni.,670156.0,Miles Mastrobuoni,/api/v1/people/670156,136,Seattle Mariners,/api/v1/teams/136,,,
872129,2025-10-12,2025-10-12,2025-10-12,SC,Status Change,RF Luke Raley roster status changed by Seattle Mariners.,670042.0,Luke Raley,/api/v1/people/670042,136,Seattle Mariners,/api/v1/teams/136,,,
872128,2025-10-12,2025-10-12,2025-10-12,SC,Status Change,3B Ben Williamson roster status changed by Seattle Mariners.,810938.0,Ben Williamson,/api/v1/people/810938,136,Seattle Mariners,/api/v1/teams/136,,,
873728,2025-10-21,2025-10-21,2025-10-21,SC,Status Change,Seattle Mariners activated 2B Cole Young.,702284.0,Cole Young,/api/v1/people/702284,136,Seattle Mariners,/api/v1/teams/136,,,
873722,2025-10-21,2025-10-21,2025-10-21,SC,Status Change,Seattle Mariners activated RF Luke Raley.,670042.0,Luke Raley,/api/v1/people/670042,136,Seattle Mariners,/api/v1/teams/136,,,
873721,2025-10-21,2025-10-21,2025-10-21,SC,Status Change,Seattle Mariners activated RHP Jackson Kowar.,663804.0,Jackson Kowar,/api/v1/people/663804,136,Seattle Mariners,/api/v1/teams/136,,,
873725,2025-10-21,2025-10-21,2025-10-21,SC,Status Change,Seattle Mariners activated LHP Tayler Saucedo.,642048.0,Tayler Saucedo,/api/v1/people/642048,136,Seattle Mariners,/api/v1/teams/136,,,
873727,2025-10-21,2025-10-21,2025-10-21,SC,Status Change,Seattle Mariners activated RHP Casey Legumina.,668984.0,Casey Legumina,/api/v1/people/668984,136,Seattle Mariners,/api/v1/teams/136,,,
873723,2025-10-21,2025-10-21,2025-10-21,SC,Status Change,Seattle Mariners activated 2B Samad Taylor.,669392.0,Samad Taylor,/api/v1/people/669392,136,Seattle Mariners,/api/v1/teams/136,,,
873718,2025-10-21,2025-10-21,2025-10-21,SC,Status Change,Seattle Mariners activated LHP Jhonathan Díaz.,646242.0,Jhonathan Díaz,/api/v1/people/646242,136,Seattle Mariners,/api/v1/teams/136,,,
873724,2025-10-21,2025-10-21,2025-10-21,SC,Status Change,Seattle Mariners activated LF Rhylan Thomas.,689041.0,Rhylan Thomas,/api/v1/people/689041,136,Seattle Mariners,/api/v1/teams/136,,,
873719,2025-10-21,2025-10-21,2025-10-21,SC,Status Change,Seattle Mariners activated RHP Logan Evans.,688138.0,Logan Evans,/api/v1/people/688138,136,Seattle Mariners,/api/v1/teams/136,,,
873726,2025-10-21,2025-10-21,2025-10-21,SC,Status Change,Seattle Mariners activated 3B Ben Williamson.,810938.0,Ben Williamson,/api/v1/people/810938,136,Seattle Mariners,/api/v1/teams/136,,,
873717,2025-10-21,2025-10-21,2025-10-21,SC,Status Change,Seattle Mariners activated RHP Domingo Gonzalez.,682445.0,Domingo Gonzalez,/api/v1/people/682445,136,Seattle Mariners,/api/v1/teams/136,,,
873720,2025-10-21,2025-10-21,2025-10-21,SC,Status Change,Seattle Mariners activated RHP Troy Taylor.,700187.0,Troy Taylor,/api/v1/people/700187,136,Seattle Mariners,/api/v1/teams/136,,,
873716,2025-10-21,2025-10-21,2025-10-21,SC,Status Change,Seattle Mariners activated RHP Blas Castaño.,680604.0,Blas Castaño,/api/v1/people/680604,136,Seattle Mariners,/api/v1/teams/136,,,
874406,2025-11-02,2025-11-02,2025-11-02,DFA,Declared Free Agency,1B Josh Naylor elected free agency.,647304.0,Josh Naylor,/api/v1/people/647304,136,Seattle Mariners,/api/v1/teams/136,,,
874405,2025-11-02,2025-11-02,2025-11-02,DFA,Declared Free Agency,RHP Luke Jackson elected free agency.,592426.0,Luke Jackson,/api/v1/people/592426,136,Seattle Mariners,/api/v1/teams/136,,,
874407,2025-11-02,2025-11-02,2025-11-02,DFA,Declared Free Agency,3B Eugenio Suárez elected free agency.,553993.0,Eugenio Suárez,/api/v1/people/553993,136,Seattle Mariners,/api/v1/teams/136,,,
874404,2025-11-02,2025-11-02,2025-11-02,DFA,Declared Free Agency,LHP Caleb Ferguson elected free agency.,657571.0,Caleb Ferguson,/api/v1/people/657571,136,Seattle Mariners,/api/v1/teams/136,,,
874515,2025-11-03,2025-11-03,2025-11-03,DFA,Declared Free Agency,C Mitch Garver elected free agency.,641598.0,Mitch Garver,/api/v1/people/641598,136,Seattle Mariners,/api/v1/teams/136,,,
874637,2025-11-05,2025-11-05,2025-11-05,DFA,Declared Free Agency,2B Jorge Polanco elected free agency.,593871.0,Jorge Polanco,/api/v1/people/593871,136,Seattle Mariners,/api/v1/teams/136,,,
874628,2025-11-05,2025-11-05,2025-11-05,SC,Status Change,Seattle Mariners activated 2B Ryan Bliss from the 60-day injured list.,669208.0,Ryan Bliss,/api/v1/people/669208,136,Seattle Mariners,/api/v1/teams/136,,,
874629,2025-11-05,2025-11-05,2025-11-05,SC,Status Change,Seattle Mariners activated RHP Gregory Santos from the 60-day injured list.,666619.0,Gregory Santos,/api/v1/people/666619,136,Seattle Mariners,/api/v1/teams/136,,,
874630,2025-11-05,2025-11-05,2025-11-05,SC,Status Change,Seattle Mariners activated RHP Trent Thornton from the 60-day injured list.,663423.0,Trent Thornton,/api/v1/people/663423,136,Seattle Mariners,/api/v1/teams/136,,,
874627,2025-11-05,2025-11-05,,TR,Trade,Tampa Bay Rays traded RHP Cole Wilcox to Seattle Mariners for cash.,677961.0,Cole Wilcox,/api/v1/people/677961,136,Seattle Mariners,/api/v1/teams/136,139.0,Tampa Bay Rays,/api/v1/teams/139
874974,2025-11-06,2025-11-06,,CLW,Claimed Off Waivers,Seattle Mariners claimed RHP Ryan Loutos off waivers from Washington Nationals.,702795.0,Ryan Loutos,/api/v1/people/702795,136,Seattle Mariners,/api/v1/teams/136,120.0,Washington Nationals,/api/v1/teams/120
877083,2025-11-16,2025-11-16,,TR,Trade,Los Angeles Dodgers traded LHP Robinson Ortiz to Seattle Mariners for RHP Tyler Gough.,702640.0,Tyler Gough,/api/v1/people/702640,119,Los Angeles Dodgers,/api/v1/teams/119,136.0,Seattle Mariners,/api/v1/teams/136
883424,2025-11-17,2025-11-17,2025-11-17,SC,Status Change,RHP Randy Dobnak roster status changed by Seattle Mariners.,677976.0,Randy Dobnak,/api/v1/people/677976,136,Seattle Mariners,/api/v1/teams/136,,,
878105,2025-11-17,2025-11-17,2025-11-17,SFA,Signed as Free Agent,Seattle Mariners signed free agent RHP Randy Dobnak to a minor league contract.,677976.0,Randy Dobnak,/api/v1/people/677976,136,Seattle Mariners,/api/v1/teams/136,,,
877132,2025-11-17,2025-11-17,2025-11-17,SFA,Signed as Free Agent,Seattle Mariners signed free agent 1B Josh Naylor.,647304.0,Josh Naylor,/api/v1/people/647304,136,Seattle Mariners,/api/v1/teams/136,,,
877255,2025-11-18,2025-11-18,2025-11-18,DES,Designated for Assignment,Seattle Mariners designated LHP Tayler Saucedo for assignment.,642048.0,Tayler Saucedo,/api/v1/people/642048,136,Seattle Mariners,/api/v1/teams/136,,,
877261,2025-11-18,2025-11-18,2025-11-18,SC,Status Change,RHP Alex Hoppe roster status changed by Seattle Mariners.,695380.0,Alex Hoppe,/api/v1/people/695380,136,Seattle Mariners,/api/v1/teams/136,,,
877259,2025-11-18,2025-11-18,,TR,Trade,Boston Red Sox traded RHP Alex Hoppe to Seattle Mariners for C Luke Heyman.,695380.0,Alex Hoppe,/api/v1/people/695380,136,Seattle Mariners,/api/v1/teams/136,111.0,Boston Red Sox,/api/v1/teams/111
877425,2025-11-19,2025-11-19,2025-11-19,SFA,Signed as Free Agent,Seattle Mariners signed free agent RHP Jose Gabriel Torres to a minor league contract.,829258.0,Jose Gabriel Torres,/api/v1/people/829258,136,Seattle Mariners,/api/v1/teams/136,,,
877524,2025-11-20,2025-11-20,2025-11-20,DFA,Declared Free Agency,LHP Tayler Saucedo elected free agency.,642048.0,Tayler Saucedo,/api/v1/people/642048,136,Seattle Mariners,/api/v1/teams/136,,,
877523,2025-11-21,2025-11-21,2025-11-21,DFA,Declared Free Agency,RHP Gregory Santos elected free agency.,666619.0,Gregory Santos,/api/v1/people/666619,136,Seattle Mariners,/api/v1/teams/136,,,
877525,2025-11-21,2025-11-21,2025-11-21,DFA,Declared Free Agency,RHP Trent Thornton elected free agency.,663423.0,Trent Thornton,/api/v1/people/663423,136,Seattle Mariners,/api/v1/teams/136,,,
883427,2025-11-26,2025-11-26,2025-11-26,SC,Status Change,RHP Casey Lawrence roster status changed by Seattle Mariners.,596271.0,Casey Lawrence,/api/v1/people/596271,136,Seattle Mariners,/api/v1/teams/136,,,
878446,2025-11-26,2025-11-26,,SFA,Signed as Free Agent,Seattle Mariners signed free agent RHP Casey Lawrence.,596271.0,Casey Lawrence,/api/v1/people/596271,136,Seattle Mariners,/api/v1/teams/136,,,
878295,2025-12-05,2025-12-05,2025-12-05,SC,Status Change,C Harry Ford roster status changed by Seattle Mariners.,695670.0,Harry Ford,/api/v1/people/695670,136,Seattle Mariners,/api/v1/teams/136,,,
878291,2025-12-06,2025-12-06,,TR,Trade,Washington Nationals traded LHP Jose A. Ferrer to Seattle Mariners for C Harry Ford and RHP Isaac Lyon.,678606.0,José A. Ferrer,/api/v1/people/678606,136,Seattle Mariners,/api/v1/teams/136,120.0,Washington Nationals,/api/v1/teams/120
883452,2025-12-10,2025-12-10,2025-12-10,SC,Status Change,1B Carson Taylor roster status changed by Seattle Mariners.,694930.0,Carson Taylor,/api/v1/people/694930,136,Seattle Mariners,/api/v1/teams/136,,,
878510,2025-12-10,2025-12-10,,R5M,Rule 5 Draft Minors,"Seattle Mariners purchased contract of RHP Sean Hermann  in the Rule 5 Draft, AAA Phase.",702314.0,Sean Hermann,/api/v1/people/702314,136,Seattle Mariners,/api/v1/teams/136,147.0,New York Yankees,/api/v1/teams/147
878489,2025-12-10,2025-12-10,,R5M,Rule 5 Draft Minors,"Seattle Mariners purchased contract of 1B Carson Taylor  in the Rule 5 Draft, AAA Phase.",694930.0,Carson Taylor,/api/v1/people/694930,136,Seattle Mariners,/api/v1/teams/136,143.0,Philadelphia Phillies,/api/v1/teams/143
878498,2025-12-10,2025-12-10,,R5M,Rule 5 Draft Minors,"Milwaukee Brewers purchased contract of RHP Cole Phillips  in the Rule 5 Draft, AAA Phase.",702551.0,Cole Phillips,/api/v1/people/702551,158,Milwaukee Brewers,/api/v1/teams/158,136.0,Seattle Mariners,/api/v1/teams/136
878949,2025-12-16,2025-12-16,2025-12-16,SFA,Signed as Free Agent,Seattle Mariners signed free agent C Andrew Knizner.,668800.0,Andrew Knizner,/api/v1/people/668800,136,Seattle Mariners,/api/v1/teams/136,,,
883437,2025-12-18,2025-12-18,2025-12-18,SC,Status Change,CF Brennen Davis roster status changed by Seattle Mariners.,680695.0,Brennen Davis,/api/v1/people/680695,136,Seattle Mariners,/api/v1/teams/136,,,
880106,2025-12-18,2025-12-18,2025-12-18,SFA,Signed as Free Agent,Seattle Mariners signed free agent CF Brennen Davis to a minor league contract.,680695.0,Brennen Davis,/api/v1/people/680695,136,Seattle Mariners,/api/v1/teams/136,,,
879493,2025-12-22,2025-12-22,2025-12-22,SFA,Signed as Free Agent,Seattle Mariners signed free agent RF Rob Refsnyder.,608701.0,Rob Refsnyder,/api/v1/people/608701,136,Seattle Mariners,/api/v1/teams/136,,,
887583,2025-12-23,2025-12-23,2025-12-23,SC,Status Change,RF Sammy Siani roster status changed by Seattle Mariners.,686445.0,Sammy Siani,/api/v1/people/686445,136,Seattle Mariners,/api/v1/teams/136,,,
880382,2025-12-23,2025-12-23,2025-12-23,SFA,Signed as Free Agent,Seattle Mariners signed free agent CF Sammy Siani to a minor league contract.,686445.0,Sammy Siani,/api/v1/people/686445,136,Seattle Mariners,/api/v1/teams/136,,,
880116,2026-01-04,2026-01-04,2026-01-04,NUM,Number Change,RHP Logan Evans changed number to 23.,688138.0,Logan Evans,/api/v1/people/688138,136,Seattle Mariners,/api/v1/teams/136,,,
881055,2026-01-08,2026-01-08,2026-01-08,SFA,Signed as Free Agent,Seattle Mariners signed free agent RHP Michael Rucker to a minor league contract.,621074.0,Michael Rucker,/api/v1/people/621074,136,Seattle Mariners,/api/v1/teams/136,,,
883431,2026-01-08,2026-01-08,2026-01-08,SC,Status Change,RHP Michael Rucker roster status changed by Seattle Mariners.,621074.0,Michael Rucker,/api/v1/people/621074,136,Seattle Mariners,/api/v1/teams/136,,,
890771,2026-01-12,2026-01-12,2026-01-12,SC,Status Change,2B J.T. Arruda roster status changed by Seattle Mariners.,686793.0,J.T. Arruda,/api/v1/people/686793,136,Seattle Mariners,/api/v1/teams/136,,,
882053,2026-01-12,2026-01-12,2026-01-12,SFA,Signed as Free Agent,Seattle Mariners signed free agent SS J.T. Arruda to a minor league contract.,686793.0,J.T. Arruda,/api/v1/people/686793,136,Seattle Mariners,/api/v1/teams/136,,,
881621,2026-01-15,2026-01-15,2026-01-15,SFA,Signed as Free Agent,Seattle Mariners signed free agent SS Leonardo Reynoso to a minor league contract.,836623.0,Leonardo Reynoso,/api/v1/people/836623,136,Seattle Mariners,/api/v1/teams/136,,,
881615,2026-01-15,2026-01-15,2026-01-15,SFA,Signed as Free Agent,Seattle Mariners signed free agent OF Gregory Pio to a minor league contract.,836609.0,Gregory Pio,/api/v1/people/836609,136,Seattle Mariners,/api/v1/teams/136,,,
881614,2026-01-15,2026-01-15,2026-01-15,SFA,Signed as Free Agent,Seattle Mariners signed free agent OF Juan Rijo to a minor league contract.,836591.0,Juan Rijo,/api/v1/people/836591,136,Seattle Mariners,/api/v1/teams/136,,,
881616,2026-01-15,2026-01-15,2026-01-15,SFA,Signed as Free Agent,Seattle Mariners signed free agent OF Jarvis Gomez to a minor league contract.,837869.0,Jarvis Gomez,/api/v1/people/837869,136,Seattle Mariners,/api/v1/teams/136,,,
881623,2026-01-15,2026-01-15,2026-01-15,SFA,Signed as Free Agent,Seattle Mariners signed free agent OF Ambeiro Recio to a minor league contract.,837873.0,Ambeiro Recio,/api/v1/people/837873,136,Seattle Mariners,/api/v1/teams/136,,,
881278,2026-01-15,2026-01-15,2026-01-15,DES,Designated for Assignment,Seattle Mariners designated 2B Samad Taylor for assignment.,669392.0,Samad Taylor,/api/v1/people/669392,136,Seattle Mariners,/api/v1/teams/136,,,
881279,2026-01-15,2026-01-15,,TR,Trade,Cincinnati Reds traded RHP Yosver Zulueta to Seattle Mariners for RHP Dusty Revis.,691172.0,Yosver Zulueta,/api/v1/people/691172,136,Seattle Mariners,/api/v1/teams/136,113.0,Cincinnati Reds,/api/v1/teams/113
882658,2026-01-16,2026-01-16,2026-01-16,SFA,Signed as Free Agent,Seattle Mariners signed free agent RHP Gabe Mosser to a minor league contract.,682077.0,Gabe Mosser,/api/v1/people/682077,136,Seattle Mariners,/api/v1/teams/136,,,
883430,2026-01-16,2026-01-16,2026-01-16,SC,Status Change,RHP Gabe Mosser roster status changed by Seattle Mariners.,682077.0,Gabe Mosser,/api/v1/people/682077,136,Seattle Mariners,/api/v1/teams/136,,,
882660,2026-01-20,2026-01-20,2026-01-20,SFA,Signed as Free Agent,Seattle Mariners signed free agent 1B Patrick Wisdom to a minor league contract.,621550.0,Patrick Wisdom,/api/v1/people/621550,136,Seattle Mariners,/api/v1/teams/136,,,
883454,2026-01-20,2026-01-20,2026-01-20,SC,Status Change,1B Patrick Wisdom roster status changed by Seattle Mariners.,621550.0,Patrick Wisdom,/api/v1/people/621550,136,Seattle Mariners,/api/v1/teams/136,,,
882656,2026-01-21,2026-01-21,2026-01-21,SFA,Signed as Free Agent,Seattle Mariners signed free agent LHP Jack Bowery to a minor league contract.,822817.0,Jack Bowery,/api/v1/people/822817,136,Seattle Mariners,/api/v1/teams/136,,,
883050,2026-01-22,2026-01-22,2026-01-22,SFA,Signed as Free Agent,Seattle Mariners signed free agent RHP Dane Dunning to a minor league contract.,641540.0,Dane Dunning,/api/v1/people/641540,136,Seattle Mariners,/api/v1/teams/136,,,
883425,2026-01-22,2026-01-22,2026-01-22,SC,Status Change,RHP Dane Dunning roster status changed by Seattle Mariners.,641540.0,Dane Dunning,/api/v1/people/641540,136,Seattle Mariners,/api/v1/teams/136,,,
882425,2026-01-22,2026-01-22,,OUT,Outrighted,Seattle Mariners sent 2B Samad Taylor outright to Tacoma Rainiers.,669392.0,Samad Taylor,/api/v1/people/669392,529,Tacoma Rainiers,/api/v1/teams/529,136.0,Seattle Mariners,/api/v1/teams/136
882781,2026-01-23,2026-01-23,2026-01-23,DES,Designated for Assignment,Seattle Mariners designated LHP Jhonathan Díaz for assignment.,646242.0,Jhonathan Díaz,/api/v1/people/646242,136,Seattle Mariners,/api/v1/teams/136,,,
882780,2026-01-23,2026-01-23,,TR,Trade,New York Mets traded RHP Cooper Criswell to Seattle Mariners for cash.,,,,121,New York Mets,/api/v1/teams/121,136.0,Seattle Mariners,/api/v1/teams/136
883416,2026-01-24,2026-01-24,2026-01-24,SFA,Signed as Free Agent,Seattle Mariners signed free agent C Jakson Reetz to a minor league contract.,656883.0,Jakson Reetz,/api/v1/people/656883,136,Seattle Mariners,/api/v1/teams/136,,,
883448,2026-01-24,2026-01-24,2026-01-24,SC,Status Change,C Jakson Reetz roster status changed by Seattle Mariners.,656883.0,Jakson Reetz,/api/v1/people/656883,136,Seattle Mariners,/api/v1/teams/136,,,
883410,2026-01-26,2026-01-26,2026-01-26,SFA,Signed as Free Agent,Seattle Mariners signed free agent C Aaron McKeithan to a minor league contract.,702463.0,Aaron McKeithan,/api/v1/people/702463,136,Seattle Mariners,/api/v1/teams/136,,,
883412,2026-01-26,2026-01-26,2026-01-26,SFA,Signed as Free Agent,Seattle Mariners signed free agent RHP Abdiel Mendoza to a minor league contract.,665959.0,Abdiel Mendoza,/api/v1/people/665959,136,Seattle Mariners,/api/v1/teams/136,,,
883453,2026-01-26,2026-01-26,2026-01-26,SC,Status Change,3B Will Wilson roster status changed by Seattle Mariners.,669717.0,Will Wilson,/api/v1/people/669717,136,Seattle Mariners,/api/v1/teams/136,,,
883418,2026-01-26,2026-01-26,2026-01-26,SFA,Signed as Free Agent,Seattle Mariners signed free agent 3B Will Wilson to a minor league contract.,669717.0,Will Wilson,/api/v1/people/669717,136,Seattle Mariners,/api/v1/teams/136,,,
883040,2026-01-27,2026-01-27,2026-01-27,DES,Designated for Assignment,Seattle Mariners designated RHP Jackson Kowar for assignment.,663804.0,Jackson Kowar,/api/v1/people/663804,136,Seattle Mariners,/api/v1/teams/136,,,
883408,2026-01-27,2026-01-27,2026-01-27,SFA,Signed as Free Agent,Seattle Mariners signed free agent RHP Gunner Mayer to a minor league contract.,686763.0,Gunner Mayer,/api/v1/people/686763,136,Seattle Mariners,/api/v1/teams/136,,,
883042,2026-01-27,2026-01-27,,TR,Trade,Minnesota Twins traded C Jhonny Pereda to Seattle Mariners for cash.,,,,142,Minnesota Twins,/api/v1/teams/142,136.0,Seattle Mariners,/api/v1/teams/136
883106,2026-01-28,2026-01-28,,OUT,Outrighted,Seattle Mariners sent LHP Jhonathan Díaz outright to Tacoma Rainiers.,646242.0,Jhonathan Díaz,/api/v1/people/646242,529,Tacoma Rainiers,/api/v1/teams/529,136.0,Seattle Mariners,/api/v1/teams/136
883433,2026-01-30,2026-01-30,2026-01-30,ASG,Assigned,Seattle Mariners invited non-roster RHP Guillo Zuñiga to spring training.,670871.0,Guillo Zuñiga,/api/v1/people/670871,136,Seattle Mariners,/api/v1/teams/136,,,
883435,2026-01-30,2026-01-30,2026-01-30,ASG,Assigned,Seattle Mariners invited non-roster C Josh Caron to spring training.,701805.0,Josh Caron,/api/v1/people/701805,136,Seattle Mariners,/api/v1/teams/136,,,
883422,2026-01-30,2026-01-30,2026-01-30,ASG,Assigned,Seattle Mariners invited non-roster RHP Tyler Cleveland to spring training.,804663.0,Tyler Cleveland,/api/v1/people/804663,136,Seattle Mariners,/api/v1/teams/136,,,
883421,2026-01-30,2026-01-30,2026-01-30,ASG,Assigned,Seattle Mariners invited non-roster SHP Jurrangelo Cijntje to spring training.,701388.0,Jurrangelo Cijntje,/api/v1/people/701388,136,Seattle Mariners,/api/v1/teams/136,,,
883426,2026-01-30,2026-01-30,2026-01-30,ASG,Assigned,Seattle Mariners invited non-roster LHP Austin Kitchen to spring training.,685116.0,Austin Kitchen,/api/v1/people/685116,136,Seattle Mariners,/api/v1/teams/136,,,
883434,2026-01-30,2026-01-30,2026-01-30,ASG,Assigned,Seattle Mariners invited non-roster SS Michael Arroyo to spring training.,703197.0,Michael Arroyo,/api/v1/people/703197,136,Seattle Mariners,/api/v1/teams/136,,,
883432,2026-01-30,2026-01-30,2026-01-30,ASG,Assigned,Seattle Mariners invited non-roster RHP Ryan Sloan to spring training.,815549.0,Ryan Sloan,/api/v1/people/815549,136,Seattle Mariners,/api/v1/teams/136,,,
891737,2026-01-30,2026-01-30,2026-01-30,SC,Status Change,C Josh Caron roster status changed by Seattle Mariners.,701805.0,Josh Caron,/api/v1/people/701805,136,Seattle Mariners,/api/v1/teams/136,,,
883446,2026-01-30,2026-01-30,2026-01-30,ASG,Assigned,Seattle Mariners invited non-roster OF Blake Rambusch to spring training.,800683.0,Blake Rambusch,/api/v1/people/800683,136,Seattle Mariners,/api/v1/teams/136,,,
883436,2026-01-30,2026-01-30,2026-01-30,ASG,Assigned,Seattle Mariners invited non-roster C Connor Charping to spring training.,806464.0,Connor Charping,/api/v1/people/806464,136,Seattle Mariners,/api/v1/teams/136,,,
883439,2026-01-30,2026-01-30,2026-01-30,ASG,Assigned,Seattle Mariners invited non-roster SS Colt Emerson to spring training.,806068.0,Colt Emerson,/api/v1/people/806068,136,Seattle Mariners,/api/v1/teams/136,,,
883438,2026-01-30,2026-01-30,2026-01-30,ASG,Assigned,Seattle Mariners invited non-roster OF Jonny Farmelo to spring training.,806071.0,Jonny Farmelo,/api/v1/people/806071,136,Seattle Mariners,/api/v1/teams/136,,,
883451,2026-01-30,2026-01-30,2026-01-30,ASG,Assigned,Seattle Mariners invited non-roster OF Jared Sundstrom to spring training.,814791.0,Jared Sundstrom,/api/v1/people/814791,136,Seattle Mariners,/api/v1/teams/136,,,
883443,2026-01-30,2026-01-30,2026-01-30,SFA,Signed as Free Agent,Seattle Mariners signed free agent C Brian O'Keefe to a minor league contract and invited him to spring training.,657247.0,Brian O'Keefe,/api/v1/people/657247,136,Seattle Mariners,/api/v1/teams/136,,,
883428,2026-01-30,2026-01-30,2026-01-30,ASG,Assigned,Seattle Mariners invited non-roster RHP Teddy McGraw to spring training.,803141.0,Teddy McGraw,/api/v1/people/803141,136,Seattle Mariners,/api/v1/teams/136,,,
883441,2026-01-30,2026-01-30,2026-01-30,ASG,Assigned,Seattle Mariners invited non-roster RF Lazaro Montes to spring training.,703155.0,Lazaro Montes,/api/v1/people/703155,136,Seattle Mariners,/api/v1/teams/136,,,
883449,2026-01-30,2026-01-30,2026-01-30,ASG,Assigned,Seattle Mariners invited non-roster 2B Brock Rodden to spring training.,801126.0,Brock Rodden,/api/v1/people/801126,136,Seattle Mariners,/api/v1/teams/136,,,
883450,2026-01-30,2026-01-30,2026-01-30,ASG,Assigned,Seattle Mariners invited non-roster C Luke Stevenson to spring training.,806233.0,Luke Stevenson,/api/v1/people/806233,136,Seattle Mariners,/api/v1/teams/136,,,
883440,2026-01-30,2026-01-30,2026-01-30,ASG,Assigned,Seattle Mariners invited non-roster CF Victor Labrada to spring training.,700032.0,Victor Labrada,/api/v1/people/700032,136,Seattle Mariners,/api/v1/teams/136,,,
883447,2026-01-30,2026-01-30,2026-01-30,ASG,Assigned,Seattle Mariners invited non-roster C Nick Raposo to spring training.,695596.0,Nick Raposo,/api/v1/people/695596,136,Seattle Mariners,/api/v1/teams/136,,,
883445,2026-01-30,2026-01-30,2026-01-30,ASG,Assigned,Seattle Mariners invited non-roster OF Spencer Packard to spring training.,689070.0,Spencer Packard,/api/v1/people/689070,136,Seattle Mariners,/api/v1/teams/136,,,
883419,2026-01-30,2026-01-30,2026-01-30,ASG,Assigned,Seattle Mariners invited non-roster LHP Kade Anderson to spring training.,807739.0,Kade Anderson,/api/v1/people/807739,136,Seattle Mariners,/api/v1/teams/136,,,
883423,2026-01-30,2026-01-30,2026-01-30,ASG,Assigned,Seattle Mariners invited non-roster RHP Nick Davila to spring training.,689546.0,Nick Davila,/api/v1/people/689546,136,Seattle Mariners,/api/v1/teams/136,,,
883420,2026-01-30,2026-01-30,2026-01-30,ASG,Assigned,Seattle Mariners invited non-roster RHP Charlie Beilenson to spring training.,810897.0,Charlie Beilenson,/api/v1/people/810897,136,Seattle Mariners,/api/v1/teams/136,,,
891277,2026-01-30,2026-01-30,2026-01-30,SC,Status Change,RHP Nick Davila roster status changed by Seattle Mariners.,689546.0,Nick Davila,/api/v1/people/689546,136,Seattle Mariners,/api/v1/teams/136,,,
883429,2026-01-30,2026-01-30,2026-01-30,ASG,Assigned,Seattle Mariners invited non-roster RHP Michael Morales to spring training.,691786.0,Michael Morales,/api/v1/people/691786,136,Seattle Mariners,/api/v1/teams/136,,,
883712,2026-02-02,2026-02-02,,TR,Trade,"St. Louis Cardinals traded 2B Brendan Donovan to Seattle Mariners for CF Colton Ledbetter, SHP Jurrangelo Cijntje, OF Tai Peete, Draft Pick and Draft Pick.",810938.0,Ben Williamson,/api/v1/people/810938,139,Tampa Bay Rays,/api/v1/teams/139,136.0,Seattle Mariners,/api/v1/teams/136
884097,2026-02-03,2026-02-03,2026-02-03,SFA,Signed as Free Agent,Seattle Mariners signed free agent RHP Ray Cebulski to a minor league contract.,838328.0,Ray Cebulski,/api/v1/people/838328,136,Seattle Mariners,/api/v1/teams/136,,,
884090,2026-02-03,2026-02-03,2026-02-03,SFA,Signed as Free Agent,Seattle Mariners signed free agent C Robert Emery to a minor league contract.,681487.0,Robert Emery,/api/v1/people/681487,136,Seattle Mariners,/api/v1/teams/136,,,
883864,2026-02-03,2026-02-03,,CLW,Claimed Off Waivers,Minnesota Twins claimed RHP Jackson Kowar off waivers from Seattle Mariners.,663804.0,Jackson Kowar,/api/v1/people/663804,142,Minnesota Twins,/api/v1/teams/142,136.0,Seattle Mariners,/api/v1/teams/136
885146,2026-02-05,2026-02-05,2026-02-05,SFA,Signed as Free Agent,Seattle Mariners signed free agent RHP Ben Hernandez to a minor league contract.,690989.0,Ben Hernandez,/api/v1/people/690989,136,Seattle Mariners,/api/v1/teams/136,,,
897518,2026-02-09,2026-02-09,2026-02-09,SC,Status Change,LHP Jhonathan Díaz roster status changed by Seattle Mariners.,646242.0,Jhonathan Díaz,/api/v1/people/646242,136,Seattle Mariners,/api/v1/teams/136,,,
886466,2026-02-09,2026-02-09,2026-02-09,SFA,Signed as Free Agent,Seattle Mariners signed free agent LHP Jhonathan Díaz.,646242.0,Jhonathan Díaz,/api/v1/people/646242,136,Seattle Mariners,/api/v1/teams/136,,,
886648,2026-02-10,2026-02-10,2026-02-10,SFA,Signed as Free Agent,Seattle Mariners signed free agent OF Daniel Amaral to a minor league contract.,663610.0,Daniel Amaral,/api/v1/people/663610,136,Seattle Mariners,/api/v1/teams/136,,,
886468,2026-02-12,2026-02-12,2026-02-12,ASG,Assigned,Seattle Mariners invited non-roster LHP Jhonathan Díaz to spring training.,646242.0,Jhonathan Díaz,/api/v1/people/646242,136,Seattle Mariners,/api/v1/teams/136,,,
897519,2026-02-12,2026-02-12,2026-02-12,SC,Status Change,LHP Jhonathan Díaz roster status changed by Seattle Mariners.,646242.0,Jhonathan Díaz,/api/v1/people/646242,136,Seattle Mariners,/api/v1/teams/136,,,
886606,2026-02-13,2026-02-13,2026-02-13,SFA,Signed as Free Agent,Seattle Mariners signed free agent OF Edgardo Toro to a minor league contract.,838856.0,Edgardo Toro,/api/v1/people/838856,136,Seattle Mariners,/api/v1/teams/136,,,
887341,2026-02-13,2026-02-13,2026-02-13,SFA,Signed as Free Agent,Seattle Mariners signed free agent RHP German Arvayo to a minor league contract.,838938.0,German Arvayo,/api/v1/people/838938,136,Seattle Mariners,/api/v1/teams/136,,,
886605,2026-02-13,2026-02-13,2026-02-13,SFA,Signed as Free Agent,Seattle Mariners signed free agent RHP Gabriel Hidalgo to a minor league contract.,838855.0,Gabriel Hidalgo,/api/v1/people/838855,136,Seattle Mariners,/api/v1/teams/136,,,
886651,2026-02-13,2026-02-13,2026-02-13,SFA,Signed as Free Agent,Seattle Mariners signed free agent RHP Houston Roth to a minor league contract.,674175.0,Houston Roth,/api/v1/people/674175,136,Seattle Mariners,/api/v1/teams/136,,,
887336,2026-02-13,2026-02-13,2026-02-13,SFA,Signed as Free Agent,Seattle Mariners signed free agent RHP Carlos Martinez to a minor league contract.,838934.0,Carlos Martinez,/api/v1/people/838934,136,Seattle Mariners,/api/v1/teams/136,,,
886604,2026-02-13,2026-02-13,2026-02-13,SFA,Signed as Free Agent,Seattle Mariners signed free agent IF Fabian Gonzalez to a minor league contract.,838854.0,Fabian Gonzalez,/api/v1/people/838854,136,Seattle Mariners,/api/v1/teams/136,,,
886607,2026-02-13,2026-02-13,2026-02-13,SFA,Signed as Free Agent,Seattle Mariners signed free agent RHP Adan Vallenilla to a minor league contract.,838857.0,Adan Vallenilla,/api/v1/people/838857,136,Seattle Mariners,/api/v1/teams/136,,,
886603,2026-02-13,2026-02-13,2026-02-13,SFA,Signed as Free Agent,Seattle Mariners signed free agent C Daniel Alana to a minor league contract.,838807.0,Daniel Alana,/api/v1/people/838807,136,Seattle Mariners,/api/v1/teams/136,,,
886646,2026-02-13,2026-02-13,2026-02-13,SFA,Signed as Free Agent,Seattle Mariners signed free agent RHP Cristian Alvarado to a minor league contract.,800079.0,Cristian Alvarado,/api/v1/people/800079,136,Seattle Mariners,/api/v1/teams/136,,,
886649,2026-02-13,2026-02-13,2026-02-13,SFA,Signed as Free Agent,Seattle Mariners signed free agent RF Connor Joe to a minor league contract.,656582.0,Connor Joe,/api/v1/people/656582,136,Seattle Mariners,/api/v1/teams/136,,,
886616,2026-02-16,2026-02-16,2026-02-16,SC,Status Change,Seattle Mariners placed RHP Logan Evans on the 60-day injured list. Recovery from torn UCL in right arm.,688138.0,Logan Evans,/api/v1/people/688138,136,Seattle Mariners,/api/v1/teams/136,,,
886615,2026-02-16,2026-02-16,,TR,Trade,Miami Marlins traded LHP Josh Simpson to Seattle Mariners for cash.,681006.0,Josh Simpson,/api/v1/people/681006,136,Seattle Mariners,/api/v1/teams/136,146.0,Miami Marlins,/api/v1/teams/146
886906,2026-02-19,2026-02-19,2026-02-19,ASG,Assigned,C Santiago Pereira assigned to Seattle Mariners.,822240.0,Santiago Pereira,/api/v1/people/822240,136,Seattle Mariners,/api/v1/teams/136,,,
886933,2026-02-20,2026-02-20,2026-02-20,ASG,Assigned,RHP Jason Ruffcorn assigned to Seattle Mariners.,674022.0,Jason Ruffcorn,/api/v1/people/674022,136,Seattle Mariners,/api/v1/teams/136,,,
886932,2026-02-20,2026-02-20,2026-02-20,ASG,Assigned,RHP Jimmy Kingsbury assigned to Seattle Mariners.,700675.0,Jimmy Kingsbury,/api/v1/people/700675,136,Seattle Mariners,/api/v1/teams/136,,,
886934,2026-02-20,2026-02-20,2026-02-20,ASG,Assigned,RHP Dylan Wilson assigned to Seattle Mariners.,808511.0,Dylan Wilson,/api/v1/people/808511,136,Seattle Mariners,/api/v1/teams/136,,,
887579,2026-02-20,2026-02-20,2026-02-20,SC,Status Change,RHP Jason Ruffcorn roster status changed by Seattle Mariners.,674022.0,Jason Ruffcorn,/api/v1/people/674022,136,Seattle Mariners,/api/v1/teams/136,,,
886931,2026-02-20,2026-02-20,2026-02-20,ASG,Assigned,LHP Peyton Alford assigned to Seattle Mariners.,688230.0,Peyton Alford,/api/v1/people/688230,136,Seattle Mariners,/api/v1/teams/136,,,
890947,2026-02-21,2026-02-21,2026-02-21,SFA,Signed as Free Agent,Seattle Mariners signed free agent 2B Alejo Lopez to a minor league contract.,664670.0,Alejo Lopez,/api/v1/people/664670,136,Seattle Mariners,/api/v1/teams/136,,,
887256,2026-02-21,2026-02-21,2026-02-21,ASG,Assigned,RHP Ryan Hawks assigned to Seattle Mariners.,686470.0,Ryan Hawks,/api/v1/people/686470,136,Seattle Mariners,/api/v1/teams/136,,,
888079,2026-02-21,2026-02-21,2026-02-21,SFA,Signed as Free Agent,Seattle Mariners signed free agent RHP Brendan White to a minor league contract.,686839.0,Brendan White,/api/v1/people/686839,136,Seattle Mariners,/api/v1/teams/136,,,
887253,2026-02-21,2026-02-21,2026-02-21,ASG,Assigned,RHP Stefan Raeth assigned to Seattle Mariners.,806288.0,Stefan Raeth,/api/v1/people/806288,136,Seattle Mariners,/api/v1/teams/136,,,
887254,2026-02-21,2026-02-21,2026-02-21,ASG,Assigned,LHP Nico Tellache assigned to Seattle Mariners.,688548.0,Nico Tellache,/api/v1/people/688548,136,Seattle Mariners,/api/v1/teams/136,,,
887255,2026-02-21,2026-02-21,2026-02-21,ASG,Assigned,RHP Ryan Hawks assigned to Seattle Mariners.,686470.0,Ryan Hawks,/api/v1/people/686470,136,Seattle Mariners,/api/v1/teams/136,,,
888925,2026-02-21,2026-02-21,2026-02-21,SC,Status Change,RHP Brendan White roster status changed by Seattle Mariners.,686839.0,Brendan White,/api/v1/people/686839,136,Seattle Mariners,/api/v1/teams/136,,,
887252,2026-02-21,2026-02-21,2026-02-21,ASG,Assigned,RHP Aneury Lora assigned to Seattle Mariners.,699699.0,Aneury Lora,/api/v1/people/699699,136,Seattle Mariners,/api/v1/teams/136,,,
890769,2026-02-22,2026-02-22,2026-02-22,SC,Status Change,RHP Nick Garcia roster status changed by Seattle Mariners.,694356.0,Nick Garcia,/api/v1/people/694356,136,Seattle Mariners,/api/v1/teams/136,,,
888077,2026-02-22,2026-02-22,2026-02-22,SFA,Signed as Free Agent,Seattle Mariners signed free agent RHP Nick Garcia to a minor league contract.,694356.0,Nick Garcia,/api/v1/people/694356,136,Seattle Mariners,/api/v1/teams/136,,,
887577,2026-02-22,2026-02-22,2026-02-22,ASG,Assigned,RHP Marcelo Perez assigned to Seattle Mariners.,681041.0,Marcelo Perez,/api/v1/people/681041,136,Seattle Mariners,/api/v1/teams/136,,,
891760,2026-02-22,2026-02-22,2026-02-22,SC,Status Change,3B Charlie Pagliarini roster status changed by Seattle Mariners.,813860.0,Charlie Pagliarini,/api/v1/people/813860,136,Seattle Mariners,/api/v1/teams/136,,,
891761,2026-02-22,2026-02-22,2026-02-22,SC,Status Change,1B Luis Suisbel roster status changed by Seattle Mariners.,692044.0,Luis Suisbel,/api/v1/people/692044,136,Seattle Mariners,/api/v1/teams/136,,,
888671,2026-02-22,2026-02-22,2026-02-22,SC,Status Change,SS Felnin Celesten roster status changed by Seattle Mariners.,806958.0,Felnin Celesten,/api/v1/people/806958,136,Seattle Mariners,/api/v1/teams/136,,,
891992,2026-02-22,2026-02-22,2026-02-22,SC,Status Change,1B Luis Suisbel roster status changed by Seattle Mariners.,692044.0,Luis Suisbel,/api/v1/people/692044,136,Seattle Mariners,/api/v1/teams/136,,,
887578,2026-02-22,2026-02-22,2026-02-22,ASG,Assigned,RHP Jean Munoz assigned to Seattle Mariners.,692663.0,Jean Munoz,/api/v1/people/692663,136,Seattle Mariners,/api/v1/teams/136,,,
887582,2026-02-22,2026-02-22,2026-02-22,ASG,Assigned,1B Luis Suisbel assigned to Seattle Mariners.,692044.0,Luis Suisbel,/api/v1/people/692044,136,Seattle Mariners,/api/v1/teams/136,,,
887581,2026-02-22,2026-02-22,2026-02-22,ASG,Assigned,3B Charlie Pagliarini assigned to Seattle Mariners.,813860.0,Charlie Pagliarini,/api/v1/people/813860,136,Seattle Mariners,/api/v1/teams/136,,,
887580,2026-02-22,2026-02-22,2026-02-22,ASG,Assigned,SS Felnin Celesten assigned to Seattle Mariners.,806958.0,Felnin Celesten,/api/v1/people/806958,136,Seattle Mariners,/api/v1/teams/136,,,
887732,2026-02-23,2026-02-23,2026-02-23,ASG,Assigned,RHP Reese Lumpkin assigned to Seattle Mariners.,813609.0,Reese Lumpkin,/api/v1/people/813609,136,Seattle Mariners,/api/v1/teams/136,,,
887730,2026-02-23,2026-02-23,2026-02-23,ASG,Assigned,3B Brandon Eike assigned to Seattle Mariners.,694806.0,Brandon Eike,/api/v1/people/694806,136,Seattle Mariners,/api/v1/teams/136,,,
887731,2026-02-23,2026-02-23,2026-02-23,ASG,Assigned,RHP Evan Truitt assigned to Seattle Mariners.,822462.0,Evan Truitt,/api/v1/people/822462,136,Seattle Mariners,/api/v1/teams/136,,,
887729,2026-02-23,2026-02-23,2026-02-23,ASG,Assigned,3B Austin St. Laurent assigned to Seattle Mariners.,694318.0,Austin St. Laurent,/api/v1/people/694318,136,Seattle Mariners,/api/v1/teams/136,,,
892419,2026-02-23,2026-02-23,2026-02-23,SC,Status Change,RHP Reese Lumpkin roster status changed by Seattle Mariners.,813609.0,Reese Lumpkin,/api/v1/people/813609,136,Seattle Mariners,/api/v1/teams/136,,,
888114,2026-02-24,2026-02-24,2026-02-24,ASG,Assigned,LHP Reid Easterly assigned to Seattle Mariners.,822498.0,Reid Easterly,/api/v1/people/822498,136,Seattle Mariners,/api/v1/teams/136,,,
888227,2026-02-25,2026-02-25,2026-02-25,ASG,Assigned,3B Caleb Cali assigned to Seattle Mariners.,687730.0,Caleb Cali,/api/v1/people/687730,136,Seattle Mariners,/api/v1/teams/136,,,
888228,2026-02-25,2026-02-25,2026-02-25,ASG,Assigned,LHP Reid VanScoter assigned to Seattle Mariners.,804577.0,Reid VanScoter,/api/v1/people/804577,136,Seattle Mariners,/api/v1/teams/136,,,
888903,2026-02-26,2026-02-26,2026-02-26,SFA,Signed as Free Agent,Seattle Mariners signed free agent C Mitch Garver to a minor league contract.,641598.0,Mitch Garver,/api/v1/people/641598,136,Seattle Mariners,/api/v1/teams/136,,,
888324,2026-02-26,2026-02-26,2026-02-26,ASG,Assigned,RHP Abdiel Mendoza assigned to Seattle Mariners.,665959.0,Abdiel Mendoza,/api/v1/people/665959,136,Seattle Mariners,/api/v1/teams/136,,,
888834,2026-02-27,2026-02-27,2026-02-27,SFA,Signed as Free Agent,Seattle Mariners signed free agent RHP Gabriel Sosa to a minor league contract.,691669.0,Gabriel Sosa,/api/v1/people/691669,136,Seattle Mariners,/api/v1/teams/136,,,
888585,2026-02-28,2026-02-28,2026-02-28,ASG,Assigned,RHP Houston Roth assigned to Seattle Mariners.,674175.0,Houston Roth,/api/v1/people/674175,136,Seattle Mariners,/api/v1/teams/136,,,
888672,2026-03-01,2026-03-01,2026-03-01,ASG,Assigned,OF Bill Knight assigned to Seattle Mariners.,681098.0,Bill Knight,/api/v1/people/681098,136,Seattle Mariners,/api/v1/teams/136,,,
889317,2026-03-01,2026-03-01,2026-03-01,SC,Status Change,OF Bill Knight roster status changed by Seattle Mariners.,681098.0,Bill Knight,/api/v1/people/681098,136,Seattle Mariners,/api/v1/teams/136,,,
888832,2026-03-01,2026-03-01,2026-03-01,SFA,Signed as Free Agent,Seattle Mariners signed free agent C Jacob Nottingham to a minor league contract.,641924.0,Jacob Nottingham,/api/v1/people/641924,136,Seattle Mariners,/api/v1/teams/136,,,
888906,2026-03-03,2026-03-03,2026-03-03,ASG,Assigned,C Mitch Garver assigned to Seattle Mariners.,641598.0,Mitch Garver,/api/v1/people/641598,136,Seattle Mariners,/api/v1/teams/136,,,
888926,2026-03-03,2026-03-03,2026-03-03,ASG,Assigned,C Connor Dykstra assigned to Seattle Mariners.,683270.0,Connor Dykstra,/api/v1/people/683270,136,Seattle Mariners,/api/v1/teams/136,,,
889316,2026-03-04,2026-03-04,2026-03-04,ASG,Assigned,1B Hogan Windish assigned to Seattle Mariners.,702112.0,Hogan Windish,/api/v1/people/702112,136,Seattle Mariners,/api/v1/teams/136,,,
889355,2026-03-05,2026-03-05,2026-03-05,ASG,Assigned,LF Colin Davis assigned to Seattle Mariners.,695342.0,Colin Davis,/api/v1/people/695342,136,Seattle Mariners,/api/v1/teams/136,,,
889354,2026-03-05,2026-03-05,2026-03-05,ASG,Assigned,SS Axel Sanchez assigned to Seattle Mariners.,692046.0,Axel Sanchez,/api/v1/people/692046,136,Seattle Mariners,/api/v1/teams/136,,,
889353,2026-03-05,2026-03-05,2026-03-05,ASG,Assigned,C Aaron McKeithan assigned to Seattle Mariners.,702463.0,Aaron McKeithan,/api/v1/people/702463,136,Seattle Mariners,/api/v1/teams/136,,,
890772,2026-03-06,2026-03-06,2026-03-06,ASG,Assigned,OF Korbyn Dickerson assigned to Seattle Mariners.,702668.0,Korbyn Dickerson,/api/v1/people/702668,136,Seattle Mariners,/api/v1/teams/136,,,
890770,2026-03-06,2026-03-06,2026-03-06,ASG,Assigned,C Matthew Ellis assigned to Seattle Mariners.,700815.0,Matthew Ellis,/api/v1/people/700815,136,Seattle Mariners,/api/v1/teams/136,,,
890950,2026-03-07,2026-03-07,2026-03-07,ASG,Assigned,2B Josh Hood assigned to Seattle Mariners.,681377.0,Josh Hood,/api/v1/people/681377,136,Seattle Mariners,/api/v1/teams/136,,,
890949,2026-03-07,2026-03-07,2026-03-07,ASG,Assigned,2B Alejo Lopez assigned to Seattle Mariners.,664670.0,Alejo Lopez,/api/v1/people/664670,136,Seattle Mariners,/api/v1/teams/136,,,
890946,2026-03-07,2026-03-07,2026-03-07,ASG,Assigned,C Grant Jay assigned to Seattle Mariners.,703603.0,Grant Jay,/api/v1/people/703603,136,Seattle Mariners,/api/v1/teams/136,,,
891145,2026-03-08,2026-03-08,,OPT,Optioned,Seattle Mariners optioned RHP Ryan Loutos to Tacoma Rainiers.,702795.0,Ryan Loutos,/api/v1/people/702795,529,Tacoma Rainiers,/api/v1/teams/529,136.0,Seattle Mariners,/api/v1/teams/136
891310,2026-03-10,2026-03-10,2026-03-10,ASG,Assigned,SS Carter Dorighi assigned to Seattle Mariners.,826163.0,Carter Dorighi,/api/v1/people/826163,136,Seattle Mariners,/api/v1/teams/136,,,
891352,2026-03-11,2026-03-11,2026-03-11,ASG,Assigned,CF Curtis Washington Jr. assigned to Seattle Mariners.,690944.0,Curtis Washington Jr.,/api/v1/people/690944,136,Seattle Mariners,/api/v1/teams/136,,,
891386,2026-03-11,2026-03-11,,OPT,Optioned,Seattle Mariners optioned RHP Blas Castaño to Tacoma Rainiers.,680604.0,Blas Castaño,/api/v1/people/680604,529,Tacoma Rainiers,/api/v1/teams/529,136.0,Seattle Mariners,/api/v1/teams/136
891385,2026-03-11,2026-03-11,,OPT,Optioned,Seattle Mariners optioned RHP Domingo Gonzalez to Tacoma Rainiers.,682445.0,Domingo Gonzalez,/api/v1/people/682445,529,Tacoma Rainiers,/api/v1/teams/529,136.0,Seattle Mariners,/api/v1/teams/136
891393,2026-03-12,2026-03-12,2026-03-12,ASG,Assigned,OF Aiden Taurek assigned to Seattle Mariners.,702522.0,Aiden Taurek,/api/v1/people/702522,136,Seattle Mariners,/api/v1/teams/136,,,
891488,2026-03-13,2026-03-13,2026-03-13,ASG,Assigned,LHP Jacob Denner assigned to Seattle Mariners.,693527.0,Jacob Denner,/api/v1/people/693527,136,Seattle Mariners,/api/v1/teams/136,,,
891489,2026-03-13,2026-03-13,2026-03-13,ASG,Assigned,OF Anthony Donofrio assigned to Seattle Mariners.,823703.0,Anthony Donofrio,/api/v1/people/823703,136,Seattle Mariners,/api/v1/teams/136,,,
891568,2026-03-13,2026-03-13,,OPT,Optioned,Seattle Mariners optioned LHP Josh Simpson to Tacoma Rainiers.,681006.0,Josh Simpson,/api/v1/people/681006,529,Tacoma Rainiers,/api/v1/teams/529,136.0,Seattle Mariners,/api/v1/teams/136
891567,2026-03-13,2026-03-13,,OPT,Optioned,Seattle Mariners optioned RHP Troy Taylor to Tacoma Rainiers.,700187.0,Troy Taylor,/api/v1/people/700187,529,Tacoma Rainiers,/api/v1/teams/529,136.0,Seattle Mariners,/api/v1/teams/136
891606,2026-03-14,2026-03-14,2026-03-14,ASG,Assigned,OF Ryan Picollo assigned to Seattle Mariners.,827264.0,Ryan Picollo,/api/v1/people/827264,136,Seattle Mariners,/api/v1/teams/136,,,
891610,2026-03-14,2026-03-14,2026-03-14,ASG,Assigned,RHP Wyatt Lunsford-Shenkman assigned to Seattle Mariners.,701828.0,Wyatt Lunsford-Shenkman,/api/v1/people/701828,136,Seattle Mariners,/api/v1/teams/136,,,
891671,2026-03-14,2026-03-14,,OPT,Optioned,Seattle Mariners optioned LHP Robinson Ortiz to Tacoma Rainiers.,673662.0,Robinson Ortiz,/api/v1/people/673662,529,Tacoma Rainiers,/api/v1/teams/529,136.0,Seattle Mariners,/api/v1/teams/136
891738,2026-03-15,2026-03-15,2026-03-15,ASG,Assigned,OF Konni Durschlag assigned to Seattle Mariners.,835621.0,Konni Durschlag,/api/v1/people/835621,136,Seattle Mariners,/api/v1/teams/136,,,
891928,2026-03-17,2026-03-17,2026-03-17,ASG,Assigned,RHP Gunner Mayer assigned to Seattle Mariners.,686763.0,Gunner Mayer,/api/v1/people/686763,136,Seattle Mariners,/api/v1/teams/136,,,
891930,2026-03-17,2026-03-17,2026-03-17,ASG,Assigned,OF Brayden Corn assigned to Seattle Mariners.,836068.0,Brayden Corn,/api/v1/people/836068,136,Seattle Mariners,/api/v1/teams/136,,,
891929,2026-03-17,2026-03-17,2026-03-17,ASG,Assigned,CF George Feliz assigned to Seattle Mariners.,692031.0,George Feliz,/api/v1/people/692031,136,Seattle Mariners,/api/v1/teams/136,,,
892386,2026-03-19,2026-03-19,2026-03-19,ASG,Assigned,RHP Jose Geraldo assigned to Seattle Mariners.,702751.0,Jose Geraldo,/api/v1/people/702751,136,Seattle Mariners,/api/v1/teams/136,,,
892769,2026-03-20,2026-03-20,2026-03-20,REL,Released,Seattle Mariners released RHP Guillo Zuñiga.,670871.0,Guillo Zuñiga,/api/v1/people/670871,136,Seattle Mariners,/api/v1/teams/136,,,
892913,2026-03-21,2026-03-21,,OPT,Optioned,Seattle Mariners optioned LF Rhylan Thomas to Tacoma Rainiers.,689041.0,Rhylan Thomas,/api/v1/people/689041,529,Tacoma Rainiers,/api/v1/teams/529,136.0,Seattle Mariners,/api/v1/teams/136
892940,2026-03-22,2026-03-22,2026-03-22,ASG,Assigned,2B Ricardo Cova assigned to Seattle Mariners.,699698.0,Ricardo Cova,/api/v1/people/699698,136,Seattle Mariners,/api/v1/teams/136,,,
892942,2026-03-22,2026-03-22,2026-03-22,ASG,Assigned,CF Cesar Quintas assigned to Seattle Mariners.,692364.0,Cesar Quintas,/api/v1/people/692364,136,Seattle Mariners,/api/v1/teams/136,,,
893151,2026-03-22,2026-03-22,,OPT,Optioned,Seattle Mariners optioned RHP Yosver Zulueta to Tacoma Rainiers.,691172.0,Yosver Zulueta,/api/v1/people/691172,529,Tacoma Rainiers,/api/v1/teams/529,136.0,Seattle Mariners,/api/v1/teams/136
893153,2026-03-22,2026-03-22,,OPT,Optioned,Seattle Mariners optioned C Jhonny Pereda to Tacoma Rainiers.,640902.0,Jhonny Pereda,/api/v1/people/640902,529,Tacoma Rainiers,/api/v1/teams/529,136.0,Seattle Mariners,/api/v1/teams/136
893152,2026-03-22,2026-03-23,,OPT,Optioned,Seattle Mariners optioned RHP Cole Wilcox to Tacoma Rainiers.,677961.0,Cole Wilcox,/api/v1/people/677961,529,Tacoma Rainiers,/api/v1/teams/529,136.0,Seattle Mariners,/api/v1/teams/136
893106,2026-03-23,2026-03-23,2026-03-23,ASG,Assigned,SS Leandro Romero assigned to Seattle Mariners.,815933.0,Leandro Romero,/api/v1/people/815933,136,Seattle Mariners,/api/v1/teams/136,,,
893104,2026-03-23,2026-03-23,2026-03-23,ASG,Assigned,RHP Casey Hintz assigned to Seattle Mariners.,808750.0,Casey Hintz,/api/v1/people/808750,136,Seattle Mariners,/api/v1/teams/136,,,
893105,2026-03-23,2026-03-23,2026-03-23,ASG,Assigned,2B Brady O'Brien assigned to Seattle Mariners.,835614.0,Brady O'Brien,/api/v1/people/835614,136,Seattle Mariners,/api/v1/teams/136,,,
896003,2026-03-24,2026-03-24,2026-03-24,SFA,Signed as Free Agent,Seattle Mariners signed free agent RHP Will Armbruester to a minor league contract.,687006.0,Will Armbruester,/api/v1/people/687006,136,Seattle Mariners,/api/v1/teams/136,,,
919163,2026-03-24,2026-03-24,2026-03-24,SC,Status Change,Seattle Mariners placed RHP Carlos Vargas on the 15-day injured list. Right lat strain.,672841.0,Carlos Vargas,/api/v1/people/672841,136,Seattle Mariners,/api/v1/teams/136,,,
893618,2026-03-24,2026-03-24,2026-03-24,DES,Designated for Assignment,Seattle Mariners designated C Andrew Knizner for assignment.,668800.0,Andrew Knizner,/api/v1/people/668800,136,Seattle Mariners,/api/v1/teams/136,,,
897590,2026-03-24,2026-04-08,2026-04-08,SC,Status Change,Seattle Mariners transferred RHP Carlos Vargas from the 15-day injured list to the 60-day injured list.,672841.0,Carlos Vargas,/api/v1/people/672841,136,Seattle Mariners,/api/v1/teams/136,,,
893609,2026-03-25,2026-03-22,2026-03-22,SC,Status Change,"Seattle Mariners placed SS J.P. Crawford on the 10-day injured list retroactive to March 22, 2026. Right shoulder inflammation.",641487.0,J.P. Crawford,/api/v1/people/641487,136,Seattle Mariners,/api/v1/teams/136,,,
893612,2026-03-25,2026-03-22,2026-03-22,SC,Status Change,"Seattle Mariners placed RHP Bryce Miller on the 15-day injured list retroactive to March 22, 2026. Left oblique strain.",682243.0,Bryce Miller,/api/v1/people/682243,136,Seattle Mariners,/api/v1/teams/136,,,
893723,2026-03-25,2026-03-25,2026-03-25,REL,Released,Seattle Mariners released C Andrew Knizner.,668800.0,Andrew Knizner,/api/v1/people/668800,136,Seattle Mariners,/api/v1/teams/136,,,
893611,2026-03-25,2026-03-22,2026-03-22,SC,Status Change,"Seattle Mariners placed 3B Miles Mastrobuoni on the 10-day injured list retroactive to March 22, 2026. Right calf strain.",670156.0,Miles Mastrobuoni,/api/v1/people/670156,136,Seattle Mariners,/api/v1/teams/136,,,
893607,2026-03-25,2026-03-25,,SE,Selected,Seattle Mariners selected the contract of C Mitch Garver from Tacoma Rainiers.,641598.0,Mitch Garver,/api/v1/people/641598,136,Seattle Mariners,/api/v1/teams/136,529.0,Tacoma Rainiers,/api/v1/teams/529
893580,2026-03-25,2026-03-25,,OPT,Optioned,Seattle Mariners optioned RHP Alex Hoppe to Tacoma Rainiers.,695380.0,Alex Hoppe,/api/v1/people/695380,529,Tacoma Rainiers,/api/v1/teams/529,136.0,Seattle Mariners,/api/v1/teams/136
895369,2026-03-26,2026-03-26,2026-03-26,SFA,Signed as Free Agent,Seattle Mariners signed free agent RHP Adam Maier to a minor league contract.,683264.0,Adam Maier,/api/v1/people/683264,136,Seattle Mariners,/api/v1/teams/136,,,
893798,2026-03-26,2026-03-26,2026-03-26,NUM,Number Change,RHP Cooper Criswell changed number to 88.,681867.0,Cooper Criswell,/api/v1/people/681867,136,Seattle Mariners,/api/v1/teams/136,,,
895183,2026-03-27,2026-03-27,2026-03-27,SFA,Signed as Free Agent,Seattle Mariners signed free agent RHP Chase Centala to a minor league contract.,694555.0,Chase Centala,/api/v1/people/694555,136,Seattle Mariners,/api/v1/teams/136,,,
895370,2026-03-27,2026-03-27,2026-03-27,SC,Status Change,RHP Adam Maier roster status changed by Seattle Mariners.,683264.0,Adam Maier,/api/v1/people/683264,136,Seattle Mariners,/api/v1/teams/136,,,
894306,2026-03-27,2026-03-24,2026-03-24,SC,Status Change,"Seattle Mariners placed RHP Carlos Vargas on the 15-day injured list retroactive to March 24, 2026. Right lat strain.",672841.0,Carlos Vargas,/api/v1/people/672841,136,Seattle Mariners,/api/v1/teams/136,,,
894307,2026-03-27,2026-03-27,,CU,Recalled,Seattle Mariners recalled RHP Cole Wilcox from Tacoma Rainiers.,677961.0,Cole Wilcox,/api/v1/people/677961,136,Seattle Mariners,/api/v1/teams/136,529.0,Tacoma Rainiers,/api/v1/teams/529
896000,2026-03-31,2026-03-31,2026-03-31,DES,Designated for Assignment,Seattle Mariners designated RHP Ryan Loutos for assignment.,702795.0,Ryan Loutos,/api/v1/people/702795,136,Seattle Mariners,/api/v1/teams/136,,,
895551,2026-03-31,2026-03-31,2026-03-31,ASG,Assigned,Seattle Mariners sent SS J.P. Crawford on a rehab assignment to Tacoma Rainiers.,641487.0,J.P. Crawford,/api/v1/people/641487,529,Tacoma Rainiers,/api/v1/teams/529,136.0,Seattle Mariners,/api/v1/teams/136
896610,2026-03-31,2026-03-31,2026-03-31,ASG,Assigned,Seattle Mariners sent SS J.P. Crawford on a rehab assignment to Tacoma Rainiers.,641487.0,J.P. Crawford,/api/v1/people/641487,529,Tacoma Rainiers,/api/v1/teams/529,136.0,Seattle Mariners,/api/v1/teams/136
896002,2026-03-31,2026-03-31,,SE,Selected,Seattle Mariners selected the contract of SS Colt Emerson from Tacoma Rainiers.,806068.0,Colt Emerson,/api/v1/people/806068,136,Seattle Mariners,/api/v1/teams/136,529.0,Tacoma Rainiers,/api/v1/teams/529
896005,2026-04-01,2026-04-01,,OPT,Optioned,Seattle Mariners optioned SS Colt Emerson to Tacoma Rainiers.,806068.0,Colt Emerson,/api/v1/people/806068,529,Tacoma Rainiers,/api/v1/teams/529,136.0,Seattle Mariners,/api/v1/teams/136
896611,2026-04-02,2026-04-02,2026-04-02,SC,Status Change,Seattle Mariners activated SS J.P. Crawford from the 10-day injured list.,641487.0,J.P. Crawford,/api/v1/people/641487,136,Seattle Mariners,/api/v1/teams/136,,,
896613,2026-04-02,2026-04-02,2026-04-02,REL,Released,Seattle Mariners released RHP Ryan Loutos.,702795.0,Ryan Loutos,/api/v1/people/702795,136,Seattle Mariners,/api/v1/teams/136,,,
896612,2026-04-02,2026-04-02,,OPT,Optioned,Seattle Mariners optioned 2B Ryan Bliss to Tacoma Rainiers.,669208.0,Ryan Bliss,/api/v1/people/669208,529,Tacoma Rainiers,/api/v1/teams/529,136.0,Seattle Mariners,/api/v1/teams/136
898018,2026-04-07,2026-04-07,2026-04-07,SFA,Signed as Free Agent,Seattle Mariners signed free agent RHP Ryan Loutos to a minor league contract.,702795.0,Ryan Loutos,/api/v1/people/702795,136,Seattle Mariners,/api/v1/teams/136,,,
897791,2026-04-08,2026-04-08,2026-04-08,ASG,Assigned,Seattle Mariners sent 3B Miles Mastrobuoni on a rehab assignment to Tacoma Rainiers.,670156.0,Miles Mastrobuoni,/api/v1/people/670156,529,Tacoma Rainiers,/api/v1/teams/529,136.0,Seattle Mariners,/api/v1/teams/136
919164,2026-04-08,2026-04-08,2026-04-08,SC,Status Change,Seattle Mariners transferred RHP Carlos Vargas from the 15-day injured list to the 60-day injured list. Right lat strain.,672841.0,Carlos Vargas,/api/v1/people/672841,136,Seattle Mariners,/api/v1/teams/136,,,
897591,2026-04-08,2026-04-07,2026-04-07,SC,Status Change,"Seattle Mariners placed RF Victor Robles on the 10-day injured list retroactive to April 7, 2026. Right pec strain.",645302.0,Victor Robles,/api/v1/people/645302,136,Seattle Mariners,/api/v1/teams/136,,,
897589,2026-04-08,2026-04-08,,SE,Selected,Seattle Mariners selected the contract of RF Connor Joe from Tacoma Rainiers.,656582.0,Connor Joe,/api/v1/people/656582,136,Seattle Mariners,/api/v1/teams/136,529.0,Tacoma Rainiers,/api/v1/teams/529
898809,2026-04-14,2026-04-14,2026-04-14,DES,Designated for Assignment,Seattle Mariners designated RHP Blas Castaño for assignment.,680604.0,Blas Castaño,/api/v1/people/680604,136,Seattle Mariners,/api/v1/teams/136,,,
898810,2026-04-14,2026-04-14,2026-04-14,SC,Status Change,Seattle Mariners placed RF Rob Refsnyder on the paternity list.,608701.0,Rob Refsnyder,/api/v1/people/608701,136,Seattle Mariners,/api/v1/teams/136,,,
898811,2026-04-14,2026-04-14,,SE,Selected,Seattle Mariners selected the contract of 1B Patrick Wisdom from Tacoma Rainiers.,621550.0,Patrick Wisdom,/api/v1/people/621550,136,Seattle Mariners,/api/v1/teams/136,529.0,Tacoma Rainiers,/api/v1/teams/529
899085,2026-04-15,2026-04-15,2026-04-15,NUM,Number Change,C Cal Raleigh changed number to 42.,663728.0,Cal Raleigh,/api/v1/people/663728,136,Seattle Mariners,/api/v1/teams/136,,,
899084,2026-04-15,2026-04-15,2026-04-15,NUM,Number Change,C Mitch Garver changed number to 42.,641598.0,Mitch Garver,/api/v1/people/641598,136,Seattle Mariners,/api/v1/teams/136,,,
899082,2026-04-15,2026-04-15,2026-04-15,NUM,Number Change,RHP George Kirby changed number to 42.,669923.0,George Kirby,/api/v1/people/669923,136,Seattle Mariners,/api/v1/teams/136,,,
899083,2026-04-15,2026-04-15,2026-04-15,NUM,Number Change,RF Dominic Canzone changed number to 42.,686527.0,Dominic Canzone,/api/v1/people/686527,136,Seattle Mariners,/api/v1/teams/136,,,
899075,2026-04-15,2026-04-15,2026-04-15,NUM,Number Change,RHP Eduard Bazardo changed number to 42.,660825.0,Eduard Bazardo,/api/v1/people/660825,136,Seattle Mariners,/api/v1/teams/136,,,
899076,2026-04-15,2026-04-15,2026-04-15,NUM,Number Change,RHP Cooper Criswell changed number to 42.,681867.0,Cooper Criswell,/api/v1/people/681867,136,Seattle Mariners,/api/v1/teams/136,,,
899077,2026-04-15,2026-04-15,2026-04-15,NUM,Number Change,RHP Logan Gilbert changed number to 42.,669302.0,Logan Gilbert,/api/v1/people/669302,136,Seattle Mariners,/api/v1/teams/136,,,
899078,2026-04-15,2026-04-15,2026-04-15,NUM,Number Change,RHP Bryan Woo changed number to 42.,693433.0,Bryan Woo,/api/v1/people/693433,136,Seattle Mariners,/api/v1/teams/136,,,
899079,2026-04-15,2026-04-15,2026-04-15,NUM,Number Change,RHP Matt Brash changed number to 42.,666374.0,Matt Brash,/api/v1/people/666374,136,Seattle Mariners,/api/v1/teams/136,,,
899087,2026-04-15,2026-04-15,2026-04-15,NUM,Number Change,LHP Gabe Speier changed number to 42.,642100.0,Gabe Speier,/api/v1/people/642100,136,Seattle Mariners,/api/v1/teams/136,,,
899074,2026-04-15,2026-04-15,2026-04-15,NUM,Number Change,1B Josh Naylor changed number to 42.,647304.0,Josh Naylor,/api/v1/people/647304,136,Seattle Mariners,/api/v1/teams/136,,,
901403,2026-04-15,2026-04-15,2026-04-15,SFA,Signed as Free Agent,Seattle Mariners signed free agent RHP Jesus Rondon to a minor league contract.,840211.0,Jesus Rondon,/api/v1/people/840211,136,Seattle Mariners,/api/v1/teams/136,,,
899073,2026-04-15,2026-04-15,2026-04-15,NUM,Number Change,RHP Andrés Muñoz changed number to 42.,662253.0,Andrés Muñoz,/api/v1/people/662253,136,Seattle Mariners,/api/v1/teams/136,,,
899072,2026-04-15,2026-04-15,2026-04-15,NUM,Number Change,LHP Jose A. Ferrer changed number to 42.,678606.0,José A. Ferrer,/api/v1/people/678606,136,Seattle Mariners,/api/v1/teams/136,,,
899071,2026-04-15,2026-04-15,2026-04-15,NUM,Number Change,LF Randy Arozarena changed number to 42.,668227.0,Randy Arozarena,/api/v1/people/668227,136,Seattle Mariners,/api/v1/teams/136,,,
899070,2026-04-15,2026-04-15,2026-04-15,NUM,Number Change,2B Leo Rivas changed number to 42.,660844.0,Leo Rivas,/api/v1/people/660844,136,Seattle Mariners,/api/v1/teams/136,,,
899069,2026-04-15,2026-04-15,2026-04-15,NUM,Number Change,RF Rob Refsnyder changed number to 42.,608701.0,Rob Refsnyder,/api/v1/people/608701,136,Seattle Mariners,/api/v1/teams/136,,,
899068,2026-04-15,2026-04-15,2026-04-15,NUM,Number Change,RF Luke Raley changed number to 42.,670042.0,Luke Raley,/api/v1/people/670042,136,Seattle Mariners,/api/v1/teams/136,,,
899090,2026-04-15,2026-04-15,2026-04-15,NUM,Number Change,RHP Casey Legumina changed number to 42.,668984.0,Casey Legumina,/api/v1/people/668984,136,Seattle Mariners,/api/v1/teams/136,,,
899088,2026-04-15,2026-04-15,2026-04-15,NUM,Number Change,SS J.P. Crawford changed number to 42.,641487.0,J.P. Crawford,/api/v1/people/641487,136,Seattle Mariners,/api/v1/teams/136,,,
899089,2026-04-15,2026-04-15,2026-04-15,NUM,Number Change,2B Brendan Donovan changed number to 42.,680977.0,Brendan Donovan,/api/v1/people/680977,136,Seattle Mariners,/api/v1/teams/136,,,
899091,2026-04-15,2026-04-15,2026-04-15,NUM,Number Change,2B Cole Young changed number to 42.,702284.0,Cole Young,/api/v1/people/702284,136,Seattle Mariners,/api/v1/teams/136,,,
899092,2026-04-15,2026-04-15,2026-04-15,NUM,Number Change,RHP Cole Wilcox changed number to 42.,677961.0,Cole Wilcox,/api/v1/people/677961,136,Seattle Mariners,/api/v1/teams/136,,,
899094,2026-04-15,2026-04-15,2026-04-15,NUM,Number Change,RHP Luis Castillo changed number to 42.,622491.0,Luis Castillo,/api/v1/people/622491,136,Seattle Mariners,/api/v1/teams/136,,,
899080,2026-04-15,2026-04-15,2026-04-15,NUM,Number Change,RHP Emerson Hancock changed number to 42.,676106.0,Emerson Hancock,/api/v1/people/676106,136,Seattle Mariners,/api/v1/teams/136,,,
899081,2026-04-15,2026-04-15,2026-04-15,NUM,Number Change,CF Julio Rodríguez changed number to 42.,677594.0,Julio Rodríguez,/api/v1/people/677594,136,Seattle Mariners,/api/v1/teams/136,,,
899086,2026-04-15,2026-04-15,2026-04-15,NUM,Number Change,1B Connor Joe changed number to 42.,656582.0,Connor Joe,/api/v1/people/656582,136,Seattle Mariners,/api/v1/teams/136,,,
908368,2026-04-16,2026-04-16,2026-04-16,SC,Status Change,Seattle Mariners activated RF Connor Joe.,656582.0,Connor Joe,/api/v1/people/656582,136,Seattle Mariners,/api/v1/teams/136,,,
900003,2026-04-16,2026-04-16,2026-04-16,NUM,Number Change,RHP Luis Castillo changed number to 58.,622491.0,Luis Castillo,/api/v1/people/622491,136,Seattle Mariners,/api/v1/teams/136,,,
899983,2026-04-16,2026-04-16,2026-04-16,NUM,Number Change,1B Patrick Wisdom changed number to 35.,621550.0,Patrick Wisdom,/api/v1/people/621550,136,Seattle Mariners,/api/v1/teams/136,,,
899984,2026-04-16,2026-04-16,2026-04-16,NUM,Number Change,RHP Bryan Woo changed number to 22.,693433.0,Bryan Woo,/api/v1/people/693433,136,Seattle Mariners,/api/v1/teams/136,,,
899985,2026-04-16,2026-04-16,2026-04-16,NUM,Number Change,2B Cole Young changed number to 2.,702284.0,Cole Young,/api/v1/people/702284,136,Seattle Mariners,/api/v1/teams/136,,,
899988,2026-04-16,2026-04-16,2026-04-16,NUM,Number Change,RHP Cole Wilcox changed number to 43.,677961.0,Cole Wilcox,/api/v1/people/677961,136,Seattle Mariners,/api/v1/teams/136,,,
899989,2026-04-16,2026-04-16,2026-04-16,NUM,Number Change,RF Luke Raley changed number to 20.,670042.0,Luke Raley,/api/v1/people/670042,136,Seattle Mariners,/api/v1/teams/136,,,
899990,2026-04-16,2026-04-16,2026-04-16,NUM,Number Change,2B Leo Rivas changed number to 76.,660844.0,Leo Rivas,/api/v1/people/660844,136,Seattle Mariners,/api/v1/teams/136,,,
899991,2026-04-16,2026-04-16,2026-04-16,NUM,Number Change,CF Julio Rodríguez changed number to 44.,677594.0,Julio Rodríguez,/api/v1/people/677594,136,Seattle Mariners,/api/v1/teams/136,,,
899992,2026-04-16,2026-04-16,2026-04-16,NUM,Number Change,LHP Gabe Speier changed number to 55.,642100.0,Gabe Speier,/api/v1/people/642100,136,Seattle Mariners,/api/v1/teams/136,,,
899993,2026-04-16,2026-04-16,2026-04-16,NUM,Number Change,RF Rob Refsnyder changed number to 30.,608701.0,Rob Refsnyder,/api/v1/people/608701,136,Seattle Mariners,/api/v1/teams/136,,,
899994,2026-04-16,2026-04-16,2026-04-16,NUM,Number Change,RHP Andrés Muñoz changed number to 75.,662253.0,Andrés Muñoz,/api/v1/people/662253,136,Seattle Mariners,/api/v1/teams/136,,,
899995,2026-04-16,2026-04-16,2026-04-16,NUM,Number Change,C Cal Raleigh changed number to 29.,663728.0,Cal Raleigh,/api/v1/people/663728,136,Seattle Mariners,/api/v1/teams/136,,,
899996,2026-04-16,2026-04-16,2026-04-16,NUM,Number Change,1B Josh Naylor changed number to 12.,647304.0,Josh Naylor,/api/v1/people/647304,136,Seattle Mariners,/api/v1/teams/136,,,
899997,2026-04-16,2026-04-16,2026-04-16,NUM,Number Change,RHP Emerson Hancock changed number to 26.,676106.0,Emerson Hancock,/api/v1/people/676106,136,Seattle Mariners,/api/v1/teams/136,,,
899998,2026-04-16,2026-04-16,2026-04-16,NUM,Number Change,RHP George Kirby changed number to 68.,669923.0,George Kirby,/api/v1/people/669923,136,Seattle Mariners,/api/v1/teams/136,,,
899999,2026-04-16,2026-04-16,2026-04-16,NUM,Number Change,RHP Logan Gilbert changed number to 36.,669302.0,Logan Gilbert,/api/v1/people/669302,136,Seattle Mariners,/api/v1/teams/136,,,
900000,2026-04-16,2026-04-16,2026-04-16,NUM,Number Change,1B Connor Joe changed number to 9.,656582.0,Connor Joe,/api/v1/people/656582,136,Seattle Mariners,/api/v1/teams/136,,,
900001,2026-04-16,2026-04-16,2026-04-16,NUM,Number Change,RHP Casey Legumina changed number to 64.,668984.0,Casey Legumina,/api/v1/people/668984,136,Seattle Mariners,/api/v1/teams/136,,,
900002,2026-04-16,2026-04-16,2026-04-16,NUM,Number Change,C Mitch Garver changed number to 18.,641598.0,Mitch Garver,/api/v1/people/641598,136,Seattle Mariners,/api/v1/teams/136,,,
900004,2026-04-16,2026-04-16,2026-04-16,NUM,Number Change,SS J.P. Crawford changed number to 3.,641487.0,J.P. Crawford,/api/v1/people/641487,136,Seattle Mariners,/api/v1/teams/136,,,
900005,2026-04-16,2026-04-16,2026-04-16,NUM,Number Change,2B Brendan Donovan changed number to 33.,680977.0,Brendan Donovan,/api/v1/people/680977,136,Seattle Mariners,/api/v1/teams/136,,,
900006,2026-04-16,2026-04-16,2026-04-16,NUM,Number Change,RHP Cooper Criswell changed number to 88.,681867.0,Cooper Criswell,/api/v1/people/681867,136,Seattle Mariners,/api/v1/teams/136,,,
907673,2026-04-16,2026-04-16,2026-04-16,SC,Status Change,Seattle Mariners activated DH Dominic Canzone.,686527.0,Dominic Canzone,/api/v1/people/686527,136,Seattle Mariners,/api/v1/teams/136,,,
900012,2026-04-16,2026-04-16,2026-04-16,NUM,Number Change,RHP Eduard Bazardo changed number to 83.,660825.0,Eduard Bazardo,/api/v1/people/660825,136,Seattle Mariners,/api/v1/teams/136,,,
900014,2026-04-16,2026-04-16,2026-04-16,NUM,Number Change,RF Dominic Canzone changed number to 8.,686527.0,Dominic Canzone,/api/v1/people/686527,136,Seattle Mariners,/api/v1/teams/136,,,
900008,2026-04-16,2026-04-16,2026-04-16,NUM,Number Change,LHP Jose A. Ferrer changed number to 45.,678606.0,José A. Ferrer,/api/v1/people/678606,136,Seattle Mariners,/api/v1/teams/136,,,
900011,2026-04-16,2026-04-16,2026-04-16,NUM,Number Change,RHP Matt Brash changed number to 47.,666374.0,Matt Brash,/api/v1/people/666374,136,Seattle Mariners,/api/v1/teams/136,,,
900013,2026-04-16,2026-04-16,2026-04-16,NUM,Number Change,LF Randy Arozarena changed number to 56.,668227.0,Randy Arozarena,/api/v1/people/668227,136,Seattle Mariners,/api/v1/teams/136,,,
902271,2026-04-17,2026-04-15,2026-04-15,SC,Status Change,"Seattle Mariners placed 1B Patrick Wisdom on the 10-day injured list retroactive to April 15, 2026. Left oblique strain.",621550.0,Patrick Wisdom,/api/v1/people/621550,136,Seattle Mariners,/api/v1/teams/136,,,
901542,2026-04-17,2026-04-17,2026-04-17,SC,Status Change,Seattle Mariners activated RF Rob Refsnyder from the paternity list.,608701.0,Rob Refsnyder,/api/v1/people/608701,136,Seattle Mariners,/api/v1/teams/136,,,
901629,2026-04-18,2026-04-18,2026-04-18,ASG,Assigned,Seattle Mariners sent RHP Bryce Miller on a rehab assignment to Tacoma Rainiers.,682243.0,Bryce Miller,/api/v1/people/682243,529,Tacoma Rainiers,/api/v1/teams/529,136.0,Seattle Mariners,/api/v1/teams/136
901812,2026-04-20,2026-04-18,2026-04-18,SC,Status Change,"Seattle Mariners placed 2B Brendan Donovan on the 10-day injured list retroactive to April 18, 2026. Left groin muscle strain.",680977.0,Brendan Donovan,/api/v1/people/680977,136,Seattle Mariners,/api/v1/teams/136,,,
901813,2026-04-20,2026-04-20,2026-04-20,SC,Status Change,Seattle Mariners placed 3B Miles Mastrobuoni on the 60-day injured list. Right calf strain.,670156.0,Miles Mastrobuoni,/api/v1/people/670156,136,Seattle Mariners,/api/v1/teams/136,,,
901814,2026-04-20,2026-04-20,,SE,Selected,Seattle Mariners selected the contract of 3B Will Wilson from Tacoma Rainiers.,669717.0,Will Wilson,/api/v1/people/669717,136,Seattle Mariners,/api/v1/teams/136,529.0,Tacoma Rainiers,/api/v1/teams/529
902075,2026-04-21,2026-04-21,2026-04-21,DES,Designated for Assignment,Seattle Mariners designated RHP Casey Legumina for assignment.,668984.0,Casey Legumina,/api/v1/people/668984,136,Seattle Mariners,/api/v1/teams/136,,,
901979,2026-04-21,2026-04-21,,CLW,Claimed Off Waivers,Colorado Rockies claimed RHP Blas Castaño off waivers from Seattle Mariners.,680604.0,Blas Castaño,/api/v1/people/680604,115,Colorado Rockies,/api/v1/teams/115,136.0,Seattle Mariners,/api/v1/teams/136
902076,2026-04-21,2026-04-21,,CU,Recalled,Seattle Mariners recalled RHP Alex Hoppe from Tacoma Rainiers.,695380.0,Alex Hoppe,/api/v1/people/695380,136,Seattle Mariners,/api/v1/teams/136,529.0,Tacoma Rainiers,/api/v1/teams/529
902599,2026-04-22,2026-04-22,2026-04-22,SFA,Signed as Free Agent,Seattle Mariners signed free agent RHP Nick Hull to a minor league contract.,701314.0,Nick Hull,/api/v1/people/701314,136,Seattle Mariners,/api/v1/teams/136,,,
904799,2026-04-24,2026-04-24,2026-04-24,ASG,Assigned,Seattle Mariners sent RHP Bryce Miller on a rehab assignment to Everett AquaSox.,682243.0,Bryce Miller,/api/v1/people/682243,403,Everett AquaSox,/api/v1/teams/403,136.0,Seattle Mariners,/api/v1/teams/136
902801,2026-04-24,2026-04-24,2026-04-24,ASG,Assigned,Seattle Mariners sent RHP Bryce Miller on a rehab assignment to Everett AquaSox.,682243.0,Bryce Miller,/api/v1/people/682243,403,Everett AquaSox,/api/v1/teams/403,136.0,Seattle Mariners,/api/v1/teams/136
902807,2026-04-24,2026-04-24,,TR,Trade,Seattle Mariners traded RHP Casey Legumina to Tampa Bay Rays for RHP Ty Cummings.,807744.0,Ty Cummings,/api/v1/people/807744,136,Seattle Mariners,/api/v1/teams/136,139.0,Tampa Bay Rays,/api/v1/teams/139
904800,2026-04-30,2026-04-30,2026-04-30,ASG,Assigned,Seattle Mariners sent RHP Bryce Miller on a rehab assignment to Tacoma Rainiers.,682243.0,Bryce Miller,/api/v1/people/682243,529,Tacoma Rainiers,/api/v1/teams/529,136.0,Seattle Mariners,/api/v1/teams/136
905032,2026-05-01,2026-04-30,2026-04-30,SC,Status Change,"Seattle Mariners placed RHP Matt Brash on the 15-day injured list retroactive to April 30, 2026. Right lat inflammation.",666374.0,Matt Brash,/api/v1/people/666374,136,Seattle Mariners,/api/v1/teams/136,,,
905490,2026-05-01,2026-05-01,,CP,Contract Purchased,Seattle Mariners purchased contract of RHP Adam Smith.,702111.0,Adam Smith,/api/v1/people/702111,136,Seattle Mariners,/api/v1/teams/136,1889.0,Lancaster Stormers,/api/v1/teams/1889
905031,2026-05-01,2026-05-01,,CU,Recalled,Seattle Mariners recalled LHP Josh Simpson from Tacoma Rainiers.,681006.0,Josh Simpson,/api/v1/people/681006,136,Seattle Mariners,/api/v1/teams/136,529.0,Tacoma Rainiers,/api/v1/teams/529
905496,2026-05-02,2026-04-30,2026-04-30,SC,Status Change,"Seattle Mariners placed 3B Will Wilson on the 10-day injured list retroactive to April 30, 2026. Left thumb fracture.",669717.0,Will Wilson,/api/v1/people/669717,136,Seattle Mariners,/api/v1/teams/136,,,
905468,2026-05-02,2026-05-02,,SE,Selected,Seattle Mariners selected the contract of RHP Nick Davila from Arkansas Travelers.,689546.0,Nick Davila,/api/v1/people/689546,136,Seattle Mariners,/api/v1/teams/136,574.0,Arkansas Travelers,/api/v1/teams/574
905469,2026-05-02,2026-05-02,,OPT,Optioned,Seattle Mariners optioned LHP Josh Simpson to Tacoma Rainiers.,681006.0,Josh Simpson,/api/v1/people/681006,529,Tacoma Rainiers,/api/v1/teams/529,136.0,Seattle Mariners,/api/v1/teams/136
905495,2026-05-02,2026-05-02,,CU,Recalled,Seattle Mariners recalled C Jhonny Pereda from Tacoma Rainiers.,640902.0,Jhonny Pereda,/api/v1/people/640902,136,Seattle Mariners,/api/v1/teams/136,529.0,Tacoma Rainiers,/api/v1/teams/529
905579,2026-05-03,2026-05-03,2026-05-03,DES,Designated for Assignment,Seattle Mariners designated LF Rhylan Thomas for assignment.,689041.0,Rhylan Thomas,/api/v1/people/689041,136,Seattle Mariners,/api/v1/teams/136,,,
905571,2026-05-03,2026-05-03,2026-05-03,ASG,Assigned,Seattle Mariners sent RF Victor Robles on a rehab assignment to Tacoma Rainiers.,645302.0,Victor Robles,/api/v1/people/645302,529,Tacoma Rainiers,/api/v1/teams/529,136.0,Seattle Mariners,/api/v1/teams/136
905578,2026-05-03,2026-05-03,,CLW,Claimed Off Waivers,Seattle Mariners claimed LHP José Suarez off waivers from Atlanta Braves.,660761.0,José Suarez,/api/v1/people/660761,136,Seattle Mariners,/api/v1/teams/136,144.0,Atlanta Braves,/api/v1/teams/144
905731,2026-05-04,2026-05-04,2026-05-04,SC,Status Change,Seattle Mariners activated LHP José Suarez.,660761.0,José Suarez,/api/v1/people/660761,136,Seattle Mariners,/api/v1/teams/136,,,
905733,2026-05-04,2026-05-03,2026-05-03,SC,Status Change,"Seattle Mariners placed LHP Gabe Speier on the 15-day injured list retroactive to May 3, 2026. Left shoulder inflammation.",642100.0,Gabe Speier,/api/v1/people/642100,136,Seattle Mariners,/api/v1/teams/136,,,
905730,2026-05-04,2026-05-04,,CU,Recalled,Seattle Mariners recalled LHP Josh Simpson from Tacoma Rainiers.,681006.0,Josh Simpson,/api/v1/people/681006,136,Seattle Mariners,/api/v1/teams/136,529.0,Tacoma Rainiers,/api/v1/teams/529
905732,2026-05-04,2026-05-04,,OPT,Optioned,Seattle Mariners optioned RHP Cole Wilcox to Tacoma Rainiers.,677961.0,Cole Wilcox,/api/v1/people/677961,529,Tacoma Rainiers,/api/v1/teams/529,136.0,Seattle Mariners,/api/v1/teams/136
905942,2026-05-05,2026-05-05,2026-05-05,ASG,Assigned,Seattle Mariners sent 1B Patrick Wisdom on a rehab assignment to Tacoma Rainiers.,621550.0,Patrick Wisdom,/api/v1/people/621550,529,Tacoma Rainiers,/api/v1/teams/529,136.0,Seattle Mariners,/api/v1/teams/136
906973,2026-05-05,2026-05-05,2026-05-05,ASG,Assigned,Seattle Mariners sent 3B Brendan Donovan on a rehab assignment to Arkansas Travelers.,680977.0,Brendan Donovan,/api/v1/people/680977,574,Arkansas Travelers,/api/v1/teams/574,136.0,Seattle Mariners,/api/v1/teams/136
905864,2026-05-05,2026-05-05,2026-05-05,ASG,Assigned,Seattle Mariners sent 3B Brendan Donovan on a rehab assignment to Arkansas Travelers.,680977.0,Brendan Donovan,/api/v1/people/680977,574,Arkansas Travelers,/api/v1/teams/574,136.0,Seattle Mariners,/api/v1/teams/136
907509,2026-05-06,2026-05-06,2026-05-06,SFA,Signed as Free Agent,Seattle Mariners signed free agent LHP Cole Cheatham to a minor league contract.,701473.0,Cole Cheatham,/api/v1/people/701473,136,Seattle Mariners,/api/v1/teams/136,,,
906251,2026-05-06,2026-05-06,2026-05-06,ASG,Assigned,Seattle Mariners sent RHP Bryce Miller on a rehab assignment to Everett AquaSox.,682243.0,Bryce Miller,/api/v1/people/682243,403,Everett AquaSox,/api/v1/teams/403,136.0,Seattle Mariners,/api/v1/teams/136
906775,2026-05-07,2026-05-07,2026-05-07,SFA,Signed as Free Agent,Seattle Mariners signed free agent RHP Sam Whiting to a minor league contract.,688519.0,Sam Whiting,/api/v1/people/688519,136,Seattle Mariners,/api/v1/teams/136,,,
907579,2026-05-07,2026-05-07,,SGN,Signed,Seattle Mariners signed LHP Dominic Castellano.,803273.0,Dominic Castellano,/api/v1/people/803273,136,Seattle Mariners,/api/v1/teams/136,,,
906974,2026-05-08,2026-05-08,2026-05-08,SC,Status Change,Seattle Mariners activated 3B Brendan Donovan from the 10-day injured list.,680977.0,Brendan Donovan,/api/v1/people/680977,136,Seattle Mariners,/api/v1/teams/136,,,
907245,2026-05-08,2026-05-08,2026-05-08,SFA,Signed as Free Agent,Seattle Mariners signed free agent RHP Scott Rouse to a minor league contract.,833071.0,Scott Rouse,/api/v1/people/833071,136,Seattle Mariners,/api/v1/teams/136,,,
906975,2026-05-08,2026-05-08,,OPT,Optioned,Seattle Mariners optioned C Jhonny Pereda to Tacoma Rainiers.,640902.0,Jhonny Pereda,/api/v1/people/640902,529,Tacoma Rainiers,/api/v1/teams/529,136.0,Seattle Mariners,/api/v1/teams/136
907213,2026-05-09,2026-05-09,,CLW,Claimed Off Waivers,Houston Astros claimed LF Rhylan Thomas off waivers from Seattle Mariners.,689041.0,Rhylan Thomas,/api/v1/people/689041,117,Houston Astros,/api/v1/teams/117,136.0,Seattle Mariners,/api/v1/teams/136
907556,2026-05-11,2026-05-11,2026-05-11,SC,Status Change,Seattle Mariners placed LHP José A. Ferrer on the paternity list.,678606.0,José A. Ferrer,/api/v1/people/678606,136,Seattle Mariners,/api/v1/teams/136,,,
907555,2026-05-11,2026-05-11,,CU,Recalled,Seattle Mariners recalled RHP Domingo Gonzalez from Tacoma Rainiers.,682445.0,Domingo Gonzalez,/api/v1/people/682445,136,Seattle Mariners,/api/v1/teams/136,529.0,Tacoma Rainiers,/api/v1/teams/529
908438,2026-05-13,2026-05-13,2026-05-13,SC,Status Change,Seattle Mariners activated RHP Bryce Miller from the 15-day injured list.,682243.0,Bryce Miller,/api/v1/people/682243,136,Seattle Mariners,/api/v1/teams/136,,,
908437,2026-05-13,2026-05-13,2026-05-13,DES,Designated for Assignment,Seattle Mariners designated LHP José Suarez for assignment.,660761.0,José Suarez,/api/v1/people/660761,136,Seattle Mariners,/api/v1/teams/136,,,
910594,2026-05-14,2026-05-14,2026-05-14,ASG,Assigned,Seattle Mariners sent RHP Matt Brash on a rehab assignment to Tacoma Rainiers.,666374.0,Matt Brash,/api/v1/people/666374,529,Tacoma Rainiers,/api/v1/teams/529,136.0,Seattle Mariners,/api/v1/teams/136
908913,2026-05-14,2026-05-14,2026-05-14,SC,Status Change,Seattle Mariners placed C Cal Raleigh on the 10-day injured list. Right oblique strain.,663728.0,Cal Raleigh,/api/v1/people/663728,136,Seattle Mariners,/api/v1/teams/136,,,
909028,2026-05-14,2026-05-14,2026-05-14,ASG,Assigned,Seattle Mariners sent RHP Matt Brash on a rehab assignment to Tacoma Rainiers.,666374.0,Matt Brash,/api/v1/people/666374,529,Tacoma Rainiers,/api/v1/teams/529,136.0,Seattle Mariners,/api/v1/teams/136
908910,2026-05-14,2026-05-14,2026-05-14,SC,Status Change,Seattle Mariners activated LHP José A. Ferrer from the paternity list.,678606.0,José A. Ferrer,/api/v1/people/678606,136,Seattle Mariners,/api/v1/teams/136,,,
908911,2026-05-14,2026-05-14,,OPT,Optioned,Seattle Mariners optioned LHP Josh Simpson to Tacoma Rainiers.,681006.0,Josh Simpson,/api/v1/people/681006,529,Tacoma Rainiers,/api/v1/teams/529,136.0,Seattle Mariners,/api/v1/teams/136
908925,2026-05-14,2026-05-14,,TR,Trade,Seattle Mariners traded LHP José Suarez to Athletics for cash.,660761.0,José Suarez,/api/v1/people/660761,133,Athletics,/api/v1/teams/133,136.0,Seattle Mariners,/api/v1/teams/136
908908,2026-05-14,2026-05-14,,CU,Recalled,Seattle Mariners recalled C Jhonny Pereda from Tacoma Rainiers.,640902.0,Jhonny Pereda,/api/v1/people/640902,136,Seattle Mariners,/api/v1/teams/136,529.0,Tacoma Rainiers,/api/v1/teams/529
909695,2026-05-17,2026-05-16,2026-05-16,SC,Status Change,"Seattle Mariners placed 3B Brendan Donovan on the 10-day injured list retroactive to May 16, 2026. Left groin muscle strain.",680977.0,Brendan Donovan,/api/v1/people/680977,136,Seattle Mariners,/api/v1/teams/136,,,
909694,2026-05-17,2026-05-17,,CU,Recalled,Seattle Mariners recalled SS Colt Emerson from Tacoma Rainiers.,806068.0,Colt Emerson,/api/v1/people/806068,136,Seattle Mariners,/api/v1/teams/136,529.0,Tacoma Rainiers,/api/v1/teams/529
910009,2026-05-18,2026-05-18,2026-05-18,SC,Status Change,Seattle Mariners activated 1B Patrick Wisdom from the 10-day injured list.,621550.0,Patrick Wisdom,/api/v1/people/621550,136,Seattle Mariners,/api/v1/teams/136,,,
910014,2026-05-18,2026-05-19,,OPT,Optioned,Seattle Mariners optioned CF Brennen Davis to Tacoma Rainiers.,680695.0,Brennen Davis,/api/v1/people/680695,529,Tacoma Rainiers,/api/v1/teams/529,136.0,Seattle Mariners,/api/v1/teams/136
910012,2026-05-18,2026-05-18,,OPT,Optioned,Seattle Mariners optioned 3B Leo Rivas to Tacoma Rainiers.,660844.0,Leo Rivas,/api/v1/people/660844,529,Tacoma Rainiers,/api/v1/teams/529,136.0,Seattle Mariners,/api/v1/teams/136
910011,2026-05-18,2026-05-18,,OPT,Optioned,Seattle Mariners optioned RHP Domingo Gonzalez to Tacoma Rainiers.,682445.0,Domingo Gonzalez,/api/v1/people/682445,529,Tacoma Rainiers,/api/v1/teams/529,136.0,Seattle Mariners,/api/v1/teams/136
910010,2026-05-18,2026-05-18,,CU,Recalled,Seattle Mariners recalled LHP Robinson Ortiz from Tacoma Rainiers.,673662.0,Robinson Ortiz,/api/v1/people/673662,136,Seattle Mariners,/api/v1/teams/136,529.0,Tacoma Rainiers,/api/v1/teams/529
910013,2026-05-18,2026-05-18,,SE,Selected,Seattle Mariners selected the contract of CF Brennen Davis from Tacoma Rainiers.,680695.0,Brennen Davis,/api/v1/people/680695,136,Seattle Mariners,/api/v1/teams/136,529.0,Tacoma Rainiers,/api/v1/teams/529
910595,2026-05-20,2026-05-20,2026-05-20,SC,Status Change,Seattle Mariners activated RHP Matt Brash from the 15-day injured list.,666374.0,Matt Brash,/api/v1/people/666374,136,Seattle Mariners,/api/v1/teams/136,,,
911092,2026-05-20,2026-05-20,2026-05-20,ASG,Assigned,Seattle Mariners sent LHP Gabe Speier on a rehab assignment to Everett AquaSox.,642100.0,Gabe Speier,/api/v1/people/642100,403,Everett AquaSox,/api/v1/teams/403,136.0,Seattle Mariners,/api/v1/teams/136
910589,2026-05-20,2026-05-20,2026-05-20,ASG,Assigned,Seattle Mariners sent LHP Gabe Speier on a rehab assignment to Everett AquaSox.,642100.0,Gabe Speier,/api/v1/people/642100,403,Everett AquaSox,/api/v1/teams/403,136.0,Seattle Mariners,/api/v1/teams/136
910596,2026-05-20,2026-05-20,,OPT,Optioned,Seattle Mariners optioned LHP Robinson Ortiz to Tacoma Rainiers.,673662.0,Robinson Ortiz,/api/v1/people/673662,529,Tacoma Rainiers,/api/v1/teams/529,136.0,Seattle Mariners,/api/v1/teams/136
910955,2026-05-22,2026-05-22,2026-05-22,SC,Status Change,Seattle Mariners activated RF Victor Robles from the 10-day injured list.,645302.0,Victor Robles,/api/v1/people/645302,136,Seattle Mariners,/api/v1/teams/136,,,
910954,2026-05-22,2026-05-22,,OPT,Optioned,Seattle Mariners optioned RF Connor Joe to Tacoma Rainiers.,656582.0,Connor Joe,/api/v1/people/656582,529,Tacoma Rainiers,/api/v1/teams/529,136.0,Seattle Mariners,/api/v1/teams/136
911311,2026-05-23,2026-05-23,2026-05-23,ASG,Assigned,Seattle Mariners sent LHP Gabe Speier on a rehab assignment to Tacoma Rainiers.,642100.0,Gabe Speier,/api/v1/people/642100,529,Tacoma Rainiers,/api/v1/teams/529,136.0,Seattle Mariners,/api/v1/teams/136
911500,2026-05-25,2026-05-25,2026-05-25,ASG,Assigned,Seattle Mariners sent 3B Miles Mastrobuoni on a rehab assignment to ACL Mariners.,670156.0,Miles Mastrobuoni,/api/v1/people/670156,409,ACL Mariners,/api/v1/teams/409,136.0,Seattle Mariners,/api/v1/teams/136
911615,2026-05-26,2026-05-26,2026-05-26,SC,Status Change,Seattle Mariners activated LHP Gabe Speier from the 15-day injured list.,642100.0,Gabe Speier,/api/v1/people/642100,136,Seattle Mariners,/api/v1/teams/136,,,
911616,2026-05-26,2026-05-26,,OPT,Optioned,Seattle Mariners optioned RHP Nick Davila to Tacoma Rainiers.,689546.0,Nick Davila,/api/v1/people/689546,529,Tacoma Rainiers,/api/v1/teams/529,136.0,Seattle Mariners,/api/v1/teams/136
912277,2026-05-27,2026-05-27,2026-05-27,ASG,Assigned,Seattle Mariners sent 3B Miles Mastrobuoni on a rehab assignment to Tacoma Rainiers.,670156.0,Miles Mastrobuoni,/api/v1/people/670156,529,Tacoma Rainiers,/api/v1/teams/529,136.0,Seattle Mariners,/api/v1/teams/136
917292,2026-05-27,2026-05-27,2026-05-27,ASG,Assigned,Seattle Mariners sent 3B Miles Mastrobuoni on a rehab assignment to Tacoma Rainiers.,670156.0,Miles Mastrobuoni,/api/v1/people/670156,529,Tacoma Rainiers,/api/v1/teams/529,136.0,Seattle Mariners,/api/v1/teams/136
915886,2026-06-04,2026-06-04,2026-06-04,SFA,Signed as Free Agent,Seattle Mariners signed free agent LHP Caleb Franzen to a minor league contract.,800061.0,Caleb Franzen,/api/v1/people/800061,136,Seattle Mariners,/api/v1/teams/136,,,
919520,2026-06-05,2026-06-05,2026-06-05,ASG,Assigned,Seattle Mariners sent 3B Will Wilson on a rehab assignment to Everett AquaSox.,669717.0,Will Wilson,/api/v1/people/669717,403,Everett AquaSox,/api/v1/teams/403,136.0,Seattle Mariners,/api/v1/teams/136
916052,2026-06-05,2026-06-05,2026-06-05,SFA,Signed as Free Agent,Seattle Mariners signed free agent SS Magz German to a minor league contract.,825456.0,Magz German,/api/v1/people/825456,136,Seattle Mariners,/api/v1/teams/136,,,
916504,2026-06-07,2026-06-07,2026-06-07,ASG,Assigned,Seattle Mariners sent C Cal Raleigh on a rehab assignment to Everett AquaSox.,663728.0,Cal Raleigh,/api/v1/people/663728,403,Everett AquaSox,/api/v1/teams/403,136.0,Seattle Mariners,/api/v1/teams/136
916626,2026-06-08,2026-06-06,2026-06-06,SC,Status Change,"Seattle Mariners placed SS J.P. Crawford on the 10-day injured list retroactive to June 6, 2026. Right hand contusion.",641487.0,J.P. Crawford,/api/v1/people/641487,136,Seattle Mariners,/api/v1/teams/136,,,
916625,2026-06-08,2026-06-08,,CU,Recalled,Seattle Mariners recalled 2B Ryan Bliss from Tacoma Rainiers.,669208.0,Ryan Bliss,/api/v1/people/669208,136,Seattle Mariners,/api/v1/teams/136,529.0,Tacoma Rainiers,/api/v1/teams/529
919521,2026-06-09,2026-06-09,2026-06-09,ASG,Assigned,Seattle Mariners sent 3B Will Wilson on a rehab assignment to Tacoma Rainiers.,669717.0,Will Wilson,/api/v1/people/669717,529,Tacoma Rainiers,/api/v1/teams/529,136.0,Seattle Mariners,/api/v1/teams/136
916777,2026-06-09,2026-06-09,2026-06-09,ASG,Assigned,Seattle Mariners sent C Cal Raleigh on a rehab assignment to Tacoma Rainiers.,663728.0,Cal Raleigh,/api/v1/people/663728,529,Tacoma Rainiers,/api/v1/teams/529,136.0,Seattle Mariners,/api/v1/teams/136
919152,2026-06-09,2026-06-09,2026-06-09,SC,Status Change,Seattle Mariners placed RHP Cooper Criswell on the 15-day injured list. Right shoulder strain.,681867.0,Cooper Criswell,/api/v1/people/681867,136,Seattle Mariners,/api/v1/teams/136,,,
917014,2026-06-09,2026-06-09,,CU,Recalled,Seattle Mariners recalled RHP Nick Davila from Tacoma Rainiers.,689546.0,Nick Davila,/api/v1/people/689546,136,Seattle Mariners,/api/v1/teams/136,529.0,Tacoma Rainiers,/api/v1/teams/529
917293,2026-06-10,2026-06-10,2026-06-10,SC,Status Change,Seattle Mariners activated 3B Miles Mastrobuoni from the 60-day injured list.,670156.0,Miles Mastrobuoni,/api/v1/people/670156,136,Seattle Mariners,/api/v1/teams/136,,,
917298,2026-06-10,2026-06-09,2026-06-09,SC,Status Change,"Seattle Mariners placed RHP Matt Brash on the 15-day injured list retroactive to June 9, 2026. Right lat strain.",666374.0,Matt Brash,/api/v1/people/666374,136,Seattle Mariners,/api/v1/teams/136,,,
917295,2026-06-10,2026-06-10,2026-06-10,DES,Designated for Assignment,Seattle Mariners designated RHP Yosver Zulueta for assignment.,691172.0,Yosver Zulueta,/api/v1/people/691172,136,Seattle Mariners,/api/v1/teams/136,,,
917294,2026-06-10,2026-06-10,,CU,Recalled,Seattle Mariners recalled RHP Domingo Gonzalez from Tacoma Rainiers.,682445.0,Domingo Gonzalez,/api/v1/people/682445,136,Seattle Mariners,/api/v1/teams/136,529.0,Tacoma Rainiers,/api/v1/teams/529
917297,2026-06-10,2026-06-10,,OPT,Optioned,Seattle Mariners optioned 2B Ryan Bliss to Tacoma Rainiers.,669208.0,Ryan Bliss,/api/v1/people/669208,529,Tacoma Rainiers,/api/v1/teams/529,136.0,Seattle Mariners,/api/v1/teams/136
917350,2026-06-10,2026-06-10,,TR,Trade,Pittsburgh Pirates traded RHP Carson Fulmer to Seattle Mariners for cash.,608334.0,Carson Fulmer,/api/v1/people/608334,136,Seattle Mariners,/api/v1/teams/136,134.0,Pittsburgh Pirates,/api/v1/teams/134
917468,2026-06-11,2026-06-11,2026-06-11,DES,Designated for Assignment,Seattle Mariners designated RHP Domingo Gonzalez for assignment.,682445.0,Domingo Gonzalez,/api/v1/people/682445,136,Seattle Mariners,/api/v1/teams/136,,,
917469,2026-06-11,2026-06-11,,SE,Selected,Seattle Mariners selected the contract of RHP Michael Rucker from Tacoma Rainiers.,621074.0,Michael Rucker,/api/v1/people/621074,136,Seattle Mariners,/api/v1/teams/136,529.0,Tacoma Rainiers,/api/v1/teams/529
917644,2026-06-12,2026-06-12,,ACQ,Acquired,Seattle Mariners acquired RHP Connor Wilford from the Lexington Legends of the Atlantic League.,809949.0,Connor Wilford,/api/v1/people/809949,136,Seattle Mariners,/api/v1/teams/136,495.0,Lexington Legends,/api/v1/teams/495
918324,2026-06-13,2026-06-13,2026-06-13,SFA,Signed as Free Agent,Seattle Mariners signed free agent LHP Michael Plassmeyer to a minor league contract.,674681.0,Michael Plassmeyer,/api/v1/people/674681,136,Seattle Mariners,/api/v1/teams/136,,,
919004,2026-06-14,2026-06-14,2026-06-14,SFA,Signed as Free Agent,Seattle Mariners signed free agent 3B Weston Wilson to a minor league contract.,642215.0,Weston Wilson,/api/v1/people/642215,136,Seattle Mariners,/api/v1/teams/136,,,
918586,2026-06-15,2026-06-15,,OUT,Outrighted,Seattle Mariners sent RHP Domingo Gonzalez outright to Tacoma Rainiers.,682445.0,Domingo Gonzalez,/api/v1/people/682445,529,Tacoma Rainiers,/api/v1/teams/529,136.0,Seattle Mariners,/api/v1/teams/136
918585,2026-06-15,2026-06-15,,OPT,Optioned,Seattle Mariners optioned 3B Patrick Wisdom to Tacoma Rainiers.,621550.0,Patrick Wisdom,/api/v1/people/621550,529,Tacoma Rainiers,/api/v1/teams/529,136.0,Seattle Mariners,/api/v1/teams/136
918550,2026-06-15,2026-06-15,,TR,Trade,Seattle Mariners traded RHP Yosver Zulueta to Chicago Cubs for cash.,,,,136,Seattle Mariners,/api/v1/teams/136,112.0,Chicago Cubs,/api/v1/teams/112
919272,2026-06-16,2026-06-13,2026-06-13,SC,Status Change,"Seattle Mariners placed LF Randy Arozarena on the 10-day injured list retroactive to June 13, 2026. Left hamstring strain.",668227.0,Randy Arozarena,/api/v1/people/668227,136,Seattle Mariners,/api/v1/teams/136,,,
919020,2026-06-16,2026-06-16,2026-06-16,SC,Status Change,Seattle Mariners activated C Cal Raleigh from the 10-day injured list.,663728.0,Cal Raleigh,/api/v1/people/663728,136,Seattle Mariners,/api/v1/teams/136,,,
919019,2026-06-16,2026-06-16,2026-06-16,SC,Status Change,Seattle Mariners activated SS J.P. Crawford from the 10-day injured list.,641487.0,J.P. Crawford,/api/v1/people/641487,136,Seattle Mariners,/api/v1/teams/136,,,
919519,2026-06-16,2026-06-16,2026-06-16,SC,Status Change,Seattle Mariners transferred 3B Will Wilson from the 10-day injured list to the 60-day injured list. Left thumb fracture.,669717.0,Will Wilson,/api/v1/people/669717,136,Seattle Mariners,/api/v1/teams/136,,,
919018,2026-06-16,2026-06-16,,OPT,Optioned,Seattle Mariners optioned C Jhonny Pereda to Tacoma Rainiers.,640902.0,Jhonny Pereda,/api/v1/people/640902,529,Tacoma Rainiers,/api/v1/teams/529,136.0,Seattle Mariners,/api/v1/teams/136
919271,2026-06-16,2026-06-16,,SE,Selected,Seattle Mariners selected the contract of CF Curtis Washington Jr. from Everett AquaSox.,690944.0,Curtis Washington Jr.,/api/v1/people/690944,136,Seattle Mariners,/api/v1/teams/136,403.0,Everett AquaSox,/api/v1/teams/403
919606,2026-06-17,2026-06-17,,TR,Trade,Seattle Mariners traded RHP Randy Dobnak to Kansas City Royals for cash.,677976.0,Randy Dobnak,/api/v1/people/677976,118,Kansas City Royals,/api/v1/teams/118,136.0,Seattle Mariners,/api/v1/teams/136
919502,2026-06-17,2026-06-17,,CU,Recalled,Seattle Mariners recalled RF Connor Joe from Tacoma Rainiers.,656582.0,Connor Joe,/api/v1/people/656582,136,Seattle Mariners,/api/v1/teams/136,529.0,Tacoma Rainiers,/api/v1/teams/529
919503,2026-06-17,2026-06-17,,OPT,Optioned,Seattle Mariners optioned CF Curtis Washington Jr. to Everett AquaSox.,690944.0,Curtis Washington Jr.,/api/v1/people/690944,403,Everett AquaSox,/api/v1/teams/403,136.0,Seattle Mariners,/api/v1/teams/136
920123,2026-06-18,2026-06-18,2026-06-18,SFA,Signed as Free Agent,Seattle Mariners signed free agent RHP Adalberto Vallenilla to a minor league contract.,843059.0,Adalberto Vallenilla,/api/v1/people/843059,136,Seattle Mariners,/api/v1/teams/136,,,
920316,2026-06-18,2026-06-18,2026-06-18,SFA,Signed as Free Agent,Seattle Mariners signed free agent RHP Ferny Barreda to a minor league contract.,825760.0,Ferny Barreda,/api/v1/people/825760,136,Seattle Mariners,/api/v1/teams/136,,,
920266,2026-06-19,2026-06-19,2026-06-19,DES,Designated for Assignment,Seattle Mariners designated 3B Miles Mastrobuoni for assignment.,670156.0,Miles Mastrobuoni,/api/v1/people/670156,136,Seattle Mariners,/api/v1/teams/136,,,
920267,2026-06-19,2026-06-19,,SE,Selected,Seattle Mariners selected the contract of 3B Weston Wilson from Tacoma Rainiers.,642215.0,Weston Wilson,/api/v1/people/642215,136,Seattle Mariners,/api/v1/teams/136,529.0,Tacoma Rainiers,/api/v1/teams/529
920723,2026-06-20,2026-06-20,,OUT,Outrighted,Seattle Mariners sent CF Curtis Washington Jr. outright to Everett AquaSox.,690944.0,Curtis Washington Jr.,/api/v1/people/690944,403,Everett AquaSox,/api/v1/teams/403,136.0,Seattle Mariners,/api/v1/teams/136
921461,2026-06-23,2026-06-23,2026-06-23,SC,Status Change,Seattle Mariners activated LF Randy Arozarena from the 10-day injured list.,668227.0,Randy Arozarena,/api/v1/people/668227,136,Seattle Mariners,/api/v1/teams/136,,,
921460,2026-06-23,2026-06-23,,OPT,Optioned,Seattle Mariners optioned RF Connor Joe to Tacoma Rainiers.,656582.0,Connor Joe,/api/v1/people/656582,529,Tacoma Rainiers,/api/v1/teams/529,136.0,Seattle Mariners,/api/v1/teams/136
922357,2026-06-25,2026-06-25,,OUT,Outrighted,Seattle Mariners sent 3B Miles Mastrobuoni outright to Tacoma Rainiers.,670156.0,Miles Mastrobuoni,/api/v1/people/670156,529,Tacoma Rainiers,/api/v1/teams/529,136.0,Seattle Mariners,/api/v1/teams/136
923076,2026-06-27,2026-06-27,,CU,Recalled,Seattle Mariners recalled LHP Josh Simpson from Tacoma Rainiers.,681006.0,Josh Simpson,/api/v1/people/681006,136,Seattle Mariners,/api/v1/teams/136,529.0,Tacoma Rainiers,/api/v1/teams/529
923075,2026-06-27,2026-06-27,,OPT,Optioned,Seattle Mariners optioned RHP Alex Hoppe to Tacoma Rainiers.,695380.0,Alex Hoppe,/api/v1/people/695380,529,Tacoma Rainiers,/api/v1/teams/529,136.0,Seattle Mariners,/api/v1/teams/136
923508,2026-06-29,2026-06-27,2026-06-27,SC,Status Change,"Seattle Mariners placed DH Rob Refsnyder on the 10-day injured list retroactive to June 27, 2026. Right knee inflammation.",608701.0,Rob Refsnyder,/api/v1/people/608701,136,Seattle Mariners,/api/v1/teams/136,,,
923303,2026-06-29,2026-06-29,,TR,Trade,San Francisco Giants traded 1B Buddy Kennedy to Seattle Mariners for cash.,671083.0,Buddy Kennedy,/api/v1/people/671083,136,Seattle Mariners,/api/v1/teams/136,137.0,San Francisco Giants,/api/v1/teams/137
923816,2026-06-30,2026-06-30,,OPT,Optioned,Seattle Mariners optioned LHP Josh Simpson to Tacoma Rainiers.,681006.0,Josh Simpson,/api/v1/people/681006,529,Tacoma Rainiers,/api/v1/teams/529,136.0,Seattle Mariners,/api/v1/teams/136
923815,2026-06-30,2026-06-30,,CU,Recalled,Seattle Mariners recalled RHP Cole Wilcox from Tacoma Rainiers.,677961.0,Cole Wilcox,/api/v1/people/677961,136,Seattle Mariners,/api/v1/teams/136,529.0,Tacoma Rainiers,/api/v1/teams/529
924884,2026-07-03,2026-07-03,2026-07-03,SC,Status Change,Seattle Mariners placed CF Julio Rodríguez on the 7-day injured list. Concussion.,677594.0,Julio Rodríguez,/api/v1/people/677594,136,Seattle Mariners,/api/v1/teams/136,,,
924883,2026-07-03,2026-07-03,2026-07-03,SC,Status Change,Seattle Mariners transferred RHP Cooper Criswell from the 15-day injured list to the 60-day injured list. Right shoulder strain.,681867.0,Cooper Criswell,/api/v1/people/681867,136,Seattle Mariners,/api/v1/teams/136,,,
924885,2026-07-03,2026-07-03,,SE,Selected,Seattle Mariners selected the contract of 3B Miles Mastrobuoni from Tacoma Rainiers.,670156.0,Miles Mastrobuoni,/api/v1/people/670156,136,Seattle Mariners,/api/v1/teams/136,529.0,Tacoma Rainiers,/api/v1/teams/529
925879,2026-07-05,2026-07-05,2026-07-05,SFA,Signed as Free Agent,Seattle Mariners signed free agent CF Stuart Fairchild to a minor league contract.,656413.0,Stuart Fairchild,/api/v1/people/656413,136,Seattle Mariners,/api/v1/teams/136,,,
925881,2026-07-05,2026-07-05,2026-07-05,SC,Status Change,CF Stuart Fairchild roster status changed by Seattle Mariners.,656413.0,Stuart Fairchild,/api/v1/people/656413,136,Seattle Mariners,/api/v1/teams/136,,,
925899,2026-07-07,2026-07-07,2026-07-07,SFA,Signed as Free Agent,Seattle Mariners signed free agent RHP Mario Vasquez to a minor league contract.,843995.0,Mario Vasquez,/api/v1/people/843995,136,Seattle Mariners,/api/v1/teams/136,,,
925883,2026-07-07,2026-07-07,,ASG,Assigned,CF Stuart Fairchild assigned to ACL Mariners from Seattle Mariners.,656413.0,Stuart Fairchild,/api/v1/people/656413,409,ACL Mariners,/api/v1/teams/409,136.0,Seattle Mariners,/api/v1/teams/136
927971,2026-07-11,2026-07-11,,TR,Trade,Seattle Mariners traded 1B Carson Taylor to Atlanta Braves.,694930.0,Carson Taylor,/api/v1/people/694930,144,Atlanta Braves,/api/v1/teams/144,136.0,Seattle Mariners,/api/v1/teams/136
927697,2026-07-15,2026-07-15,2026-07-15,ASG,Assigned,Seattle Mariners sent 3B Brendan Donovan on a rehab assignment to ACL Mariners.,680977.0,Brendan Donovan,/api/v1/people/680977,409,ACL Mariners,/api/v1/teams/409,136.0,Seattle Mariners,/api/v1/teams/136
928420,2026-07-17,2026-07-17,2026-07-17,ASG,Assigned,Seattle Mariners sent 3B Brendan Donovan on a rehab assignment to Tacoma Rainiers.,680977.0,Brendan Donovan,/api/v1/people/680977,529,Tacoma Rainiers,/api/v1/teams/529,136.0,Seattle Mariners,/api/v1/teams/136
929418,2026-07-17,2026-07-17,2026-07-17,ASG,Assigned,Seattle Mariners sent 3B Brendan Donovan on a rehab assignment to Tacoma Rainiers.,680977.0,Brendan Donovan,/api/v1/people/680977,529,Tacoma Rainiers,/api/v1/teams/529,136.0,Seattle Mariners,/api/v1/teams/136
929612,2026-07-17,2026-07-17,2026-07-17,SGN,Signed,Seattle Mariners signed RHP Wyatt Queen.,829591.0,Wyatt Queen,/api/v1/people/829591,136,Seattle Mariners,/api/v1/teams/136,,,
929619,2026-07-17,2026-07-17,2026-07-17,SGN,Signed,Seattle Mariners signed RHP Connor Marshburn.,823987.0,Connor Marshburn,/api/v1/people/823987,136,Seattle Mariners,/api/v1/teams/136,,,
929601,2026-07-17,2026-07-17,2026-07-17,SGN,Signed,Seattle Mariners signed RHP Drew Whalen.,838103.0,Drew Whalen,/api/v1/people/838103,136,Seattle Mariners,/api/v1/teams/136,,,
929616,2026-07-17,2026-07-17,2026-07-17,SGN,Signed,Seattle Mariners signed RHP Connor Marshburn.,823987.0,Connor Marshburn,/api/v1/people/823987,136,Seattle Mariners,/api/v1/teams/136,,,
929593,2026-07-17,2026-07-17,2026-07-17,SGN,Signed,Seattle Mariners signed OF Michael Petite.,806192.0,Michael Petite,/api/v1/people/806192,136,Seattle Mariners,/api/v1/teams/136,,,
933573,2026-07-17,2026-07-17,2026-07-17,SFA,Signed as Free Agent,Seattle Mariners signed free agent SS Henry Kaczmar to a minor league contract.,808793.0,Henry Kaczmar,/api/v1/people/808793,136,Seattle Mariners,/api/v1/teams/136,,,
929587,2026-07-17,2026-07-17,2026-07-17,SGN,Signed,Seattle Mariners signed OF Hayden Yost.,803734.0,Hayden Yost,/api/v1/people/803734,136,Seattle Mariners,/api/v1/teams/136,,,
929610,2026-07-17,2026-07-17,2026-07-17,SGN,Signed,Seattle Mariners signed RHP Chris Diaz.,804164.0,Chris Diaz,/api/v1/people/804164,136,Seattle Mariners,/api/v1/teams/136,,,
929608,2026-07-17,2026-07-17,2026-07-17,SGN,Signed,Seattle Mariners signed 2B Eric Jeon.,837510.0,Eric Jeon,/api/v1/people/837510,136,Seattle Mariners,/api/v1/teams/136,,,
929599,2026-07-17,2026-07-17,2026-07-17,SGN,Signed,Seattle Mariners signed C Mason Eckelman.,806065.0,Mason Eckelman,/api/v1/people/806065,136,Seattle Mariners,/api/v1/teams/136,,,
929614,2026-07-17,2026-07-17,2026-07-17,SGN,Signed,Seattle Mariners signed RHP Anthony Treto.,838387.0,Anthony Treto,/api/v1/people/838387,136,Seattle Mariners,/api/v1/teams/136,,,
929572,2026-07-17,2026-07-17,2026-07-17,SGN,Signed,Seattle Mariners signed RHP Nathan Taylor.,824720.0,Nathan Taylor,/api/v1/people/824720,136,Seattle Mariners,/api/v1/teams/136,,,
929602,2026-07-17,2026-07-17,2026-07-17,SGN,Signed,Seattle Mariners signed LHP Chris Torres.,844083.0,Chris Torres,/api/v1/people/844083,136,Seattle Mariners,/api/v1/teams/136,,,
929577,2026-07-17,2026-07-17,2026-07-17,SGN,Signed,Seattle Mariners signed 3B Trevor Lucas.,831492.0,Trevor Lucas,/api/v1/people/831492,136,Seattle Mariners,/api/v1/teams/136,,,
929591,2026-07-17,2026-07-17,2026-07-17,SGN,Signed,Seattle Mariners signed 3B Henry Ford.,814822.0,Henry Ford,/api/v1/people/814822,136,Seattle Mariners,/api/v1/teams/136,,,
929570,2026-07-17,2026-07-17,2026-07-17,SGN,Signed,Seattle Mariners signed OF Jake Brown.,806701.0,Jake Brown,/api/v1/people/806701,136,Seattle Mariners,/api/v1/teams/136,,,
929595,2026-07-17,2026-07-17,2026-07-17,SGN,Signed,Seattle Mariners signed SS Ryan Wynn.,807231.0,Ryan Wynn,/api/v1/people/807231,136,Seattle Mariners,/api/v1/teams/136,,,
929597,2026-07-17,2026-07-17,2026-07-17,SGN,Signed,Seattle Mariners signed RHP Matthew Matthijs.,703467.0,Matthew Matthijs,/api/v1/people/703467,136,Seattle Mariners,/api/v1/teams/136,,,
929606,2026-07-17,2026-07-17,2026-07-17,SGN,Signed,Seattle Mariners signed OF Charlie Sutherland.,822390.0,Charlie Sutherland,/api/v1/people/822390,136,Seattle Mariners,/api/v1/teams/136,,,
932153,2026-07-18,2026-07-18,2026-07-18,ASG,Assigned,Seattle Mariners sent DH Rob Refsnyder on a rehab assignment to Tacoma Rainiers.,608701.0,Rob Refsnyder,/api/v1/people/608701,529,Tacoma Rainiers,/api/v1/teams/529,136.0,Seattle Mariners,/api/v1/teams/136
928665,2026-07-18,2026-07-18,2026-07-18,DES,Designated for Assignment,Seattle Mariners designated 3B Miles Mastrobuoni for assignment.,670156.0,Miles Mastrobuoni,/api/v1/people/670156,136,Seattle Mariners,/api/v1/teams/136,,,
928698,2026-07-18,2026-07-18,2026-07-18,ASG,Assigned,Seattle Mariners sent DH Rob Refsnyder on a rehab assignment to Tacoma Rainiers.,608701.0,Rob Refsnyder,/api/v1/people/608701,529,Tacoma Rainiers,/api/v1/teams/529,136.0,Seattle Mariners,/api/v1/teams/136
928666,2026-07-18,2026-07-18,2026-07-18,SC,Status Change,Seattle Mariners activated CF Julio Rodríguez from the 7-day injured list.,677594.0,Julio Rodríguez,/api/v1/people/677594,136,Seattle Mariners,/api/v1/teams/136,,,
929580,2026-07-21,2026-07-21,2026-07-21,SFA,Signed as Free Agent,Seattle Mariners signed free agent C Jake Harvey to a minor league contract.,833440.0,Jake Harvey,/api/v1/people/833440,136,Seattle Mariners,/api/v1/teams/136,,,
929419,2026-07-21,2026-07-21,2026-07-21,ASG,Assigned,Seattle Mariners sent 3B Brendan Donovan on a rehab assignment to Everett AquaSox.,680977.0,Brendan Donovan,/api/v1/people/680977,403,Everett AquaSox,/api/v1/teams/403,136.0,Seattle Mariners,/api/v1/teams/136
929565,2026-07-21,2026-07-21,2026-07-21,SGN,Signed,Seattle Mariners signed 3B Ace Reese.,814505.0,Ace Reese,/api/v1/people/814505,136,Seattle Mariners,/api/v1/teams/136,,,
929573,2026-07-21,2026-07-21,2026-07-21,SFA,Signed as Free Agent,Seattle Mariners signed free agent OF Kyle Boylston to a minor league contract.,812895.0,Kyle Boylston,/api/v1/people/812895,136,Seattle Mariners,/api/v1/teams/136,,,
929588,2026-07-21,2026-07-21,2026-07-21,SFA,Signed as Free Agent,Seattle Mariners signed free agent RHP Isaac Thornton to a minor league contract.,844213.0,Isaac Thornton,/api/v1/people/844213,136,Seattle Mariners,/api/v1/teams/136,,,
929576,2026-07-21,2026-07-21,2026-07-21,SFA,Signed as Free Agent,Seattle Mariners signed free agent C Jacob Galloway to a minor league contract.,805212.0,Jacob Galloway,/api/v1/people/805212,136,Seattle Mariners,/api/v1/teams/136,,,
929707,2026-07-21,2026-07-21,,OUT,Outrighted,Seattle Mariners sent 3B Miles Mastrobuoni outright to Tacoma Rainiers.,670156.0,Miles Mastrobuoni,/api/v1/people/670156,529,Tacoma Rainiers,/api/v1/teams/529,136.0,Seattle Mariners,/api/v1/teams/136
931352,2026-07-26,2026-07-26,,CU,Recalled,Seattle Mariners recalled RHP Alex Hoppe from Tacoma Rainiers.,695380.0,Alex Hoppe,/api/v1/people/695380,136,Seattle Mariners,/api/v1/teams/136,529.0,Tacoma Rainiers,/api/v1/teams/529
931353,2026-07-26,2026-07-26,,OPT,Optioned,Seattle Mariners optioned RHP Nick Davila to Tacoma Rainiers.,689546.0,Nick Davila,/api/v1/people/689546,529,Tacoma Rainiers,/api/v1/teams/529,136.0,Seattle Mariners,/api/v1/teams/136
933258,2026-07-27,2026-07-27,2026-07-27,SFA,Signed as Free Agent,Seattle Mariners signed free agent RHP Similien Senatus to a minor league contract.,844344.0,Similien Senatus,/api/v1/people/844344,136,Seattle Mariners,/api/v1/teams/136,,,
932152,2026-07-28,2026-07-28,2026-07-28,DES,Designated for Assignment,Seattle Mariners designated 1B Buddy Kennedy for assignment.,671083.0,Buddy Kennedy,/api/v1/people/671083,136,Seattle Mariners,/api/v1/teams/136,,,
931805,2026-07-28,2026-07-28,2026-07-28,ASG,Assigned,Seattle Mariners sent 3B Brendan Donovan on a rehab assignment to Tacoma Rainiers.,680977.0,Brendan Donovan,/api/v1/people/680977,529,Tacoma Rainiers,/api/v1/teams/529,136.0,Seattle Mariners,/api/v1/teams/136
932154,2026-07-28,2026-07-28,2026-07-28,SC,Status Change,Seattle Mariners activated DH Rob Refsnyder from the 10-day injured list.,608701.0,Rob Refsnyder,/api/v1/people/608701,136,Seattle Mariners,/api/v1/teams/136,,,
933735,2026-07-31,2026-07-30,2026-07-30,SC,Status Change,"Seattle Mariners placed SS J.P. Crawford on the 10-day injured list retroactive to July 30, 2026. Left wrist inflammation.",641487.0,J.P. Crawford,/api/v1/people/641487,136,Seattle Mariners,/api/v1/teams/136,,,
933736,2026-07-31,2026-07-31,,CU,Recalled,Seattle Mariners recalled 3B Leo Rivas from Tacoma Rainiers.,660844.0,Leo Rivas,/api/v1/people/660844,136,Seattle Mariners,/api/v1/teams/136,529.0,Tacoma Rainiers,/api/v1/teams/529
933892,2026-08-01,2026-07-31,2026-07-31,SC,Status Change,"Seattle Mariners placed RF Luke Raley on the 10-day injured list retroactive to July 31, 2026. Left forearm strain.",670042.0,Luke Raley,/api/v1/people/670042,136,Seattle Mariners,/api/v1/teams/136,,,
933891,2026-08-01,2026-08-01,,SE,Selected,Seattle Mariners selected the contract of CF Stuart Fairchild from Tacoma Rainiers.,656413.0,Stuart Fairchild,/api/v1/people/656413,136,Seattle Mariners,/api/v1/teams/136,529.0,Tacoma Rainiers,/api/v1/teams/529
934000,2026-08-02,2026-08-02,,TR,Trade,"Seattle Mariners traded RHP Luis Castillo to Chicago White Sox for RHP Seranthony Domínguez, C Boston Smith, RF Nolan Jones and cash.",622491.0,Luis Castillo,/api/v1/people/622491,145,Chicago White Sox,/api/v1/teams/145,136.0,Seattle Mariners,/api/v1/teams/136
934134,2026-08-02,2026-08-02,,CU,Recalled,Seattle Mariners recalled LHP Josh Simpson from Tacoma Rainiers.,681006.0,Josh Simpson,/api/v1/people/681006,136,Seattle Mariners,/api/v1/teams/136,529.0,Tacoma Rainiers,/api/v1/teams/529
934121,2026-08-02,2026-08-02,,CLW,Claimed Off Waivers,San Francisco Giants claimed 1B Buddy Kennedy off waivers from Seattle Mariners.,671083.0,Buddy Kennedy,/api/v1/people/671083,137,San Francisco Giants,/api/v1/teams/137,136.0,Seattle Mariners,/api/v1/teams/136
934496,2026-08-03,2026-08-03,2026-08-03,SC,Status Change,LF Taylor Ward roster status changed by Seattle Mariners.,621493.0,Taylor Ward,/api/v1/people/621493,136,Seattle Mariners,/api/v1/teams/136,,,
934279,2026-08-03,2026-08-03,,TR,Trade,"Baltimore Orioles traded LF Taylor Ward to Seattle Mariners for RHP Alex Hoppe, RHP Brock Moore and RHP Harrison Kreiling.",621493.0,Taylor Ward,/api/v1/people/621493,136,Seattle Mariners,/api/v1/teams/136,110.0,Baltimore Orioles,/api/v1/teams/110
935117,2026-08-04,2026-08-04,2026-08-04,DES,Designated for Assignment,Seattle Mariners designated CF Stuart Fairchild for assignment.,656413.0,Stuart Fairchild,/api/v1/people/656413,136,Seattle Mariners,/api/v1/teams/136,,,
935113,2026-08-04,2026-08-04,2026-08-04,REL,Released,Seattle Mariners released C Mitch Garver.,641598.0,Mitch Garver,/api/v1/people/641598,136,Seattle Mariners,/api/v1/teams/136,,,
935111,2026-08-04,2026-08-04,2026-08-04,SC,Status Change,Seattle Mariners activated RHP Seranthony Domínguez.,622554.0,Seranthony Domínguez,/api/v1/people/622554,136,Seattle Mariners,/api/v1/teams/136,,,
935115,2026-08-04,2026-08-04,2026-08-04,REL,Released,Seattle Mariners released DH Rob Refsnyder.,608701.0,Rob Refsnyder,/api/v1/people/608701,136,Seattle Mariners,/api/v1/teams/136,,,
935106,2026-08-04,2026-08-04,2026-08-04,SC,Status Change,Seattle Mariners activated 3B Brendan Donovan from the 10-day injured list.,680977.0,Brendan Donovan,/api/v1/people/680977,136,Seattle Mariners,/api/v1/teams/136,,,
935109,2026-08-04,2026-08-04,2026-08-04,SC,Status Change,Seattle Mariners activated LF Taylor Ward.,621493.0,Taylor Ward,/api/v1/people/621493,136,Seattle Mariners,/api/v1/teams/136,,,
935112,2026-08-04,2026-08-04,,CU,Recalled,Seattle Mariners recalled C Jhonny Pereda from Tacoma Rainiers.,640902.0,Jhonny Pereda,/api/v1/people/640902,136,Seattle Mariners,/api/v1/teams/136,529.0,Tacoma Rainiers,/api/v1/teams/529
935753,2026-08-05,2026-08-05,2026-08-05,SFA,Signed as Free Agent,Seattle Mariners signed free agent RHP Seth Shuman to a minor league contract.,670234.0,Seth Shuman,/api/v1/people/670234,136,Seattle Mariners,/api/v1/teams/136,,,
936127,2026-08-07,2026-08-07,2026-08-07,SC,Status Change,Seattle Mariners placed RHP Cole Wilcox on the 15-day injured list. Left oblique strain.,677961.0,Cole Wilcox,/api/v1/people/677961,136,Seattle Mariners,/api/v1/teams/136,,,
936125,2026-08-07,2026-08-07,,CU,Recalled,Seattle Mariners recalled RHP Nick Davila from Tacoma Rainiers.,689546.0,Nick Davila,/api/v1/people/689546,136,Seattle Mariners,/api/v1/teams/136,529.0,Tacoma Rainiers,/api/v1/teams/529
936190,2026-08-07,2026-08-07,,OUT,Outrighted,Seattle Mariners sent CF Stuart Fairchild outright to Tacoma Rainiers.,656413.0,Stuart Fairchild,/api/v1/people/656413,529,Tacoma Rainiers,/api/v1/teams/529,136.0,Seattle Mariners,/api/v1/teams/136
936397,2026-08-08,2026-08-08,2026-08-08,ASG,Assigned,Seattle Mariners sent RHP Carlos Vargas on a rehab assignment to Everett AquaSox.,672841.0,Carlos Vargas,/api/v1/people/672841,403,Everett AquaSox,/api/v1/teams/403,136.0,Seattle Mariners,/api/v1/teams/136
936450,2026-08-08,2026-08-08,2026-08-08,SC,Status Change,LHP Gabe Speier roster status changed by Seattle Mariners.,642100.0,Gabe Speier,/api/v1/people/642100,136,Seattle Mariners,/api/v1/teams/136,,,
936437,2026-08-08,2026-08-08,2026-08-08,SFA,Signed as Free Agent,Seattle Mariners signed free agent CF Stuart Fairchild to a minor league contract.,656413.0,Stuart Fairchild,/api/v1/people/656413,136,Seattle Mariners,/api/v1/teams/136,,,
936446,2026-08-08,2026-08-08,2026-08-08,ASG,Assigned,Seattle Mariners sent RHP Carlos Vargas on a rehab assignment to Everett AquaSox.,672841.0,Carlos Vargas,/api/v1/people/672841,403,Everett AquaSox,/api/v1/teams/403,136.0,Seattle Mariners,/api/v1/teams/136
936695,2026-08-10,2026-08-10,,CLW,Claimed Off Waivers,Seattle Mariners claimed RHP Nolan Kingham off waivers from Texas Rangers.,663884.0,Nolan Kingham,/api/v1/people/663884,136,Seattle Mariners,/api/v1/teams/136,140.0,Texas Rangers,/api/v1/teams/140
937067,2026-08-11,2026-08-11,2026-08-11,SFA,Signed as Free Agent,Seattle Mariners signed free agent RHP Conor Larkin to a minor league contract.,680212.0,Conor Larkin,/api/v1/people/680212,136,Seattle Mariners,/api/v1/teams/136,,,
936807,2026-08-11,2026-08-11,2026-08-11,ASG,Assigned,Seattle Mariners sent RHP Carlos Vargas on a rehab assignment to Tacoma Rainiers.,672841.0,Carlos Vargas,/api/v1/people/672841,529,Tacoma Rainiers,/api/v1/teams/529,136.0,Seattle Mariners,/api/v1/teams/136
936837,2026-08-11,2026-08-11,2026-08-11,SC,Status Change,Seattle Mariners activated LHP Gabe Speier.,642100.0,Gabe Speier,/api/v1/people/642100,136,Seattle Mariners,/api/v1/teams/136,,,
937266,2026-08-12,2026-08-12,2026-08-12,SFA,Signed as Free Agent,Seattle Mariners signed free agent RHP Scott Effross to a minor league contract.,664123.0,Scott Effross,/api/v1/people/664123,136,Seattle Mariners,/api/v1/teams/136,,,
937212,2026-08-12,2026-08-12,,CLW,Claimed Off Waivers,Seattle Mariners claimed C Willie MacIver off waivers from Toronto Blue Jays.,680862.0,Willie MacIver,/api/v1/people/680862,136,Seattle Mariners,/api/v1/teams/136,141.0,Toronto Blue Jays,/api/v1/teams/141
937455,2026-08-13,2026-08-13,2026-08-13,SFA,Signed as Free Agent,Seattle Mariners signed free agent LHP Lael Lockhart to a minor league contract.,679712.0,Lael Lockhart,/api/v1/people/679712,136,Seattle Mariners,/api/v1/teams/136,,,
937571,2026-08-14,2026-08-14,2026-08-14,SC,Status Change,Seattle Mariners placed SS Colt Emerson on the 10-day injured list. Left wrist tendon inflammation.,806068.0,Colt Emerson,/api/v1/people/806068,136,Seattle Mariners,/api/v1/teams/136,,,
937570,2026-08-14,2026-08-14,,SE,Selected,Seattle Mariners selected the contract of 2B Brock Rodden from Tacoma Rainiers.,801126.0,Brock Rodden,/api/v1/people/801126,136,Seattle Mariners,/api/v1/teams/136,529.0,Tacoma Rainiers,/api/v1/teams/529
937656,2026-08-14,2026-08-14,,OPT,Optioned,Seattle Mariners optioned C Willie MacIver to Tacoma Rainiers.,680862.0,Willie MacIver,/api/v1/people/680862,529,Tacoma Rainiers,/api/v1/teams/529,136.0,Seattle Mariners,/api/v1/teams/136
937746,2026-08-15,2026-08-15,,OPT,Optioned,Seattle Mariners optioned RHP Troy Watson to Tacoma Rainiers.,681890.0,Troy Watson,/api/v1/people/681890,529,Tacoma Rainiers,/api/v1/teams/529,136.0,Seattle Mariners,/api/v1/teams/136
937700,2026-08-15,2026-08-15,,CLW,Claimed Off Waivers,Seattle Mariners claimed RHP Troy Watson off waivers from Detroit Tigers.,681890.0,Troy Watson,/api/v1/people/681890,136,Seattle Mariners,/api/v1/teams/136,116.0,Detroit Tigers,/api/v1/teams/116
938329,2026-08-18,2026-08-18,2026-08-18,SFA,Signed as Free Agent,Seattle Mariners signed free agent 2B Andy Ibáñez to a minor league contract.,628451.0,Andy Ibáñez,/api/v1/people/628451,136,Seattle Mariners,/api/v1/teams/136,,,
938503,2026-08-19,2026-08-19,2026-08-19,SC,Status Change,Seattle Mariners transferred RF Luke Raley from the 10-day injured list to the 60-day injured list. Left forearm strain.,670042.0,Luke Raley,/api/v1/people/670042,136,Seattle Mariners,/api/v1/teams/136,,,
938500,2026-08-19,2026-08-19,,SE,Selected,Seattle Mariners selected the contract of LHP Jhonathan Díaz from Tacoma Rainiers.,646242.0,Jhonathan Díaz,/api/v1/people/646242,136,Seattle Mariners,/api/v1/teams/136,529.0,Tacoma Rainiers,/api/v1/teams/529
938501,2026-08-19,2026-08-19,,OPT,Optioned,Seattle Mariners optioned LHP Josh Simpson to Tacoma Rainiers.,681006.0,Josh Simpson,/api/v1/people/681006,529,Tacoma Rainiers,/api/v1/teams/529,136.0,Seattle Mariners,/api/v1/teams/136
938690,2026-08-20,2026-08-20,2026-08-20,ASG,Assigned,Seattle Mariners sent SS J.P. Crawford on a rehab assignment to Tacoma Rainiers.,641487.0,J.P. Crawford,/api/v1/people/641487,529,Tacoma Rainiers,/api/v1/teams/529,136.0,Seattle Mariners,/api/v1/teams/136
938864,2026-08-21,2026-08-21,2026-08-21,SC,Status Change,Seattle Mariners transferred RHP Matt Brash from the 15-day injured list to the 60-day injured list. Right lat strain.,666374.0,Matt Brash,/api/v1/people/666374,136,Seattle Mariners,/api/v1/teams/136,,,
938865,2026-08-21,2026-08-21,2026-08-21,SC,Status Change,Seattle Mariners activated RHP Carlos Vargas from the 60-day injured list.,672841.0,Carlos Vargas,/api/v1/people/672841,136,Seattle Mariners,/api/v1/teams/136,,,
938862,2026-08-21,2026-08-21,,OPT,Optioned,Seattle Mariners optioned RHP Nick Davila to Tacoma Rainiers.,689546.0,Nick Davila,/api/v1/people/689546,529,Tacoma Rainiers,/api/v1/teams/529,136.0,Seattle Mariners,/api/v1/teams/136
940259,2026-08-22,2026-08-22,2026-08-22,ASG,Assigned,Seattle Mariners sent RHP Cooper Criswell on a rehab assignment to Tacoma Rainiers.,681867.0,Cooper Criswell,/api/v1/people/681867,529,Tacoma Rainiers,/api/v1/teams/529,136.0,Seattle Mariners,/api/v1/teams/136
939002,2026-08-22,2026-08-22,2026-08-22,ASG,Assigned,Seattle Mariners sent RHP Cooper Criswell on a rehab assignment to Tacoma Rainiers.,681867.0,Cooper Criswell,/api/v1/people/681867,529,Tacoma Rainiers,/api/v1/teams/529,136.0,Seattle Mariners,/api/v1/teams/136
938938,2026-08-22,2026-08-22,2026-08-22,DES,Designated for Assignment,Seattle Mariners designated LHP Jhonathan Díaz for assignment.,646242.0,Jhonathan Díaz,/api/v1/people/646242,136,Seattle Mariners,/api/v1/teams/136,,,
938937,2026-08-22,2026-08-22,,SE,Selected,Seattle Mariners selected the contract of LHP Kade Anderson from Arkansas Travelers.,807739.0,Kade Anderson,/api/v1/people/807739,136,Seattle Mariners,/api/v1/teams/136,574.0,Arkansas Travelers,/api/v1/teams/574
939105,2026-08-23,2026-08-22,2026-08-22,SC,Status Change,"Seattle Mariners placed 3B Brendan Donovan on the 7-day injured list retroactive to August 22, 2026. Concussion.",680977.0,Brendan Donovan,/api/v1/people/680977,136,Seattle Mariners,/api/v1/teams/136,,,
939104,2026-08-23,2026-08-23,,CU,Recalled,Seattle Mariners recalled 3B Patrick Wisdom from Tacoma Rainiers.,621550.0,Patrick Wisdom,/api/v1/people/621550,136,Seattle Mariners,/api/v1/teams/136,529.0,Tacoma Rainiers,/api/v1/teams/529
939186,2026-08-24,2026-08-24,,OUT,Outrighted,Seattle Mariners sent LHP Jhonathan Díaz outright to Tacoma Rainiers.,646242.0,Jhonathan Díaz,/api/v1/people/646242,529,Tacoma Rainiers,/api/v1/teams/529,136.0,Seattle Mariners,/api/v1/teams/136
939323,2026-08-25,2026-08-25,2026-08-25,SC,Status Change,Seattle Mariners activated SS J.P. Crawford from the 10-day injured list.,641487.0,J.P. Crawford,/api/v1/people/641487,136,Seattle Mariners,/api/v1/teams/136,,,
939322,2026-08-25,2026-08-25,,OPT,Optioned,Seattle Mariners optioned 3B Leo Rivas to Tacoma Rainiers.,660844.0,Leo Rivas,/api/v1/people/660844,529,Tacoma Rainiers,/api/v1/teams/529,136.0,Seattle Mariners,/api/v1/teams/136
940142,2026-08-30,2026-08-29,2026-08-29,SC,Status Change,"Seattle Mariners placed RHP Emerson Hancock on the 15-day injured list retroactive to August 29, 2026. Left abductor strain.",676106.0,Emerson Hancock,/api/v1/people/676106,136,Seattle Mariners,/api/v1/teams/136,,,
940141,2026-08-30,2026-08-30,,CU,Recalled,Seattle Mariners recalled RHP Nick Davila from Tacoma Rainiers.,689546.0,Nick Davila,/api/v1/people/689546,136,Seattle Mariners,/api/v1/teams/136,529.0,Tacoma Rainiers,/api/v1/teams/529
940262,2026-08-31,2026-08-31,2026-08-31,SC,Status Change,Seattle Mariners transferred SS Colt Emerson from the 10-day injured list to the 60-day injured list. Left wrist tendon repair.,806068.0,Colt Emerson,/api/v1/people/806068,136,Seattle Mariners,/api/v1/teams/136,,,
940261,2026-08-31,2026-08-31,2026-08-31,SC,Status Change,Seattle Mariners placed RHP Nick Davila on the 15-day injured list. SC joint sprain.,689546.0,Nick Davila,/api/v1/people/689546,136,Seattle Mariners,/api/v1/teams/136,,,
940260,2026-08-31,2026-08-31,2026-08-31,SC,Status Change,Seattle Mariners activated RHP Cooper Criswell from the 60-day injured list.,681867.0,Cooper Criswell,/api/v1/people/681867,136,Seattle Mariners,/api/v1/teams/136,,,
940450,2026-09-01,2026-09-01,2026-09-01,DES,Designated for Assignment,Seattle Mariners designated RHP Nolan Kingham for assignment.,663884.0,Nolan Kingham,/api/v1/people/663884,136,Seattle Mariners,/api/v1/teams/136,,,
940448,2026-09-01,2026-09-01,2026-09-01,DES,Designated for Assignment,Seattle Mariners designated RF Connor Joe for assignment.,656582.0,Connor Joe,/api/v1/people/656582,136,Seattle Mariners,/api/v1/teams/136,,,
940447,2026-09-01,2026-09-01,2026-09-01,SFA,Signed as Free Agent,Seattle Mariners signed free agent LHP Hoby Milner.,571948.0,Hoby Milner,/api/v1/people/571948,136,Seattle Mariners,/api/v1/teams/136,,,
940446,2026-09-01,2026-09-01,,SE,Selected,Seattle Mariners selected the contract of RF Lazaro Montes from Tacoma Rainiers.,703155.0,Lazaro Montes,/api/v1/people/703155,136,Seattle Mariners,/api/v1/teams/136,529.0,Tacoma Rainiers,/api/v1/teams/529
940899,2026-09-02,2026-09-02,2026-09-02,SFA,Signed as Free Agent,Seattle Mariners signed free agent RHP Simeon Woods Richardson to a minor league contract.,680573.0,Simeon Woods Richardson,/api/v1/people/680573,136,Seattle Mariners,/api/v1/teams/136,,,
941151,2026-09-03,2026-09-03,2026-09-03,SC,Status Change,Seattle Mariners placed CF Brennen Davis on the 60-day injured list. Left hamstring strain.,680695.0,Brennen Davis,/api/v1/people/680695,136,Seattle Mariners,/api/v1/teams/136,,,
941148,2026-09-03,2026-09-03,2026-09-03,SC,Status Change,RF Victor Robles roster status changed by Seattle Mariners.,645302.0,Victor Robles,/api/v1/people/645302,136,Seattle Mariners,/api/v1/teams/136,,,
941057,2026-09-03,2026-09-03,,OUT,Outrighted,Seattle Mariners sent RHP Nolan Kingham outright to Tacoma Rainiers.,663884.0,Nolan Kingham,/api/v1/people/663884,529,Tacoma Rainiers,/api/v1/teams/529,136.0,Seattle Mariners,/api/v1/teams/136
941150,2026-09-03,2026-09-03,,CU,Recalled,Seattle Mariners recalled CF Brennen Davis from Tacoma Rainiers.,680695.0,Brennen Davis,/api/v1/people/680695,136,Seattle Mariners,/api/v1/teams/136,529.0,Tacoma Rainiers,/api/v1/teams/529
941056,2026-09-03,2026-09-03,,OUT,Outrighted,Seattle Mariners sent RF Connor Joe outright to Tacoma Rainiers.,656582.0,Connor Joe,/api/v1/people/656582,529,Tacoma Rainiers,/api/v1/teams/529,136.0,Seattle Mariners,/api/v1/teams/136
941149,2026-09-03,2026-09-03,,SE,Selected,Seattle Mariners selected the contract of CF Stuart Fairchild from Tacoma Rainiers.,656413.0,Stuart Fairchild,/api/v1/people/656413,136,Seattle Mariners,/api/v1/teams/136,529.0,Tacoma Rainiers,/api/v1/teams/529
941285,2026-09-04,2026-09-04,,CU,Recalled,Seattle Mariners recalled RHP Troy Taylor from Tacoma Rainiers.,700187.0,Troy Taylor,/api/v1/people/700187,136,Seattle Mariners,/api/v1/teams/136,529.0,Tacoma Rainiers,/api/v1/teams/529
941488,2026-09-06,2026-09-06,2026-09-06,SC,Status Change,Seattle Mariners transferred RHP Nick Davila from the 15-day injured list to the 60-day injured list. SC joint sprain.,689546.0,Nick Davila,/api/v1/people/689546,136,Seattle Mariners,/api/v1/teams/136,,,
941490,2026-09-06,2026-09-06,,OPT,Optioned,Seattle Mariners optioned 3B Patrick Wisdom to Tacoma Rainiers.,621550.0,Patrick Wisdom,/api/v1/people/621550,529,Tacoma Rainiers,/api/v1/teams/529,136.0,Seattle Mariners,/api/v1/teams/136
941489,2026-09-06,2026-09-06,,SE,Selected,Seattle Mariners selected the contract of SS Michael Arroyo from Tacoma Rainiers.,703197.0,Michael Arroyo,/api/v1/people/703197,136,Seattle Mariners,/api/v1/teams/136,529.0,Tacoma Rainiers,/api/v1/teams/529
