player.id,player.fullName,season,stat.age,stat.plateAppearances,stat.avg,stat.obp,stat.slg,stat.homeRuns,bb_rate,k_rate,stat.stolenBases,stat.babip,ops_change,obp_change,slg_change,bb_rate_change,k_rate_change,mlb_next_season
429664,Robinson Canó,2022,39,104,0.333,0.375,0.479,3,0.0673076923076923,0.21153846153846154,0,.403,,,,,,0
444876,Alcides Escobar,2021,34,133,0.274,0.311,0.452,5,0.045112781954887216,0.21804511278195488,2,.319,,,,,,1
453527,Sean Kazmar Jr.,2021,36,276,0.215,0.264,0.355,9,0.06159420289855073,0.15942028985507245,3,.224,,,,,,0
458015,Joey Votto,2023,39,103,0.185,0.34,0.346,3,0.18446601941747573,0.3300970873786408,0,.261,-0.135,-0.23099999999999993,0.09599999999999997,-0.24410540915395282,0.0443828016643551,0
460077,Drew Butera,2021,37,243,0.195,0.311,0.332,6,0.1111111111111111,0.2674897119341564,4,.252,,,,,,0
461865,Andrew Romine,2021,35,243,0.29,0.356,0.355,1,0.0823045267489712,0.1728395061728395,2,.357,,,,,,0
465753,Pedro Florimón,2021,34,380,0.228,0.324,0.389,10,0.12368421052631579,0.3078947368421053,12,.317,,,,,,0
474319,Brandon Snyder,2021,34,238,0.207,0.319,0.419,12,0.1092436974789916,0.29831932773109243,0,.248,,,,,,0
492802,Juan Graterol,2021,32,186,0.293,0.355,0.359,2,0.05913978494623656,0.10752688172043011,0,.320,,,,,,0
492802,Juan Graterol,2022,33,147,0.255,0.299,0.358,2,0.034013605442176874,0.08163265306122448,3,.266,-0.05699999999999994,-0.055999999999999994,-0.0010000000000000009,-0.02512617950405969,-0.025894228659205626,0
493329,Yuli Gurriel,2024,40,333,0.292,0.378,0.485,12,0.11711711711711711,0.14714714714714713,11,.316,,,,,,1
501659,Abraham Almonte,2022,33,360,0.293,0.417,0.534,18,0.16944444444444445,0.21388888888888888,6,.338,-0.21599999999999997,-0.13700000000000007,-0.07899999999999996,-0.08356760374832661,0.04521419009370817,1
501659,Abraham Almonte,2023,34,159,0.201,0.321,0.455,11,0.1509433962264151,0.2578616352201258,1,.193,-0.17500000000000004,-0.09599999999999997,-0.07900000000000001,-0.018501048218029365,0.043972746331236906,0
501983,Travis Snider,2021,33,167,0.174,0.305,0.304,4,0.15568862275449102,0.3772455089820359,3,.274,,,,,,0
502273,Mike Freeman,2021,33,217,0.242,0.373,0.41,6,0.17050691244239632,0.2119815668202765,2,.291,,,,,,0
502285,Tyler Ladendorf,2021,33,210,0.241,0.297,0.424,8,0.06190476190476191,0.2523809523809524,1,.288,,,,,,0
502517,Daniel Murphy,2023,38,169,0.295,0.379,0.362,1,0.11834319526627218,0.10650887573964497,0,.331,,,,,,0
506702,Sandy León,2022,33,100,0.226,0.34,0.333,2,0.14,0.14,0,.246,,,,,,1
506702,Sandy León,2024,35,297,0.181,0.328,0.262,5,0.1717171717171717,0.28619528619528617,0,.253,-0.16899999999999993,-0.05399999999999999,-0.11499999999999999,-0.01249335459861775,0.1019847598794967,1
506703,Adrián Sanchez,2021,30,174,0.314,0.363,0.447,4,0.06321839080459771,0.16091954022988506,5,.362,,,,,,0
506703,Adrián Sanchez,2022,31,262,0.239,0.291,0.35,2,0.06870229007633588,0.1946564885496183,3,.295,-0.16900000000000004,-0.07200000000000001,-0.09700000000000003,0.005483899271738174,0.033736948319733256,0
506747,Francisco Peña,2021,31,447,0.25,0.322,0.459,23,0.08277404921700224,0.2058165548098434,1,.262,,,,,,0
514913,Rubén Tejada,2021,31,294,0.233,0.337,0.273,1,0.11564625850340136,0.19727891156462585,1,.297,,,,,,0
514917,César Hernández,2023,33,164,0.272,0.436,0.336,0,0.22560975609756098,0.2073170731707317,7,.370,,,,,,0
518542,Juan Centeno,2021,31,181,0.277,0.333,0.361,1,0.07734806629834254,0.13812154696132597,0,.321,,,,,,0
518568,Christian Colón,2021,32,413,0.258,0.345,0.429,15,0.09685230024213075,0.11864406779661017,4,.258,,,,,,0
518586,Charlie Culberson,2023,34,107,0.204,0.234,0.255,1,0.04672897196261682,0.32710280373831774,3,.288,,,,,,0
518618,Derek Dietrich,2021,31,303,0.163,0.338,0.293,8,0.132013201320132,0.3201320132013201,0,.231,,,,,,0
518618,Derek Dietrich,2022,32,154,0.25,0.318,0.426,3,0.045454545454545456,0.2662337662337662,0,.326,0.11299999999999999,-0.020000000000000018,0.133,-0.08655865586558655,-0.05389824696755391,0
518902,Pete Kozma,2021,33,500,0.244,0.307,0.337,4,0.074,0.194,6,.301,,,,,,0
518960,Jonathan Lucroy,2021,35,114,0.22,0.351,0.33,2,0.14912280701754385,0.17543859649122806,0,.250,,,,,,0
519303,Elliot Soto,2021,31,198,0.23,0.315,0.282,0,0.09595959595959595,0.20707070707070707,3,.299,,,,,,0
519303,Elliot Soto,2022,32,344,0.223,0.32,0.342,4,0.11627906976744186,0.2238372093023256,9,.286,0.06500000000000006,0.0050000000000000044,0.06000000000000005,0.020319473807845906,0.01676650223161852,0
519303,Elliot Soto,2023,33,184,0.213,0.282,0.299,1,0.07608695652173914,0.32065217391304346,9,.324,-0.08100000000000007,-0.038000000000000034,-0.04300000000000004,-0.040192113245702724,0.09681496461071787,0
519303,Elliot Soto,2024,34,468,0.224,0.323,0.307,4,0.12393162393162394,0.23931623931623933,21,.297,0.049000000000000044,0.041000000000000036,0.008000000000000007,0.0478446674098848,-0.08133593459680413,0
519306,Steven Souza Jr.,2021,32,225,0.274,0.396,0.554,12,0.1511111111111111,0.27111111111111114,4,.342,,,,,,1
519333,Matt Szczur,2021,31,112,0.186,0.236,0.382,5,0.0625,0.25892857142857145,0,.203,,,,,,0
527049,César Puello,2021,30,141,0.214,0.333,0.282,1,0.09219858156028368,0.2127659574468085,9,.273,,,,,,0
534606,Ryan LaMarre,2021,32,240,0.277,0.379,0.447,6,0.1125,0.25833333333333336,14,.370,,,,,,0
534606,Ryan LaMarre,2022,33,186,0.297,0.409,0.458,5,0.11290322580645161,0.22580645161290322,7,.376,0.040999999999999925,0.02999999999999997,0.01100000000000001,0.000403225806451607,-0.03252688172043014,0
534606,Ryan LaMarre,2023,34,108,0.204,0.315,0.366,3,0.1111111111111111,0.3055555555555556,7,.281,-0.18599999999999994,-0.09399999999999997,-0.09200000000000003,-0.0017921146953405048,0.07974910394265236,0
541600,Wilfredo Tovar,2021,29,407,0.276,0.359,0.38,7,0.11056511056511056,0.11302211302211303,13,.297,,,,,,0
541650,Hernán Pérez,2022,31,353,0.269,0.318,0.406,9,0.06232294617563739,0.2096317280453258,20,.320,-0.20800000000000007,-0.07800000000000001,-0.13,-0.003611119758428545,0.03380755222114995,0
541650,Hernán Pérez,2023,32,231,0.279,0.351,0.485,10,0.09956709956709957,0.2077922077922078,9,.315,0.11199999999999999,0.032999999999999974,0.07899999999999996,0.03724415339146218,-0.0018395202531179822,0
541650,Hernán Pérez,2024,33,300,0.212,0.275,0.39,11,0.07666666666666666,0.22,5,.235,-0.17099999999999993,-0.07599999999999996,-0.09499999999999997,-0.022900432900432907,0.012207792207792195,0
542194,Christian Bethancourt,2021,29,363,0.281,0.339,0.468,14,0.07713498622589532,0.20110192837465565,4,.321,,,,,,1
542208,Carlos Pérez,2021,30,418,0.269,0.337,0.572,31,0.08133971291866028,0.1507177033492823,0,.246,,,,,,0
542208,Carlos Pérez,2022,31,522,0.254,0.341,0.524,31,0.10344827586206896,0.19157088122605365,0,.258,-0.04400000000000004,0.0040000000000000036,-0.04799999999999993,0.022108562943408683,0.04085317787677134,1
542208,Carlos Pérez,2024,33,468,0.26,0.344,0.544,27,0.1047008547008547,0.17094017094017094,0,.258,-0.1170000000000001,-0.12300000000000005,0.006000000000000005,0.03803418803418804,0.17094017094017094,0
542255,Ender Inciarte,2022,31,133,0.244,0.323,0.387,4,0.10526315789473684,0.15037593984962405,6,.263,0.04799999999999993,-0.014000000000000012,0.062,0.02661147250147841,-0.04063529610543212,0
542340,Jonathan Villar,2022,31,155,0.283,0.329,0.497,6,0.06451612903225806,0.21935483870967742,10,.333,0.683,0.18600000000000003,0.497,-0.07834101382488479,0.07649769585253458,0
542364,Rafael Ortega,2023,32,339,0.228,0.352,0.388,9,0.1592920353982301,0.168141592920354,14,.253,-0.07699999999999996,0.01899999999999996,-0.09599999999999997,0.04970299430233968,-0.009940598860467914,1
542364,Rafael Ortega,2024,33,313,0.289,0.413,0.498,11,0.17891373801916932,0.19808306709265175,17,.335,0.17100000000000004,0.061,0.10999999999999999,0.019621702620939235,0.029941474172297755,0
542419,Ali Castillo,2021,32,173,0.211,0.254,0.255,0,0.046242774566473986,0.16184971098265896,2,.252,,,,,,0
542419,Ali Castillo,2022,33,204,0.275,0.348,0.33,0,0.10294117647058823,0.11274509803921569,7,.313,0.16899999999999993,0.09399999999999997,0.07500000000000001,0.056698401904114244,-0.049104612943443274,0
542513,Tomás Telis,2021,30,453,0.296,0.34,0.418,12,0.05739514348785872,0.1280353200883002,5,.319,,,,,,0
542513,Tomás Telis,2022,31,313,0.287,0.365,0.342,2,0.09584664536741214,0.09904153354632587,0,.316,-0.050999999999999934,0.024999999999999967,-0.07599999999999996,0.038451501879553415,-0.028993786541974334,0
542583,Jesús Aguilar,2023,33,241,0.271,0.373,0.379,5,0.14107883817427386,0.2033195020746888,0,.329,,,,,,0
542908,Jett Bandy,2021,31,121,0.208,0.305,0.327,3,0.09090909090909091,0.2809917355371901,0,.273,,,,,,0
542921,Tim Beckham,2021,31,182,0.279,0.33,0.545,11,0.07692307692307693,0.24175824175824176,1,.310,,,,,,1
542921,Tim Beckham,2022,32,143,0.413,0.483,0.579,5,0.0979020979020979,0.21678321678321677,2,.522,0.18699999999999983,0.15299999999999997,0.03399999999999992,0.020979020979020976,-0.02497502497502499,0
542963,Rob Brantly,2021,31,264,0.289,0.379,0.456,9,0.07575757575757576,0.1553030303030303,1,.317,,,,,,1
542963,Rob Brantly,2022,32,201,0.269,0.333,0.352,1,0.05472636815920398,0.15920398009950248,1,.320,-0.1499999999999999,-0.045999999999999985,-0.10400000000000004,-0.02103120759837178,0.0039009497964721807,0
542963,Rob Brantly,2023,33,177,0.271,0.39,0.361,1,0.1016949152542373,0.11864406779661017,0,.304,0.06599999999999995,0.056999999999999995,0.009000000000000008,0.046968547095033314,-0.04055991230289231,1
542963,Rob Brantly,2024,34,179,0.25,0.316,0.394,5,0.0670391061452514,0.19553072625698323,0,.289,-0.041000000000000036,-0.07400000000000001,0.03300000000000003,-0.0346558091089859,0.07688665846037306,1
542979,Keon Broxton,2021,31,299,0.175,0.281,0.304,9,0.11705685618729098,0.451505016722408,12,.310,,,,,,0
542992,Andy Burns,2021,30,216,0.232,0.361,0.412,6,0.16666666666666666,0.24074074074074073,10,.289,,,,,,0
542992,Andy Burns,2022,31,332,0.223,0.331,0.346,7,0.13855421686746988,0.25903614457831325,5,.292,-0.09599999999999986,-0.02999999999999997,-0.066,-0.028112449799196776,0.018295403837572527,0
543089,Taylor Davis,2021,31,180,0.248,0.344,0.325,2,0.12222222222222222,0.11666666666666667,0,.276,,,,,,0
543089,Taylor Davis,2022,32,144,0.273,0.355,0.306,0,0.1111111111111111,0.14583333333333334,0,.320,-0.008000000000000007,0.01100000000000001,-0.019000000000000017,-0.011111111111111113,0.029166666666666674,0
543105,Alex Dickerson,2022,32,357,0.239,0.305,0.425,12,0.08123249299719888,0.21288515406162464,1,.274,-0.19600000000000006,-0.09500000000000003,-0.10100000000000003,-0.029878618113912223,0.03510737628384686,0
543302,Chris Herrmann,2021,33,181,0.222,0.328,0.431,7,0.12154696132596685,0.30939226519337015,0,.293,,,,,,0
543308,John Hicks,2021,31,268,0.29,0.336,0.52,13,0.05970149253731343,0.2947761194029851,7,.373,,,,,,0
543308,John Hicks,2022,32,387,0.261,0.313,0.51,20,0.06718346253229975,0.27906976744186046,10,.316,-0.03300000000000014,-0.02300000000000002,-0.010000000000000009,0.007481969994986314,-0.01570635196112463,0
543308,John Hicks,2023,33,206,0.211,0.288,0.328,3,0.09223300970873786,0.27184466019417475,11,.280,-0.20699999999999996,-0.025000000000000022,-0.182,0.02504954717643812,-0.007225107247685714,0
543401,Jason Kipnis,2021,34,228,0.29,0.39,0.518,10,0.11842105263157894,0.21929824561403508,1,.341,,,,,,0
543432,Ryan Lavarnway,2021,33,199,0.26,0.338,0.52,13,0.10050251256281408,0.271356783919598,0,.300,,,,,,0
543432,Ryan Lavarnway,2022,34,327,0.245,0.352,0.417,11,0.12232415902140673,0.21100917431192662,0,.285,-0.08900000000000019,0.013999999999999957,-0.10300000000000004,0.02182164645859265,-0.06034760960767138,0
543482,Drew Maggi,2021,32,370,0.252,0.354,0.456,16,0.10810810810810811,0.3081081081081081,12,.339,,,,,,0
543482,Drew Maggi,2022,33,346,0.212,0.324,0.274,0,0.11560693641618497,0.24277456647398843,22,.295,-0.21199999999999997,-0.02999999999999997,-0.182,0.007498828308076855,-0.0653335416341197,1
543482,Drew Maggi,2024,35,123,0.225,0.287,0.405,5,0.07317073170731707,0.2845528455284553,1,.278,0.09399999999999986,-0.03700000000000003,0.131,-0.0424362047088679,0.04177827905446685,0
543484,Mikie Mahtook,2021,31,410,0.251,0.318,0.518,26,0.07560975609756097,0.24878048780487805,8,.272,,,,,,0
543592,Austin Nola,2024,34,191,0.174,0.26,0.298,5,0.08900523560209424,0.2356020942408377,0,.205,0.06900000000000006,-0.007000000000000006,0.07599999999999998,-0.010994764397905768,-0.031064572425828968,1
543829,Dee Strange-Gordon,2021,33,244,0.248,0.288,0.37,5,0.045081967213114756,0.14344262295081966,6,.274,,,,,,1
543939,Kolten Wong,2024,33,121,0.271,0.339,0.383,2,0.08264462809917356,0.18181818181818182,2,.318,-0.772,-0.23199999999999993,-0.54,0.011216056670602131,0.1103896103896104,0
544369,Didi Gregorius,2023,33,117,0.192,0.282,0.337,3,0.07692307692307693,0.1282051282051282,1,.198,-0.05900000000000005,0.003999999999999948,-0.063,0.021367521367521375,0.07264957264957264,0
544725,Leury García,2024,33,116,0.32,0.374,0.45,1,0.07758620689655173,0.1810344827586207,4,.378,0.32400000000000007,0.124,0.2,0.07758620689655173,-0.31896551724137934,0
545121,Ildemaro Vargas,2021,29,268,0.313,0.351,0.518,10,0.05970149253731343,0.10074626865671642,3,.316,,,,,,1
545121,Ildemaro Vargas,2022,30,309,0.245,0.308,0.356,3,0.08737864077669903,0.11974110032362459,3,.270,-0.20500000000000007,-0.04299999999999998,-0.16200000000000003,0.0276771482393856,0.01899483166690817,1
545350,Jake Marisnick,2022,31,105,0.24,0.305,0.323,1,0.047619047619047616,0.29523809523809524,7,.344,0.128,0.13799999999999998,-0.010000000000000009,0.047619047619047616,-0.20476190476190476,1
545350,Jake Marisnick,2023,32,145,0.267,0.386,0.425,2,0.1310344827586207,0.22758620689655173,9,.349,0.18299999999999994,0.08100000000000002,0.10199999999999998,0.08341543513957309,-0.06765188834154351,0
545350,Jake Marisnick,2024,33,231,0.283,0.368,0.551,12,0.11255411255411256,0.2683982683982684,6,.349,0.1080000000000001,-0.018000000000000016,0.12600000000000006,-0.018480370204508142,0.04081206150171668,0
546990,Anthony Alford,2021,26,226,0.307,0.42,0.593,14,0.14601769911504425,0.34513274336283184,9,.454,,,,,,1
546991,Albert Almora Jr.,2021,27,169,0.27,0.331,0.428,6,0.07692307692307693,0.10650887573964497,2,.269,,,,,,1
546991,Albert Almora Jr.,2024,30,576,0.292,0.349,0.438,9,0.07291666666666667,0.140625,20,.329,0.1279999999999999,0.035999999999999976,0.09200000000000003,0.048820281124497995,0.044239457831325296,0
546994,C.J. Hinojosa,2021,26,443,0.316,0.351,0.481,11,0.05191873589164785,0.17381489841986456,4,.364,,,,,,0
546994,C.J. Hinojosa,2022,27,519,0.291,0.359,0.482,17,0.08670520231213873,0.16570327552986513,8,.322,0.009000000000000008,0.008000000000000007,0.0010000000000000009,0.03478646642049087,-0.00811162288999942,0
546994,C.J. Hinojosa,2023,28,360,0.244,0.284,0.357,7,0.05555555555555555,0.1638888888888889,5,.275,-0.19999999999999996,-0.07500000000000001,-0.125,-0.031149646756583174,-0.0018143866409762455,0
546994,C.J. Hinojosa,2024,29,387,0.223,0.284,0.329,7,0.06459948320413436,0.18087855297157623,3,.257,-0.028000000000000025,0.0,-0.02799999999999997,0.009043927648578809,0.016989664082687345,0
547004,Rio Ruiz,2021,27,249,0.304,0.361,0.496,7,0.08032128514056225,0.1566265060240964,3,.337,,,,,,0
547172,Tony Wolters,2021,29,245,0.24,0.348,0.385,6,0.10612244897959183,0.2163265306122449,1,.293,,,,,,1
547172,Tony Wolters,2022,30,234,0.23,0.321,0.284,0,0.1111111111111111,0.24786324786324787,0,.318,-0.128,-0.02699999999999997,-0.10100000000000003,0.0049886621315192725,0.03153671725100296,0
547172,Tony Wolters,2023,31,215,0.244,0.386,0.343,3,0.16744186046511628,0.21395348837209302,0,.312,0.12400000000000011,0.065,0.05900000000000005,0.05633074935400517,-0.03390975949115485,0
547173,Christian Lopes,2021,28,219,0.271,0.384,0.497,9,0.1324200913242009,0.2785388127853881,4,.351,,,,,,1
547173,Christian Lopes,2022,29,216,0.257,0.347,0.374,2,0.10648148148148148,0.25925925925925924,4,.351,-0.16000000000000003,-0.03700000000000003,-0.123,-0.025938609842719423,-0.019279553526128868,0
547181,Matt Lipka,2021,29,385,0.3,0.36,0.464,11,0.07272727272727272,0.2519480519480519,30,.386,,,,,,0
547181,Matt Lipka,2022,30,226,0.228,0.321,0.33,2,0.11061946902654868,0.2743362831858407,26,.323,-0.17300000000000004,-0.03899999999999998,-0.134,0.037892196299275954,0.02238823123778877,0
548431,Martin Cervenka,2021,28,214,0.183,0.28,0.344,7,0.11682242990654206,0.2523364485981308,1,.213,,,,,,0
552662,Stefen Romero,2022,33,120,0.265,0.353,0.431,3,0.09166666666666666,0.2,1,.312,,,,,,0
553882,Omar Narváez,2024,32,169,0.196,0.325,0.304,3,0.15384615384615385,0.1834319526627219,0,.224,0.028999999999999915,-0.008000000000000007,0.03699999999999998,-0.012820512820512803,0.01676528599605523,1
553902,Willians Astudillo,2022,30,315,0.307,0.371,0.541,16,0.05396825396825397,0.050793650793650794,4,.281,0.21099999999999997,0.05199999999999999,0.15900000000000003,0.022053360351232697,0.008240459304289093,0
553988,Dixon Machado,2022,30,522,0.291,0.372,0.39,6,0.10153256704980843,0.12260536398467432,10,.327,,,,,,0
553988,Dixon Machado,2023,31,293,0.23,0.369,0.356,7,0.17406143344709898,0.16382252559726962,1,.259,-0.03700000000000003,-0.0030000000000000027,-0.03400000000000003,0.07252886639729056,0.041217161612595296,0
553988,Dixon Machado,2024,32,182,0.222,0.317,0.301,3,0.12637362637362637,0.13736263736263737,1,.240,-0.10699999999999998,-0.05199999999999999,-0.05499999999999999,-0.047687807073472616,-0.026459888234632245,0
570256,Gregory Polanco,2021,29,101,0.374,0.436,0.747,9,0.07920792079207921,0.18811881188118812,5,.397,,,,,,0
570481,Erik González,2022,30,402,0.284,0.336,0.373,4,0.06965174129353234,0.21393034825870647,9,.358,0.2360000000000001,0.09600000000000003,0.13999999999999999,-0.010348258706467661,0.013930348258706454,0
570481,Erik González,2023,31,493,0.272,0.322,0.36,5,0.06490872210953347,0.21095334685598377,3,.341,-0.027000000000000135,-0.014000000000000012,-0.013000000000000012,-0.004743019183998873,-0.0029770014027226954,0
570481,Erik González,2024,32,464,0.246,0.287,0.347,6,0.05172413793103448,0.20474137931034483,6,.300,-0.04800000000000004,-0.03500000000000003,-0.013000000000000012,-0.013184584178498986,-0.006211967545638936,0
570489,Arismendy Alcántara,2021,29,255,0.28,0.337,0.586,17,0.08235294117647059,0.3215686274509804,2,.356,,,,,,0
570560,Yolmer Sánchez,2021,29,355,0.216,0.309,0.352,9,0.09859154929577464,0.24788732394366197,6,.271,,,,,,1
570560,Yolmer Sánchez,2022,30,396,0.246,0.372,0.394,10,0.15151515151515152,0.21717171717171718,6,.302,0.10499999999999998,0.063,0.04200000000000004,0.05292360221937688,-0.030715606771944792,0
570560,Yolmer Sánchez,2023,31,481,0.236,0.381,0.35,8,0.18503118503118504,0.2203742203742204,4,.298,-0.03500000000000003,0.009000000000000008,-0.04400000000000004,0.03351603351603352,0.003202503202503204,0
570560,Yolmer Sánchez,2024,32,399,0.226,0.346,0.393,9,0.13784461152882205,0.21052631578947367,9,.275,0.008000000000000007,-0.03500000000000003,0.04300000000000004,-0.047186573502362994,-0.009847904584746714,0
571431,Matt Adams,2023,34,402,0.246,0.296,0.43,17,0.06467661691542288,0.2835820895522388,0,.307,0.726,0.296,0.43,0.06467661691542288,-0.14498933901918976,0
571506,Justin Bour,2021,33,130,0.213,0.346,0.426,6,0.15384615384615385,0.23076923076923078,0,.236,,,,,,0
571602,Matt Davidson,2021,30,356,0.294,0.365,0.629,28,0.09269662921348315,0.25280898876404495,0,.320,,,,,,1
571602,Matt Davidson,2022,31,382,0.31,0.414,0.644,32,0.11518324607329843,0.2670157068062827,0,.358,0.06400000000000006,0.04899999999999999,0.015000000000000013,0.022486616859815275,0.014206718042237776,0
571679,David Freitas,2022,33,127,0.239,0.31,0.345,2,0.09448818897637795,0.18110236220472442,0,.281,-0.14300000000000002,-0.05399999999999999,-0.08900000000000002,-0.0721784776902887,0.014435695538057763,0
571679,David Freitas,2023,34,129,0.295,0.364,0.491,5,0.09302325581395349,0.18604651162790697,0,.326,0.19999999999999996,0.05399999999999999,0.14600000000000002,-0.0014649331624244644,0.004944149423182553,0
571740,Billy Hamilton,2022,31,106,0.188,0.264,0.229,0,0.09433962264150944,0.29245283018867924,5,.277,0.04400000000000004,0.026000000000000023,0.018000000000000016,-0.000898472596585792,-0.0884995507637017,1
571740,Billy Hamilton,2023,32,113,0.179,0.288,0.263,1,0.12389380530973451,0.30973451327433627,8,.267,0.05799999999999994,0.023999999999999966,0.034,0.02955418266822507,0.01728168308565703,0
571875,Jake Lamb,2022,31,276,0.29,0.395,0.537,15,0.14130434782608695,0.26811594202898553,1,.359,0.124,0.062,0.062000000000000055,0.025362318840579698,0.05072463768115945,1
571875,Jake Lamb,2023,32,357,0.289,0.42,0.454,11,0.16246498599439776,0.19887955182072828,2,.349,-0.05800000000000005,0.024999999999999967,-0.08300000000000002,0.02116063816831082,-0.06923639020825725,0
571875,Jake Lamb,2024,33,414,0.264,0.35,0.393,7,0.10386473429951691,0.2028985507246377,0,.320,-0.131,-0.07,-0.061,-0.05860025169488085,0.004018998903909415,0
571912,Luke Maile,2021,30,155,0.225,0.351,0.318,1,0.14193548387096774,0.3225806451612903,2,.359,,,,,,1
571918,Deven Marrero,2021,30,207,0.215,0.299,0.337,5,0.10144927536231885,0.2898550724637681,0,.291,,,,,,1
571918,Deven Marrero,2022,31,166,0.229,0.323,0.326,3,0.12048192771084337,0.20481927710843373,5,.280,0.013000000000000012,0.02400000000000002,-0.01100000000000001,0.019032652348524526,-0.0850357953553344,0
571980,Tyler Naquin,2023,32,269,0.257,0.317,0.408,9,0.07063197026022305,0.30111524163568776,3,.346,-0.4820000000000001,-0.121,-0.36100000000000004,-0.11686802973977695,0.05111524163568776,0
572008,Chris Owings,2022,30,208,0.235,0.303,0.412,8,0.08653846153846154,0.25,5,.279,0.05999999999999994,0.092,-0.03200000000000003,0.03390688259109312,-0.06578947368421051,1
572008,Chris Owings,2023,31,371,0.241,0.349,0.449,15,0.13746630727762804,0.2857142857142857,4,.311,0.08300000000000007,0.045999999999999985,0.03700000000000003,0.050927845739166505,0.0357142857142857,0
572008,Chris Owings,2024,32,307,0.262,0.381,0.414,9,0.14332247557003258,0.25732899022801303,11,.343,-0.0030000000000001137,0.03200000000000003,-0.03500000000000003,0.00585616829240454,-0.028385295486272666,0
572039,Stephen Piscotty,2022,31,119,0.275,0.336,0.45,5,0.06722689075630252,0.226890756302521,0,.325,,,,,,0
572039,Stephen Piscotty,2023,32,206,0.232,0.33,0.39,6,0.11650485436893204,0.18446601941747573,0,.259,-0.06600000000000006,-0.006000000000000005,-0.06,0.049277963612629525,-0.04242473688504528,0
572039,Stephen Piscotty,2024,33,118,0.176,0.246,0.241,1,0.07627118644067797,0.288135593220339,0,.247,-0.23299999999999998,-0.08400000000000002,-0.14900000000000002,-0.04023366792825407,0.10366957380286326,0
572138,Jon Singleton,2022,30,581,0.219,0.375,0.434,24,0.20137693631669534,0.27710843373493976,3,.273,,,,,,1
572138,Jon Singleton,2023,31,364,0.289,0.409,0.567,22,0.17307692307692307,0.20604395604395603,1,.314,0.16700000000000004,0.033999999999999975,0.13299999999999995,-0.02830001323977227,-0.07106447769098373,1
572204,Trayce Thompson,2021,30,378,0.235,0.344,0.483,21,0.12433862433862433,0.31746031746031744,3,.301,,,,,,1
572204,Trayce Thompson,2022,31,170,0.305,0.365,0.721,17,0.08235294117647059,0.2823529411764706,2,.333,0.2589999999999999,0.02100000000000002,0.238,-0.041985683162153745,-0.03510737628384686,1
572204,Trayce Thompson,2024,33,432,0.233,0.315,0.471,23,0.10648148148148148,0.2777777777777778,9,.270,-0.43899999999999983,-0.09699999999999998,-0.34199999999999997,0.10648148148148148,-0.07516339869281047,0
572228,Luke Voit,2023,32,200,0.263,0.42,0.615,15,0.195,0.265,0,.292,0.9349999999999999,0.31999999999999995,0.615,0.095,-0.33499999999999996,0
572365,Ryan Goins,2021,33,336,0.233,0.305,0.33,6,0.09523809523809523,0.2976190476190476,3,.327,,,,,,0
572365,Ryan Goins,2022,34,317,0.217,0.244,0.257,0,0.03785488958990536,0.21766561514195584,0,.278,-0.134,-0.061,-0.07300000000000001,-0.05738320564818987,-0.07995343247709177,0
572863,Dustin Garneau,2021,33,102,0.198,0.314,0.419,5,0.12745098039215685,0.28431372549019607,0,.226,,,,,,1
572863,Dustin Garneau,2022,34,191,0.195,0.298,0.378,7,0.08900523560209424,0.27225130890052357,1,.234,-0.05700000000000005,-0.016000000000000014,-0.04099999999999998,-0.038445744790062616,-0.012062416589672498,0
573669,Aderlin Rodríguez,2021,29,483,0.29,0.362,0.565,29,0.08695652173913043,0.2629399585921325,1,.349,,,,,,0
573669,Aderlin Rodríguez,2022,30,199,0.272,0.342,0.538,12,0.07035175879396985,0.22613065326633167,0,.289,-0.04699999999999982,-0.019999999999999962,-0.026999999999999913,-0.016604762945160584,-0.03680930532580082,0
578428,Jose Iglesias,2023,33,135,0.317,0.356,0.537,4,0.06666666666666667,0.16296296296296298,0,.350,,,,,,1
578428,Jose Iglesias,2024,34,175,0.273,0.309,0.442,7,0.05142857142857143,0.1657142857142857,1,.292,-0.14200000000000002,-0.046999999999999986,-0.09500000000000003,-0.015238095238095238,0.0027513227513227267,1
578570,Juniel Querecuto,2021,28,396,0.301,0.354,0.489,13,0.07828282828282829,0.15656565656565657,9,.331,,,,,,0
578570,Juniel Querecuto,2022,29,432,0.256,0.308,0.417,11,0.06712962962962964,0.18518518518518517,10,.294,-0.118,-0.045999999999999985,-0.07200000000000001,-0.011153198653198651,0.0286195286195286,1
578570,Juniel Querecuto,2023,30,440,0.269,0.343,0.418,13,0.09090909090909091,0.22954545454545455,12,.331,0.03600000000000003,0.03500000000000003,0.0010000000000000009,0.023779461279461275,0.04436026936026938,0
582473,Sherman Johnson,2021,30,239,0.215,0.36,0.354,5,0.16736401673640167,0.26359832635983266,2,.291,,,,,,0
588751,Adeiny Hechavarría,2023,34,141,0.22,0.291,0.425,6,0.0851063829787234,0.22695035460992907,0,.244,,,,,,0
591971,Breyvic Valera,2021,29,180,0.313,0.406,0.46,3,0.13333333333333333,0.10555555555555556,7,.333,,,,,,0
592144,Wynton Bernard,2021,30,351,0.254,0.319,0.395,7,0.07407407407407407,0.21652421652421652,23,.312,,,,,,1
592144,Wynton Bernard,2022,31,475,0.333,0.387,0.59,21,0.08210526315789474,0.14105263157894737,30,.353,0.263,0.068,0.19499999999999995,0.008031189083820667,-0.07547158494526915,0
592144,Wynton Bernard,2023,32,571,0.302,0.375,0.443,11,0.09807355516637478,0.18038528896672504,41,.359,-0.15899999999999992,-0.01200000000000001,-0.14699999999999996,0.015968292008480045,0.039332657387777664,0
592144,Wynton Bernard,2024,33,265,0.276,0.313,0.4,5,0.045283018867924525,0.1660377358490566,23,.317,-0.10499999999999998,-0.062,-0.04299999999999998,-0.05279053629845026,-0.014347553117668443,0
592205,Ryan Casteel,2021,30,174,0.224,0.299,0.417,8,0.08620689655172414,0.28160919540229884,0,.270,,,,,,0
592205,Ryan Casteel,2022,31,264,0.217,0.303,0.481,17,0.09848484848484848,0.26136363636363635,0,.228,0.06800000000000006,0.0040000000000000036,0.064,0.012277951933124337,-0.020245559038662486,0
592256,Kellin Deglan,2021,29,128,0.211,0.32,0.358,4,0.109375,0.3125,1,.288,,,,,,0
592261,Delino DeShields,2021,28,381,0.252,0.385,0.366,6,0.16535433070866143,0.22572178477690288,21,.330,,,,,,0
592261,Delino DeShields,2022,29,426,0.22,0.367,0.264,1,0.1807511737089202,0.27230046948356806,35,.326,-0.12,-0.018000000000000016,-0.10199999999999998,0.015396843000258759,0.04657868470666518,0
592273,Brandon Drury,2021,28,236,0.257,0.318,0.449,9,0.08050847457627118,0.2076271186440678,0,.291,,,,,,1
592325,Ben Gamel,2023,31,332,0.286,0.402,0.498,13,0.15963855421686746,0.21987951807228914,6,.342,0.23099999999999998,0.08800000000000002,0.14300000000000002,0.10249569707401032,0.04845094664371771,1
592325,Ben Gamel,2024,32,190,0.314,0.423,0.538,7,0.1631578947368421,0.24210526315789474,0,.400,0.061000000000000054,0.020999999999999963,0.040000000000000036,0.0035193405199746564,0.022225745085605597,0
592348,Niko Goodrum,2023,31,286,0.28,0.448,0.44,8,0.23076923076923078,0.2097902097902098,7,.351,-0.12300000000000011,-0.05199999999999999,-0.07100000000000001,-0.04342431761786597,-0.016016241822693428,1
592348,Niko Goodrum,2024,32,243,0.284,0.374,0.46,7,0.11934156378600823,0.2716049382716049,7,.381,-0.05399999999999994,-0.07400000000000001,0.020000000000000018,-0.11142766698322255,0.06181472848139513,0
592407,Bryan Holaday,2021,33,108,0.263,0.315,0.579,7,0.08333333333333333,0.17592592592592593,1,.247,,,,,,0
592444,JaCoby Jones,2021,29,301,0.23,0.312,0.361,7,0.09302325581395349,0.34219269102990035,1,.346,,,,,,0
592444,JaCoby Jones,2022,30,137,0.214,0.27,0.357,4,0.06569343065693431,0.40145985401459855,2,.338,-0.04600000000000004,-0.04199999999999998,-0.0040000000000000036,-0.027329825157019177,0.059267162984698196,0
592530,José Marmolejos,2021,28,353,0.338,0.439,0.672,26,0.1529745042492918,0.1954674220963173,0,.361,,,,,,0
592567,Colin Moran,2022,29,213,0.249,0.31,0.415,7,0.08450704225352113,0.2535211267605634,0,.306,-0.07100000000000006,0.033999999999999975,-0.10500000000000004,-0.01894123360854784,0.012141816415735779,0
592567,Colin Moran,2023,30,158,0.257,0.361,0.397,5,0.12025316455696203,0.2088607594936709,0,.306,0.03300000000000003,0.05099999999999999,-0.01799999999999996,0.0357461223034409,-0.04466036726689249,0
592622,Mark Payton,2021,29,325,0.293,0.36,0.462,8,0.09230769230769231,0.15384615384615385,6,.328,,,,,,1
592622,Mark Payton,2022,30,539,0.293,0.369,0.539,25,0.10018552875695733,0.14100185528756956,15,.301,0.08599999999999997,0.009000000000000008,0.07700000000000001,0.007877836449265013,-0.012844298558584294,0
592622,Mark Payton,2024,32,479,0.309,0.383,0.463,10,0.11064718162839249,0.16910229645093947,5,.360,-0.061999999999999944,0.014000000000000012,-0.07600000000000001,0.010461652871435162,0.028100441163369905,0
592637,D.J. Peterson,2022,30,360,0.249,0.342,0.502,20,0.10277777777777777,0.2722222222222222,1,.294,,,,,,0
592656,Henry Ramos,2021,29,294,0.371,0.439,0.582,12,0.09863945578231292,0.16326530612244897,4,.415,,,,,,0
592656,Henry Ramos,2023,31,327,0.318,0.411,0.543,13,0.12538226299694188,0.19877675840978593,6,.374,-0.06699999999999995,-0.028000000000000025,-0.038999999999999924,0.02674280721462896,0.03551145228733696,0
592660,Rangel Ravelo,2021,29,113,0.407,0.504,0.758,8,0.1504424778761062,0.09734513274336283,0,.392,,,,,,0
592660,Rangel Ravelo,2023,31,258,0.31,0.428,0.473,8,0.16279069767441862,0.13953488372093023,0,.331,-0.361,-0.07600000000000001,-0.28500000000000003,0.01234821979831241,0.0421897509775674,0
592685,Drew Robinson,2021,29,111,0.115,0.225,0.24,3,0.12612612612612611,0.5495495495495496,1,.242,,,,,,0
592714,Josh Sale,2022,30,277,0.229,0.343,0.419,11,0.13357400722021662,0.2924187725631769,3,.299,,,,,,0
592859,Stevie Wilkerson,2021,29,146,0.244,0.352,0.341,2,0.14383561643835616,0.2671232876712329,0,.337,,,,,,0
592863,Mason Williams,2021,29,233,0.281,0.336,0.414,5,0.07296137339055794,0.21888412017167383,7,.344,,,,,,0
593523,Marco Hernández,2021,28,354,0.266,0.286,0.377,5,0.02824858757062147,0.1694915254237288,1,.304,,,,,,0
593525,Orlando Calixte,2021,29,220,0.235,0.301,0.316,2,0.09090909090909091,0.20454545454545456,13,.289,,,,,,0
593528,Jorge Bonifacio,2021,28,183,0.261,0.377,0.471,5,0.15300546448087432,0.22404371584699453,4,.324,,,,,,0
593528,Jorge Bonifacio,2022,29,444,0.24,0.336,0.407,15,0.10585585585585586,0.28153153153153154,8,.312,-0.10499999999999998,-0.04099999999999998,-0.064,-0.04714960862501846,0.05748781568453701,0
593590,Webster Rivas,2021,30,186,0.252,0.339,0.393,5,0.11827956989247312,0.20967741935483872,0,.300,,,,,,0
593647,Sócrates Brito,2021,28,419,0.251,0.315,0.376,9,0.07637231503579953,0.22673031026252982,23,.307,,,,,,0
593700,Alen Hanson,2021,28,156,0.275,0.344,0.449,2,0.08974358974358974,0.17307692307692307,5,.327,,,,,,0
593993,José Briceño,2021,28,111,0.218,0.261,0.436,5,0.05405405405405406,0.21621621621621623,1,.227,,,,,,0
593993,José Briceño,2022,29,141,0.252,0.298,0.405,4,0.0425531914893617,0.2198581560283688,0,.299,0.006000000000000005,0.03699999999999998,-0.030999999999999972,-0.011500862564692356,0.003641939812152578,0
593993,José Briceño,2023,30,122,0.214,0.279,0.464,9,0.06557377049180328,0.22950819672131148,0,.200,0.040000000000000036,-0.01899999999999996,0.059,0.02302057900244158,0.009650040692942674,0
594694,Wilmer Difo,2022,30,306,0.269,0.311,0.398,7,0.06535947712418301,0.13398692810457516,4,.287,0.1120000000000001,0.007000000000000006,0.10500000000000004,-0.021597044614947422,-0.08340437624325092,0
594694,Wilmer Difo,2023,31,336,0.208,0.322,0.303,5,0.13690476190476192,0.20535714285714285,23,.255,-0.08400000000000007,0.01100000000000001,-0.09500000000000003,0.07154528478057891,0.07137021475256769,0
594694,Wilmer Difo,2024,32,362,0.276,0.37,0.405,7,0.12154696132596685,0.21823204419889503,11,.345,0.15000000000000002,0.04799999999999999,0.10200000000000004,-0.015357800578795072,0.012874901341752176,0
594777,Kole Calhoun,2023,35,266,0.297,0.376,0.53,9,0.10150375939849623,0.18045112781954886,0,.337,0.04399999999999993,-0.08600000000000002,0.13,-0.12926547137073455,-0.12724117987275885,0
594838,Phil Gosselin,2022,33,204,0.297,0.358,0.473,5,0.0784313725490196,0.19607843137254902,4,.350,,,,,,0
594953,Daniel Palka,2021,29,420,0.256,0.364,0.472,18,0.14523809523809525,0.21428571428571427,5,.292,,,,,,0
594953,Daniel Palka,2022,30,445,0.263,0.344,0.506,26,0.10786516853932585,0.23595505617977527,0,.294,0.014000000000000012,-0.020000000000000018,0.03400000000000003,-0.037372926698769404,0.021669341894061,0
594953,Daniel Palka,2023,31,412,0.237,0.311,0.42,17,0.09223300970873786,0.23300970873786409,3,.275,-0.119,-0.032999999999999974,-0.08600000000000002,-0.01563215883058798,-0.002945347441911189,0
594988,Scott Schebler,2021,30,285,0.216,0.295,0.4,11,0.05964912280701754,0.3017543859649123,3,.277,,,,,,0
594988,Scott Schebler,2022,31,238,0.243,0.307,0.411,7,0.07142857142857142,0.28991596638655465,3,.319,0.02299999999999991,0.01200000000000001,0.010999999999999954,0.011779448621553883,-0.011838419578357628,0
595284,Andrew Knapp,2022,30,230,0.245,0.313,0.486,12,0.07391304347826087,0.24782608695652175,1,.279,0.2569999999999999,-0.10399999999999998,0.361,-0.25942028985507243,-0.08550724637681156,0
595284,Andrew Knapp,2023,31,358,0.233,0.328,0.377,9,0.10614525139664804,0.26256983240223464,3,.305,-0.09399999999999986,0.015000000000000013,-0.10899999999999999,0.03223220791838717,0.014743745445712886,1
595284,Andrew Knapp,2024,32,400,0.285,0.381,0.448,10,0.13,0.2375,1,.361,0.12399999999999989,0.05299999999999999,0.07100000000000001,0.02385474860335196,-0.02506983240223465,0
595373,Jack Reinheimer,2021,28,366,0.242,0.311,0.33,4,0.08469945355191257,0.22950819672131148,18,.309,,,,,,0
595373,Jack Reinheimer,2024,31,109,0.173,0.202,0.25,1,0.03669724770642202,0.22018348623853212,3,.213,-0.189,-0.10899999999999999,-0.08000000000000002,-0.048002205845490545,-0.009324710482779358,0
595375,JT Riddle,2021,29,350,0.202,0.269,0.322,7,0.06571428571428571,0.17714285714285713,3,.227,,,,,,1
595375,JT Riddle,2022,30,350,0.241,0.269,0.416,11,0.02857142857142857,0.20285714285714285,0,.272,0.09400000000000008,0.0,0.09399999999999997,-0.037142857142857144,0.025714285714285717,0
595438,Damek Tomscha,2021,29,301,0.241,0.309,0.409,10,0.06976744186046512,0.24584717607973422,0,.295,,,,,,0
595453,Chad Wallach,2021,29,305,0.213,0.341,0.425,15,0.14426229508196722,0.26557377049180325,0,.245,,,,,,1
595453,Chad Wallach,2022,30,365,0.219,0.304,0.361,9,0.09863013698630137,0.2602739726027397,3,.277,-0.10099999999999998,-0.03700000000000003,-0.064,-0.045632158095665856,-0.00529979788906354,1
595453,Chad Wallach,2024,32,335,0.247,0.337,0.43,12,0.1044776119402985,0.2865671641791045,2,.323,-0.23099999999999998,-0.10499999999999998,-0.12600000000000006,-0.03505727178063173,0.12377646650468588,1
595751,Jorge Alfaro,2023,30,278,0.291,0.342,0.457,7,0.050359712230215826,0.23381294964028776,5,.362,-0.247,0.029000000000000026,-0.27599999999999997,-0.012140287769784174,-0.07868705035971224,0
595885,Greg Bird,2021,28,461,0.267,0.362,0.532,27,0.12581344902386118,0.2299349240780911,0,.293,,,,,,0
595885,Greg Bird,2022,29,240,0.218,0.325,0.354,6,0.12916666666666668,0.25416666666666665,2,.279,-0.21499999999999997,-0.03699999999999998,-0.17800000000000005,0.003353217642805495,0.02423174258857555,0
595909,Jake Cave,2022,29,373,0.273,0.37,0.509,14,0.11528150134048257,0.24932975871313673,10,.343,-0.09299999999999997,-0.10199999999999998,0.009000000000000008,-0.023607387548406328,-0.02844801906464106,1
595909,Jake Cave,2023,30,275,0.346,0.429,0.684,16,0.11272727272727273,0.20363636363636364,2,.395,0.23399999999999999,0.059,0.17500000000000004,-0.0025542286132098357,-0.045693395076773086,1
595943,Phillip Evans,2021,28,144,0.252,0.333,0.331,0,0.10416666666666667,0.2013888888888889,0,.323,,,,,,0
595943,Phillip Evans,2022,29,400,0.244,0.31,0.366,9,0.0775,0.1425,2,.265,0.0119999999999999,-0.02300000000000002,0.034999999999999976,-0.026666666666666672,-0.05888888888888891,0
595943,Phillip Evans,2023,30,590,0.312,0.424,0.439,11,0.15593220338983052,0.1271186440677966,2,.344,0.18700000000000006,0.11399999999999999,0.07300000000000001,0.07843220338983052,-0.015381355932203383,0
595943,Phillip Evans,2024,31,200,0.222,0.305,0.324,5,0.1,0.18,1,.248,-0.23399999999999999,-0.119,-0.11499999999999999,-0.055932203389830515,0.05288135593220339,0
595956,Cam Gallagher,2022,29,119,0.2,0.277,0.343,3,0.10084033613445378,0.2605042016806723,0,.247,-0.05699999999999994,-0.06699999999999995,0.010000000000000009,-0.055409663865546216,0.1355042016806723,1
595981,Scott Heineman,2022,29,112,0.19,0.277,0.31,2,0.09821428571428571,0.35714285714285715,5,.293,-0.17599999999999993,-0.07599999999999996,-0.09999999999999998,0.024684873949579828,0.18067226890756302,0
596012,Kevin Kramer,2021,27,280,0.207,0.332,0.302,3,0.125,0.2571428571428571,0,.281,,,,,,0
596056,John Nogowski,2021,28,248,0.211,0.331,0.33,6,0.12096774193548387,0.17338709677419356,6,.236,,,,,,0
596056,John Nogowski,2022,29,351,0.266,0.379,0.367,4,0.1452991452991453,0.150997150997151,12,.304,0.08499999999999996,0.04799999999999999,0.03699999999999998,0.024331403363661436,-0.022389945777042564,0
596105,Dwight Smith Jr.,2021,28,147,0.22,0.327,0.283,1,0.1360544217687075,0.23129251700680273,1,.293,,,,,,0
596107,Eric Filia,2021,28,183,0.262,0.388,0.383,3,0.16393442622950818,0.1366120218579235,4,.293,,,,,,0
596117,Garrett Stubbs,2021,28,146,0.265,0.418,0.363,2,0.2054794520547945,0.19863013698630136,4,.333,,,,,,1
596119,Blake Swihart,2021,29,204,0.198,0.299,0.339,5,0.12745098039215685,0.25,2,.246,,,,,,0
596142,Gary Sánchez,2023,30,106,0.21,0.387,0.284,1,0.18867924528301888,0.27358490566037735,1,.308,,,,,,1
596144,Cheslor Cuthbert,2021,28,350,0.222,0.329,0.43,16,0.12285714285714286,0.19428571428571428,1,.234,,,,,,0
596451,Roman Quinn,2023,30,177,0.186,0.331,0.3,2,0.14689265536723164,0.3446327683615819,16,.308,-0.48,-0.14399999999999996,-0.336,-0.09900898397703065,0.09873112901731962,0
596825,Robel García,2021,28,136,0.162,0.272,0.368,6,0.125,0.33088235294117646,0,.194,,,,,,0
596825,Robel García,2022,29,165,0.295,0.394,0.619,12,0.14545454545454545,0.3090909090909091,0,.372,0.3729999999999999,0.122,0.251,0.020454545454545447,-0.021791443850267378,0
596847,Ji Man Choi,2024,33,104,0.19,0.317,0.357,4,0.16346153846153846,0.27884615384615385,0,.222,-0.18800000000000006,-0.044999999999999984,-0.14300000000000002,0.00828912466843501,0.03746684350132626,0
599096,Dilson Herrera,2021,27,196,0.213,0.291,0.425,10,0.09183673469387756,0.3163265306122449,0,.260,,,,,,0
600301,Taylor Motter,2021,31,319,0.313,0.436,0.668,24,0.1755485893416928,0.1974921630094044,0,.328,,,,,,1
600301,Taylor Motter,2022,32,333,0.254,0.357,0.523,20,0.14414414414414414,0.21921921921921922,2,.266,-0.2240000000000001,-0.07900000000000001,-0.14500000000000002,-0.03140444519754865,0.021727056209814827,1
600301,Taylor Motter,2023,33,236,0.255,0.343,0.438,8,0.11440677966101695,0.25,8,.319,-0.09899999999999998,-0.013999999999999957,-0.08500000000000002,-0.029737364483127193,0.03078078078078078,0
600474,Pedro Severino,2022,28,126,0.308,0.349,0.496,4,0.047619047619047616,0.21428571428571427,2,.368,,,,,,0
600474,Pedro Severino,2023,29,267,0.245,0.318,0.419,10,0.09363295880149813,0.20599250936329588,7,.278,-0.10799999999999998,-0.030999999999999972,-0.07700000000000001,0.04601391118245052,-0.00829320492241839,0
600524,Renato Núñez,2021,27,386,0.268,0.36,0.518,21,0.09326424870466321,0.24093264248704663,1,.306,,,,,,0
600858,Humberto Arteaga,2021,27,219,0.172,0.206,0.23,2,0.0365296803652968,0.2557077625570776,2,.225,,,,,,0
600898,Jecksson Flores,2021,27,182,0.235,0.348,0.34,1,0.14835164835164835,0.16483516483516483,0,.285,,,,,,0
600898,Jecksson Flores,2022,28,149,0.244,0.329,0.382,3,0.09395973154362416,0.18120805369127516,1,.284,0.02300000000000013,-0.01899999999999996,0.04199999999999998,-0.05439191680802419,0.016372888856110324,0
602074,Yonathan Daza,2023,29,181,0.305,0.35,0.415,2,0.049723756906077346,0.13259668508287292,4,.340,0.04699999999999993,-0.03500000000000003,0.08199999999999996,-0.02719932001699958,-0.1750956226094348,0
602080,Erick Castillo,2021,28,136,0.184,0.291,0.219,0,0.09558823529411764,0.16176470588235295,0,.223,,,,,,0
602080,Erick Castillo,2022,29,127,0.237,0.296,0.254,0,0.03937007874015748,0.1732283464566929,0,.290,0.040000000000000036,0.0050000000000000044,0.035,-0.05621815655396016,0.011463640574339962,0
602104,Ramón Urías,2021,27,101,0.258,0.34,0.483,4,0.0891089108910891,0.24752475247524752,1,.317,,,,,,1
605119,Brian Anderson,2024,31,347,0.237,0.326,0.365,9,0.10951008645533142,0.2680115273775216,0,.305,0.041000000000000036,-0.07400000000000001,0.11499999999999999,-0.0904899135446686,0.06801152737752159,0
605204,J.D. Davis,2024,31,136,0.153,0.228,0.25,3,0.08088235294117647,0.4338235294117647,0,.258,-0.728,-0.24099999999999996,-0.487,-0.12319927971188475,0.14810924369747902,1
605233,Derek Fisher,2022,28,108,0.158,0.259,0.305,3,0.1111111111111111,0.3425925925925926,0,.218,-0.014999999999999902,-0.01200000000000001,-0.0030000000000000027,0.028758169934640518,0.07200435729847499,0
605244,Aramis Garcia,2021,28,124,0.268,0.323,0.393,2,0.07258064516129033,0.21774193548387097,0,.329,,,,,,1
605244,Aramis Garcia,2023,30,210,0.251,0.295,0.523,14,0.0380952380952381,0.26666666666666666,3,.276,0.16200000000000003,0.06799999999999998,0.09400000000000003,-0.007359307359307357,-0.14242424242424245,1
605244,Aramis Garcia,2024,31,278,0.159,0.216,0.279,8,0.046762589928057555,0.35611510791366907,6,.217,-0.32300000000000006,-0.07899999999999999,-0.244,0.008667351832819456,0.08944844124700241,1
605346,Jack López,2021,28,252,0.274,0.345,0.386,3,0.07539682539682539,0.21428571428571427,15,.343,,,,,,0
605346,Jack López,2022,29,311,0.167,0.205,0.287,6,0.03858520900321544,0.37942122186495175,11,.253,-0.239,-0.13999999999999999,-0.09900000000000003,-0.036811616393609956,0.16513550757923748,0
605346,Jack López,2023,30,380,0.277,0.333,0.476,13,0.06842105263157895,0.23421052631578948,10,.337,0.31699999999999995,0.12800000000000003,0.189,0.029835843628363515,-0.14521069554916227,1
605346,Jack López,2024,31,432,0.274,0.333,0.421,12,0.07175925925925926,0.2569444444444444,15,.351,-0.05499999999999994,0.0,-0.05499999999999999,0.003338206627680307,0.02273391812865494,0
605353,Vimael Machín,2021,27,393,0.295,0.389,0.479,11,0.12468193384223919,0.183206106870229,2,.344,,,,,,1
605353,Vimael Machín,2022,28,292,0.324,0.401,0.457,4,0.11301369863013698,0.10273972602739725,0,.353,-0.009999999999999898,0.01200000000000001,-0.021999999999999964,-0.01166823521210221,-0.08046638084283175,0
605353,Vimael Machín,2023,29,213,0.235,0.33,0.339,4,0.11737089201877934,0.1643192488262911,1,.267,-0.18900000000000006,-0.07100000000000001,-0.118,0.004357193388642364,0.06157952279889384,0
605361,Nick Martini,2021,31,323,0.267,0.387,0.444,11,0.13003095975232198,0.21671826625386997,2,.323,,,,,,0
605361,Nick Martini,2023,33,417,0.275,0.393,0.481,15,0.14388489208633093,0.20863309352517986,0,.325,0.04300000000000004,0.006000000000000005,0.03699999999999998,0.013853932334008945,-0.00808517272869011,1
605361,Nick Martini,2024,34,100,0.305,0.42,0.646,7,0.16,0.22,0,.333,0.19200000000000006,0.02699999999999997,0.16500000000000004,0.016115107913669074,0.011366906474820138,1
605421,Michael Pérez,2023,30,270,0.204,0.309,0.352,9,0.1259259259259259,0.23703703703703705,0,.238,0.010000000000000009,-0.017000000000000015,0.02699999999999997,-0.015378421900161032,-0.012962962962962954,0
605421,Michael Pérez,2024,31,246,0.259,0.354,0.453,9,0.10569105691056911,0.23577235772357724,0,.313,0.1459999999999999,0.044999999999999984,0.10100000000000003,-0.0202348690153568,-0.0012646793134598044,0
605486,Cory Spangenberg,2022,31,414,0.236,0.29,0.385,10,0.06521739130434782,0.32608695652173914,14,.335,,,,,,0
605490,Bubba Starling,2021,28,105,0.258,0.305,0.557,7,0.06666666666666667,0.23809523809523808,1,.273,,,,,,0
605504,Dillon Thomas,2021,28,395,0.269,0.377,0.448,13,0.10379746835443038,0.29620253164556964,12,.374,,,,,,1
605504,Dillon Thomas,2022,29,492,0.271,0.378,0.466,18,0.11382113821138211,0.258130081300813,6,.344,0.019000000000000128,0.0010000000000000009,0.018000000000000016,0.01002366985695173,-0.03807245034475665,0
605508,Charlie Tilson,2021,28,232,0.296,0.361,0.404,1,0.07327586206896551,0.2025862068965517,13,.376,,,,,,0
605512,Preston Tucker,2022,31,311,0.267,0.347,0.426,9,0.09646302250803858,0.15755627009646303,1,.290,,,,,,0
605512,Preston Tucker,2023,32,240,0.293,0.433,0.565,11,0.17916666666666667,0.17916666666666667,1,.326,0.2250000000000001,0.08600000000000002,0.13899999999999996,0.08270364415862809,0.021610396570203638,0
605520,Mitch Walding,2021,28,138,0.238,0.326,0.451,6,0.10869565217391304,0.47101449275362317,1,.451,,,,,,0
605548,Bradley Zimmer,2023,30,305,0.207,0.321,0.341,8,0.11147540983606558,0.3737704918032787,19,.331,-0.118,-0.09199999999999997,-0.025999999999999968,-0.021857923497267756,0.027103825136612025,0
606019,Esteban Quiroz,2021,29,262,0.268,0.401,0.526,12,0.16412213740458015,0.21374045801526717,1,.308,,,,,,1
606019,Esteban Quiroz,2022,30,148,0.212,0.358,0.322,3,0.16216216216216217,0.23648648648648649,0,.268,-0.2470000000000001,-0.04300000000000004,-0.20400000000000001,-0.0019599752424179773,0.022746028471219315,0
606019,Esteban Quiroz,2023,31,388,0.231,0.348,0.354,7,0.14690721649484537,0.15979381443298968,7,.263,0.02200000000000002,-0.010000000000000009,0.03199999999999997,-0.015254945667316805,-0.07669267205349681,0
606019,Esteban Quiroz,2024,32,190,0.158,0.289,0.259,4,0.14210526315789473,0.2736842105263158,1,.202,-0.15399999999999991,-0.059,-0.09499999999999997,-0.004801953336950632,0.11389039609332613,0
606115,Orlando Arcia,2021,26,322,0.282,0.351,0.516,17,0.09627329192546584,0.11801242236024845,5,.272,,,,,,1
606132,Raimel Tapia,2023,29,124,0.269,0.371,0.413,4,0.14516129032258066,0.22580645161290322,7,.324,-0.1439999999999999,0.014000000000000012,-0.15799999999999997,0.14516129032258066,0.08294930875576037,0
606189,Hamlet Marte,2021,27,120,0.189,0.25,0.333,3,0.06666666666666667,0.4166666666666667,0,.310,,,,,,0
606213,Yermín Mercedes,2021,28,239,0.275,0.318,0.464,11,0.04602510460251046,0.16317991631799164,3,.287,,,,,,1
606213,Yermín Mercedes,2022,29,267,0.253,0.348,0.454,12,0.12359550561797752,0.21722846441947566,7,.284,0.020000000000000018,0.02999999999999997,-0.010000000000000009,0.07757040101546706,0.05404854810148402,0
606299,José Peraza,2022,28,259,0.236,0.29,0.354,5,0.04633204633204633,0.11969111969111969,3,.250,0.0119999999999999,-0.018000000000000016,0.02999999999999997,-0.004950004950004951,0.06840906840906841,0
606299,José Peraza,2023,29,147,0.261,0.315,0.366,2,0.034013605442176874,0.19047619047619047,1,.314,0.037000000000000144,0.025000000000000022,0.01200000000000001,-0.012318440889869456,0.07078507078507078,0
606988,Grayson Greiner,2021,28,134,0.202,0.284,0.277,1,0.09701492537313433,0.3656716417910448,0,.329,,,,,,1
606988,Grayson Greiner,2022,29,170,0.232,0.318,0.391,6,0.10588235294117647,0.3941176470588235,1,.372,0.14800000000000013,0.03400000000000003,0.11399999999999999,0.008867427568042138,0.02844600526777874,0
606992,Eric Haase,2024,31,170,0.279,0.367,0.503,9,0.11176470588235295,0.32941176470588235,1,.386,0.368,0.13399999999999998,0.23399999999999999,0.011764705882352941,0.06274509803921569,1
606993,Jake Hager,2021,28,344,0.24,0.311,0.461,15,0.09302325581395349,0.22965116279069767,7,.272,,,,,,1
606993,Jake Hager,2022,29,303,0.261,0.342,0.391,5,0.10561056105610561,0.19801980198019803,8,.313,-0.038999999999999924,0.031000000000000028,-0.07,0.012587305242152125,-0.03163136081049964,0
606993,Jake Hager,2023,30,209,0.245,0.301,0.415,3,0.06698564593301436,0.22488038277511962,1,.307,-0.017000000000000126,-0.041000000000000036,0.023999999999999966,-0.038624915123091255,0.026860580794921596,0
606993,Jake Hager,2024,31,131,0.221,0.269,0.328,2,0.05343511450381679,0.3282442748091603,0,.325,-0.119,-0.03199999999999997,-0.08699999999999997,-0.013550531429197564,0.10336389203404067,0
607111,Jacob Wilson,2021,30,301,0.255,0.346,0.51,15,0.10631229235880399,0.2059800664451827,0,.274,,,,,,0
607249,Jason Krizan,2021,32,480,0.316,0.367,0.492,16,0.08125,0.14583333333333334,1,.340,,,,,,1
607249,Jason Krizan,2022,33,395,0.266,0.329,0.487,15,0.08860759493670886,0.15443037974683543,1,.282,-0.04299999999999993,-0.03799999999999998,-0.0050000000000000044,0.007357594936708858,0.00859704641350209,0
607333,Beau Taylor,2021,31,234,0.232,0.339,0.333,4,0.11965811965811966,0.23931623931623933,0,.300,,,,,,0
607333,Beau Taylor,2022,32,211,0.222,0.365,0.368,6,0.16587677725118483,0.26066350710900477,0,.288,0.06099999999999994,0.025999999999999968,0.034999999999999976,0.04621865759306516,0.02134726779276544,0
607430,John Andreoli,2021,31,171,0.201,0.345,0.374,4,0.17543859649122806,0.36257309941520466,6,.324,,,,,,0
607430,John Andreoli,2022,32,421,0.184,0.337,0.362,15,0.18527315914489312,0.35629453681710216,19,.270,-0.019999999999999907,-0.007999999999999952,-0.01200000000000001,0.009834562653665058,-0.0062785625981024995,0
607461,Matt Beaty,2022,29,145,0.27,0.366,0.349,2,0.09655172413793103,0.18620689655172415,0,.330,-0.235,-0.12,-0.11500000000000005,0.03940886699507389,-0.042364532019704415,1
607461,Matt Beaty,2023,30,186,0.279,0.395,0.455,6,0.10215053763440861,0.16129032258064516,0,.311,0.13500000000000012,0.029000000000000026,0.10600000000000004,0.005598813496477575,-0.024916573971078992,0
607468,Alex Blandino,2022,29,285,0.195,0.368,0.318,4,0.19649122807017544,0.312280701754386,8,.300,0.244,0.07900000000000001,0.165,0.012280701754385975,0.10175438596491232,0
607680,Kevin Pillar,2022,33,176,0.315,0.398,0.604,10,0.11363636363636363,0.125,2,.306,,,,,,1
607733,Drew Stankiewicz,2021,28,167,0.253,0.337,0.39,2,0.11377245508982035,0.2275449101796407,1,.327,,,,,,0
607752,Sam Travis,2021,27,301,0.256,0.312,0.444,11,0.07308970099667775,0.292358803986711,2,.335,,,,,,0
608061,T.J. Rivera,2021,32,311,0.269,0.317,0.427,9,0.05787781350482315,0.1864951768488746,1,.301,,,,,,0
608325,Gavin Cecchini,2021,27,186,0.288,0.317,0.379,0,0.043010752688172046,0.15591397849462366,4,.342,,,,,,0
608339,Zach Green,2021,27,378,0.214,0.31,0.407,15,0.10582010582010581,0.3915343915343915,0,.327,,,,,,0
608339,Zach Green,2022,28,378,0.227,0.291,0.46,18,0.07407407407407407,0.29894179894179895,1,.276,0.03400000000000003,-0.019000000000000017,0.05300000000000005,-0.031746031746031744,-0.09259259259259256,0
608360,Chris Okey,2021,26,194,0.237,0.33,0.379,5,0.1134020618556701,0.2422680412371134,0,.297,,,,,,1
608360,Chris Okey,2022,27,129,0.22,0.279,0.356,2,0.07751937984496124,0.3023255813953488,0,.308,-0.07400000000000007,-0.05099999999999999,-0.02300000000000002,-0.03588268201070886,0.06005754015823542,1
608360,Chris Okey,2023,28,235,0.281,0.345,0.414,6,0.06808510638297872,0.20425531914893616,2,.338,0.12399999999999989,0.06599999999999995,0.057999999999999996,-0.009434273461982515,-0.09807026224641266,0
608360,Chris Okey,2024,29,178,0.236,0.282,0.327,2,0.056179775280898875,0.1853932584269663,4,.282,-0.1499999999999999,-0.063,-0.08699999999999997,-0.01190533110207985,-0.01886206072196986,0
608384,Nick Williams,2021,27,138,0.262,0.314,0.429,4,0.050724637681159424,0.2608695652173913,4,.333,,,,,,0
608422,José Godoy,2021,26,325,0.285,0.33,0.413,7,0.05846153846153846,0.1753846153846154,1,.328,,,,,,1
608422,José Godoy,2022,27,193,0.227,0.29,0.364,6,0.07253886010362694,0.24870466321243523,0,.276,-0.08900000000000008,-0.040000000000000036,-0.04899999999999999,0.014077321642088476,0.07332004782781984,0
608422,José Godoy,2023,28,132,0.267,0.356,0.397,4,0.11363636363636363,0.16666666666666666,2,.300,0.09900000000000009,0.066,0.03300000000000003,0.041097503532736696,-0.08203799654576857,0
608577,Nomar Mazara,2022,27,152,0.367,0.454,0.641,7,0.13815789473684212,0.19078947368421054,0,.426,0.44699999999999995,0.223,0.22400000000000003,0.06123481781376519,0.03694331983805668,0
608577,Nomar Mazara,2023,28,203,0.266,0.36,0.41,5,0.1330049261083744,0.19704433497536947,0,.313,-0.32499999999999996,-0.09400000000000003,-0.23100000000000004,-0.00515296862846773,0.006254861291158931,0
608597,Ronald Guzmán,2022,27,373,0.255,0.344,0.478,16,0.10991957104557641,0.2680965147453083,2,.314,,,,,,0
608671,Travis Jankowski,2022,31,165,0.237,0.387,0.298,1,0.18787878787878787,0.21818181818181817,15,.319,-0.14100000000000001,-0.064,-0.07700000000000001,-0.020454545454545475,0.09318181818181817,1
608686,Jack Mayfield,2022,31,241,0.247,0.292,0.417,6,0.04979253112033195,0.1950207468879668,6,.285,-0.3260000000000002,-0.09800000000000003,-0.22800000000000004,-0.011183078635765613,0.0852646493269912,0
608700,Kevin Plawecki,2023,32,269,0.272,0.349,0.389,4,0.09665427509293681,0.17472118959107807,0,.323,,,,,,0
608700,Kevin Plawecki,2024,33,299,0.26,0.34,0.443,11,0.10702341137123746,0.14381270903010032,0,.271,0.04500000000000004,-0.008999999999999952,0.05399999999999999,0.010369136278300647,-0.030908480560977752,0
608701,Rob Refsnyder,2022,31,182,0.306,0.429,0.524,6,0.15384615384615385,0.23076923076923078,4,.386,-0.09299999999999997,0.0040000000000000036,-0.09699999999999998,0.0038461538461538602,0.06826923076923078,1
608703,Matt Reynolds,2021,30,367,0.269,0.373,0.395,5,0.13896457765667575,0.25340599455040874,5,.363,,,,,,1
608703,Matt Reynolds,2023,32,515,0.266,0.351,0.514,22,0.11650485436893204,0.2737864077669903,8,.332,0.28800000000000003,0.06999999999999995,0.21800000000000003,-0.008495145631067957,0.08628640776699031,0
608715,Eric Stamets,2021,29,118,0.157,0.265,0.304,3,0.11016949152542373,0.19491525423728814,2,.171,,,,,,0
608715,Eric Stamets,2022,30,224,0.176,0.279,0.301,5,0.09375,0.30357142857142855,7,.240,0.01100000000000012,0.014000000000000012,-0.0030000000000000027,-0.016419491525423727,0.1086561743341404,0
608841,Joey Meneses,2021,29,162,0.26,0.315,0.452,5,0.08024691358024691,0.24074074074074073,0,.314,,,,,,1
608841,Joey Meneses,2022,30,414,0.286,0.341,0.489,20,0.07729468599033816,0.21497584541062803,1,.321,0.06300000000000006,0.026000000000000023,0.03699999999999998,-0.0029522275899087486,-0.025764895330112697,1
608841,Joey Meneses,2024,32,211,0.254,0.322,0.471,9,0.08530805687203792,0.18009478672985782,0,.271,-0.037000000000000144,-0.019000000000000017,-0.018000000000000016,0.00801337088169976,-0.03488105868077021,0
609274,Elier Hernandez,2021,26,358,0.231,0.288,0.419,16,0.05865921787709497,0.2988826815642458,3,.288,,,,,,1
609274,Elier Hernandez,2022,27,351,0.298,0.356,0.524,13,0.06837606837606838,0.18233618233618235,10,.336,0.17300000000000004,0.068,0.10500000000000004,0.00971685049897341,-0.11654649922806345,0
609274,Elier Hernandez,2023,28,612,0.298,0.359,0.478,18,0.08169934640522876,0.20588235294117646,9,.356,-0.04300000000000004,0.0030000000000000027,-0.04600000000000004,0.013323278029160376,0.023546170604994116,0
609280,Miguel Andujar,2022,27,297,0.285,0.33,0.487,13,0.05723905723905724,0.11784511784511785,5,.287,-0.2100000000000002,-0.067,-0.14300000000000002,-0.05387205387205386,0.022607022607022617,1
609280,Miguel Andujar,2023,28,465,0.338,0.404,0.536,16,0.1010752688172043,0.11827956989247312,5,.358,0.12300000000000011,0.07400000000000001,0.049000000000000044,0.04383621157814706,0.0004344520473552743,1
613546,Angelo Castellano,2021,26,284,0.226,0.289,0.349,8,0.07042253521126761,0.22183098591549297,8,.265,,,,,,0
613546,Angelo Castellano,2022,27,203,0.218,0.318,0.316,3,0.10344827586206896,0.18226600985221675,6,.259,-0.0039999999999998925,0.029000000000000026,-0.032999999999999974,0.033025740650801355,-0.03956497606327622,0
613546,Angelo Castellano,2023,28,386,0.281,0.384,0.489,15,0.13730569948186527,0.15544041450777202,12,.303,0.239,0.066,0.173,0.03385742361979631,-0.02682559534444473,0
613546,Angelo Castellano,2024,29,119,0.241,0.28,0.375,4,0.05042016806722689,0.25210084033613445,3,.295,-0.21799999999999997,-0.10399999999999998,-0.11399999999999999,-0.08688553141463838,0.09666042582836243,0
613564,Jason Vosler,2021,27,309,0.295,0.385,0.529,15,0.11650485436893204,0.14563106796116504,0,.300,,,,,,1
613564,Jason Vosler,2022,28,398,0.242,0.311,0.433,18,0.08542713567839195,0.25125628140703515,4,.285,-0.17000000000000004,-0.07400000000000001,-0.09600000000000003,-0.031077718690540088,0.10562521344587011,1
613564,Jason Vosler,2023,29,363,0.24,0.333,0.482,20,0.12396694214876033,0.25895316804407714,3,.271,0.07099999999999995,0.02200000000000002,0.04899999999999999,0.03853980647036838,0.007696886637041989,1
613564,Jason Vosler,2024,30,524,0.303,0.371,0.573,31,0.08778625954198473,0.21564885496183206,4,.337,0.129,0.03799999999999998,0.09099999999999997,-0.03618068260677561,-0.04330431308224508,0
614173,Franchy Cordero,2021,26,335,0.3,0.398,0.533,13,0.1253731343283582,0.28059701492537314,12,.406,,,,,,1
614173,Franchy Cordero,2022,27,136,0.325,0.397,0.59,7,0.11029411764705882,0.3088235294117647,4,.437,0.05599999999999994,-0.0010000000000000009,0.05699999999999994,-0.015079016681299379,0.028226514486391574,1
614173,Franchy Cordero,2023,28,350,0.288,0.403,0.476,13,0.15142857142857144,0.22,8,.350,-0.10799999999999998,0.006000000000000005,-0.11399999999999999,0.04113445378151262,-0.08882352941176472,0
614177,Franmil Reyes,2023,27,167,0.217,0.317,0.392,6,0.12574850299401197,0.25748502994011974,0,.260,-0.19699999999999984,-0.026000000000000023,-0.17099999999999993,0.06860564585115483,0.057485029940119725,0
615699,Jacob Robson,2021,26,288,0.259,0.385,0.389,5,0.1597222222222222,0.3611111111111111,15,.438,,,,,,0
615699,Jacob Robson,2022,27,179,0.192,0.318,0.338,3,0.1564245810055866,0.3743016759776536,13,.321,-0.118,-0.067,-0.05099999999999999,-0.003297641216635616,0.01319056486654252,0
620439,Franklin Barreto,2022,26,274,0.162,0.259,0.274,6,0.10948905109489052,0.3722627737226277,11,.246,,,,,,0
620439,Franklin Barreto,2023,27,111,0.202,0.282,0.455,7,0.08108108108108109,0.26126126126126126,2,.206,0.20399999999999996,0.022999999999999965,0.181,-0.02840797001380943,-0.11100151246136647,0
620443,Luis Torrens,2024,28,124,0.279,0.339,0.468,5,0.08064516129032258,0.23387096774193547,1,.329,0.07000000000000006,0.04400000000000004,0.026000000000000023,0.006960950764006796,-0.02928692699490662,1
620446,Richard Urena,2021,25,350,0.272,0.31,0.438,9,0.045714285714285714,0.23142857142857143,2,.332,,,,,,0
620446,Richard Urena,2022,26,142,0.231,0.268,0.321,2,0.04225352112676056,0.20422535211267606,2,.279,-0.15900000000000003,-0.04199999999999998,-0.11699999999999999,-0.0034607645875251516,-0.027203219315895366,0
620453,Deivy Grullón,2021,25,159,0.196,0.27,0.441,10,0.0880503144654088,0.3710691823899371,0,.240,,,,,,0
621002,Daniel Robertson,2022,28,229,0.209,0.301,0.363,6,0.10043668122270742,0.2314410480349345,0,.252,0.29399999999999993,0.08499999999999999,0.209,-0.01319968241365621,-0.052649861055974606,0
621002,Daniel Robertson,2023,29,211,0.22,0.336,0.316,3,0.11374407582938388,0.17535545023696683,0,.259,-0.0119999999999999,0.03500000000000003,-0.046999999999999986,0.01330739460667646,-0.05608559779796768,0
621005,Tim Lopes,2021,27,370,0.226,0.305,0.401,11,0.0918918918918919,0.24864864864864866,9,.276,,,,,,0
621005,Tim Lopes,2022,28,299,0.271,0.333,0.451,9,0.07692307692307693,0.23076923076923078,10,.328,0.07800000000000007,0.028000000000000025,0.04999999999999999,-0.01496881496881497,-0.01787941787941788,0
621005,Tim Lopes,2023,29,550,0.282,0.378,0.421,13,0.13090909090909092,0.22363636363636363,42,.356,0.014999999999999902,0.044999999999999984,-0.030000000000000027,0.05398601398601399,-0.007132867132867149,0
621006,Richie Martin Jr.,2021,26,112,0.208,0.321,0.323,1,0.125,0.22321428571428573,5,.271,,,,,,1
621006,Richie Martin Jr.,2022,27,334,0.25,0.341,0.38,2,0.09580838323353294,0.19760479041916168,29,.316,0.07700000000000007,0.020000000000000018,0.056999999999999995,-0.02919161676646706,-0.025609495295124046,0
621006,Richie Martin Jr.,2023,28,425,0.217,0.329,0.314,3,0.11529411764705882,0.24235294117647058,29,.293,-0.07800000000000007,-0.01200000000000001,-0.066,0.019485734413525885,0.0447481507573089,0
621008,Alex De Goti,2021,26,438,0.232,0.32,0.355,5,0.1050228310502283,0.2465753424657534,7,.308,,,,,,0
621008,Alex De Goti,2022,27,577,0.253,0.352,0.377,9,0.1265164644714038,0.18024263431542462,8,.301,0.05399999999999994,0.03199999999999997,0.02200000000000002,0.021493633421175495,-0.0663327081503288,0
621008,Alex De Goti,2023,28,193,0.179,0.333,0.276,2,0.17098445595854922,0.2694300518134715,2,.255,-0.12,-0.01899999999999996,-0.10099999999999998,0.04446799148714542,0.0891874174980469,0
621008,Alex De Goti,2024,29,107,0.266,0.343,0.33,1,0.09345794392523364,0.21495327102803738,3,.343,0.06400000000000006,0.010000000000000009,0.05399999999999999,-0.07752651203331558,-0.05447678078543414,0
621011,Max Schrock,2021,26,138,0.289,0.333,0.461,6,0.050724637681159424,0.18115942028985507,0,.316,,,,,,1
621011,Max Schrock,2023,28,142,0.289,0.352,0.453,3,0.07746478873239436,0.11267605633802817,2,.309,0.027999999999999914,0.009999999999999953,0.018000000000000016,0.03636889832143546,-0.024310245031834835,0
621311,David Dahl,2021,27,131,0.314,0.359,0.529,3,0.061068702290076333,0.15267175572519084,0,.354,,,,,,0
621311,David Dahl,2022,28,359,0.279,0.345,0.442,10,0.0947075208913649,0.233983286908078,4,.343,-0.10100000000000009,-0.014000000000000012,-0.08700000000000002,0.03363881860128857,0.08131153118288714,1
621311,David Dahl,2023,29,313,0.278,0.351,0.466,9,0.09904153354632587,0.1597444089456869,3,.311,0.030000000000000027,0.006000000000000005,0.02400000000000002,0.0043340126549609725,-0.07423887796239109,1
621311,David Dahl,2024,30,295,0.285,0.353,0.502,14,0.09491525423728814,0.24067796610169492,5,.341,0.038000000000000034,0.0020000000000000018,0.035999999999999976,-0.004126279309037736,0.08093355715600803,0
621420,David Thompson,2021,27,252,0.228,0.329,0.47,13,0.0873015873015873,0.2698412698412698,10,.268,,,,,,0
621433,Brett Phillips,2023,29,264,0.23,0.352,0.366,6,0.1590909090909091,0.32954545454545453,7,.344,-0.345,-0.08000000000000002,-0.265,-0.03409090909090909,0.045454545454545414,0
621446,Lewis Brinson,2022,28,373,0.298,0.356,0.566,22,0.07238605898123325,0.28418230563002683,5,.373,0.19599999999999995,0.04299999999999998,0.15299999999999997,0.030719392314566586,0.055015638963360175,0
621450,Skye Bolt,2021,27,199,0.387,0.492,0.65,9,0.16080402010050251,0.21608040201005024,5,.482,,,,,,1
621450,Skye Bolt,2022,28,104,0.326,0.385,0.526,4,0.0673076923076923,0.22115384615384615,1,.397,-0.23099999999999987,-0.10699999999999998,-0.124,-0.09349632779281021,0.005073444143795902,0
621450,Skye Bolt,2023,29,248,0.257,0.359,0.367,3,0.13306451612903225,0.24193548387096775,3,.340,-0.18500000000000005,-0.026000000000000023,-0.15900000000000003,0.06575682382133995,0.020781637717121604,0
621450,Skye Bolt,2024,30,127,0.236,0.339,0.349,2,0.14173228346456693,0.25984251968503935,1,.311,-0.038000000000000034,-0.019999999999999962,-0.018000000000000016,0.008667767335534676,0.017907035814071603,0
621453,Steven Duggar,2022,28,140,0.182,0.286,0.314,4,0.12142857142857143,0.32142857142857145,6,.247,-0.16400000000000003,-0.08500000000000002,-0.07900000000000001,-0.007142857142857131,0.007142857142857173,0
621453,Steven Duggar,2023,29,272,0.242,0.36,0.41,9,0.15441176470588236,0.3382352941176471,5,.359,0.17000000000000004,0.07400000000000001,0.09599999999999997,0.03298319327731093,0.016806722689075626,0
621458,Edwin Rios,2022,28,218,0.259,0.339,0.492,9,0.09174311926605505,0.30275229357798167,0,.339,,,,,,1
621458,Edwin Rios,2023,29,176,0.263,0.364,0.454,6,0.11363636363636363,0.3068181818181818,0,.370,-0.0129999999999999,0.024999999999999967,-0.03799999999999998,0.02189324437030858,0.004065888240200155,1
621458,Edwin Rios,2024,30,421,0.286,0.385,0.547,22,0.1330166270783848,0.27790973871733965,2,.363,0.11399999999999999,0.02100000000000002,0.09300000000000003,0.019380263442021164,-0.028908443100842174,0
621466,DJ Stewart,2022,28,105,0.256,0.39,0.488,6,0.1523809523809524,0.26666666666666666,2,.308,,,,,,1
621466,DJ Stewart,2023,29,229,0.229,0.362,0.516,16,0.15283842794759825,0.20087336244541484,0,.213,0.0,-0.028000000000000025,0.028000000000000025,0.0004574755666458541,-0.06579330422125182,1
621466,DJ Stewart,2024,30,106,0.28,0.434,0.451,3,0.1792452830188679,0.3113207547169811,5,.426,0.007000000000000006,0.07200000000000001,-0.065,0.026406855071269664,0.11044739227156627,0
621469,Tate Matheny,2021,27,202,0.225,0.302,0.401,5,0.09900990099009901,0.36633663366336633,4,.350,,,,,,0
621500,Wyatt Mathisen,2021,27,282,0.215,0.337,0.397,10,0.12056737588652482,0.24822695035460993,0,.259,,,,,,0
621500,Wyatt Mathisen,2022,28,134,0.17,0.276,0.348,5,0.11940298507462686,0.3358208955223881,0,.212,-0.10999999999999999,-0.061,-0.049000000000000044,-0.001164390811897953,0.08759394516777816,0
621512,Tomás Nido,2023,29,146,0.281,0.336,0.393,4,0.07534246575342465,0.18493150684931506,0,.327,0.001000000000000112,-0.02799999999999997,0.029000000000000026,0.07534246575342465,0.18493150684931506,1
621514,Christin Stewart,2021,27,343,0.254,0.339,0.538,21,0.09620991253644315,0.2915451895043732,2,.308,,,,,,0
621514,Christin Stewart,2022,28,409,0.237,0.364,0.45,19,0.1491442542787286,0.31784841075794623,9,.319,-0.06299999999999994,0.024999999999999967,-0.08800000000000002,0.05293434174228545,0.02630322125357304,0
621520,Clint Coulter,2021,27,142,0.234,0.303,0.461,8,0.08450704225352113,0.323943661971831,0,.293,,,,,,0
621520,Clint Coulter,2022,28,207,0.297,0.377,0.533,9,0.07246376811594203,0.15942028985507245,0,.319,0.14600000000000002,0.07400000000000001,0.07200000000000001,-0.012043274137579094,-0.16452337211675855,0
621520,Clint Coulter,2023,29,235,0.243,0.332,0.403,6,0.08085106382978724,0.17872340425531916,4,.277,-0.17499999999999993,-0.044999999999999984,-0.13,0.008387295713845208,0.019303114400246707,0
621529,Joe Hudson,2021,30,175,0.188,0.269,0.292,3,0.10285714285714286,0.2571428571428571,0,.239,,,,,,0
621529,Joe Hudson,2022,31,165,0.226,0.345,0.489,11,0.15151515151515152,0.296969696969697,1,.253,0.273,0.07599999999999996,0.197,0.048658008658008664,0.03982683982683988,0
621529,Joe Hudson,2023,32,272,0.232,0.371,0.395,9,0.16176470588235295,0.29044117647058826,4,.313,-0.06799999999999995,0.026000000000000023,-0.09399999999999997,0.01024955436720143,-0.0065285204991087364,1
621529,Joe Hudson,2024,33,128,0.204,0.354,0.388,5,0.15625,0.328125,4,.286,-0.02400000000000002,-0.017000000000000015,-0.007000000000000006,-0.005514705882352949,0.03768382352941174,0
621532,Anthony Bemboom,2021,31,256,0.232,0.352,0.412,8,0.1484375,0.21484375,2,.270,,,,,,1
621532,Anthony Bemboom,2022,32,137,0.228,0.292,0.35,3,0.072992700729927,0.20437956204379562,0,.266,-0.12200000000000011,-0.06,-0.062,-0.075444799270073,-0.01046418795620438,1
621532,Anthony Bemboom,2023,33,148,0.288,0.365,0.417,3,0.10135135135135136,0.1891891891891892,1,.347,0.14000000000000012,0.07300000000000001,0.067,0.028358650621424356,-0.015190372854606421,0
621532,Anthony Bemboom,2024,34,224,0.227,0.345,0.341,2,0.14732142857142858,0.23214285714285715,0,.299,-0.09600000000000009,-0.020000000000000018,-0.07599999999999996,0.04597007722007722,0.04295366795366795,0
621545,Zach Remillard,2021,27,306,0.193,0.283,0.357,12,0.08823529411764706,0.2777777777777778,10,.231,,,,,,0
621545,Zach Remillard,2022,28,491,0.28,0.373,0.4,9,0.11608961303462322,0.2219959266802444,19,.354,0.13300000000000012,0.09000000000000002,0.04300000000000004,0.02785431891697615,-0.05578185109753339,1
621545,Zach Remillard,2023,29,276,0.235,0.342,0.355,5,0.12318840579710146,0.18115942028985507,16,.276,-0.07599999999999996,-0.030999999999999972,-0.04500000000000004,0.00709879276247824,-0.04083650639038933,1
621545,Zach Remillard,2024,30,176,0.146,0.213,0.234,3,0.0625,0.24431818181818182,2,.175,-0.25000000000000006,-0.12900000000000003,-0.12099999999999997,-0.060688405797101455,0.06315876152832675,0
621573,Austin Dean,2022,28,438,0.268,0.345,0.467,17,0.0867579908675799,0.2146118721461187,10,.313,0.06899999999999995,0.00599999999999995,0.063,-0.038242009132420096,-0.12467384213959559,0
622100,Taylor Jones,2021,27,212,0.331,0.425,0.584,10,0.14622641509433962,0.2028301886792453,0,.383,,,,,,1
622100,Taylor Jones,2022,28,351,0.262,0.37,0.453,12,0.11396011396011396,0.245014245014245,0,.328,-0.18599999999999994,-0.05499999999999999,-0.13099999999999995,-0.032266301134225656,0.04218405633499972,0
622100,Taylor Jones,2023,29,204,0.229,0.333,0.44,8,0.12745098039215685,0.23039215686274508,5,.264,-0.04999999999999993,-0.03699999999999998,-0.013000000000000012,0.013490866432042892,-0.014622088151499929,0
622110,Matt Duffy,2024,33,216,0.218,0.296,0.28,2,0.10185185185185185,0.20833333333333334,1,.272,0.08200000000000007,0.059,0.02300000000000002,0.04922027290448343,-0.00219298245614033,0
622168,Yairo Muñoz,2021,26,374,0.308,0.34,0.444,8,0.045454545454545456,0.14171122994652408,18,.341,,,,,,1
622168,Yairo Muñoz,2022,27,292,0.31,0.338,0.437,6,0.030821917808219176,0.1643835616438356,13,.357,-0.009000000000000008,-0.0020000000000000018,-0.007000000000000006,-0.01463262764632628,0.022672331697311532,0
622196,BJ Boyd,2021,27,100,0.209,0.28,0.297,1,0.07,0.26,3,.281,,,,,,0
622226,Dylan Cozens,2021,27,100,0.177,0.343,0.329,2,0.19,0.43,4,.353,,,,,,0
622268,Donovan Walton,2021,27,334,0.304,0.395,0.519,13,0.10479041916167664,0.10778443113772455,1,.305,,,,,,1
622268,Donovan Walton,2022,28,145,0.254,0.355,0.418,2,0.12413793103448276,0.1310344827586207,5,.287,-0.14100000000000013,-0.040000000000000036,-0.10100000000000003,0.019347511872806117,0.023250051620896148,0
622268,Donovan Walton,2023,29,109,0.208,0.278,0.354,4,0.09174311926605505,0.14678899082568808,1,.205,-0.1409999999999999,-0.07699999999999996,-0.064,-0.032394811768427706,0.01575450806706738,1
622268,Donovan Walton,2024,30,387,0.306,0.38,0.441,7,0.10077519379844961,0.11886304909560723,4,.333,0.18899999999999995,0.10199999999999998,0.08700000000000002,0.00903207453239456,-0.027925941730080853,1
622441,Rafael Bautista,2021,28,255,0.238,0.291,0.345,5,0.047058823529411764,0.1843137254901961,3,.277,,,,,,0
622569,Pablo Reyes,2021,27,153,0.226,0.301,0.368,4,0.09803921568627451,0.1568627450980392,1,.239,,,,,,1
622569,Pablo Reyes,2022,28,432,0.273,0.348,0.439,11,0.09027777777777778,0.1550925925925926,15,.305,0.11799999999999988,0.046999999999999986,0.07100000000000001,-0.007761437908496732,-0.001770152505446626,1
622569,Pablo Reyes,2023,29,117,0.263,0.368,0.394,3,0.1452991452991453,0.21367521367521367,4,.319,-0.02499999999999991,0.020000000000000018,-0.044999999999999984,0.055021367521367534,0.05858262108262108,1
622569,Pablo Reyes,2024,30,267,0.3,0.385,0.504,12,0.12359550561797752,0.14606741573033707,15,.315,0.127,0.017000000000000015,0.10999999999999999,-0.021703639681167786,-0.06760779794487659,1
622666,Johan Camargo,2021,27,436,0.326,0.401,0.557,19,0.10779816513761468,0.1651376146788991,0,.361,,,,,,1
622666,Johan Camargo,2022,28,167,0.213,0.311,0.298,2,0.12574850299401197,0.1497005988023952,0,.237,-0.3490000000000001,-0.09000000000000002,-0.25900000000000006,0.017950337856397283,-0.015437015876503896,1
622666,Johan Camargo,2023,29,209,0.25,0.335,0.429,9,0.11004784688995216,0.17703349282296652,0,.266,0.15500000000000003,0.02400000000000002,0.131,-0.01570065610405981,0.02733289402057132,0
622668,Ivan Castillo,2021,26,435,0.287,0.326,0.366,3,0.059770114942528735,0.17471264367816092,12,.342,,,,,,0
622668,Ivan Castillo,2022,27,447,0.242,0.322,0.347,6,0.10067114093959731,0.1185682326621924,9,.264,-0.02299999999999991,-0.0040000000000000036,-0.019000000000000017,0.040901025997068574,-0.05614441101596852,0
622682,Victor Reyes,2023,28,546,0.279,0.33,0.462,20,0.06593406593406594,0.2271062271062271,3,.331,-0.31799999999999984,-0.07600000000000001,-0.24199999999999994,-0.059065934065934064,0.1646062271062271,0
622700,Santiago Chávez,2021,25,110,0.186,0.269,0.289,2,0.05454545454545454,0.34545454545454546,1,.281,,,,,,0
622700,Santiago Chávez,2022,26,130,0.208,0.254,0.292,1,0.046153846153846156,0.25384615384615383,0,.273,-0.01200000000000001,-0.015000000000000013,0.0030000000000000027,-0.008391608391608386,-0.09160839160839163,0
622700,Santiago Chávez,2023,27,188,0.164,0.266,0.212,1,0.10638297872340426,0.2925531914893617,0,.239,-0.06800000000000006,0.01200000000000001,-0.07999999999999999,0.0602291325695581,0.038707037643207876,0
623168,Tyler Heineman,2021,30,151,0.264,0.345,0.31,0,0.10596026490066225,0.19205298013245034,0,.333,,,,,,1
623168,Tyler Heineman,2023,32,165,0.23,0.352,0.319,2,0.15151515151515152,0.21212121212121213,5,.293,0.42100000000000004,0.22699999999999998,0.194,0.15151515151515152,-0.28787878787878785,1
623168,Tyler Heineman,2024,33,199,0.252,0.379,0.403,6,0.1407035175879397,0.16080402010050251,8,.276,0.11099999999999999,0.027000000000000024,0.08400000000000002,-0.010811633927211822,-0.05131719202070961,1
623180,Seth Mejias-Brean,2021,30,190,0.211,0.289,0.333,5,0.08947368421052632,0.22105263157894736,5,.250,,,,,,0
623182,Patrick Kivlehan,2021,31,364,0.261,0.316,0.508,21,0.07142857142857142,0.27472527472527475,4,.307,,,,,,0
623205,Andrew Velazquez,2021,26,306,0.273,0.362,0.451,7,0.12091503267973856,0.28431372549019607,29,.378,,,,,,1
623205,Andrew Velazquez,2023,28,156,0.209,0.307,0.328,3,0.12179487179487179,0.3076923076923077,8,.301,-0.5029999999999999,-0.14300000000000002,-0.35999999999999993,-0.07820512820512822,0.05769230769230771,0
623205,Andrew Velazquez,2024,29,473,0.242,0.298,0.394,16,0.07188160676532769,0.33192389006342493,33,.340,0.05699999999999994,-0.009000000000000008,0.066,-0.0499132650295441,0.024231582371117222,0
623214,Abiatal Avelino,2021,26,433,0.266,0.347,0.376,6,0.09930715935334873,0.16397228637413394,16,.310,,,,,,0
623222,Ryan Ripken,2021,27,164,0.167,0.222,0.233,1,0.06707317073170732,0.31097560975609756,1,.242,,,,,,0
623323,Braden Bishop,2021,27,340,0.318,0.382,0.531,12,0.07941176470588235,0.17647058823529413,10,.362,,,,,,0
623323,Braden Bishop,2022,28,284,0.23,0.303,0.348,6,0.08450704225352113,0.2323943661971831,12,.286,-0.262,-0.07900000000000001,-0.18300000000000005,0.005095277547638777,0.055923777961888965,0
623507,Josh Lester,2022,27,621,0.246,0.311,0.479,29,0.0821256038647343,0.22061191626409019,7,.271,0.016000000000000014,0.03699999999999998,-0.02100000000000002,0.00844139333841852,0.020611916264090174,1
623507,Josh Lester,2023,28,470,0.257,0.307,0.475,23,0.06595744680851064,0.25957446808510637,2,.302,-0.008000000000000007,-0.0040000000000000036,-0.0040000000000000036,-0.016168157056223667,0.038962551821016184,0
623508,Trent Giambrone,2021,27,271,0.174,0.274,0.255,3,0.11439114391143912,0.2915129151291513,5,.245,,,,,,0
623508,Trent Giambrone,2022,28,292,0.188,0.281,0.27,3,0.10273972602739725,0.2534246575342466,11,.249,0.02200000000000002,0.007000000000000006,0.015000000000000013,-0.011651417884041865,-0.038088257594904695,0
623513,Tyler Krieger,2021,27,184,0.169,0.223,0.238,2,0.05434782608695652,0.30978260869565216,1,.239,,,,,,0
623515,Drew Jackson,2021,27,309,0.251,0.397,0.424,9,0.1715210355987055,0.2524271844660194,24,.329,,,,,,1
623515,Drew Jackson,2022,28,204,0.236,0.333,0.337,4,0.11764705882352941,0.3480392156862745,8,.369,-0.1509999999999999,-0.064,-0.08699999999999997,-0.05387397677517608,0.09561203122025508,0
623520,David Bote,2022,29,160,0.252,0.319,0.385,3,0.0625,0.24375,5,.320,0.25299999999999995,0.055999999999999994,0.197,-0.09539473684210525,0.03322368421052632,0
623520,David Bote,2023,30,425,0.258,0.361,0.456,14,0.12470588235294118,0.22588235294117648,7,.311,0.11299999999999999,0.04199999999999998,0.07100000000000001,0.06220588235294118,-0.017867647058823516,1
623520,David Bote,2024,31,123,0.259,0.341,0.546,7,0.0975609756097561,0.14634146341463414,0,.250,0.07000000000000006,-0.019999999999999962,0.09000000000000002,-0.02714490674318508,-0.07954088952654234,0
623912,Harold Ramírez,2024,29,128,0.261,0.336,0.304,0,0.09375,0.2109375,2,.341,-0.7100000000000001,-0.26399999999999996,-0.446,-0.10625000000000001,0.010937499999999989,0
624407,Tzu-Wei Lin,2022,28,106,0.152,0.257,0.25,2,0.12264150943396226,0.2641509433962264,4,.194,-0.16800000000000004,-0.10999999999999999,-0.057999999999999996,-0.010691823899371067,-0.002515723270440251,0
624414,Christian Arroyo,2024,29,128,0.237,0.305,0.36,2,0.0703125,0.25,1,.305,0.28500000000000003,0.094,0.19099999999999998,-0.014194542253521125,0.08098591549295775,0
624416,Ryan Boldt,2021,26,338,0.26,0.337,0.453,11,0.09763313609467456,0.28994082840236685,12,.347,,,,,,0
624416,Ryan Boldt,2022,27,274,0.236,0.299,0.38,7,0.06569343065693431,0.2846715328467153,8,.313,-0.11099999999999999,-0.038000000000000034,-0.07300000000000001,-0.031939705437740246,-0.005269295555651532,0
624417,Bryson Brigman,2021,26,434,0.282,0.361,0.399,5,0.10599078341013825,0.15668202764976957,10,.329,,,,,,0
624417,Bryson Brigman,2022,27,413,0.251,0.299,0.369,8,0.053268765133171914,0.22033898305084745,9,.308,-0.09200000000000008,-0.062,-0.030000000000000027,-0.052722018276966334,0.06365695540107788,0
624417,Bryson Brigman,2023,28,255,0.292,0.388,0.402,3,0.10980392156862745,0.1568627450980392,6,.345,0.12200000000000011,0.08900000000000002,0.03300000000000003,0.056535156435455536,-0.06347623795280824,0
624417,Bryson Brigman,2024,29,404,0.334,0.383,0.474,9,0.06435643564356436,0.15346534653465346,10,.379,0.06699999999999995,-0.0050000000000000044,0.07199999999999995,-0.04544748592506309,-0.0033973985633857506,0
624419,Nick Ciuffo,2022,27,151,0.277,0.325,0.411,5,0.052980132450331126,0.31125827814569534,0,.382,0.18700000000000006,0.08400000000000002,0.10299999999999998,-0.03322676410139302,-0.06805206668189084,0
624507,Ryder Jones,2022,28,242,0.196,0.269,0.318,7,0.07851239669421488,0.32644628099173556,0,.263,0.03499999999999992,0.07700000000000001,-0.04199999999999998,0.040050858232676415,-0.019707565162110585,0
624513,Dom Nuñez,2022,27,285,0.223,0.319,0.36,5,0.11929824561403508,0.24561403508771928,1,.287,,,,,,0
624513,Dom Nuñez,2023,28,236,0.187,0.326,0.311,5,0.15254237288135594,0.2711864406779661,4,.250,-0.04200000000000004,0.007000000000000006,-0.04899999999999999,0.03324412726732086,0.025572405590246816,0
624513,Dom Nuñez,2024,29,263,0.202,0.33,0.339,5,0.1596958174904943,0.30038022813688214,1,.289,0.03200000000000003,0.0040000000000000036,0.028000000000000025,0.00715344460913836,0.029193787458916043,1
624523,Riley Unroe,2023,27,179,0.257,0.399,0.444,5,0.18994413407821228,0.20670391061452514,8,.314,0.598,0.21500000000000002,0.383,0.05836518670979124,-0.003822405174948529,0
624523,Riley Unroe,2024,28,294,0.272,0.378,0.412,6,0.13945578231292516,0.2619047619047619,18,.373,-0.052999999999999936,-0.02100000000000002,-0.03200000000000003,-0.050488351765287126,0.055200851290236774,0
625510,Erick Mejia,2021,26,228,0.246,0.317,0.409,7,0.09649122807017543,0.17982456140350878,1,.274,,,,,,0
625510,Erick Mejia,2022,27,521,0.261,0.33,0.433,15,0.09404990403071017,0.19769673704414586,19,.303,0.03700000000000003,0.013000000000000012,0.02400000000000002,-0.002441324039465259,0.01787217564063709,0
625510,Erick Mejia,2023,28,267,0.226,0.305,0.389,8,0.10112359550561797,0.21348314606741572,8,.260,-0.06900000000000006,-0.025000000000000022,-0.043999999999999984,0.007073691474907801,0.01578640902326986,0
625510,Erick Mejia,2024,29,203,0.192,0.292,0.314,5,0.12807881773399016,0.1921182266009852,13,.212,-0.08799999999999997,-0.013000000000000012,-0.07500000000000001,0.026955222228372183,-0.021364919466430515,0
628451,Andy Ibáñez,2021,28,129,0.342,0.411,0.64,7,0.09302325581395349,0.13953488372093023,1,.356,,,,,,1
628451,Andy Ibáñez,2022,29,315,0.255,0.33,0.39,6,0.08888888888888889,0.1523809523809524,5,.288,-0.33099999999999996,-0.08099999999999996,-0.25,-0.004134366925064595,0.012846068660022164,1
630034,David Rodríguez,2022,26,127,0.25,0.315,0.44,5,0.07874015748031496,0.2992125984251969,0,.329,0.05799999999999994,-0.0050000000000000044,0.063,-0.0012598425196850421,0.07254593175853022,0
640447,Phillip Ervin,2021,28,266,0.192,0.301,0.332,8,0.13157894736842105,0.2631578947368421,11,.237,,,,,,0
640449,Clint Frazier,2022,27,265,0.19,0.283,0.302,6,0.09433962264150944,0.3471698113207547,5,.279,,,,,,1
640449,Clint Frazier,2023,28,316,0.235,0.361,0.442,12,0.14873417721518986,0.2721518987341772,5,.297,0.21799999999999997,0.07800000000000001,0.14,0.05439455457368042,-0.07501791258657747,0
640458,Óscar Mercado,2021,26,203,0.216,0.327,0.392,5,0.11330049261083744,0.15763546798029557,9,.235,,,,,,1
640458,Óscar Mercado,2022,27,190,0.281,0.363,0.449,5,0.09473684210526316,0.14736842105263157,9,.311,0.09299999999999997,0.035999999999999976,0.056999999999999995,-0.018563650505574278,-0.010267046927664003,1
640458,Óscar Mercado,2023,28,347,0.299,0.367,0.523,14,0.08357348703170028,0.21037463976945245,28,.348,0.07799999999999996,0.0040000000000000036,0.07400000000000001,-0.011163355073562878,0.06300621871682088,0
640458,Óscar Mercado,2024,29,361,0.222,0.308,0.405,12,0.0997229916897507,0.16620498614958448,16,.232,-0.17699999999999994,-0.059,-0.118,0.016149504658050415,-0.044169653619867966,0
640459,Brian Navarreto,2021,26,113,0.214,0.301,0.418,5,0.10619469026548672,0.3008849557522124,0,.262,,,,,,0
640459,Brian Navarreto,2022,27,142,0.269,0.324,0.369,4,0.07042253521126761,0.14084507042253522,1,.290,-0.025999999999999912,0.02300000000000002,-0.04899999999999999,-0.035772155054219115,-0.1600398853296772,0
640459,Brian Navarreto,2023,28,301,0.233,0.305,0.38,7,0.08970099667774087,0.21262458471760798,0,.278,-0.008000000000000007,-0.019000000000000017,0.01100000000000001,0.01927846146647326,0.07177951429507276,0
640459,Brian Navarreto,2024,29,159,0.224,0.272,0.293,1,0.06289308176100629,0.20125786163522014,0,.278,-0.1200000000000001,-0.032999999999999974,-0.08700000000000002,-0.02680791491673458,-0.011366723082387842,1
640460,Dustin Peterson,2021,26,329,0.271,0.347,0.416,9,0.0911854103343465,0.1337386018237082,0,.290,,,,,,0
640460,Dustin Peterson,2022,27,448,0.243,0.321,0.378,9,0.09821428571428571,0.22767857142857142,6,.303,-0.06399999999999983,-0.025999999999999968,-0.03799999999999998,0.007028875379939209,0.09393996960486323,0
640460,Dustin Peterson,2023,28,348,0.244,0.328,0.488,19,0.10632183908045977,0.2442528735632184,1,.270,0.11699999999999999,0.007000000000000006,0.10999999999999999,0.008107553366174053,0.016574302134646973,0
640492,José Azócar,2021,25,201,0.289,0.308,0.447,0,0.029850746268656716,0.22388059701492538,17,.369,,,,,,1
640492,José Azócar,2022,26,105,0.306,0.352,0.52,5,0.06666666666666667,0.22857142857142856,3,.362,0.11699999999999999,0.043999999999999984,0.07300000000000001,0.036815920398009946,0.004690831556503183,1
640492,José Azócar,2023,27,212,0.269,0.307,0.388,5,0.04245283018867924,0.21226415094339623,18,.325,-0.17699999999999994,-0.044999999999999984,-0.132,-0.024213836477987423,-0.01630727762803233,1
640492,José Azócar,2024,28,281,0.296,0.325,0.438,6,0.03202846975088968,0.1494661921708185,30,.326,0.06799999999999995,0.018000000000000016,0.04999999999999999,-0.010424360437789562,-0.06279795877257774,1
640900,Rayder Ascanio,2021,25,204,0.225,0.295,0.385,8,0.08823529411764706,0.19117647058823528,2,.244,,,,,,0
640902,Jhonny Pereda,2022,26,247,0.272,0.371,0.379,4,0.1417004048582996,0.1659919028340081,0,.315,0.15900000000000003,0.05299999999999999,0.10599999999999998,0.040576809352681625,0.05363235227221036,0
640902,Jhonny Pereda,2023,27,264,0.325,0.405,0.468,6,0.12121212121212122,0.19318181818181818,0,.394,0.123,0.03400000000000003,0.08900000000000002,-0.020488283646178385,0.027189915347810067,1
640902,Jhonny Pereda,2024,28,195,0.297,0.405,0.424,4,0.14358974358974358,0.20512820512820512,0,.372,-0.04400000000000004,0.0,-0.04400000000000004,0.022377622377622364,0.011946386946386944,1
641319,Carlos Asuaje,2021,29,300,0.249,0.34,0.345,2,0.11,0.12666666666666668,7,.283,,,,,,0
641323,Luis Aviles Jr.,2022,27,202,0.246,0.287,0.45,7,0.04950495049504951,0.25742574257425743,7,.303,0.737,0.287,0.45,0.04950495049504951,0.25742574257425743,0
641336,Nick Banks,2021,26,118,0.189,0.271,0.311,3,0.1016949152542373,0.2966101694915254,0,.250,,,,,,0
641336,Nick Banks,2022,27,302,0.265,0.338,0.452,11,0.08278145695364239,0.2947019867549669,3,.355,0.20799999999999996,0.067,0.14100000000000001,-0.018913458300594904,-0.0019081827365585169,0
641343,Jake Bauers,2022,26,244,0.183,0.316,0.342,8,0.1598360655737705,0.3114754098360656,8,.242,,,,,,1
641385,Bret Boswell,2022,27,329,0.247,0.34,0.432,12,0.11550151975683891,0.2978723404255319,6,.331,,,,,,0
641431,Edgar Cabral,2021,25,102,0.221,0.333,0.302,0,0.13725490196078433,0.3137254901960784,0,.345,,,,,,0
641432,Willie Calhoun,2022,27,261,0.264,0.337,0.437,10,0.09578544061302682,0.13409961685823754,0,.270,0.631,0.19400000000000003,0.437,-0.047071702244116026,-0.008757525998905308,1
641432,Willie Calhoun,2024,29,203,0.276,0.369,0.402,4,0.11822660098522167,0.14285714285714285,1,.308,-0.02199999999999991,0.0050000000000000044,-0.02699999999999997,0.07277205553067621,0.006493506493506496,0
641453,C.J. Chatham,2021,26,176,0.271,0.347,0.381,3,0.07386363636363637,0.1534090909090909,0,.307,,,,,,0
641468,Gavin Collins,2021,25,174,0.182,0.299,0.304,5,0.10919540229885058,0.25287356321839083,1,.220,,,,,,0
641468,Gavin Collins,2022,26,139,0.235,0.326,0.37,4,0.08633093525179857,0.2014388489208633,0,.270,0.09299999999999997,0.027000000000000024,0.066,-0.022864467047052014,-0.05143471429752752,0
641468,Gavin Collins,2024,28,216,0.264,0.335,0.461,9,0.0787037037037037,0.16203703703703703,0,.280,0.10000000000000009,0.009000000000000008,0.09100000000000003,-0.007627231548094859,-0.03940181188382627,0
641470,Zack Collins,2022,27,165,0.198,0.358,0.397,5,0.2,0.2545454545454545,3,.238,0.14400000000000002,0.147,-0.0030000000000000027,0.12105263157894738,-0.08755980861244023,1
641470,Zack Collins,2023,28,495,0.251,0.358,0.434,16,0.1414141414141414,0.3212121212121212,4,.359,0.03700000000000003,0.0,0.03699999999999998,-0.0585858585858586,0.06666666666666671,0
641477,Ryan Cordell,2021,29,226,0.198,0.292,0.411,12,0.10619469026548672,0.38495575221238937,8,.270,,,,,,0
641505,Jonathan Davis,2022,30,221,0.293,0.395,0.429,4,0.12669683257918551,0.19909502262443438,14,.360,0.121,0.03500000000000003,0.08599999999999997,-0.012838051141744716,-0.06834683784068188,1
641505,Jonathan Davis,2023,31,141,0.258,0.336,0.516,5,0.09929078014184398,0.22695035460992907,5,.307,0.028000000000000025,-0.059,0.08700000000000002,-0.027406052437341538,0.027855331985494697,0
641505,Jonathan Davis,2024,32,285,0.227,0.342,0.335,4,0.11578947368421053,0.2807017543859649,8,.323,-0.17500000000000004,0.006000000000000005,-0.181,0.01649869354236655,0.053751399776035824,0
641511,Jason Delay,2024,29,171,0.287,0.357,0.36,1,0.08187134502923976,0.15789473684210525,1,.341,-0.20200000000000007,-0.062,-0.14,-0.014902848519147333,-0.035653650254668934,0
641512,Ben DeLuzio,2021,26,170,0.271,0.329,0.458,3,0.07647058823529412,0.23529411764705882,6,.345,,,,,,1
641512,Ben DeLuzio,2022,27,408,0.277,0.353,0.429,9,0.08823529411764706,0.22303921568627452,30,.347,-0.0050000000000000044,0.023999999999999966,-0.029000000000000026,0.011764705882352941,-0.012254901960784298,0
641512,Ben DeLuzio,2023,28,171,0.189,0.278,0.291,3,0.0935672514619883,0.3216374269005848,6,.272,-0.21300000000000008,-0.07499999999999996,-0.138,0.005331957344341234,0.09859821121431026,0
641513,Travis Demeritte,2021,26,300,0.282,0.363,0.575,21,0.11,0.33,7,.370,,,,,,1
641513,Travis Demeritte,2022,27,158,0.207,0.291,0.357,2,0.10759493670886076,0.34177215189873417,6,.318,-0.29000000000000004,-0.07200000000000001,-0.21799999999999997,-0.0024050632911392367,0.011772151898734151,0
641521,Edwin Díaz,2022,26,120,0.227,0.277,0.373,3,0.06666666666666667,0.38333333333333336,0,.355,0.21500000000000002,0.06400000000000003,0.151,-0.048087431693989074,-0.042896174863387926,0
641525,Brandon Dixon,2022,30,114,0.371,0.447,0.866,13,0.12280701754385964,0.23684210526315788,3,.390,,,,,,1
641525,Brandon Dixon,2023,31,273,0.268,0.348,0.502,15,0.10256410256410256,0.31135531135531136,7,.345,-0.46299999999999997,-0.09900000000000003,-0.364,-0.020242914979757082,0.07451320609215348,0
641531,Hunter Dozier,2024,32,214,0.222,0.268,0.394,7,0.056074766355140186,0.29906542056074764,3,.287,0.21699999999999997,0.101,0.11599999999999999,0.056074766355140186,0.02128764278296985,0
641553,Adam Engel,2023,31,376,0.237,0.354,0.435,14,0.14095744680851063,0.30851063829787234,22,.324,0.1359999999999999,0.07100000000000001,0.065,0.09095744680851063,0.04184397163120568,0
641555,J.C. Escarra,2021,26,214,0.225,0.316,0.357,4,0.09813084112149532,0.19158878504672897,4,.262,,,,,,0
641555,J.C. Escarra,2024,29,201,0.302,0.403,0.527,8,0.13432835820895522,0.14925373134328357,2,.323,0.257,0.08700000000000002,0.17000000000000004,0.0361975170874599,-0.0423350537034454,1
641561,Johneshwy Fargas,2021,26,122,0.246,0.295,0.395,3,0.06557377049180328,0.2786885245901639,14,.325,,,,,,0
641561,Johneshwy Fargas,2022,27,146,0.227,0.285,0.379,5,0.0410958904109589,0.2671232876712329,10,.281,-0.026000000000000023,-0.010000000000000009,-0.016000000000000014,-0.02447788008084438,-0.011565236918931021,0
641569,Xavier Fernández,2022,26,180,0.238,0.289,0.345,2,0.06666666666666667,0.13333333333333333,2,.268,,,,,,0
641569,Xavier Fernández,2023,27,141,0.331,0.397,0.548,5,0.10638297872340426,0.16312056737588654,0,.367,0.31100000000000017,0.10800000000000004,0.20300000000000007,0.03971631205673759,0.029787234042553207,0
641583,Dustin Fowler,2021,26,157,0.289,0.344,0.535,9,0.07006369426751592,0.31210191082802546,2,.372,,,,,,0
641658,Garrett Hampson,2023,28,103,0.348,0.412,0.435,0,0.08737864077669903,0.14563106796116504,6,.416,-0.1080000000000001,-0.04300000000000004,-0.065,-0.0035304501323918797,-0.036187113857016784,1
641684,Michael Hermosillo,2021,26,186,0.306,0.446,0.592,10,0.13978494623655913,0.25806451612903225,8,.389,,,,,,1
641684,Michael Hermosillo,2023,28,234,0.222,0.299,0.435,13,0.0641025641025641,0.23504273504273504,8,.232,-0.5660000000000001,-0.201,-0.36500000000000005,-0.08974358974358976,-0.03418803418803418,0
641716,Torii Hunter Jr.,2022,27,103,0.266,0.324,0.372,1,0.06796116504854369,0.3106796116504854,8,.393,0.16099999999999992,0.10200000000000001,0.059,-0.04314994606256742,-0.07820927723840349,0
641741,Gosuke Katoh,2021,26,402,0.306,0.388,0.474,8,0.11442786069651742,0.208955223880597,8,.381,,,,,,1
641741,Gosuke Katoh,2022,27,329,0.219,0.305,0.377,9,0.0972644376899696,0.22188449848024316,7,.262,-0.18000000000000005,-0.08300000000000002,-0.09699999999999998,-0.017163423006547815,0.012929274599646157,0
641779,Charles Leblanc,2021,25,374,0.229,0.313,0.455,17,0.10695187165775401,0.3502673796791444,5,.319,,,,,,1
641779,Charles Leblanc,2022,26,360,0.302,0.381,0.503,14,0.09722222222222222,0.2722222222222222,6,.396,0.11599999999999999,0.068,0.04799999999999999,-0.009729649435531784,-0.0780451574569222,0
641779,Charles Leblanc,2023,27,370,0.252,0.384,0.423,12,0.16486486486486487,0.2594594594594595,4,.330,-0.07700000000000007,0.0030000000000000027,-0.08000000000000002,0.06764264264264265,-0.012762762762762725,1
641779,Charles Leblanc,2024,28,414,0.254,0.379,0.437,12,0.1642512077294686,0.24879227053140096,4,.325,0.009000000000000119,-0.0050000000000000044,0.014000000000000012,-0.0006136571353962672,-0.010667188928058513,0
641786,Kyle Lewis,2022,26,174,0.245,0.362,0.517,12,0.14942528735632185,0.25862068965517243,0,.267,,,,,,1
641786,Kyle Lewis,2023,27,293,0.371,0.457,0.641,17,0.13310580204778158,0.19795221843003413,0,.426,0.21900000000000008,0.09500000000000003,0.124,-0.01631948530854027,-0.0606684712251383,0
641796,Tim Locastro,2022,29,191,0.24,0.332,0.395,3,0.06282722513089005,0.19895287958115182,7,.294,,,,,,1
641796,Tim Locastro,2024,31,120,0.333,0.449,0.479,2,0.09166666666666666,0.15,8,.390,0.27,0.136,0.134,0.031060606060606052,-0.04696969696969697,0
641802,Nick Longhi,2021,25,252,0.242,0.337,0.356,5,0.1111111111111111,0.26587301587301587,0,.324,,,,,,0
641807,Brennon Lund,2021,26,310,0.224,0.277,0.409,11,0.054838709677419356,0.27741935483870966,3,.277,,,,,,0
641829,Jason Martin,2021,25,161,0.248,0.388,0.543,10,0.17391304347826086,0.2111801242236025,2,.256,,,,,,0
641829,Jason Martin,2022,26,544,0.285,0.374,0.564,32,0.125,0.24816176470588236,8,.332,0.006999999999999895,-0.014000000000000012,0.020999999999999908,-0.048913043478260865,0.036981640482279865,0
641829,Jason Martin,2024,28,306,0.286,0.364,0.517,13,0.10130718954248366,0.21568627450980393,5,.333,-0.05699999999999994,-0.010000000000000009,-0.04699999999999993,-0.02369281045751634,-0.03247549019607843,0
641856,Billy McKinney,2022,27,293,0.295,0.396,0.53,12,0.12286689419795221,0.2832764505119454,2,.397,0.19200000000000006,0.129,0.063,0.12286689419795221,-0.11672354948805463,1
641856,Billy McKinney,2023,28,160,0.274,0.388,0.511,9,0.1375,0.2,3,.298,-0.027000000000000024,-0.008000000000000007,-0.019000000000000017,0.014633105802047797,-0.08327645051194538,1
641856,Billy McKinney,2024,29,165,0.299,0.406,0.46,5,0.14545454545454545,0.22424242424242424,0,.371,-0.03299999999999992,0.018000000000000016,-0.05099999999999999,0.007954545454545436,0.024242424242424232,1
641878,Ian Miller,2021,29,413,0.261,0.334,0.345,3,0.08958837772397095,0.18159806295399517,20,.317,,,,,,0
641882,Thomas Milone,2021,26,150,0.285,0.347,0.445,4,0.07333333333333333,0.2733333333333333,5,.380,,,,,,0
641882,Thomas Milone,2022,27,200,0.229,0.342,0.371,3,0.14,0.335,4,.360,-0.07899999999999996,-0.004999999999999949,-0.07400000000000001,0.06666666666666668,0.0616666666666667,0
641884,Dominic Miroglio,2022,27,243,0.257,0.342,0.481,10,0.102880658436214,0.12757201646090535,1,.259,,,,,,0
641896,Roy Morales,2022,27,194,0.301,0.407,0.417,4,0.13402061855670103,0.12371134020618557,3,.331,,,,,,0
641914,Sheldon Neuse,2021,26,349,0.293,0.352,0.478,13,0.0830945558739255,0.24068767908309455,6,.357,,,,,,1
641914,Sheldon Neuse,2022,27,113,0.398,0.407,0.611,5,0.02654867256637168,0.19469026548672566,2,.458,0.18800000000000006,0.05499999999999999,0.133,-0.05654588330755382,-0.045997413596368886,0
641924,Jacob Nottingham,2022,27,354,0.229,0.333,0.425,15,0.10451977401129943,0.2768361581920904,12,.281,0.758,0.333,0.425,,,0
641924,Jacob Nottingham,2023,28,221,0.218,0.303,0.421,10,0.06787330316742081,0.2895927601809955,1,.268,-0.03400000000000003,-0.030000000000000027,-0.0040000000000000036,-0.03664647084387862,0.012756601988905103,0
641929,Joseph Odom,2021,29,105,0.217,0.305,0.359,3,0.08571428571428572,0.4,0,.354,,,,,,0
641929,Joseph Odom,2022,30,238,0.231,0.328,0.447,10,0.11764705882352941,0.39915966386554624,2,.369,0.1110000000000001,0.02300000000000002,0.08800000000000002,0.031932773109243695,-0.0008403361344537785,0
641943,Joshua Palacios,2022,26,342,0.294,0.379,0.439,9,0.1023391812865497,0.1608187134502924,21,.335,0.19100000000000006,0.030000000000000027,0.16099999999999998,0.02297410192147034,-0.09314954051796157,1
641943,Joshua Palacios,2024,28,208,0.291,0.372,0.489,5,0.10576923076923077,0.22596153846153846,5,.366,-0.42300000000000004,-0.11699999999999999,-0.30600000000000005,-0.01645299145299145,0.10373931623931625,1
641945,Preston Palmeiro,2021,26,434,0.243,0.3,0.404,14,0.07373271889400922,0.21658986175115208,5,.283,,,,,,0
641945,Preston Palmeiro,2023,28,161,0.184,0.298,0.301,2,0.13664596273291926,0.2111801242236025,1,.225,-0.10499999999999998,-0.0020000000000000018,-0.10300000000000004,0.06291324383891005,-0.005409737527549585,0
641999,Corey Ray,2021,26,157,0.274,0.325,0.5,6,0.06369426751592357,0.28662420382165604,2,.358,,,,,,0
641999,Corey Ray,2022,27,143,0.199,0.231,0.39,5,0.04195804195804196,0.3356643356643357,7,.262,-0.20399999999999996,-0.094,-0.10999999999999999,-0.021736225557881607,0.049040131842679635,0
642002,Michael Reed,2021,26,115,0.247,0.354,0.351,1,0.13043478260869565,0.3565217391304348,3,.418,,,,,,0
642002,Michael Reed,2023,28,132,0.204,0.313,0.372,4,0.12878787878787878,0.3181818181818182,5,.284,0.23400000000000004,0.057999999999999996,0.176,0.05735930735930736,0.03246753246753248,0
642020,Chuckie Robinson,2023,28,413,0.29,0.356,0.45,13,0.0774818401937046,0.1864406779661017,7,.332,0.10299999999999998,0.05499999999999999,0.04799999999999999,0.02371839933348955,-0.01786039730271552,1
642020,Chuckie Robinson,2024,29,216,0.246,0.292,0.382,7,0.06018518518518518,0.25925925925925924,0,.302,-0.13200000000000012,-0.064,-0.068,-0.017296655008519422,0.07281858129315755,1
642021,Errol Robinson,2021,26,119,0.176,0.294,0.265,1,0.14285714285714285,0.2773109243697479,2,.250,,,,,,0
642021,Errol Robinson,2023,28,148,0.222,0.338,0.286,0,0.14189189189189189,0.2635135135135135,5,.322,0.06500000000000006,0.04400000000000004,0.020999999999999963,-0.0009652509652509633,-0.013797410856234427,0
642021,Errol Robinson,2024,29,171,0.208,0.3,0.275,1,0.11695906432748537,0.2807017543859649,12,.297,-0.049000000000000044,-0.038000000000000034,-0.010999999999999954,-0.024932827564406512,0.01718824087245141,0
642082,Chance Sisco,2021,26,174,0.2,0.31,0.393,6,0.10919540229885058,0.2471264367816092,0,.238,,,,,,0
642086,Dominic Smith,2022,27,248,0.284,0.367,0.472,10,0.10080645161290322,0.15725806451612903,4,.306,,,,,,1
642134,Robbie Tenerowicz,2023,28,201,0.264,0.358,0.351,3,0.08955223880597014,0.1691542288557214,1,.312,0.15000000000000002,0.05399999999999999,0.09599999999999997,0.0002665245202558564,-0.045131485429992874,0
642136,Matt Thaiss,2021,26,449,0.28,0.383,0.496,17,0.133630289532294,0.20489977728285078,2,.325,,,,,,1
642136,Matt Thaiss,2022,27,332,0.268,0.364,0.451,10,0.12951807228915663,0.18373493975903615,7,.306,-0.06400000000000006,-0.019000000000000017,-0.044999999999999984,-0.004112217243137373,-0.021164837523814622,1
642137,Cody Thomas,2021,26,245,0.289,0.363,0.665,18,0.10204081632653061,0.3183673469387755,0,.366,,,,,,1
642137,Cody Thomas,2023,28,477,0.301,0.361,0.562,23,0.07756813417190776,0.20335429769392033,5,.338,0.29600000000000004,0.10499999999999998,0.19100000000000006,0.026286082889856482,-0.129979035639413,0
642162,Pat Valaika,2022,29,466,0.242,0.303,0.368,10,0.0815450643776824,0.20600858369098712,2,.287,0.1140000000000001,0.059,0.05499999999999999,0.057154820475243374,-0.06228409923584216,0
642162,Pat Valaika,2023,30,241,0.233,0.315,0.362,6,0.1078838174273859,0.21991701244813278,2,.277,0.006000000000000005,0.01200000000000001,-0.006000000000000005,0.026338753049703498,0.013908428757145652,0
642165,Josh VanMeter,2023,28,190,0.199,0.4,0.362,6,0.24210526315789474,0.22631578947368422,1,.237,0.123,0.08400000000000002,0.03899999999999998,0.05789473684210528,-0.03684210526315787,0
642165,Josh VanMeter,2024,29,207,0.177,0.335,0.293,3,0.178743961352657,0.2560386473429952,5,.236,-0.134,-0.065,-0.069,-0.06336130180523775,0.029722857869310976,0
642180,Tyler Wade,2022,27,174,0.228,0.351,0.372,4,0.15517241379310345,0.21264367816091953,15,.276,,,,,,1
642180,Tyler Wade,2023,28,400,0.291,0.384,0.409,6,0.1175,0.215,42,.373,0.06999999999999995,0.03300000000000003,0.03699999999999998,-0.03767241379310346,0.0023563218390804663,1
642197,Jamie Westbrook,2021,26,287,0.287,0.353,0.486,11,0.07317073170731707,0.14634146341463414,2,.302,,,,,,0
642197,Jamie Westbrook,2022,27,511,0.254,0.353,0.382,11,0.10567514677103718,0.15655577299412915,1,.287,-0.10399999999999998,0.0,-0.10399999999999998,0.03250441506372011,0.010214309579495012,0
642197,Jamie Westbrook,2023,28,496,0.294,0.4,0.496,21,0.1350806451612903,0.16330645161290322,6,.322,0.16100000000000003,0.04700000000000004,0.11399999999999999,0.029405498390253137,0.00675067861877407,1
642197,Jamie Westbrook,2024,29,425,0.277,0.369,0.45,12,0.11294117647058824,0.16941176470588235,2,.311,-0.07700000000000007,-0.031000000000000028,-0.045999999999999985,-0.022139468690702074,0.0061053130929791255,0
642201,Eli White,2023,29,201,0.254,0.363,0.45,9,0.14925373134328357,0.2885572139303483,14,.327,0.813,0.363,0.45,0.14925373134328357,-0.14001421464108027,1
642201,Eli White,2024,30,340,0.294,0.388,0.447,8,0.11176470588235295,0.2235294117647059,24,.371,0.02200000000000002,0.025000000000000022,-0.0030000000000000027,-0.03748902546093062,-0.06502780216564238,1
642215,Weston Wilson,2021,26,246,0.267,0.354,0.548,16,0.11382113821138211,0.23170731707317074,8,.292,,,,,,0
642215,Weston Wilson,2022,27,462,0.228,0.297,0.358,11,0.08441558441558442,0.28354978354978355,17,.302,-0.247,-0.056999999999999995,-0.19000000000000006,-0.029405553795797693,0.05184246647661281,1
642215,Weston Wilson,2023,28,544,0.259,0.363,0.515,31,0.13786764705882354,0.26838235294117646,32,.307,0.22299999999999998,0.066,0.15700000000000003,0.05345206264323912,-0.015167430608607091,1
642215,Weston Wilson,2024,29,313,0.24,0.34,0.487,18,0.134185303514377,0.24281150159744408,14,.257,-0.051000000000000045,-0.022999999999999965,-0.028000000000000025,-0.003682343544446548,-0.02557085134373238,1
642220,Jantzen Witte,2021,31,455,0.299,0.364,0.491,19,0.09010989010989011,0.17582417582417584,3,.329,,,,,,0
642220,Jantzen Witte,2023,33,439,0.253,0.324,0.46,17,0.0888382687927107,0.24829157175398633,7,.305,-0.07099999999999995,-0.03999999999999998,-0.030999999999999972,-0.0012716213171794083,0.0724673959298105,0
642220,Jantzen Witte,2024,34,175,0.238,0.331,0.43,7,0.12571428571428572,0.2342857142857143,0,.276,-0.02300000000000002,0.007000000000000006,-0.030000000000000027,0.03687601692157502,-0.014005857468272043,0
642221,Kean Wong,2021,26,203,0.339,0.384,0.476,4,0.06896551724137931,0.15763546798029557,10,.392,,,,,,0
642221,Kean Wong,2022,27,565,0.262,0.342,0.332,3,0.1079646017699115,0.22123893805309736,41,.340,-0.18599999999999994,-0.04199999999999998,-0.14399999999999996,0.038999084528532194,0.06360347007280179,0
642221,Kean Wong,2023,28,174,0.27,0.379,0.405,5,0.13793103448275862,0.1896551724137931,5,.318,0.10999999999999999,0.03699999999999998,0.07300000000000001,0.029966432712847116,-0.03158376563930426,0
642336,Francisco Mejía,2024,28,376,0.274,0.348,0.428,11,0.10106382978723404,0.17287234042553193,1,.308,-0.17599999999999993,-0.01100000000000001,-0.16499999999999998,0.05758556891766882,-0.05538852913968545,0
642350,Jose Siri,2021,25,397,0.318,0.369,0.552,16,0.0654911838790932,0.30730478589420657,24,.436,,,,,,1
642423,Magneuris Sierra,2022,26,311,0.297,0.358,0.437,7,0.07717041800643087,0.1639871382636656,22,.339,,,,,,0
642423,Magneuris Sierra,2023,27,216,0.218,0.293,0.295,2,0.09722222222222222,0.25462962962962965,11,.292,-0.20699999999999996,-0.065,-0.14200000000000002,0.02005180421579135,0.09064249136596406,0
642451,Luis Liberato,2021,25,337,0.279,0.338,0.436,8,0.09198813056379822,0.2344213649851632,3,.342,,,,,,1
642451,Luis Liberato,2022,26,390,0.261,0.354,0.541,20,0.12307692307692308,0.25384615384615383,6,.307,0.121,0.01599999999999996,0.10500000000000004,0.031088792513124866,0.01942478886099064,0
642451,Luis Liberato,2023,27,276,0.261,0.365,0.461,9,0.14492753623188406,0.2318840579710145,8,.317,-0.06899999999999995,0.01100000000000001,-0.08000000000000002,0.02185061315496098,-0.021962095875139337,0
642451,Luis Liberato,2024,28,280,0.265,0.321,0.385,4,0.075,0.25357142857142856,7,.350,-0.1200000000000001,-0.043999999999999984,-0.07600000000000001,-0.06992753623188407,0.021687370600414063,0
642456,Luis Barrera,2021,25,386,0.276,0.348,0.393,4,0.10103626943005181,0.17357512953367876,10,.328,,,,,,1
642456,Luis Barrera,2022,26,348,0.263,0.329,0.436,8,0.08333333333333333,0.19540229885057472,9,.310,0.02400000000000002,-0.01899999999999996,0.04299999999999998,-0.017702936096718483,0.02182716931689596,0
642707,Allen Córdoba,2022,26,114,0.162,0.263,0.273,3,0.07894736842105263,0.19298245614035087,9,.173,,,,,,0
642720,Ray-Patrick Didder,2022,27,114,0.24,0.307,0.317,2,0.06140350877192982,0.3157894736842105,4,.348,,,,,,0
642720,Ray-Patrick Didder,2023,28,202,0.288,0.426,0.491,7,0.15346534653465346,0.22277227722772278,19,.360,0.29300000000000004,0.119,0.174,0.09206183776272364,-0.09301719645648773,0
642721,Kelvin Gutiérrez,2021,26,132,0.254,0.288,0.421,4,0.045454545454545456,0.21212121212121213,1,.298,,,,,,1
642721,Kelvin Gutiérrez,2022,27,238,0.242,0.315,0.384,6,0.10084033613445378,0.21428571428571427,5,.287,-0.009999999999999898,0.027000000000000024,-0.03699999999999998,0.05538579067990833,0.0021645021645021467,0
642727,Sergio Alcántara,2021,24,103,0.305,0.447,0.451,3,0.20388349514563106,0.22330097087378642,3,.393,,,,,,1
642727,Sergio Alcántara,2023,26,403,0.268,0.374,0.402,8,0.14640198511166252,0.23325062034739455,0,.343,-0.122,-0.07300000000000001,-0.04899999999999999,-0.057481510033968536,0.00994964947360813,0
642727,Sergio Alcántara,2024,27,492,0.271,0.388,0.416,8,0.15853658536585366,0.18495934959349594,8,.329,0.028000000000000025,0.014000000000000012,0.013999999999999957,0.012134600254191136,-0.04829127075389861,1
642731,Thairo Estrada,2021,25,233,0.333,0.399,0.538,9,0.08583690987124463,0.15021459227467812,6,.367,,,,,,1
642736,Domingo Leyba,2021,25,218,0.313,0.335,0.577,13,0.03669724770642202,0.14220183486238533,1,.313,,,,,,0
642736,Domingo Leyba,2023,27,167,0.257,0.343,0.41,5,0.11377245508982035,0.19161676646706588,0,.294,0.21599999999999997,0.08700000000000002,0.12899999999999995,-0.0400736987563335,0.037770612620912025,0
642851,Austin Wynns,2022,31,134,0.365,0.504,0.5,3,0.208955223880597,0.13432835820895522,1,.422,-0.006999999999999895,0.055999999999999994,-0.06299999999999994,0.09031115608398683,-0.052112319757146475,1
642851,Austin Wynns,2024,33,114,0.25,0.307,0.404,4,0.07894736842105263,0.2543859649122807,0,.306,-0.018000000000000016,0.03999999999999998,-0.057999999999999996,0.012280701754385961,-0.012280701754385948,1
643269,Will Craig,2021,26,139,0.287,0.367,0.549,8,0.10071942446043165,0.2014388489208633,0,.310,,,,,,0
643271,Narciso Crook,2021,25,286,0.245,0.36,0.448,11,0.1258741258741259,0.2692307692307692,7,.312,,,,,,1
643271,Narciso Crook,2022,26,409,0.26,0.345,0.492,19,0.08801955990220049,0.30317848410757947,13,.342,0.028999999999999915,-0.015000000000000013,0.043999999999999984,-0.037854565971925394,0.03394771487681025,0
643271,Narciso Crook,2023,27,325,0.216,0.335,0.392,10,0.12307692307692308,0.36,11,.331,-0.10999999999999988,-0.009999999999999953,-0.09999999999999998,0.03505736317472259,0.056821515892420515,0
643289,Mauricio Dubón,2021,26,283,0.332,0.41,0.498,8,0.10247349823321555,0.13427561837455831,9,.365,,,,,,1
643348,Caleb Hamilton,2022,27,251,0.233,0.367,0.442,11,0.17131474103585656,0.26693227091633465,1,.287,0.44099999999999995,0.206,0.23500000000000001,0.1067986120035985,-0.08790643876108473,1
643348,Caleb Hamilton,2023,28,159,0.167,0.27,0.304,4,0.11949685534591195,0.34591194968553457,0,.238,-0.23499999999999988,-0.09699999999999998,-0.138,-0.05181788568994461,0.07897967876919992,0
643393,Tony Kemp,2024,32,326,0.261,0.35,0.406,9,0.10736196319018405,0.11042944785276074,8,.270,,,,,,0
643436,Ryan McBroom,2021,29,489,0.261,0.337,0.524,32,0.09611451942740286,0.2229038854805726,3,.274,,,,,,0
643524,Frank Schwindel,2021,29,246,0.296,0.337,0.575,17,0.056910569105691054,0.18292682926829268,0,.298,,,,,,1
643549,Taylor Snyder,2021,26,231,0.245,0.294,0.477,12,0.06060606060606061,0.2727272727272727,9,.291,,,,,,0
643549,Taylor Snyder,2022,27,138,0.194,0.239,0.326,4,0.057971014492753624,0.45652173913043476,2,.333,-0.20599999999999996,-0.05499999999999999,-0.15099999999999997,-0.002635046113306984,0.18379446640316205,0
643565,Mike Tauchman,2021,30,154,0.266,0.37,0.438,3,0.12987012987012986,0.23376623376623376,2,.337,,,,,,0
643565,Mike Tauchman,2023,32,103,0.278,0.427,0.443,3,0.20388349514563106,0.20388349514563106,1,.333,0.061999999999999944,0.056999999999999995,0.0050000000000000044,0.0740133652755012,-0.0298827386206027,1
643590,Brandon Wagner,2021,25,165,0.158,0.307,0.263,4,0.16363636363636364,0.40606060606060607,1,.270,,,,,,0
643603,Tyler White,2021,30,443,0.292,0.424,0.476,13,0.18058690744920994,0.16478555304740405,2,.331,,,,,,0
643603,Tyler White,2022,31,437,0.23,0.357,0.412,16,0.16018306636155608,0.20137299771167047,5,.255,-0.131,-0.067,-0.064,-0.020403841087653862,0.036587444664266416,0
643603,Tyler White,2023,32,120,0.257,0.375,0.356,2,0.15,0.19166666666666668,0,.316,-0.03799999999999992,0.018000000000000016,-0.055999999999999994,-0.010183066361556081,-0.009706331045003791,0
644407,Johan Mieses,2021,25,230,0.211,0.304,0.387,8,0.09565217391304348,0.2782608695652174,3,.262,,,,,,0
644407,Johan Mieses,2022,26,230,0.271,0.387,0.536,12,0.1391304347826087,0.27391304347826084,5,.339,0.23199999999999998,0.08300000000000002,0.14900000000000002,0.043478260869565216,-0.004347826086956552,0
644433,Chadwick Tromp,2021,26,221,0.22,0.258,0.364,6,0.04524886877828054,0.23529411764705882,0,.263,,,,,,1
644433,Chadwick Tromp,2022,27,266,0.253,0.297,0.442,12,0.06015037593984962,0.20676691729323307,0,.279,0.11699999999999999,0.03899999999999998,0.07800000000000001,0.014901507161569079,-0.02852720035382575,1
644433,Chadwick Tromp,2023,28,268,0.21,0.336,0.384,10,0.16044776119402984,0.20149253731343283,0,.230,-0.019000000000000017,0.039000000000000035,-0.057999999999999996,0.10029738525418022,-0.005274379979800237,1
644433,Chadwick Tromp,2024,29,267,0.303,0.378,0.457,7,0.10861423220973783,0.1797752808988764,0,.352,0.11499999999999999,0.04199999999999998,0.07300000000000001,-0.05183352898429201,-0.021717256414556435,1
645305,Ali Sánchez,2021,24,270,0.275,0.322,0.363,4,0.06666666666666667,0.17407407407407408,0,.323,,,,,,0
645305,Ali Sánchez,2022,25,291,0.262,0.354,0.389,6,0.12027491408934708,0.2646048109965636,2,.351,0.05799999999999994,0.03199999999999997,0.026000000000000023,0.053608247422680416,0.0905307369224895,0
645305,Ali Sánchez,2023,26,267,0.311,0.375,0.492,11,0.09737827715355805,0.15730337078651685,0,.335,0.124,0.02100000000000002,0.10299999999999998,-0.022896636935789028,-0.10730144021004673,1
645305,Ali Sánchez,2024,27,174,0.226,0.31,0.361,3,0.10344827586206896,0.20114942528735633,0,.274,-0.19599999999999995,-0.065,-0.131,0.00606999870851091,0.043846054500839476,1
645444,Jose Herrera,2021,24,212,0.244,0.358,0.394,6,0.1509433962264151,0.19811320754716982,1,.288,,,,,,1
645444,Jose Herrera,2022,25,104,0.341,0.423,0.44,2,0.11538461538461539,0.09615384615384616,0,.367,0.11099999999999999,0.065,0.045999999999999985,-0.0355587808417997,-0.10195936139332366,1
645444,Jose Herrera,2023,26,119,0.257,0.364,0.376,2,0.12605042016806722,0.16806722689075632,0,.304,-0.123,-0.059,-0.064,0.010665804783451832,0.07191338073691016,1
645444,Jose Herrera,2024,27,149,0.26,0.351,0.362,2,0.12751677852348994,0.15436241610738255,0,.298,-0.027000000000000024,-0.013000000000000012,-0.014000000000000012,0.00146635835542272,-0.013704810783373766,1
645801,Mike Ford,2021,28,307,0.213,0.309,0.414,14,0.11400651465798045,0.26384364820846906,1,.247,,,,,,1
645801,Mike Ford,2022,29,137,0.248,0.38,0.372,2,0.1678832116788321,0.12408759124087591,0,.277,0.029000000000000026,0.07100000000000001,-0.04199999999999998,0.053876697020851655,-0.13975605696759313,1
645801,Mike Ford,2023,30,211,0.302,0.427,0.605,13,0.16113744075829384,0.14218009478672985,2,.300,0.28,0.046999999999999986,0.23299999999999998,-0.006745770920538269,0.01809250354585394,1
645801,Mike Ford,2024,31,105,0.297,0.381,0.538,6,0.11428571428571428,0.19047619047619047,2,.318,-0.11299999999999999,-0.045999999999999985,-0.06699999999999995,-0.046851726472579555,0.04829609568946061,0
647351,Abraham Toro,2023,26,414,0.291,0.374,0.471,8,0.11835748792270531,0.17632850241545894,8,.340,0.06099999999999994,0.02100000000000002,0.03999999999999998,-0.02657004830917875,0.0024154589371980784,1
649966,Luis Urías,2023,26,139,0.233,0.345,0.379,4,0.1366906474820144,0.2446043165467626,1,.288,,,,,,1
649966,Luis Urías,2024,27,350,0.26,0.378,0.413,10,0.13714285714285715,0.16285714285714287,8,.289,0.06699999999999995,0.03300000000000003,0.033999999999999975,0.0004522096608427506,-0.08174717368961973,1
650331,Lewin Díaz,2021,24,312,0.248,0.327,0.518,20,0.08333333333333333,0.19230769230769232,2,.246,,,,,,1
650331,Lewin Díaz,2022,25,368,0.252,0.323,0.492,19,0.08695652173913043,0.20380434782608695,0,.266,-0.030000000000000027,-0.0040000000000000036,-0.026000000000000023,0.0036231884057971037,0.011496655518394627,0
650331,Lewin Díaz,2023,26,483,0.268,0.362,0.442,17,0.12422360248447205,0.19668737060041408,2,.306,-0.010999999999999899,0.03899999999999998,-0.04999999999999999,0.037267080745341616,-0.007116977225672866,0
650339,Jermaine Palacios,2022,25,428,0.283,0.341,0.462,14,0.0794392523364486,0.2383177570093458,12,.350,,,,,,0
650339,Jermaine Palacios,2023,26,198,0.183,0.228,0.372,9,0.06060606060606061,0.3181818181818182,3,.212,-0.20300000000000007,-0.11300000000000002,-0.09000000000000002,-0.018833191730387985,0.07986406117247238,0
650506,Jose Gomez,2022,25,112,0.225,0.282,0.392,2,0.0625,0.24107142857142858,2,.288,0.09999999999999987,0.02899999999999997,0.07100000000000001,-0.0034340659340659357,-0.08859890109890109,0
650520,Micker Adolfo,2021,24,163,0.24,0.301,0.513,10,0.0736196319018405,0.32515337423312884,3,.299,,,,,,0
650520,Micker Adolfo,2022,25,367,0.231,0.287,0.417,15,0.0681198910081744,0.3542234332425068,8,.325,-0.1100000000000001,-0.014000000000000012,-0.09600000000000003,-0.005499740893666102,0.02907005900937798,0
650528,Laz Rivera,2022,27,265,0.237,0.326,0.375,7,0.08679245283018867,0.23018867924528302,9,.291,-0.1509999999999999,-0.04299999999999998,-0.10799999999999998,0.04063860667634252,0.014804063860667627,0
650528,Laz Rivera,2023,28,164,0.231,0.296,0.313,0,0.06707317073170732,0.2621951219512195,5,.324,-0.09200000000000008,-0.030000000000000027,-0.062,-0.019719282098481353,0.0320064427059365,0
650559,Bryan De La Cruz,2021,24,293,0.324,0.362,0.518,12,0.05802047781569966,0.20136518771331058,2,.373,,,,,,1
650619,Meibrys Viloria,2021,24,212,0.233,0.367,0.384,5,0.1509433962264151,0.32075471698113206,2,.350,,,,,,1
650619,Meibrys Viloria,2022,25,218,0.28,0.422,0.44,5,0.1834862385321101,0.22477064220183487,2,.364,0.11099999999999999,0.05499999999999999,0.055999999999999994,0.03254284230569501,-0.09598407477929718,1
650859,Luis Rengifo,2021,24,228,0.329,0.386,0.56,8,0.07456140350877193,0.14035087719298245,13,.357,,,,,,1
650859,Luis Rengifo,2022,25,112,0.313,0.384,0.525,4,0.10714285714285714,0.21428571428571427,2,.375,-0.03700000000000003,-0.0020000000000000018,-0.03500000000000003,0.03258145363408521,0.07393483709273183,1
650883,Dennis Ortega,2021,24,177,0.231,0.301,0.313,2,0.0847457627118644,0.2768361581920904,0,.321,,,,,,0
650907,René Pinto,2021,24,211,0.299,0.327,0.532,12,0.03317535545023697,0.27488151658767773,2,.364,,,,,,1
650907,René Pinto,2022,25,306,0.266,0.32,0.521,14,0.0718954248366013,0.2679738562091503,1,.326,-0.018000000000000016,-0.007000000000000006,-0.01100000000000001,0.03872006938636433,-0.006907660378527414,1
650907,René Pinto,2023,26,160,0.253,0.306,0.521,9,0.0625,0.2875,1,.301,-0.014000000000000012,-0.014000000000000012,0.0,-0.009395424836601302,0.01952614379084966,1
650907,René Pinto,2024,27,230,0.191,0.257,0.373,11,0.06956521739130435,0.3652173913043478,0,.250,-0.19699999999999995,-0.04899999999999999,-0.14800000000000002,0.007065217391304349,0.07771739130434785,0
650958,Michael De León,2021,24,296,0.258,0.302,0.389,7,0.057432432432432436,0.23310810810810811,0,.318,,,,,,0
650958,Michael De León,2022,25,222,0.233,0.302,0.322,3,0.08558558558558559,0.22072072072072071,0,.293,-0.06700000000000006,0.0,-0.067,0.02815315315315315,-0.0123873873873874,0
650968,Yohel Pozo,2021,24,324,0.337,0.352,0.622,23,0.021604938271604937,0.12962962962962962,0,.331,,,,,,0
650968,Yohel Pozo,2022,25,267,0.32,0.352,0.474,6,0.04119850187265917,0.1198501872659176,0,.347,-0.14800000000000002,0.0,-0.14800000000000002,0.019593563601054236,-0.009779442363712018,0
650968,Yohel Pozo,2023,26,391,0.306,0.338,0.523,18,0.04603580562659847,0.10230179028132992,2,.303,0.03500000000000003,-0.013999999999999957,0.049000000000000044,0.004837303753939294,-0.017548396984587683,0
650968,Yohel Pozo,2024,27,361,0.324,0.335,0.538,15,0.019390581717451522,0.08310249307479224,0,.316,0.01200000000000001,-0.0030000000000000027,0.015000000000000013,-0.026645223909146944,-0.01919929720653768,1
655316,Andruw Monasterio,2021,24,130,0.279,0.385,0.414,1,0.13846153846153847,0.2846153846153846,1,.411,,,,,,0
655316,Andruw Monasterio,2022,25,249,0.237,0.321,0.329,1,0.10843373493975904,0.2570281124497992,6,.327,-0.1489999999999999,-0.064,-0.08499999999999996,-0.03002780352177943,-0.02758727216558543,1
655316,Andruw Monasterio,2023,26,178,0.271,0.41,0.4,4,0.1797752808988764,0.16292134831460675,11,.309,0.16000000000000003,0.08899999999999997,0.07100000000000001,0.07134154595911736,-0.09410676413519242,1
655996,Cristian Santana,2021,24,347,0.311,0.331,0.444,8,0.03170028818443804,0.19596541786743515,0,.367,,,,,,0
655996,Cristian Santana,2022,25,504,0.271,0.325,0.392,11,0.06944444444444445,0.2222222222222222,1,.331,-0.05799999999999994,-0.006000000000000005,-0.05199999999999999,0.037744156260006406,0.026256804354787056,0
656024,Carlos Pérez,2022,25,465,0.254,0.316,0.45,21,0.07311827956989247,0.08602150537634409,2,.234,0.41200000000000003,0.11599999999999999,0.29600000000000004,-0.06021505376344086,0.019354838709677427,1
656024,Carlos Pérez,2023,26,312,0.24,0.295,0.408,12,0.060897435897435896,0.13141025641025642,0,.242,-0.06300000000000006,-0.02100000000000002,-0.04200000000000004,-0.012220843672456579,0.04538875103391232,0
656024,Carlos Pérez,2024,27,398,0.273,0.312,0.43,12,0.05025125628140704,0.10552763819095477,1,.278,0.039000000000000035,0.017000000000000015,0.02200000000000002,-0.010646179616028859,-0.025882618219301642,0
656180,Riley Adams,2021,25,148,0.233,0.372,0.475,7,0.12162162162162163,0.3108108108108108,0,.309,,,,,,1
656180,Riley Adams,2022,26,123,0.224,0.317,0.411,4,0.08943089430894309,0.3333333333333333,0,.317,-0.119,-0.05499999999999999,-0.064,-0.03219072731267854,0.022522522522522515,1
656180,Riley Adams,2024,28,170,0.285,0.385,0.528,9,0.09411764705882353,0.25882352941176473,1,.348,0.18500000000000005,0.068,0.11700000000000005,0.004686752749880438,-0.07450980392156858,1
656185,Greg Allen,2021,28,263,0.326,0.442,0.465,5,0.09885931558935361,0.17110266159695817,26,.394,,,,,,1
656185,Greg Allen,2023,30,203,0.242,0.381,0.366,3,0.12315270935960591,0.1921182266009852,26,.295,-0.539,-0.119,-0.42000000000000004,0.12315270935960591,0.004618226600985209,0
656185,Greg Allen,2024,31,218,0.225,0.338,0.36,3,0.10550458715596331,0.21559633027522937,13,.282,-0.049000000000000044,-0.04299999999999998,-0.006000000000000005,-0.017648122203642605,0.02347810367424416,1
656248,Sean Bouchard,2022,26,312,0.3,0.404,0.635,20,0.14102564102564102,0.22435897435897437,12,.333,,,,,,1
656248,Sean Bouchard,2024,28,208,0.324,0.418,0.642,11,0.1201923076923077,0.22596153846153846,5,.388,0.3370000000000001,0.010000000000000009,0.327,-0.11924431202600215,0.02877843986998918,1
656252,Bobby Bradley,2021,25,109,0.196,0.266,0.485,9,0.06422018348623854,0.3211009174311927,0,.182,,,,,,1
656252,Bobby Bradley,2022,26,198,0.174,0.268,0.359,7,0.09595959595959595,0.37373737373737376,0,.237,-0.124,0.0020000000000000018,-0.126,0.03173941247335742,0.05263645630618108,0
656260,Quinn Brodey,2022,26,116,0.2,0.241,0.409,4,0.05172413793103448,0.31896551724137934,7,.261,-0.037000000000000144,-0.05399999999999999,0.01699999999999996,-0.07187136768694305,0.004358775668345638,0
656289,Michael Cantu,2021,25,164,0.186,0.274,0.262,3,0.10975609756097561,0.34146341463414637,0,.276,,,,,,0
656289,Michael Cantu,2022,26,103,0.196,0.282,0.261,1,0.10679611650485436,0.3592233009708738,0,.315,0.006999999999999895,0.007999999999999952,-0.0010000000000000009,-0.002959981056121247,0.017759886336727426,0
656289,Michael Cantu,2023,27,143,0.185,0.294,0.274,2,0.1258741258741259,0.35664335664335667,0,.296,0.025000000000000133,0.01200000000000001,0.013000000000000012,0.019078009369271523,-0.002579944327517125,0
656308,Michael Chavis,2021,25,217,0.271,0.346,0.531,14,0.06451612903225806,0.25806451612903225,2,.306,,,,,,1
656308,Michael Chavis,2024,28,457,0.257,0.333,0.444,16,0.0787746170678337,0.21663019693654267,10,.302,-0.09999999999999998,-0.012999999999999956,-0.08700000000000002,0.01425848803557564,-0.04143431919248958,0
656309,Carl Chester,2021,25,362,0.186,0.235,0.305,7,0.055248618784530384,0.34806629834254144,6,.271,,,,,,0
656340,Brett Cumberland,2021,26,335,0.187,0.352,0.33,10,0.11940298507462686,0.32238805970149254,1,.268,,,,,,0
656340,Brett Cumberland,2022,27,160,0.226,0.338,0.343,4,0.10625,0.275,0,.303,-0.0009999999999998899,-0.013999999999999957,0.013000000000000012,-0.013152985074626866,-0.04738805970149251,0
656364,Greg Deichmann,2021,26,392,0.274,0.388,0.435,7,0.1556122448979592,0.25,10,.369,,,,,,0
656364,Greg Deichmann,2022,27,282,0.214,0.271,0.335,7,0.07092198581560284,0.32269503546099293,8,.298,-0.21699999999999986,-0.11699999999999999,-0.09999999999999998,-0.08469025908235635,0.07269503546099293,0
656364,Greg Deichmann,2023,28,201,0.261,0.318,0.484,9,0.06965174129353234,0.2835820895522388,9,.328,0.19599999999999995,0.046999999999999986,0.14899999999999997,-0.0012702445220705016,-0.03911294590875414,0
656371,Isan Díaz,2021,25,116,0.243,0.328,0.485,5,0.09482758620689655,0.25862068965517243,0,.294,,,,,,0
656371,Isan Díaz,2022,26,340,0.268,0.371,0.56,23,0.12941176470588237,0.25882352941176473,7,.304,0.1180000000000001,0.04299999999999998,0.07500000000000007,0.03458417849898582,0.00020283975659229903,1
656371,Isan Díaz,2023,27,135,0.235,0.326,0.487,9,0.11851851851851852,0.31851851851851853,3,.284,-0.1180000000000001,-0.044999999999999984,-0.07300000000000006,-0.010893246187363842,0.059694989106753804,0
656388,Joe Dunand,2021,25,229,0.201,0.276,0.373,8,0.07423580786026202,0.3056768558951965,0,.258,,,,,,1
656388,Joe Dunand,2022,26,340,0.214,0.313,0.342,6,0.10882352941176471,0.3088235294117647,6,.308,0.006000000000000005,0.03699999999999998,-0.030999999999999972,0.03458772155150269,0.0031466735165682214,0
656388,Joe Dunand,2023,27,403,0.268,0.362,0.481,17,0.11166253101736973,0.2655086848635236,3,.336,0.18799999999999994,0.04899999999999999,0.13899999999999996,0.0028390016056050182,-0.04331484454824114,0
656403,Drew Ellis,2021,25,358,0.294,0.399,0.615,20,0.12849162011173185,0.2430167597765363,1,.344,,,,,,1
656403,Drew Ellis,2022,26,468,0.226,0.355,0.455,19,0.1581196581196581,0.25,6,.269,-0.20399999999999996,-0.04400000000000004,-0.15999999999999998,0.029628038007926266,0.006983240223463694,1
656403,Drew Ellis,2023,27,298,0.224,0.336,0.433,13,0.1342281879194631,0.23154362416107382,3,.254,-0.041000000000000036,-0.01899999999999996,-0.02200000000000002,-0.023891470200195025,-0.018456375838926176,0
656403,Drew Ellis,2024,28,134,0.243,0.373,0.414,5,0.15671641791044777,0.1865671641791045,2,.272,0.017999999999999905,0.03699999999999998,-0.019000000000000017,0.02248822999098468,-0.044976459981969336,0
656413,Stuart Fairchild,2021,25,182,0.295,0.385,0.564,9,0.12087912087912088,0.21428571428571427,7,.336,,,,,,1
656413,Stuart Fairchild,2022,26,221,0.258,0.353,0.489,11,0.09049773755656108,0.27149321266968324,7,.314,-0.10699999999999998,-0.03200000000000003,-0.07499999999999996,-0.030381383322559796,0.05720749838396896,1
656413,Stuart Fairchild,2023,27,114,0.277,0.384,0.447,4,0.09649122807017543,0.23684210526315788,3,.344,-0.01100000000000001,0.031000000000000028,-0.04199999999999998,0.00599349051361435,-0.034651107406525355,1
656431,Ti'Quan Forbes,2021,24,174,0.237,0.305,0.34,2,0.08045977011494253,0.25862068965517243,2,.315,,,,,,0
656448,Stone Garrett,2022,26,440,0.275,0.332,0.568,28,0.075,0.23863636363636365,15,.302,0.7329999999999999,0.165,0.568,-0.09166666666666666,0.07196969696969699,1
656448,Stone Garrett,2024,28,274,0.247,0.338,0.336,3,0.10583941605839416,0.3029197080291971,1,.367,-0.32599999999999996,-0.16199999999999998,-0.16399999999999998,0.10583941605839416,0.0529197080291971,0
656449,Jake Gatewood,2021,25,487,0.227,0.281,0.471,28,0.059548254620123205,0.3490759753593429,6,.291,,,,,,0
656449,Jake Gatewood,2022,26,428,0.211,0.261,0.439,22,0.053738317757009345,0.32710280373831774,2,.258,-0.052000000000000046,-0.020000000000000018,-0.03199999999999997,-0.00580993686311386,-0.02197317162102519,0
656455,Michael Gettys,2021,25,166,0.201,0.271,0.349,5,0.07228915662650602,0.3614457831325301,7,.291,,,,,,0
656462,Isiah Gilliam,2022,25,180,0.253,0.339,0.468,6,0.1111111111111111,0.32222222222222224,4,.358,,,,,,0
656462,Isiah Gilliam,2023,26,101,0.253,0.386,0.41,3,0.1485148514851485,0.24752475247524752,3,.327,-0.01100000000000001,0.046999999999999986,-0.05800000000000005,0.0374037403740374,-0.07469746974697472,0
656462,Isiah Gilliam,2024,27,139,0.222,0.396,0.435,4,0.22302158273381295,0.31654676258992803,6,.333,0.03499999999999992,0.010000000000000009,0.025000000000000022,0.07450673124866444,0.06902201011468051,0
656467,Chris Gittens,2021,27,184,0.301,0.44,0.644,14,0.1956521739130435,0.25,0,.345,,,,,,0
656484,Tristan Gray,2021,25,275,0.246,0.313,0.427,8,0.08363636363636363,0.29454545454545455,1,.329,,,,,,0
656484,Tristan Gray,2022,26,500,0.225,0.282,0.487,33,0.06,0.318,4,.259,0.028999999999999915,-0.031000000000000028,0.06,-0.023636363636363636,0.02345454545454545,1
656484,Tristan Gray,2023,27,525,0.235,0.312,0.485,30,0.08761904761904762,0.3161904761904762,2,.292,0.028000000000000025,0.030000000000000027,-0.0020000000000000018,0.027619047619047626,-0.0018095238095238164,1
656484,Tristan Gray,2024,28,469,0.251,0.322,0.467,19,0.08742004264392324,0.2579957356076759,0,.304,-0.007999999999999896,0.010000000000000009,-0.01799999999999996,-0.00019900497512438664,-0.058194740582800275,1
656494,Taylor Gushue,2021,27,277,0.223,0.295,0.377,8,0.09025270758122744,0.2996389891696751,0,.297,,,,,,0
656494,Taylor Gushue,2022,28,208,0.201,0.324,0.316,4,0.15384615384615385,0.3125,0,.292,-0.03199999999999992,0.029000000000000026,-0.061,0.06359344626492641,0.012861010830324926,0
656495,Dalton Guthrie,2021,25,139,0.292,0.328,0.438,2,0.03597122302158273,0.22302158273381295,2,.371,,,,,,1
656495,Dalton Guthrie,2022,26,374,0.302,0.363,0.476,10,0.06417112299465241,0.19518716577540107,21,.359,0.07299999999999995,0.034999999999999976,0.03799999999999998,0.02819989997306968,-0.02783441695841188,1
656495,Dalton Guthrie,2023,27,343,0.274,0.363,0.385,4,0.09620991253644315,0.21282798833819241,7,.350,-0.09099999999999997,0.0,-0.09099999999999997,0.032038789541790735,0.017640822562791342,0
656495,Dalton Guthrie,2024,28,156,0.254,0.321,0.303,1,0.08333333333333333,0.20512820512820512,11,.321,-0.124,-0.04199999999999998,-0.08200000000000002,-0.01287657920310982,-0.007699783209987293,0
656509,Monte Harrison,2021,25,308,0.242,0.331,0.446,15,0.10064935064935066,0.39285714285714285,24,.370,,,,,,1
656509,Monte Harrison,2022,26,331,0.236,0.326,0.389,9,0.11782477341389729,0.3413897280966767,28,.349,-0.061999999999999944,-0.0050000000000000044,-0.056999999999999995,0.01717542276454663,-0.051467414760466124,0
656509,Monte Harrison,2023,27,296,0.208,0.277,0.316,5,0.07432432432432433,0.4155405405405405,18,.359,-0.12200000000000011,-0.04899999999999999,-0.07300000000000001,-0.04350044908957296,0.07415081244386379,0
656514,Adam Haseley,2021,25,170,0.224,0.282,0.295,3,0.07058823529411765,0.19411764705882353,7,.264,,,,,,1
656514,Adam Haseley,2022,26,463,0.239,0.305,0.411,15,0.06911447084233262,0.16846652267818574,18,.259,0.139,0.02300000000000002,0.11599999999999999,-0.0014737644517850285,-0.025651124380637796,1
656514,Adam Haseley,2023,27,313,0.264,0.338,0.386,6,0.08945686900958466,0.16613418530351437,10,.306,0.008000000000000007,0.03300000000000003,-0.024999999999999967,0.020342398167252043,-0.002332337374671367,0
656537,Derek Hill,2021,25,141,0.32,0.377,0.504,4,0.07092198581560284,0.2765957446808511,4,.434,,,,,,1
656537,Derek Hill,2022,26,255,0.229,0.296,0.401,7,0.08627450980392157,0.26666666666666666,8,.290,-0.18399999999999994,-0.08100000000000002,-0.10299999999999998,0.015352523988318725,-0.009929078014184411,1
656537,Derek Hill,2023,27,360,0.317,0.373,0.509,11,0.08055555555555556,0.19444444444444445,16,.371,0.18499999999999994,0.07700000000000001,0.10799999999999998,-0.005718954248366007,-0.07222222222222222,1
656537,Derek Hill,2024,28,185,0.348,0.416,0.622,8,0.0918918918918919,0.23783783783783785,7,.434,0.15600000000000003,0.04299999999999998,0.11299999999999999,0.011336336336336336,0.043393393393393404,1
656541,Sam Hilliard,2021,27,213,0.239,0.324,0.548,14,0.107981220657277,0.2863849765258216,6,.272,,,,,,1
656541,Sam Hilliard,2022,28,158,0.308,0.405,0.669,13,0.13291139240506328,0.2468354430379747,4,.337,0.20199999999999996,0.08100000000000002,0.121,0.02493017174778628,-0.03954953348784693,1
656541,Sam Hilliard,2024,30,305,0.288,0.374,0.542,14,0.12459016393442623,0.25245901639344265,13,.352,0.17000000000000004,-0.064,0.23400000000000004,-0.06290983606557377,-0.06004098360655735,1
656568,Scott Hurst,2021,25,305,0.203,0.291,0.301,4,0.10819672131147541,0.3081967213114754,5,.294,,,,,,0
656568,Scott Hurst,2022,26,371,0.286,0.399,0.434,10,0.14555256064690028,0.18328840970350405,18,.338,0.241,0.10800000000000004,0.133,0.03735583933542487,-0.12490831160797136,0
656577,Alex Jackson,2021,25,123,0.287,0.366,0.694,11,0.08943089430894309,0.2845528455284553,1,.317,,,,,,1
656577,Alex Jackson,2022,26,123,0.217,0.309,0.368,2,0.0975609756097561,0.23577235772357724,1,.273,-0.383,-0.056999999999999995,-0.32599999999999996,0.00813008130081301,-0.04878048780487804,0
656577,Alex Jackson,2023,27,248,0.284,0.347,0.556,16,0.07258064516129033,0.25,0,.324,0.22599999999999998,0.03799999999999998,0.18800000000000006,-0.024980330448465773,0.014227642276422758,1
656577,Alex Jackson,2024,28,118,0.238,0.322,0.533,8,0.1016949152542373,0.2288135593220339,0,.243,-0.04800000000000004,-0.024999999999999967,-0.02300000000000002,0.029114270092946967,-0.0211864406779661,1
656582,Connor Joe,2021,28,110,0.326,0.418,0.696,9,0.13636363636363635,0.2,1,.333,,,,,,1
656627,Mark Kolozsvary,2022,26,142,0.168,0.293,0.294,3,0.09154929577464789,0.30985915492957744,0,.236,-0.02200000000000002,-0.006000000000000005,-0.016000000000000014,0.04677317637166282,-0.03342442715997479,1
656656,Trace Loehr,2021,26,130,0.261,0.315,0.361,0,0.06923076923076923,0.25384615384615383,1,.356,,,,,,0
656666,Drew Lugbauer,2024,27,322,0.206,0.283,0.408,15,0.09627329192546584,0.40683229813664595,0,.306,0.06699999999999995,0.006999999999999951,0.06,0.035048802129547474,-0.04214729370008874,0
656669,Jordan Luplow,2023,29,222,0.242,0.347,0.43,8,0.12162162162162163,0.16666666666666666,2,.255,-0.31200000000000006,0.013999999999999957,-0.326,0.07995495495495497,-0.020833333333333343,0
656669,Jordan Luplow,2024,30,254,0.255,0.343,0.45,10,0.11023622047244094,0.2047244094488189,12,.286,0.016000000000000125,-0.003999999999999948,0.020000000000000018,-0.011385401149180685,0.03805774278215224,0
656695,J.J. Matijevic,2021,25,317,0.245,0.325,0.504,16,0.10410094637223975,0.30914826498422715,4,.314,,,,,,1
656695,J.J. Matijevic,2022,26,282,0.285,0.372,0.561,16,0.11702127659574468,0.24113475177304963,10,.331,0.10400000000000009,0.046999999999999986,0.05700000000000005,0.01292033022350493,-0.06801351321117752,0
656695,J.J. Matijevic,2023,27,495,0.244,0.329,0.441,16,0.10909090909090909,0.24646464646464647,8,.300,-0.16300000000000003,-0.04299999999999998,-0.12000000000000005,-0.007930367504835598,0.005329894691596837,0
656716,Zach McKinstry,2021,26,171,0.272,0.368,0.51,7,0.11695906432748537,0.15204678362573099,4,.287,,,,,,1
656716,Zach McKinstry,2022,27,223,0.335,0.417,0.487,4,0.1210762331838565,0.14798206278026907,0,.382,0.025999999999999912,0.04899999999999999,-0.02300000000000002,0.004117168856371131,-0.004064720845461917,1
656734,Evan Mendoza,2021,25,445,0.242,0.305,0.29,1,0.08089887640449438,0.23595505617977527,15,.320,,,,,,0
656734,Evan Mendoza,2022,26,421,0.247,0.348,0.325,4,0.1330166270783848,0.1330166270783848,17,.281,0.07800000000000007,0.04299999999999998,0.03500000000000003,0.05211775067389042,-0.10293842910139048,0
656807,Josh Ockimey,2021,25,360,0.225,0.358,0.416,15,0.17222222222222222,0.325,0,.309,,,,,,0
656807,Josh Ockimey,2022,26,210,0.202,0.314,0.393,8,0.13333333333333333,0.2761904761904762,1,.246,-0.06699999999999995,-0.043999999999999984,-0.022999999999999965,-0.03888888888888889,-0.0488095238095238,0
656821,Kevin Padlo,2021,24,403,0.224,0.305,0.443,20,0.10173697270471464,0.28287841191067,6,.265,,,,,,1
656821,Kevin Padlo,2022,25,344,0.255,0.331,0.438,12,0.09302325581395349,0.2616279069767442,13,.320,0.02100000000000002,0.026000000000000023,-0.0050000000000000044,-0.008713716890761156,-0.021250504933925773,1
656821,Kevin Padlo,2023,26,406,0.261,0.384,0.45,13,0.16502463054187191,0.2413793103448276,9,.327,0.06500000000000006,0.05299999999999999,0.01200000000000001,0.07200137472791843,-0.02024859663191661,0
656821,Kevin Padlo,2024,27,276,0.189,0.312,0.361,9,0.14855072463768115,0.286231884057971,9,.234,-0.16100000000000003,-0.07200000000000001,-0.08900000000000002,-0.01647390590419076,0.04485257371314341,0
656847,DJ Peters,2021,25,204,0.233,0.319,0.372,4,0.09803921568627451,0.28431372549019607,1,.319,,,,,,0
656883,Jakson Reetz,2022,26,153,0.235,0.301,0.471,8,0.058823529411764705,0.23529411764705882,1,.253,0.08800000000000008,0.01200000000000001,0.07599999999999996,-0.00784313725490196,-0.0980392156862745,0
656883,Jakson Reetz,2023,27,322,0.243,0.342,0.5,17,0.10248447204968944,0.2795031055900621,4,.295,0.07000000000000006,0.041000000000000036,0.029000000000000026,0.043660942637924735,0.044208987943003264,1
656883,Jakson Reetz,2024,28,235,0.254,0.368,0.431,5,0.12340425531914893,0.20425531914893616,1,.310,-0.04300000000000015,0.025999999999999968,-0.069,0.020919783269459494,-0.07524778644112592,0
656896,Emmanuel Rivera,2021,25,282,0.286,0.348,0.592,19,0.07801418439716312,0.20567375886524822,3,.300,,,,,,1
656896,Emmanuel Rivera,2023,27,129,0.33,0.395,0.598,5,0.09302325581395349,0.13953488372093023,1,.348,0.08499999999999996,0.007000000000000006,0.07799999999999996,-0.024623803009575923,-0.048700410396716826,1
656953,Colton Shaver,2021,25,220,0.192,0.332,0.412,12,0.1409090909090909,0.39545454545454545,0,.277,,,,,,0
656967,Evan Skoug,2023,27,147,0.171,0.299,0.325,4,0.1360544217687075,0.29931972789115646,0,.224,0.19500000000000006,0.156,0.039000000000000035,0.1360544217687075,0.013605442176870763,0
656976,Pavin Smith,2023,27,290,0.318,0.428,0.506,9,0.15862068965517243,0.16206896551724137,2,.360,-0.125,0.016000000000000014,-0.14100000000000001,0.15862068965517243,0.10324543610547667,1
656976,Pavin Smith,2024,28,289,0.318,0.433,0.564,13,0.1695501730103806,0.1695501730103806,1,.350,0.06299999999999994,0.0050000000000000044,0.05799999999999994,0.010929483355208186,0.007481207493139241,1
657011,Troy Stokes Jr.,2021,25,239,0.188,0.297,0.309,4,0.11297071129707113,0.23430962343096234,9,.238,,,,,,0
657017,Cole Sturgeon,2022,30,194,0.247,0.311,0.351,1,0.07731958762886598,0.14948453608247422,7,.288,,,,,,0
657027,Nick Tanielu,2021,28,355,0.233,0.299,0.415,14,0.07887323943661972,0.19718309859154928,2,.251,,,,,,0
657027,Nick Tanielu,2022,29,318,0.236,0.322,0.379,6,0.10377358490566038,0.1949685534591195,2,.282,-0.0129999999999999,0.02300000000000002,-0.035999999999999976,0.024900345469040658,-0.002214545132429774,0
657041,Lane Thomas,2021,25,140,0.278,0.343,0.476,5,0.08571428571428572,0.2642857142857143,3,.353,,,,,,1
657061,Cole Tucker,2021,24,263,0.223,0.35,0.373,6,0.155893536121673,0.22053231939163498,9,.276,,,,,,1
657061,Cole Tucker,2022,25,170,0.212,0.282,0.285,2,0.09411764705882353,0.27647058823529413,5,.286,-0.15600000000000003,-0.068,-0.08800000000000002,-0.061775889062849476,0.055938268843659156,1
657061,Cole Tucker,2023,26,321,0.28,0.391,0.407,5,0.1526479750778816,0.2087227414330218,7,.354,0.2310000000000001,0.10900000000000004,0.122,0.05853032801905808,-0.06774784680227233,1
657061,Cole Tucker,2024,27,231,0.251,0.351,0.344,3,0.1341991341991342,0.24242424242424243,1,.333,-0.10300000000000009,-0.040000000000000036,-0.063,-0.018448840878747402,0.03370150099122063,0
657064,Justin Twine,2021,25,247,0.229,0.263,0.372,5,0.024291497975708502,0.39271255060728744,12,.361,,,,,,0
657088,Forrest Wall,2021,25,336,0.266,0.343,0.36,1,0.08928571428571429,0.25892857142857145,35,.370,,,,,,0
657088,Forrest Wall,2022,26,467,0.255,0.333,0.354,6,0.08993576017130621,0.2676659528907923,52,.349,-0.016000000000000014,-0.010000000000000009,-0.006000000000000005,0.0006500458855919211,0.008737381462220861,1
657088,Forrest Wall,2023,27,411,0.28,0.372,0.427,8,0.12652068126520682,0.21897810218978103,52,.351,0.11199999999999988,0.03899999999999998,0.07300000000000001,0.036584921093900616,-0.04868785070101128,1
657088,Forrest Wall,2024,28,342,0.278,0.381,0.392,6,0.12280701754385964,0.2573099415204678,20,.381,-0.025999999999999912,0.009000000000000008,-0.034999999999999976,-0.0037136637213471824,0.03833183933068679,0
657089,Logan Warmoth,2021,25,413,0.228,0.35,0.357,9,0.13559322033898305,0.33171912832929784,17,.347,,,,,,0
657089,Logan Warmoth,2022,26,338,0.229,0.325,0.375,7,0.11242603550295859,0.2781065088757396,14,.309,-0.007000000000000006,-0.024999999999999967,0.018000000000000016,-0.023167184836024465,-0.05361261945355822,0
657108,Evan White,2022,26,107,0.204,0.308,0.484,7,0.12149532710280374,0.21495327102803738,0,.190,-0.42599999999999993,-0.07700000000000001,-0.349,0.04457225017972681,0.061107117181883525,0
657129,Marcus Wilson,2021,24,437,0.24,0.364,0.421,14,0.15560640732265446,0.3340961098398169,15,.356,,,,,,1
657129,Marcus Wilson,2022,25,355,0.218,0.344,0.464,16,0.14929577464788732,0.35492957746478876,14,.310,0.02300000000000013,-0.020000000000000018,0.04300000000000004,-0.0063106326747671415,0.020833467624971846,0
657136,Connor Wong,2021,25,208,0.256,0.288,0.442,8,0.04326923076923077,0.27884615384615385,7,.323,,,,,,1
657136,Connor Wong,2022,26,355,0.288,0.349,0.489,15,0.07605633802816901,0.22535211267605634,7,.341,0.10799999999999998,0.061,0.046999999999999986,0.03278710725893824,-0.05349404117009751,1
657144,Justin Yurchak,2023,26,288,0.26,0.372,0.393,6,0.14583333333333334,0.16666666666666666,1,.300,,,,,,0
657193,Eddy Alvarez,2021,31,138,0.288,0.423,0.441,4,0.13043478260869565,0.1956521739130435,2,.350,,,,,,1
657193,Eddy Alvarez,2022,32,215,0.322,0.439,0.554,8,0.13023255813953488,0.2558139534883721,3,.430,0.12900000000000011,0.016000000000000014,0.11300000000000004,-0.00020222446916076664,0.06016177957532862,0
657193,Eddy Alvarez,2023,33,259,0.286,0.402,0.476,7,0.14285714285714285,0.22393822393822393,17,.356,-0.1150000000000001,-0.03699999999999998,-0.07800000000000007,0.012624584717607967,-0.03187572955014817,1
657193,Eddy Alvarez,2024,34,454,0.247,0.349,0.462,18,0.10792951541850221,0.24008810572687225,18,.295,-0.06700000000000006,-0.05300000000000005,-0.013999999999999957,-0.03492762743864064,0.016149881788648318,0
657247,Brian O'Keefe,2021,27,248,0.253,0.347,0.465,13,0.125,0.2903225806451613,1,.318,,,,,,1
657247,Brian O'Keefe,2022,28,352,0.253,0.33,0.449,13,0.09090909090909091,0.22727272727272727,1,.300,-0.03300000000000003,-0.01699999999999996,-0.016000000000000014,-0.03409090909090909,-0.06304985337243404,1
657247,Brian O'Keefe,2023,29,403,0.238,0.328,0.504,23,0.1141439205955335,0.2456575682382134,2,.262,0.05300000000000005,-0.0020000000000000018,0.05499999999999999,0.023234829686442582,0.01838484096548612,0
657247,Brian O'Keefe,2024,30,280,0.281,0.364,0.554,18,0.12142857142857143,0.19642857142857142,0,.289,0.08599999999999997,0.035999999999999976,0.050000000000000044,0.007284650833037934,-0.04922899680964196,0
657253,Chris Rabago,2021,28,178,0.234,0.333,0.325,3,0.11797752808988764,0.24157303370786518,4,.306,,,,,,0
657253,Chris Rabago,2022,29,103,0.178,0.267,0.256,2,0.07766990291262135,0.3106796116504854,1,.250,-0.135,-0.066,-0.069,-0.040307625177266285,0.06910657794262023,0
657434,Brian O'Grady,2021,29,329,0.281,0.366,0.547,15,0.1094224924012158,0.25835866261398177,10,.346,,,,,,0
657446,Zack Zehner,2021,28,237,0.239,0.333,0.371,4,0.12658227848101267,0.29535864978902954,6,.338,,,,,,0
657510,Andrew Bechtold,2022,26,136,0.22,0.324,0.373,5,0.1323529411764706,0.3161764705882353,0,.300,,,,,,0
657510,Andrew Bechtold,2023,27,206,0.257,0.335,0.464,8,0.10679611650485436,0.27184466019417475,0,.325,0.10199999999999998,0.01100000000000001,0.09100000000000003,-0.025556824671616227,-0.044331810394060533,0
657557,Paul DeJong,2022,28,230,0.249,0.313,0.552,17,0.08695652173913043,0.22608695652173913,1,.237,0.565,0.213,0.35200000000000004,0.08695652173913043,0.02608695652173912,1
657562,Patrick Dorrian,2022,26,353,0.206,0.303,0.4,14,0.11898016997167139,0.31444759206798867,4,.270,0.45300000000000007,0.178,0.275,0.11898016997167139,-0.18555240793201133,0
657562,Patrick Dorrian,2023,27,407,0.238,0.312,0.466,21,0.08353808353808354,0.31203931203931207,4,.301,0.07499999999999996,0.009000000000000008,0.066,-0.03544208643358786,-0.0024082800286766015,0
657562,Patrick Dorrian,2024,28,276,0.172,0.275,0.251,3,0.11956521739130435,0.286231884057971,2,.239,-0.252,-0.03699999999999998,-0.21500000000000002,0.036027133853220816,-0.025807427981341058,0
657658,Braxton Lee,2021,27,171,0.233,0.318,0.307,0,0.1111111111111111,0.23391812865497075,1,.315,,,,,,0
657672,Scott Manea,2022,26,337,0.196,0.315,0.284,4,0.12759643916913946,0.27299703264094954,0,.272,,,,,,0
657674,Kyle Martin,2022,29,300,0.257,0.352,0.529,17,0.12,0.2833333333333333,0,.312,,,,,,0
657675,Rudy Martin Jr.,2021,25,176,0.223,0.333,0.385,6,0.13636363636363635,0.3409090909090909,11,.325,,,,,,0
657709,Michael Papierski,2021,25,410,0.246,0.379,0.375,7,0.15609756097560976,0.2073170731707317,1,.307,,,,,,1
657709,Michael Papierski,2022,26,222,0.232,0.329,0.363,6,0.11711711711711711,0.17567567567567569,0,.257,-0.062000000000000055,-0.04999999999999999,-0.01200000000000001,-0.03898044385849264,-0.03164139749505601,0
657709,Michael Papierski,2023,27,305,0.266,0.37,0.422,8,0.1377049180327869,0.21311475409836064,0,.321,0.10000000000000009,0.04099999999999998,0.059,0.02058780091566978,0.03743907842268496,0
657709,Michael Papierski,2024,28,336,0.242,0.358,0.372,6,0.14583333333333334,0.19940476190476192,1,.292,-0.062000000000000055,-0.01200000000000001,-0.04999999999999999,0.008128415300546449,-0.013709992193598725,0
657733,Roberto Ramos,2022,27,143,0.158,0.287,0.342,5,0.14685314685314685,0.3776223776223776,0,.226,,,,,,0
657739,Jamie Ritchie,2021,28,336,0.317,0.417,0.43,4,0.12797619047619047,0.15476190476190477,0,.374,,,,,,0
657739,Jamie Ritchie,2022,29,120,0.242,0.375,0.283,0,0.175,0.16666666666666666,0,.304,-0.18900000000000006,-0.04199999999999998,-0.14700000000000002,0.04702380952380952,0.01190476190476189,0
657739,Jamie Ritchie,2023,30,214,0.233,0.364,0.278,1,0.16822429906542055,0.1822429906542056,2,.292,-0.015999999999999903,-0.01100000000000001,-0.004999999999999949,-0.006775700934579437,0.015576323987538943,0
657740,Jeremy Rivera,2021,26,156,0.27,0.351,0.365,2,0.09615384615384616,0.1794871794871795,3,.327,,,,,,0
657757,Gavin Sheets,2021,25,254,0.295,0.362,0.507,11,0.0984251968503937,0.21653543307086615,1,.344,,,,,,1
657780,Will Toffey,2022,27,388,0.242,0.35,0.42,9,0.12371134020618557,0.3118556701030928,9,.354,-0.014999999999999902,-0.056999999999999995,0.04199999999999998,-0.014586532134239966,-0.1030379469181838,0
658069,Joshua Fuentes,2021,28,210,0.269,0.324,0.492,9,0.05238095238095238,0.20476190476190476,1,.303,,,,,,0
658069,Joshua Fuentes,2022,29,112,0.162,0.205,0.2,1,0.03571428571428571,0.38392857142857145,1,.258,-0.41100000000000003,-0.11900000000000002,-0.292,-0.01666666666666667,0.1791666666666667,0
658069,Joshua Fuentes,2023,30,260,0.227,0.3,0.339,5,0.07692307692307693,0.2,3,.270,0.23399999999999999,0.095,0.139,0.041208791208791215,-0.18392857142857144,0
658531,Miguelangel Sierra,2021,23,238,0.193,0.287,0.391,10,0.08823529411764706,0.3445378151260504,3,.256,,,,,,0
658668,Edward Olivares,2021,25,292,0.313,0.397,0.559,15,0.09931506849315068,0.15753424657534246,12,.333,,,,,,1
658668,Edward Olivares,2024,28,108,0.263,0.343,0.379,3,0.08333333333333333,0.1388888888888889,9,.282,-0.33699999999999997,-0.08099999999999996,-0.256,0.03248587570621468,-0.0475517890772128,0
660294,Yoshi Tsutsugo,2021,29,180,0.257,0.361,0.507,10,0.14444444444444443,0.17777777777777778,0,.252,,,,,,1
660294,Yoshi Tsutsugo,2022,30,154,0.301,0.422,0.52,7,0.18181818181818182,0.2662337662337662,0,.385,0.07399999999999995,0.061,0.013000000000000012,0.03737373737373739,0.08845598845598843,0
660294,Yoshi Tsutsugo,2023,31,224,0.247,0.393,0.427,6,0.1875,0.2767857142857143,2,.339,-0.12199999999999989,-0.02899999999999997,-0.09300000000000003,0.005681818181818177,0.01055194805194809,0
660563,Joseph Rosa,2023,26,121,0.276,0.364,0.362,0,0.10743801652892562,0.23140495867768596,3,.372,-0.14800000000000002,-0.04799999999999999,-0.10000000000000003,-0.1278561011181332,-0.06271268838113758,0
660613,Ronaldo Hernández,2022,24,439,0.261,0.297,0.451,17,0.04783599088838269,0.20956719817767655,0,.295,-0.09600000000000009,-0.10300000000000004,0.007000000000000006,0.014502657555049356,-0.023766135155656787,0
660613,Ronaldo Hernández,2023,25,393,0.242,0.336,0.445,17,0.10432569974554708,0.17557251908396945,2,.250,0.03300000000000003,0.039000000000000035,-0.006000000000000005,0.05648970885716439,-0.0339946790937071,0
660613,Ronaldo Hernández,2024,26,237,0.311,0.357,0.507,11,0.046413502109704644,0.1518987341772152,0,.331,0.08299999999999996,0.020999999999999963,0.062,-0.05791219763584243,-0.02367378490675426,0
660614,Arquímedes Gamboa,2021,23,111,0.234,0.351,0.351,2,0.14414414414414414,0.21621621621621623,4,.294,,,,,,0
660614,Arquímedes Gamboa,2022,24,296,0.239,0.337,0.349,4,0.125,0.23310810810810811,7,.311,-0.016000000000000014,-0.013999999999999957,-0.0020000000000000018,-0.019144144144144143,0.016891891891891886,0
660614,Arquímedes Gamboa,2024,26,183,0.215,0.322,0.335,4,0.1366120218579235,0.2677595628415301,2,.286,-0.028999999999999915,-0.015000000000000013,-0.013999999999999957,0.01161202185792351,0.03465145473342196,0
660620,Jonathan Araúz,2021,22,267,0.245,0.326,0.365,6,0.11235955056179775,0.16853932584269662,2,.274,,,,,,1
660620,Jonathan Araúz,2022,23,144,0.205,0.271,0.265,0,0.0763888888888889,0.1527777777777778,2,.245,-0.15500000000000003,-0.05499999999999999,-0.09999999999999998,-0.035970661672908855,-0.015761548064918834,1
660620,Jonathan Araúz,2023,24,415,0.239,0.34,0.415,14,0.13253012048192772,0.21686746987951808,2,.276,0.21899999999999997,0.069,0.14999999999999997,0.056141231593038826,0.06408969210174029,0
660620,Jonathan Araúz,2024,25,245,0.227,0.286,0.324,3,0.07755102040816327,0.22857142857142856,2,.287,-0.14500000000000002,-0.05400000000000005,-0.09099999999999997,-0.054979100073764456,0.011703958691910488,0
660634,Yonny Hernández,2021,23,251,0.25,0.424,0.323,1,0.20318725099601595,0.1752988047808765,21,.320,,,,,,1
660634,Yonny Hernández,2022,24,298,0.241,0.349,0.324,1,0.1174496644295302,0.15771812080536912,30,.293,-0.07399999999999995,-0.07500000000000001,0.0010000000000000009,-0.08573758656648575,-0.017580683975507383,1
660634,Yonny Hernández,2023,25,407,0.252,0.395,0.342,4,0.18427518427518427,0.19901719901719903,17,.320,0.06400000000000006,0.04600000000000004,0.018000000000000016,0.06682551984565407,0.041299078211829904,0
660634,Yonny Hernández,2024,26,322,0.241,0.333,0.309,2,0.10869565217391304,0.17701863354037267,13,.295,-0.09500000000000008,-0.062,-0.03300000000000003,-0.07557953210127123,-0.021998565476826354,0
660636,Diego Castillo,2022,24,151,0.246,0.331,0.358,3,0.09271523178807947,0.2185430463576159,2,.306,-0.22499999999999987,-0.08299999999999996,-0.14200000000000002,-0.09299905392620625,0.03282876064333018,1
660636,Diego Castillo,2023,25,556,0.313,0.431,0.41,3,0.17446043165467626,0.1420863309352518,13,.370,0.1519999999999999,0.09999999999999998,0.05199999999999999,0.08174519986659678,-0.0764567154223641,1
660636,Diego Castillo,2024,26,470,0.261,0.364,0.397,9,0.13404255319148936,0.14893617021276595,13,.293,-0.07999999999999996,-0.067,-0.012999999999999956,-0.040417878463186896,0.006849839277514147,0
660644,Vidal Bruján,2021,23,441,0.262,0.345,0.44,12,0.1111111111111111,0.15419501133786848,44,.290,,,,,,1
660644,Vidal Bruján,2022,24,290,0.292,0.369,0.44,6,0.09310344827586207,0.16551724137931034,26,.338,0.02400000000000002,0.02400000000000002,0.0,-0.01800766283524903,0.011322230041441866,1
660644,Vidal Bruján,2023,25,276,0.272,0.362,0.477,10,0.11231884057971014,0.17753623188405798,19,.302,0.030000000000000027,-0.007000000000000006,0.03699999999999998,0.01921539230384807,0.01201899050474764,1
660650,Dérmis Garcia,2022,24,278,0.264,0.349,0.498,13,0.11510791366906475,0.29856115107913667,4,.338,,,,,,0
660650,Dérmis Garcia,2023,25,198,0.263,0.359,0.532,12,0.1111111111111111,0.3181818181818182,3,.340,0.04400000000000004,0.010000000000000009,0.03400000000000003,-0.003996802557953649,0.01962066710268151,0
660688,Keibert Ruiz,2021,22,316,0.31,0.377,0.616,21,0.0949367088607595,0.10443037974683544,0,.290,,,,,,1
660707,Elehuris Montero,2021,22,121,0.278,0.355,0.546,6,0.08264462809917356,0.1652892561983471,0,.293,,,,,,1
660707,Elehuris Montero,2022,23,297,0.31,0.392,0.541,15,0.09090909090909091,0.21212121212121213,4,.354,0.03200000000000003,0.03700000000000003,-0.0050000000000000044,0.008264462809917356,0.046831955922865015,1
660707,Elehuris Montero,2023,24,163,0.359,0.411,0.718,15,0.08588957055214724,0.17177914110429449,0,.346,0.19599999999999995,0.01899999999999996,0.17699999999999994,-0.005019520356943669,-0.04034207101691764,1
660707,Elehuris Montero,2024,25,297,0.309,0.397,0.582,16,0.12121212121212122,0.26262626262626265,1,.384,-0.15000000000000002,-0.013999999999999957,-0.136,0.03532255065997397,0.09084712152196817,0
660710,Rodolfo Durán,2023,25,240,0.252,0.329,0.444,8,0.09166666666666666,0.22083333333333333,1,.299,-0.07300000000000006,0.016000000000000014,-0.08900000000000002,0.02916666666666666,-0.029166666666666674,0
660710,Rodolfo Durán,2024,26,108,0.265,0.299,0.363,2,0.037037037037037035,0.16666666666666666,1,.305,-0.1110000000000001,-0.030000000000000027,-0.08100000000000002,-0.054629629629629625,-0.05416666666666667,0
660731,Anderson Tejeda,2021,23,111,0.152,0.236,0.273,3,0.0990990990990991,0.42342342342342343,8,.245,,,,,,0
660757,Oscar Gonzalez,2021,23,305,0.269,0.305,0.503,18,0.036065573770491806,0.24918032786885247,0,.306,,,,,,1
660757,Oscar Gonzalez,2022,24,182,0.282,0.308,0.506,9,0.03296703296703297,0.14285714285714285,0,.286,0.006000000000000005,0.0030000000000000027,0.0030000000000000027,-0.003098540803458838,-0.10632318501170962,1
660757,Oscar Gonzalez,2023,25,362,0.287,0.323,0.496,13,0.052486187845303865,0.2292817679558011,2,.339,0.004999999999999893,0.015000000000000013,-0.010000000000000009,0.019519154878270897,0.08642462509865825,0
660757,Oscar Gonzalez,2024,26,306,0.294,0.333,0.469,8,0.049019607843137254,0.20261437908496732,7,.349,-0.016999999999999904,0.010000000000000009,-0.027000000000000024,-0.003466580002166611,-0.02666738887083378,1
660758,Sandro Fabian,2022,24,109,0.212,0.284,0.394,4,0.06422018348623854,0.1651376146788991,0,.221,,,,,,0
660758,Sandro Fabian,2023,25,483,0.288,0.331,0.523,23,0.047619047619047616,0.15113871635610765,6,.297,0.17600000000000016,0.04700000000000004,0.129,-0.01660113586719092,-0.013998898322791442,1
660758,Sandro Fabian,2024,26,501,0.27,0.343,0.462,17,0.08982035928143713,0.15169660678642716,4,.291,-0.049000000000000044,0.01200000000000001,-0.061,0.04220131166238951,0.0005578904303195076,0
660766,Juan Yepez,2021,23,357,0.289,0.382,0.589,22,0.11764705882352941,0.19327731092436976,1,.304,,,,,,1
660766,Juan Yepez,2022,24,208,0.277,0.341,0.58,16,0.08173076923076923,0.22115384615384615,0,.283,-0.04999999999999993,-0.04099999999999998,-0.009000000000000008,-0.03591628959276018,0.02787653522947639,1
660766,Juan Yepez,2023,25,384,0.255,0.323,0.413,9,0.0859375,0.19010416666666666,2,.294,-0.18500000000000005,-0.018000000000000016,-0.16699999999999998,0.004206730769230768,-0.031049679487179488,1
660766,Juan Yepez,2024,26,319,0.263,0.357,0.438,11,0.12539184952978055,0.14106583072100312,3,.276,0.05899999999999994,0.033999999999999975,0.025000000000000022,0.03945434952978055,-0.049038335945663536,0
660821,Jesús Sánchez,2021,23,155,0.348,0.406,0.652,10,0.07741935483870968,0.1870967741935484,1,.382,,,,,,1
660821,Jesús Sánchez,2022,24,183,0.308,0.399,0.465,6,0.11475409836065574,0.21311475409836064,4,.377,-0.19399999999999995,-0.007000000000000006,-0.187,0.03733474352194606,0.02601797990481225,1
660829,Hoy Park,2021,25,254,0.306,0.46,0.518,10,0.20866141732283464,0.20866141732283464,9,.371,,,,,,1
660829,Hoy Park,2022,26,375,0.225,0.332,0.354,10,0.13866666666666666,0.264,14,.292,-0.29200000000000004,-0.128,-0.16400000000000003,-0.06999475065616798,0.05533858267716538,0
660829,Hoy Park,2023,27,389,0.262,0.385,0.379,6,0.15424164524421594,0.2210796915167095,16,.341,0.07800000000000007,0.05299999999999999,0.025000000000000022,0.015574978577549276,-0.04292030848329051,0
660829,Hoy Park,2024,28,434,0.254,0.374,0.397,9,0.1543778801843318,0.22580645161290322,15,.323,0.007000000000000006,-0.01100000000000001,0.018000000000000016,0.00013623494011585913,0.004726760096193716,0
660844,Leo Rivas,2022,24,164,0.243,0.35,0.336,2,0.1402439024390244,0.2804878048780488,8,.348,,,,,,0
660844,Leo Rivas,2024,26,266,0.296,0.441,0.424,4,0.20676691729323307,0.19172932330827067,24,.368,0.17900000000000005,0.09100000000000003,0.08799999999999997,0.06652301485420867,-0.08875848156977814,1
660857,Yorman Rodriguez,2021,23,104,0.323,0.356,0.545,6,0.019230769230769232,0.19230769230769232,0,.356,,,,,,0
660857,Yorman Rodriguez,2023,25,178,0.276,0.322,0.411,3,0.06179775280898876,0.12921348314606743,3,.302,-0.16800000000000004,-0.033999999999999975,-0.13400000000000006,0.04256698357821953,-0.06309420916162489,0
661388,William Contreras,2021,23,171,0.29,0.357,0.516,9,0.07602339181286549,0.21052631578947367,0,.327,,,,,,1
661411,Lorenzo Cedrola,2022,24,504,0.267,0.303,0.356,4,0.025793650793650792,0.16666666666666666,15,.316,-0.10299999999999998,-0.030000000000000027,-0.07300000000000001,-0.025488400488400488,0.11538461538461538,0
661411,Lorenzo Cedrola,2023,25,229,0.25,0.373,0.41,6,0.1091703056768559,0.11790393013100436,15,.265,0.12399999999999989,0.07,0.05399999999999999,0.08337665488320511,-0.04876273653566229,0
661411,Lorenzo Cedrola,2024,26,103,0.275,0.35,0.396,1,0.07766990291262135,0.1553398058252427,9,.320,-0.03699999999999992,-0.02300000000000002,-0.013999999999999957,-0.03150040276423455,0.03743587569423834,0
661531,Brian Serven,2021,26,276,0.25,0.308,0.504,16,0.057971014492753624,0.2210144927536232,1,.266,,,,,,1
661531,Brian Serven,2023,28,162,0.199,0.241,0.331,5,0.04938271604938271,0.3148148148148148,0,.258,-0.33999999999999997,-0.16500000000000004,-0.175,-0.11728395061728394,0.15856481481481483,1
661531,Brian Serven,2024,29,159,0.265,0.39,0.379,3,0.16352201257861634,0.2893081761006289,0,.386,0.19699999999999995,0.14900000000000002,0.04799999999999999,0.11413929652923363,-0.025506638714185903,0
661539,Jake Palomaki,2022,26,364,0.304,0.387,0.37,2,0.10714285714285714,0.15384615384615385,10,.362,,,,,,0
661541,Donovan Casey,2021,25,147,0.179,0.245,0.291,2,0.061224489795918366,0.3877551020408163,5,.289,,,,,,0
661541,Donovan Casey,2022,26,317,0.216,0.278,0.345,7,0.0694006309148265,0.305993690851735,6,.296,0.08699999999999997,0.03300000000000003,0.05399999999999999,0.008176141118908131,-0.08176141118908131,0
661733,Max Burt,2021,24,120,0.187,0.261,0.29,1,0.09166666666666666,0.275,2,.257,,,,,,0
663330,Jahmai Jones,2021,23,295,0.243,0.337,0.431,11,0.11864406779661017,0.2305084745762712,11,.287,,,,,,0
663330,Jahmai Jones,2022,24,118,0.212,0.339,0.343,2,0.11864406779661017,0.19491525423728814,2,.257,-0.08599999999999997,0.0020000000000000018,-0.08799999999999997,0.0,-0.035593220338983045,1
663330,Jahmai Jones,2023,25,445,0.268,0.413,0.466,12,0.18651685393258427,0.21797752808988763,12,.337,0.19699999999999995,0.07399999999999995,0.123,0.0678727861359741,0.023062273852599485,1
663330,Jahmai Jones,2024,26,119,0.304,0.39,0.49,4,0.09243697478991597,0.21008403361344538,10,.365,0.0010000000000000009,-0.022999999999999965,0.023999999999999966,-0.0940798791426683,-0.007893494476442248,1
663368,Blake Perkins,2022,25,114,0.244,0.384,0.419,3,0.14912280701754385,0.22807017543859648,4,.295,,,,,,1
663368,Blake Perkins,2023,26,182,0.308,0.396,0.5,4,0.13186813186813187,0.21428571428571427,5,.383,0.09300000000000008,0.01200000000000001,0.08100000000000002,-0.01725467514941198,-0.013784461152882205,1
663402,Anderson Miller,2021,27,251,0.215,0.304,0.406,12,0.09561752988047809,0.26693227091633465,9,.246,,,,,,0
663411,Joe McCarthy,2021,27,315,0.305,0.384,0.542,15,0.10158730158730159,0.19365079365079366,4,.342,,,,,,0
663457,Lars Nootbaar,2021,23,136,0.308,0.404,0.496,6,0.125,0.18382352941176472,1,.349,,,,,,1
663478,Brendon Davis,2021,23,133,0.333,0.409,0.641,8,0.07518796992481203,0.21052631578947367,3,.383,,,,,,1
663478,Brendon Davis,2022,24,589,0.235,0.34,0.423,20,0.12393887945670629,0.22920203735144312,8,.278,-0.28700000000000003,-0.06899999999999995,-0.21800000000000003,0.04875090953189426,0.01867572156196945,0
663478,Brendon Davis,2023,25,156,0.178,0.288,0.363,5,0.11538461538461539,0.30128205128205127,1,.229,-0.11199999999999999,-0.052000000000000046,-0.06,-0.008554264072090895,0.07208001393060814,0
663524,Cornelius Randolph,2021,24,164,0.234,0.323,0.386,5,0.11585365853658537,0.3048780487804878,5,.322,,,,,,0
663527,Tyler Nevin,2021,24,453,0.227,0.305,0.392,16,0.09271523178807947,0.20088300220750552,1,.251,,,,,,1
663527,Tyler Nevin,2022,25,191,0.291,0.382,0.479,7,0.1099476439790576,0.18848167539267016,4,.333,0.16399999999999992,0.07700000000000001,0.08699999999999997,0.017232412190978125,-0.012401326814835356,1
663527,Tyler Nevin,2023,26,385,0.326,0.4,0.543,15,0.0987012987012987,0.16883116883116883,4,.364,0.08200000000000007,0.018000000000000016,0.06400000000000006,-0.01124634527775889,-0.01965050656150133,1
663536,Tristin English,2023,26,371,0.293,0.38,0.514,17,0.1078167115902965,0.2210242587601078,1,.342,,,,,,0
663536,Tristin English,2024,27,479,0.263,0.326,0.424,16,0.06680584551148225,0.19832985386221294,3,.301,-0.14400000000000002,-0.05399999999999999,-0.09000000000000002,-0.041010866078814254,-0.02269440489789487,1
663544,LJ Talley,2022,25,343,0.285,0.35,0.437,8,0.07871720116618076,0.1924198250728863,12,.338,,,,,,0
663544,LJ Talley,2023,26,220,0.219,0.332,0.332,4,0.14545454545454545,0.19545454545454546,5,.262,-0.12299999999999989,-0.01799999999999996,-0.10499999999999998,0.06673734428836468,0.0030347203816591672,0
663550,Trey Cabbage,2023,26,474,0.306,0.379,0.596,30,0.0949367088607595,0.29957805907172996,32,.394,,,,,,1
663550,Trey Cabbage,2024,27,291,0.243,0.351,0.474,13,0.140893470790378,0.3436426116838488,22,.346,-0.15000000000000002,-0.028000000000000025,-0.122,0.045956761929618506,0.044064552612118835,0
663584,Hayden Senger,2024,27,166,0.252,0.323,0.401,3,0.07228915662650602,0.23493975903614459,0,.321,0.15900000000000003,0.062,0.09700000000000003,0.07228915662650602,-0.06940806705081196,1
663604,Brandon Lockridge,2023,26,211,0.288,0.37,0.364,1,0.10426540284360189,0.24644549763033174,23,.397,,,,,,1
663604,Brandon Lockridge,2024,27,402,0.306,0.41,0.397,2,0.1417910447761194,0.22885572139303484,46,.415,0.07299999999999995,0.03999999999999998,0.03300000000000003,0.037525641932517506,-0.017589776237296906,1
663605,Garrett Whitley,2021,24,108,0.172,0.269,0.301,2,0.08333333333333333,0.3333333333333333,3,.246,,,,,,0
663605,Garrett Whitley,2022,25,186,0.196,0.36,0.311,3,0.1935483870967742,0.3548387096774194,9,.329,0.10099999999999998,0.09099999999999997,0.010000000000000009,0.11021505376344086,0.021505376344086058,0
663609,Luken Baker,2022,25,513,0.228,0.288,0.394,21,0.07212475633528265,0.25146198830409355,0,.265,-0.2470000000000001,-0.14100000000000001,-0.10599999999999998,0.07212475633528265,-0.034252297410192145,1
663609,Luken Baker,2023,26,380,0.334,0.439,0.72,33,0.15526315789473685,0.2,0,.344,0.4770000000000001,0.15100000000000002,0.32599999999999996,0.0831384015594542,-0.05146198830409354,1
663609,Luken Baker,2024,27,452,0.231,0.345,0.535,32,0.14823008849557523,0.24336283185840707,0,.228,-0.279,-0.09400000000000003,-0.18499999999999994,-0.007033069399161623,0.04336283185840706,1
663616,Trevor Larnach,2023,26,323,0.271,0.384,0.504,15,0.15479876160990713,0.2786377708978328,2,.339,0.373,0.09100000000000003,0.28200000000000003,0.05723778600015103,0.01034508797100353,1
663630,Ryan McKenna,2021,24,123,0.307,0.423,0.683,11,0.17073170731707318,0.2682926829268293,7,.345,,,,,,1
663630,Ryan McKenna,2024,27,229,0.215,0.308,0.369,6,0.1091703056768559,0.2183406113537118,15,.252,-0.0029999999999998916,0.045999999999999985,-0.04899999999999999,0.010809649939150984,-0.1259216837282554,0
663662,Daz Cameron,2021,24,181,0.296,0.365,0.5,6,0.08287292817679558,0.2154696132596685,7,.356,,,,,,1
663662,Daz Cameron,2022,25,430,0.24,0.312,0.392,10,0.08604651162790698,0.28604651162790695,19,.322,-0.16100000000000003,-0.05299999999999999,-0.10799999999999998,0.003173583451111406,0.07057689836823844,0
663662,Daz Cameron,2023,26,446,0.268,0.346,0.452,16,0.09641255605381166,0.21300448430493274,23,.307,0.09400000000000008,0.033999999999999975,0.06,0.010366044425904677,-0.07304202732297421,1
663662,Daz Cameron,2024,27,165,0.307,0.424,0.577,6,0.16363636363636364,0.21212121212121213,8,.375,0.20299999999999985,0.07800000000000001,0.12499999999999994,0.06722380758255198,-0.0008832721837206126,1
663698,Joey Bart,2021,24,279,0.294,0.358,0.472,10,0.07526881720430108,0.2939068100358423,0,.398,,,,,,1
663698,Joey Bart,2023,26,244,0.248,0.357,0.393,6,0.12295081967213115,0.2827868852459016,1,.338,0.0020000000000000018,0.0020000000000000018,0.0,0.05843469063987308,0.08923849814912743,1
663708,Gabriel Cancel,2021,24,227,0.238,0.304,0.51,14,0.0881057268722467,0.29955947136563876,12,.280,,,,,,0
663708,Gabriel Cancel,2022,25,302,0.221,0.305,0.333,5,0.09271523178807947,0.3211920529801324,6,.323,-0.17600000000000005,0.0010000000000000009,-0.177,0.004609504915832771,0.021632581614493662,0
663708,Gabriel Cancel,2024,27,138,0.228,0.362,0.439,6,0.16666666666666666,0.3115942028985507,3,.308,0.16299999999999992,0.056999999999999995,0.10599999999999998,0.07395143487858719,-0.009597850081581705,0
663714,Matt Kroon,2024,27,280,0.251,0.325,0.441,11,0.07857142857142857,0.25,15,.304,-0.399,-0.14200000000000002,-0.25699999999999995,-0.0661654135338346,0.05263157894736842,0
663728,Cal Raleigh,2021,24,199,0.324,0.377,0.608,9,0.07035175879396985,0.12562814070351758,3,.327,,,,,,1
663731,Connor Kaiser,2023,26,363,0.238,0.353,0.404,9,0.14325068870523416,0.2644628099173554,16,.315,0.118,-0.064,0.18200000000000002,-0.023415977961432494,0.09779614325068872,0
663731,Connor Kaiser,2024,27,347,0.221,0.343,0.339,6,0.14121037463976946,0.3170028818443804,5,.333,-0.07499999999999996,-0.009999999999999953,-0.065,-0.0020403140654647045,0.052540071927025034,1
663743,Nick Fortes,2021,24,152,0.237,0.322,0.378,4,0.06578947368421052,0.11842105263157894,0,.248,,,,,,1
663743,Nick Fortes,2022,25,120,0.257,0.342,0.381,3,0.09166666666666666,0.14166666666666666,1,.279,0.02300000000000013,0.020000000000000018,0.0030000000000000027,0.025877192982456138,0.023245614035087722,1
663760,Cadyn Grenier,2022,25,392,0.199,0.337,0.316,5,0.15816326530612246,0.25255102040816324,12,.270,0.28200000000000003,0.04300000000000004,0.239,-0.07713085234093636,-0.0415666266506603,0
663796,Coco Montes,2022,25,479,0.274,0.359,0.5,20,0.10438413361169102,0.27348643006263046,13,.351,,,,,,1
663796,Coco Montes,2023,26,507,0.317,0.4,0.55,22,0.11637080867850098,0.2564102564102564,11,.400,0.09100000000000008,0.041000000000000036,0.050000000000000044,0.011986675066809963,-0.01707617365237407,0
663796,Coco Montes,2024,27,297,0.335,0.414,0.551,9,0.12457912457912458,0.18181818181818182,5,.388,0.015000000000000013,0.013999999999999957,0.0010000000000000009,0.008208315900623597,-0.07459207459207456,1
663799,Curtis Terry,2021,24,411,0.275,0.349,0.533,22,0.0705596107055961,0.22871046228710462,3,.311,,,,,,0
663799,Curtis Terry,2022,25,342,0.25,0.348,0.429,10,0.11695906432748537,0.16374269005847952,0,.277,-0.1050000000000001,-0.0010000000000000009,-0.10400000000000004,0.04639945362188927,-0.0649677722286251,0
663837,Matt Vierling,2021,24,236,0.248,0.331,0.359,5,0.1016949152542373,0.19491525423728814,5,.291,,,,,,1
663845,Alfonso Rivas III,2021,24,237,0.284,0.405,0.411,4,0.14767932489451477,0.20675105485232068,0,.361,,,,,,1
663845,Alfonso Rivas III,2022,25,106,0.298,0.368,0.415,1,0.09433962264150944,0.2641509433962264,0,.409,-0.03300000000000014,-0.03700000000000003,0.0040000000000000036,-0.05333970225300533,0.057399888543905736,1
663845,Alfonso Rivas III,2023,26,260,0.332,0.462,0.582,9,0.18846153846153846,0.19230769230769232,8,.400,0.2610000000000001,0.09400000000000003,0.16699999999999998,0.09412191582002902,-0.0718432510885341,0
663845,Alfonso Rivas III,2024,27,381,0.229,0.354,0.337,3,0.13123359580052493,0.24146981627296588,1,.311,-0.353,-0.10800000000000004,-0.24499999999999994,-0.057227942661013526,0.04916212396527356,0
663853,Romy Gonzalez,2022,25,135,0.198,0.281,0.339,4,0.0962962962962963,0.3333333333333333,5,.278,-0.5009999999999999,-0.13599999999999995,-0.36499999999999994,0.012962962962962968,0.08333333333333331,1
663871,Ethan Paul,2021,24,150,0.205,0.322,0.252,1,0.13333333333333333,0.3466666666666667,3,.338,,,,,,0
663891,Nelson Maldonado,2022,25,253,0.229,0.279,0.359,5,0.06324110671936758,0.1976284584980237,3,.268,,,,,,0
663897,Luke Williams,2021,24,143,0.27,0.329,0.341,0,0.08391608391608392,0.20279720279720279,7,.337,,,,,,1
663897,Luke Williams,2023,26,414,0.259,0.353,0.423,12,0.12077294685990338,0.21497584541062803,28,.309,-0.10699999999999998,-0.061,-0.045999999999999985,-0.017158087622855242,-0.09536898217557888,1
663897,Luke Williams,2024,27,241,0.282,0.344,0.495,9,0.08713692946058091,0.2572614107883817,18,.351,0.06299999999999994,-0.009000000000000008,0.07200000000000001,-0.03363601739932247,0.04228556537775369,1
663905,Travis Blankenhorn,2021,24,229,0.246,0.354,0.456,10,0.13537117903930132,0.28820960698689957,3,.317,,,,,,1
663905,Travis Blankenhorn,2022,25,369,0.267,0.342,0.465,15,0.08672086720867209,0.23848238482384823,10,.322,-0.0030000000000000027,-0.011999999999999955,0.009000000000000008,-0.048650311830629234,-0.04972722216305134,1
663905,Travis Blankenhorn,2023,26,455,0.262,0.36,0.517,23,0.11208791208791209,0.24175824175824176,0,.307,0.06999999999999995,0.01799999999999996,0.05199999999999999,0.025367044879240006,0.0032758569343935284,1
663905,Travis Blankenhorn,2024,27,453,0.238,0.322,0.499,26,0.09050772626931568,0.26048565121412803,2,.268,-0.05600000000000005,-0.03799999999999998,-0.018000000000000016,-0.021580185818596415,0.018727409455886274,0
663911,Nick Plummer,2021,24,102,0.267,0.455,0.44,2,0.19607843137254902,0.17647058823529413,4,.327,,,,,,1
663911,Nick Plummer,2022,25,270,0.238,0.33,0.379,7,0.09259259259259259,0.2962962962962963,8,.327,-0.18599999999999994,-0.125,-0.061,-0.10348583877995643,0.11982570806100215,0
663923,Brendt Citta,2022,25,163,0.257,0.331,0.431,5,0.08588957055214724,0.27607361963190186,0,.333,,,,,,0
663944,Cody Roberts,2024,28,160,0.29,0.373,0.406,1,0.10625,0.31875,2,.448,-0.2679999999999999,-0.09100000000000003,-0.17699999999999994,-0.03660714285714285,0.1044642857142857,0
663967,César Salazar,2023,27,222,0.191,0.362,0.272,2,0.13963963963963963,0.14864864864864866,3,.223,0.14100000000000001,0.08899999999999997,0.05200000000000002,0.06388206388206387,-0.048321048321048304,1
663967,César Salazar,2024,28,321,0.253,0.378,0.41,8,0.14018691588785046,0.14018691588785046,1,.274,0.15400000000000003,0.016000000000000014,0.13799999999999996,0.0005472762482108262,-0.008461732760798202,1
663968,Jake Mangum,2022,26,148,0.333,0.365,0.471,2,0.0472972972972973,0.1554054054054054,7,.383,,,,,,0
663968,Jake Mangum,2023,27,515,0.298,0.346,0.425,5,0.05436893203883495,0.1766990291262136,16,.356,-0.06500000000000006,-0.019000000000000017,-0.045999999999999985,0.007071634741537651,0.021293623720808202,0
663968,Jake Mangum,2024,28,428,0.317,0.357,0.442,6,0.053738317757009345,0.1705607476635514,20,.373,0.028000000000000025,0.01100000000000001,0.017000000000000015,-0.0006306142818256061,-0.0061382814626622095,1
664009,Brantley Bell,2021,26,264,0.199,0.278,0.267,1,0.09090909090909091,0.22348484848484848,8,.260,,,,,,0
664011,Trey Amburgey,2021,26,288,0.276,0.337,0.475,8,0.08680555555555555,0.28125,1,.364,,,,,,0
664011,Trey Amburgey,2022,27,218,0.208,0.28,0.381,9,0.0871559633027523,0.30275229357798167,1,.260,-0.15100000000000002,-0.056999999999999995,-0.09399999999999997,0.00035040774719674594,0.021502293577981668,0
664029,Mark Mathias,2022,27,237,0.322,0.422,0.518,9,0.1308016877637131,0.24050632911392406,13,.407,,,,,,1
664029,Mark Mathias,2023,28,204,0.292,0.402,0.411,4,0.14705882352941177,0.24509803921568626,4,.385,-0.127,-0.019999999999999962,-0.10700000000000004,0.016257135765698677,0.004591710101762209,0
664041,Jaylin Davis,2021,26,186,0.23,0.317,0.503,11,0.0913978494623656,0.3172043010752688,3,.277,,,,,,1
664041,Jaylin Davis,2022,27,393,0.215,0.316,0.356,9,0.11704834605597965,0.30788804071246817,4,.302,-0.14800000000000013,-0.0010000000000000009,-0.14700000000000002,0.025650496593614056,-0.009316260362800644,0
664041,Jaylin Davis,2023,28,309,0.22,0.34,0.436,13,0.13268608414239483,0.29449838187702265,2,.280,0.10400000000000009,0.02400000000000002,0.08000000000000002,0.01563773808641518,-0.013389658835445517,0
664051,Mitchell Tolman,2021,27,243,0.263,0.34,0.474,9,0.07407407407407407,0.2345679012345679,3,.315,,,,,,0
664051,Mitchell Tolman,2022,28,423,0.251,0.35,0.425,11,0.11583924349881797,0.20094562647754138,6,.298,-0.039000000000000146,0.009999999999999953,-0.04899999999999999,0.0417651694247439,-0.033622274757026505,0
664057,Andrew Stevenson,2022,28,604,0.279,0.344,0.457,16,0.076158940397351,0.2251655629139073,39,.343,-0.28300000000000014,-0.12200000000000005,-0.16099999999999998,0.02443480246631651,0.0355103905001142,1
664057,Andrew Stevenson,2023,29,470,0.317,0.394,0.522,16,0.08936170212765958,0.20638297872340425,44,.383,0.1150000000000001,0.050000000000000044,0.065,0.013202761730308585,-0.01878258419050305,0
664058,David Fletcher,2023,29,380,0.33,0.382,0.428,4,0.07105263157894737,0.06315789473684211,6,.345,0.3510000000000001,0.14700000000000002,0.204,0.031836945304437564,-0.07409700722394222,1
664058,David Fletcher,2024,30,160,0.246,0.319,0.275,0,0.1,0.10625,5,.276,-0.21599999999999997,-0.063,-0.15299999999999997,0.02894736842105264,0.04309210526315789,0
664059,Sam Haggerty,2022,28,179,0.283,0.369,0.5,6,0.1005586592178771,0.18994413407821228,15,.325,,,,,,1
664059,Sam Haggerty,2023,29,222,0.324,0.419,0.578,8,0.13063063063063063,0.16666666666666666,19,.361,0.1279999999999999,0.04999999999999999,0.07799999999999996,0.03007197141275353,-0.023277467411545627,1
664060,Kyle Holder,2021,27,287,0.216,0.295,0.276,1,0.08362369337979095,0.23344947735191637,2,.288,,,,,,0
664060,Kyle Holder,2022,28,170,0.197,0.276,0.276,2,0.08823529411764706,0.2529411764705882,0,.259,-0.018999999999999906,-0.01899999999999996,0.0,0.004611600737856117,0.01949169911867185,0
664068,Scott Kingery,2022,28,366,0.23,0.348,0.37,7,0.14754098360655737,0.29508196721311475,18,.330,0.119,0.04099999999999998,0.07800000000000001,-0.00018628912071536052,-0.011736214605067075,0
664068,Scott Kingery,2023,29,466,0.244,0.325,0.4,13,0.10300429184549356,0.28969957081545067,24,.328,0.007000000000000117,-0.022999999999999965,0.030000000000000027,-0.04453669176106381,-0.00538239639766408,0
664068,Scott Kingery,2024,30,505,0.268,0.316,0.488,25,0.06732673267326733,0.2732673267326733,25,.327,0.07899999999999996,-0.009000000000000008,0.08799999999999997,-0.03567755917222623,-0.01643224408277738,1
664088,Connor Marabell,2021,27,363,0.291,0.336,0.442,8,0.049586776859504134,0.1790633608815427,4,.338,,,,,,0
664104,Tyler Neslony,2022,28,101,0.266,0.317,0.372,2,0.06930693069306931,0.2376237623762376,4,.338,,,,,,0
664104,Tyler Neslony,2023,29,183,0.244,0.333,0.406,6,0.11475409836065574,0.24043715846994534,7,.297,0.050000000000000044,0.016000000000000014,0.03400000000000003,0.04544716766758643,0.002813396093707732,0
664119,Austin Allen,2021,27,299,0.317,0.351,0.584,20,0.043478260869565216,0.18394648829431437,0,.332,,,,,,1
664119,Austin Allen,2022,28,223,0.287,0.365,0.472,7,0.09417040358744394,0.25112107623318386,0,.366,-0.09799999999999998,0.014000000000000012,-0.11199999999999999,0.050692142717878724,0.06717458793886949,0
664119,Austin Allen,2023,29,366,0.225,0.311,0.491,23,0.09836065573770492,0.22950819672131148,0,.229,-0.03499999999999992,-0.05399999999999999,0.019000000000000017,0.004190252150260976,-0.02161287951187238,0
664119,Austin Allen,2024,30,162,0.261,0.29,0.438,8,0.037037037037037035,0.2839506172839506,1,.317,-0.07400000000000007,-0.02100000000000002,-0.05299999999999999,-0.06132361870066788,0.05444242056263912,0
664120,Max McDowell,2021,27,162,0.227,0.381,0.297,1,0.12345679012345678,0.21604938271604937,3,.304,,,,,,0
664120,Max McDowell,2022,28,215,0.193,0.293,0.278,2,0.10697674418604651,0.23255813953488372,3,.250,-0.10699999999999998,-0.08800000000000002,-0.01899999999999996,-0.016480045937410273,0.016508756818834347,0
664120,Max McDowell,2024,30,190,0.172,0.254,0.32,7,0.06315789473684211,0.3368421052631579,1,.222,-0.18299999999999983,-0.09399999999999997,-0.08899999999999997,0.01967963386727689,0.07597254004576659,0
664247,Kyle Garlick,2023,31,355,0.242,0.346,0.45,14,0.12112676056338029,0.30985915492957744,2,.322,-0.10199999999999998,-0.0020000000000000018,-0.10000000000000003,-0.009308022045315362,-0.03796693202694429,0
664247,Kyle Garlick,2024,32,623,0.237,0.329,0.444,28,0.11396468699839486,0.27447833065810595,1,.288,-0.02300000000000002,-0.01699999999999996,-0.006000000000000005,-0.0071620735649854245,-0.03538082427147149,0
664314,Estevan Florial,2021,23,362,0.218,0.315,0.404,13,0.11602209944751381,0.30939226519337015,13,.291,,,,,,1
664314,Estevan Florial,2022,24,461,0.283,0.368,0.481,15,0.11713665943600868,0.3036876355748373,39,.398,0.1299999999999999,0.05299999999999999,0.07699999999999996,0.0011145599884948704,-0.005704629618532853,1
664314,Estevan Florial,2023,25,482,0.284,0.38,0.565,28,0.13692946058091288,0.2987551867219917,25,.362,0.09599999999999997,0.01200000000000001,0.08399999999999996,0.0197928011449042,-0.004932448852845606,1
664314,Estevan Florial,2024,26,231,0.213,0.32,0.371,9,0.12987012987012986,0.3116883116883117,22,.280,-0.2539999999999999,-0.06,-0.19399999999999995,-0.007059330710783018,0.012933124966319987,0
664332,Moisés Gómez,2022,23,244,0.266,0.34,0.541,16,0.10245901639344263,0.3442622950819672,3,.353,,,,,,0
664332,Moisés Gómez,2023,24,567,0.232,0.293,0.457,30,0.06878306878306878,0.31746031746031744,5,.287,-0.131,-0.04700000000000004,-0.08400000000000002,-0.033675947610373846,-0.026801977621649764,0
664332,Moisés Gómez,2024,25,162,0.208,0.284,0.299,3,0.09876543209876543,0.3395061728395062,0,.307,-0.16700000000000004,-0.009000000000000008,-0.15800000000000003,0.029982363315696647,0.02204585537918874,0
664670,Alejo Lopez,2021,25,290,0.303,0.386,0.446,6,0.11379310344827587,0.07241379310344828,6,.308,,,,,,1
664670,Alejo Lopez,2022,26,182,0.256,0.33,0.363,3,0.09340659340659341,0.11538461538461539,2,.273,-0.139,-0.055999999999999994,-0.08300000000000002,-0.02038651004168246,0.04297082228116711,1
664670,Alejo Lopez,2023,27,558,0.292,0.401,0.41,7,0.14157706093189965,0.13620071684587814,18,.334,0.11799999999999988,0.07100000000000001,0.046999999999999986,0.04817046752530624,0.020816101461262754,0
664670,Alejo Lopez,2024,28,473,0.307,0.392,0.397,4,0.09936575052854123,0.13530655391120508,21,.354,-0.02199999999999991,-0.009000000000000008,-0.012999999999999956,-0.04221131040335842,-0.0008941629346730651,0
664702,Myles Straw,2024,29,495,0.24,0.321,0.329,3,0.10707070707070707,0.1919191919191919,30,.297,,,,,,1
664728,Kyle Isbel,2021,24,451,0.269,0.357,0.444,15,0.09977827050997783,0.2017738359201774,22,.314,,,,,,1
664731,P.J. Higgins,2023,30,398,0.305,0.382,0.476,11,0.10552763819095477,0.21105527638190955,1,.370,-0.21099999999999997,-0.118,-0.09299999999999997,-0.03400724552997546,0.02500876475400257,0
664731,P.J. Higgins,2024,31,568,0.259,0.32,0.385,11,0.07922535211267606,0.24647887323943662,0,.332,-0.1529999999999999,-0.062,-0.09099999999999997,-0.02630228607827871,0.03542359685752708,0
664750,Chad De La Guerra,2021,28,177,0.197,0.311,0.342,3,0.12994350282485875,0.3220338983050847,6,.293,,,,,,0
664753,Marty Costes,2021,25,153,0.262,0.392,0.459,4,0.16339869281045752,0.17647058823529413,4,.298,,,,,,0
664753,Marty Costes,2022,26,248,0.258,0.359,0.39,5,0.0967741935483871,0.18548387096774194,10,.307,-0.10199999999999998,-0.03300000000000003,-0.069,-0.06662449926207042,0.009013282732447808,0
664753,Marty Costes,2023,27,197,0.251,0.365,0.389,2,0.1218274111675127,0.18274111675126903,7,.310,0.0050000000000000044,0.006000000000000005,-0.0010000000000000009,0.0250532176191256,-0.002742754216472909,0
664753,Marty Costes,2024,28,271,0.234,0.31,0.305,4,0.07749077490774908,0.16236162361623616,3,.267,-0.139,-0.05499999999999999,-0.08400000000000002,-0.04433663625976361,-0.020379493135032872,0
664770,Nathan Lukes,2021,26,326,0.303,0.352,0.456,4,0.06441717791411043,0.12576687116564417,2,.335,,,,,,0
664770,Nathan Lukes,2022,27,484,0.285,0.364,0.425,11,0.09710743801652892,0.18388429752066116,20,.336,-0.019000000000000128,0.01200000000000001,-0.031000000000000028,0.03269026010241849,0.05811742635501699,1
664770,Nathan Lukes,2023,28,222,0.366,0.423,0.53,5,0.07657657657657657,0.11261261261261261,3,.401,0.16400000000000015,0.059,0.10500000000000004,-0.02053086143995235,-0.07127168490804854,1
664770,Nathan Lukes,2024,29,231,0.333,0.403,0.469,7,0.09523809523809523,0.15584415584415584,4,.378,-0.08100000000000007,-0.019999999999999962,-0.061000000000000054,0.01866151866151866,0.043231543231543226,1
664789,Ka'ai Tom,2022,28,311,0.239,0.339,0.414,10,0.11254019292604502,0.2572347266881029,6,.302,0.20499999999999996,0.07500000000000001,0.13,0.05759513798099007,-0.07243560298222679,0
664848,Donny Sands,2021,25,165,0.272,0.339,0.476,8,0.09696969696969697,0.19393939393939394,0,.294,,,,,,1
664848,Donny Sands,2022,26,242,0.308,0.413,0.428,5,0.15702479338842976,0.18181818181818182,1,.368,0.026000000000000023,0.07399999999999995,-0.04799999999999999,0.06005509641873279,-0.012121212121212116,0
664848,Donny Sands,2023,27,371,0.225,0.318,0.353,5,0.12129380053908356,0.19946091644204852,1,.272,-0.16999999999999993,-0.09499999999999997,-0.07500000000000001,-0.035730992849346194,0.0176427346238667,0
664850,Patrick Mazeika,2021,27,180,0.28,0.356,0.471,7,0.09444444444444444,0.10555555555555556,0,.276,,,,,,1
664850,Patrick Mazeika,2022,28,188,0.253,0.356,0.352,4,0.09574468085106383,0.12234042553191489,0,.274,-0.119,0.0,-0.119,0.0013002364066193872,0.016784869976359335,0
664850,Patrick Mazeika,2023,29,201,0.214,0.284,0.275,1,0.07960199004975124,0.13930348258706468,0,.247,-0.14900000000000002,-0.07200000000000001,-0.07699999999999996,-0.016142690801312587,0.01696305705514979,0
664874,Seby Zavala,2021,27,179,0.168,0.263,0.355,8,0.11173184357541899,0.41899441340782123,0,.240,,,,,,1
664874,Seby Zavala,2022,28,169,0.282,0.396,0.535,8,0.15384615384615385,0.35502958579881655,0,.432,0.31300000000000006,0.133,0.18000000000000005,0.04211431027073487,-0.06396482760900468,1
664874,Seby Zavala,2024,30,123,0.188,0.325,0.376,4,0.13008130081300814,0.34959349593495936,0,.273,0.04500000000000015,0.03300000000000003,0.01200000000000001,0.046747967479674815,0.14126016260162602,0
664877,Christian Kelley,2021,27,149,0.268,0.369,0.346,1,0.1342281879194631,0.2483221476510067,0,.367,,,,,,0
664883,Scott Burcham,2021,28,132,0.234,0.273,0.315,1,0.05303030303030303,0.3409090909090909,0,.354,,,,,,0
664901,Danny Mendick,2021,27,105,0.271,0.327,0.406,3,0.06666666666666667,0.19047619047619047,1,.315,,,,,,1
664901,Danny Mendick,2023,29,425,0.282,0.369,0.424,11,0.10823529411764705,0.1411764705882353,14,.311,-0.10000000000000009,-0.009000000000000008,-0.09100000000000003,0.03131221719457013,-0.16651583710407242,1
664901,Danny Mendick,2024,30,197,0.263,0.33,0.514,11,0.08629441624365482,0.2182741116751269,3,.288,0.051000000000000156,-0.03899999999999998,0.09000000000000002,-0.021940877873992237,0.0770976410868916,0
664916,Drew Ferguson,2021,28,116,0.186,0.313,0.237,1,0.15517241379310345,0.33620689655172414,8,.298,,,,,,0
664926,Nick Dini,2022,28,201,0.232,0.323,0.446,11,0.1044776119402985,0.1791044776119403,1,.231,-0.08199999999999996,-0.033999999999999975,-0.04799999999999999,0.053457203777033196,-0.0045689917758148235,0
664926,Nick Dini,2023,29,257,0.198,0.355,0.371,9,0.17120622568093385,0.2490272373540856,6,.235,-0.04300000000000004,0.03199999999999997,-0.07500000000000001,0.06672861374063535,0.06992275974214532,0
664954,Brett Sullivan,2021,27,345,0.223,0.302,0.375,9,0.08985507246376812,0.1565217391304348,7,.244,,,,,,0
664954,Brett Sullivan,2022,28,475,0.285,0.339,0.444,9,0.08,0.12210526315789473,3,.302,0.10599999999999998,0.03700000000000003,0.069,-0.009855072463768114,-0.034416475972540064,1
664954,Brett Sullivan,2023,29,279,0.328,0.401,0.517,7,0.11469534050179211,0.0967741935483871,9,.336,0.135,0.062,0.07300000000000001,0.03469534050179211,-0.025331069609507637,1
664954,Brett Sullivan,2024,30,453,0.263,0.347,0.485,17,0.10816777041942605,0.13245033112582782,3,.269,-0.08600000000000008,-0.05400000000000005,-0.03200000000000003,-0.006527570082366069,0.03567613757744073,1
664966,Jonathan Morales,2021,26,157,0.145,0.16,0.217,2,0.01910828025477707,0.18471337579617833,0,.164,,,,,,0
664966,Jonathan Morales,2022,27,353,0.308,0.385,0.432,9,0.1048158640226629,0.16147308781869688,0,.350,0.43999999999999995,0.225,0.215,0.08570758376788583,-0.023240287977481455,0
664966,Jonathan Morales,2023,28,397,0.258,0.317,0.429,14,0.08312342569269521,0.1385390428211587,1,.265,-0.07099999999999995,-0.068,-0.0030000000000000027,-0.021692438329967687,-0.022934044997538178,0
664983,Jake McCarthy,2021,23,212,0.262,0.33,0.508,9,0.09433962264150944,0.23113207547169812,12,.306,,,,,,1
664983,Jake McCarthy,2022,24,165,0.369,0.457,0.596,5,0.11515151515151516,0.13333333333333333,11,.412,0.21499999999999986,0.127,0.08799999999999997,0.020811892510005717,-0.09779874213836479,1
664983,Jake McCarthy,2023,25,221,0.36,0.416,0.594,9,0.07692307692307693,0.13122171945701358,15,.383,-0.04299999999999993,-0.041000000000000036,-0.0020000000000000018,-0.03822843822843823,-0.002111613876319751,1
665019,Kody Clemens,2021,25,413,0.247,0.312,0.466,18,0.08716707021791767,0.22760290556900725,4,.278,,,,,,1
665019,Kody Clemens,2022,26,264,0.274,0.327,0.535,13,0.07575757575757576,0.2689393939393939,5,.333,0.08400000000000007,0.015000000000000013,0.069,-0.01140949446034191,0.04133648837038667,1
665019,Kody Clemens,2023,27,279,0.256,0.373,0.564,18,0.15412186379928317,0.2078853046594982,7,.264,0.07499999999999984,0.045999999999999985,0.028999999999999915,0.0783642880417074,-0.061054089279895724,1
665019,Kody Clemens,2024,28,301,0.266,0.322,0.489,14,0.0664451827242525,0.20930232558139536,6,.295,-0.126,-0.05099999999999999,-0.07499999999999996,-0.08767668107503067,0.0014170209218971608,1
665052,Griffin Conine,2024,26,437,0.268,0.35,0.475,19,0.10755148741418764,0.2951945080091533,0,.351,0.17799999999999994,0.05299999999999999,0.125,0.008650388513088747,-0.08942087660623133,1
665066,Tyler Payne,2022,29,163,0.298,0.335,0.397,1,0.049079754601226995,0.22085889570552147,0,.383,0.732,0.335,0.397,,,0
665120,Jared Walsh,2023,29,225,0.217,0.36,0.375,9,0.1688888888888889,0.3466666666666667,0,.320,,,,,,1
665120,Jared Walsh,2024,30,149,0.185,0.289,0.415,8,0.12080536912751678,0.3691275167785235,1,.239,-0.031000000000000028,-0.07100000000000001,0.03999999999999998,-0.04808351976137211,0.022460850111856834,0
665138,Dalton Kelly,2021,26,448,0.244,0.35,0.512,27,0.13392857142857142,0.28794642857142855,17,.286,,,,,,0
665138,Dalton Kelly,2022,27,360,0.219,0.328,0.416,15,0.12222222222222222,0.3277777777777778,7,.299,-0.118,-0.021999999999999964,-0.09600000000000003,-0.011706349206349206,0.03983134920634923,0
665154,Ford Proctor,2022,25,459,0.229,0.348,0.349,12,0.14814814814814814,0.289760348583878,3,.315,,,,,,0
665154,Ford Proctor,2023,26,284,0.23,0.358,0.335,6,0.1619718309859155,0.2112676056338028,3,.280,-0.0039999999999998925,0.010000000000000009,-0.013999999999999957,0.01382368283776736,-0.07849274295007519,0
665155,Nick Maton,2021,24,252,0.199,0.332,0.345,5,0.15079365079365079,0.23809523809523808,3,.252,,,,,,1
665155,Nick Maton,2022,25,250,0.261,0.368,0.436,5,0.136,0.22,3,.327,0.127,0.035999999999999976,0.09100000000000003,-0.014793650793650776,-0.01809523809523808,1
665155,Nick Maton,2023,26,175,0.293,0.414,0.457,3,0.15428571428571428,0.21142857142857144,3,.369,0.06699999999999995,0.045999999999999985,0.02100000000000002,0.018285714285714266,-0.008571428571428563,1
665155,Nick Maton,2024,27,344,0.258,0.363,0.471,16,0.1308139534883721,0.20348837209302326,1,.284,-0.03700000000000003,-0.05099999999999999,0.013999999999999957,-0.023471760797342173,-0.007940199335548181,1
665161,Jeremy Peña,2021,23,133,0.287,0.346,0.598,10,0.045112781954887216,0.2631578947368421,5,.325,,,,,,1
665173,Alex McKenna,2022,24,212,0.217,0.316,0.299,2,0.11320754716981132,0.3113207547169811,6,.325,,,,,,0
665173,Alex McKenna,2023,25,108,0.221,0.315,0.337,3,0.1111111111111111,0.3333333333333333,0,.321,0.03700000000000003,-0.0010000000000000009,0.038000000000000034,-0.0020964360587002184,0.022012578616352196,0
665180,Ruben Cardenas,2022,24,318,0.208,0.289,0.44,16,0.10062893081761007,0.29245283018867924,5,.244,,,,,,0
665180,Ruben Cardenas,2023,25,550,0.269,0.358,0.475,22,0.11272727272727273,0.2636363636363636,8,.338,0.10399999999999998,0.069,0.034999999999999976,0.012098341909662663,-0.028816466552315623,0
665180,Ruben Cardenas,2024,26,322,0.277,0.345,0.55,20,0.06832298136645963,0.17391304347826086,10,.279,0.062000000000000055,-0.013000000000000012,0.07500000000000007,-0.0444042913608131,-0.08972332015810275,0
665227,Nash Knight,2021,28,253,0.184,0.312,0.325,7,0.1422924901185771,0.30039525691699603,1,.246,,,,,,0
665227,Nash Knight,2022,29,254,0.238,0.37,0.367,4,0.15354330708661418,0.30708661417322836,0,.359,0.09999999999999998,0.057999999999999996,0.04199999999999998,0.011250816968037092,0.006691357256232322,0
665285,Peter Maris,2021,27,192,0.289,0.344,0.503,9,0.08333333333333333,0.265625,2,.353,,,,,,0
665482,Gilberto Celestino,2021,22,211,0.29,0.384,0.443,5,0.11374407582938388,0.2037914691943128,4,.356,,,,,,1
665482,Gilberto Celestino,2023,24,233,0.243,0.392,0.389,4,0.18025751072961374,0.15879828326180256,4,.283,0.559,0.17,0.389,-0.04196471149260847,-0.17453505007153075,0
665482,Gilberto Celestino,2024,25,284,0.275,0.349,0.361,3,0.09507042253521127,0.2007042253521127,9,.344,-0.07100000000000006,-0.04300000000000004,-0.028000000000000025,-0.08518708819440247,0.04190594209031012,0
665506,Cristian Pache,2021,22,353,0.265,0.33,0.414,11,0.08498583569405099,0.2747875354107649,9,.347,,,,,,1
665506,Cristian Pache,2022,23,171,0.248,0.298,0.389,4,0.06432748538011696,0.22807017543859648,1,.302,-0.05699999999999994,-0.03200000000000003,-0.024999999999999967,-0.020658350313934037,-0.046717359972168415,1
665560,Jhailyn Ortiz,2023,24,126,0.269,0.381,0.481,5,0.15079365079365079,0.23015873015873015,1,.319,,,,,,0
665561,Rafael Marchán,2021,22,265,0.203,0.283,0.232,0,0.08679245283018867,0.16981132075471697,1,.249,,,,,,0
665561,Rafael Marchán,2022,23,263,0.233,0.316,0.358,4,0.07604562737642585,0.09125475285171103,1,.243,0.15899999999999992,0.03300000000000003,0.12599999999999997,-0.01074682545376282,-0.07855656790300594,0
665561,Rafael Marchán,2023,24,207,0.297,0.391,0.44,2,0.11594202898550725,0.0966183574879227,1,.321,0.15700000000000003,0.07500000000000001,0.08200000000000002,0.039896401609081394,0.005363604636211675,1
665561,Rafael Marchán,2024,25,141,0.229,0.34,0.297,2,0.1347517730496454,0.19858156028368795,0,.278,-0.19399999999999995,-0.05099999999999999,-0.14300000000000002,0.018809744064138142,0.10196320279576525,1
665648,Ricardo Genovés,2022,23,147,0.233,0.32,0.349,3,0.10884353741496598,0.2653061224489796,0,.307,-0.536,-0.15799999999999997,-0.378,0.06536527654540077,0.004436557231588312,0
665648,Ricardo Genovés,2023,24,287,0.218,0.317,0.343,6,0.10801393728222997,0.27526132404181186,0,.291,-0.009000000000000008,-0.0030000000000000027,-0.00599999999999995,-0.0008296001327360164,0.009955201592832252,0
665650,Lucius Fox,2021,23,252,0.242,0.347,0.363,4,0.13095238095238096,0.24206349206349206,19,.318,,,,,,1
665650,Lucius Fox,2022,24,231,0.228,0.306,0.34,4,0.09523809523809523,0.26406926406926406,12,.305,-0.06399999999999995,-0.04099999999999998,-0.022999999999999965,-0.035714285714285726,0.022005772005772,0
665750,Leody Taveras,2021,22,381,0.245,0.343,0.475,17,0.12860892388451445,0.24934383202099739,13,.287,,,,,,1
665750,Leody Taveras,2022,23,221,0.294,0.335,0.485,7,0.06334841628959276,0.2171945701357466,7,.349,0.0020000000000000018,-0.008000000000000007,0.010000000000000009,-0.06526050759492169,-0.032149261885250774,1
665776,Pedro Castellanos,2022,24,241,0.269,0.307,0.396,5,0.029045643153526972,0.1950207468879668,1,.318,,,,,,0
665779,Carlos Rincon,2022,24,157,0.218,0.268,0.388,5,0.05732484076433121,0.3184713375796178,0,.293,,,,,,0
665782,Luis De Los Santos,2023,25,255,0.22,0.337,0.383,7,0.12549019607843137,0.21176470588235294,1,.258,0.46199999999999997,0.21200000000000002,0.25,0.06299019607843137,0.024264705882352938,1
665782,Luis De Los Santos,2024,26,154,0.26,0.375,0.441,6,0.13636363636363635,0.22727272727272727,3,.310,0.09600000000000009,0.03799999999999998,0.057999999999999996,0.010873440285204983,0.015508021390374327,0
665828,Oswaldo Cabrera,2022,23,208,0.262,0.34,0.492,8,0.09134615384615384,0.2644230769230769,10,.331,-0.8839999999999999,-0.24299999999999994,-0.641,-0.047542735042735054,0.014423076923076927,1
665833,Oneil Cruz,2022,23,247,0.232,0.336,0.422,9,0.1214574898785425,0.22672064777327935,11,.270,-1.183,-0.319,-0.8640000000000001,-0.15440457908697475,0.05430685466983107,1
665839,Enmanuel Valdez,2022,23,368,0.265,0.327,0.488,17,0.08152173913043478,0.20923913043478262,4,.295,,,,,,1
665839,Enmanuel Valdez,2023,24,232,0.254,0.388,0.476,10,0.17672413793103448,0.20689655172413793,4,.288,0.049000000000000044,0.061,-0.01200000000000001,0.09520239880059969,-0.002342578710644694,1
665839,Enmanuel Valdez,2024,25,225,0.233,0.33,0.446,11,0.12,0.23555555555555555,3,.260,-0.08799999999999997,-0.057999999999999996,-0.02999999999999997,-0.05672413793103448,0.028659003831417618,1
665846,Jesús Bastidas,2023,24,384,0.253,0.331,0.409,12,0.07552083333333333,0.25,11,.315,,,,,,0
665846,Jesús Bastidas,2024,25,606,0.242,0.337,0.448,25,0.0891089108910891,0.23102310231023102,15,.280,0.04500000000000004,0.006000000000000005,0.039000000000000035,0.013588077557755776,-0.018976897689768985,0
665856,Jair Camargo,2023,23,368,0.259,0.323,0.503,21,0.07880434782608696,0.3233695652173913,2,.333,,,,,,1
665856,Jair Camargo,2024,24,317,0.212,0.29,0.403,12,0.07886435331230283,0.29652996845425866,2,.268,-0.133,-0.03300000000000003,-0.09999999999999998,6.000548621587498e-05,-0.026839596763132634,0
665861,Sebastián Rivero,2021,22,163,0.26,0.319,0.38,3,0.06134969325153374,0.27607361963190186,2,.353,,,,,,1
665861,Sebastián Rivero,2023,24,213,0.232,0.277,0.361,4,0.04225352112676056,0.19718309859154928,0,.268,-0.061000000000000054,-0.04199999999999998,-0.019000000000000017,-0.01909617212477318,-0.07889052104035257,0
665877,José Fermín,2022,23,330,0.215,0.336,0.322,6,0.12727272727272726,0.1393939393939394,9,.235,-0.4859999999999999,-0.08099999999999996,-0.40499999999999997,0.04393939393939393,-0.1939393939393939,1
665877,José Fermín,2024,25,240,0.311,0.424,0.5,8,0.14166666666666666,0.09166666666666666,18,.315,0.08099999999999996,0.066,0.015000000000000013,-0.006481481481481477,0.02993827160493827,1
665914,Daniel Montano,2023,24,320,0.237,0.35,0.426,8,0.14375,0.284375,2,.324,,,,,,0
665922,Símon Muzziotti,2023,24,524,0.296,0.358,0.404,7,0.08587786259541985,0.15458015267175573,26,.343,0.06000000000000005,-0.031000000000000028,0.09100000000000003,-0.025233248515691253,-0.012086513994910925,0
665922,Símon Muzziotti,2024,25,240,0.235,0.297,0.373,5,0.07916666666666666,0.19583333333333333,5,.275,-0.09200000000000008,-0.061,-0.031000000000000028,-0.006711195928753189,0.0412531806615776,0
665923,Esteury Ruiz,2022,23,309,0.323,0.428,0.467,7,0.11003236245954692,0.17475728155339806,48,.388,,,,,,1
665926,Andrés Giménez,2021,22,233,0.287,0.342,0.502,10,0.05150214592274678,0.23605150214592274,8,.345,,,,,,1
665953,Andrés Chaparro,2023,24,601,0.247,0.331,0.444,25,0.10815307820299501,0.21797004991680533,4,.277,,,,,,1
665953,Andrés Chaparro,2024,25,457,0.328,0.405,0.572,23,0.10722100656455143,0.17943107221006566,3,.365,0.20199999999999996,0.07400000000000001,0.12799999999999995,-0.0009320716384435823,-0.03853897770673967,1
665966,Carlos Narváez,2023,24,359,0.24,0.373,0.387,10,0.15877437325905291,0.25348189415041783,5,.309,,,,,,1
665966,Carlos Narváez,2024,25,403,0.254,0.37,0.412,11,0.13895781637717122,0.26054590570719605,9,.332,0.02200000000000002,-0.0030000000000000027,0.024999999999999967,-0.01981655688188169,0.007064011556778216,1
665998,Ismael Munguia,2024,25,178,0.25,0.368,0.368,2,0.12359550561797752,0.12921348314606743,7,.281,,,,,,0
666018,Jonathan Aranda,2022,24,465,0.318,0.394,0.521,18,0.0967741935483871,0.21505376344086022,4,.377,,,,,,1
666018,Jonathan Aranda,2023,25,434,0.339,0.449,0.613,25,0.14746543778801843,0.20046082949308755,2,.387,0.14700000000000002,0.05499999999999999,0.09199999999999997,0.05069124423963134,-0.014592933947772668,1
666018,Jonathan Aranda,2024,26,144,0.237,0.368,0.424,7,0.1597222222222222,0.3263888888888889,0,.323,-0.27,-0.08100000000000002,-0.189,0.012256784434203777,0.12592805939580134,1
666023,Freddy Fermin,2022,27,348,0.27,0.365,0.48,15,0.13218390804597702,0.1781609195402299,1,.290,0.20399999999999996,0.03199999999999997,0.172,0.007183908045977017,-0.1968390804597701,1
666124,Luke Berryhill,2023,25,307,0.228,0.371,0.384,8,0.1791530944625407,0.33876221498371334,5,.355,,,,,,0
666124,Luke Berryhill,2024,26,221,0.234,0.332,0.37,6,0.11764705882352941,0.31221719457013575,5,.333,-0.05300000000000005,-0.03899999999999998,-0.014000000000000012,-0.0615060356390113,-0.02654502041357759,0
666126,Carlos Cortes,2022,25,117,0.168,0.231,0.234,1,0.05982905982905983,0.20512820512820512,0,.205,,,,,,0
666126,Carlos Cortes,2023,26,442,0.241,0.355,0.428,15,0.14705882352941177,0.20135746606334842,3,.274,0.3179999999999999,0.12399999999999997,0.19399999999999998,0.08722976370035193,-0.0037707390648566985,0
666126,Carlos Cortes,2024,27,321,0.246,0.33,0.456,16,0.11526479750778816,0.18691588785046728,3,.255,0.0030000000000001137,-0.024999999999999967,0.028000000000000025,-0.03179402602162361,-0.01444157821288114,1
666128,Mario Feliciano,2021,22,114,0.21,0.246,0.314,3,0.03508771929824561,0.22807017543859648,1,.241,,,,,,1
666128,Mario Feliciano,2022,23,311,0.274,0.326,0.386,6,0.05787781350482315,0.16720257234726688,2,.314,0.1519999999999999,0.08000000000000002,0.07200000000000001,0.022790094206577537,-0.0608676030913296,0
666134,Nolan Jones,2021,23,407,0.238,0.356,0.431,13,0.14496314496314497,0.29975429975429974,10,.327,,,,,,1
666134,Nolan Jones,2022,24,248,0.276,0.368,0.463,9,0.125,0.25806451612903225,4,.352,0.04400000000000004,0.01200000000000001,0.03200000000000003,-0.01996314496314497,-0.041689783625267485,1
666134,Nolan Jones,2023,25,187,0.356,0.481,0.711,12,0.17647058823529413,0.22994652406417113,5,.432,0.361,0.11299999999999999,0.24799999999999994,0.05147058823529413,-0.028117992064861125,1
666135,Alex Kirilloff,2022,24,157,0.359,0.465,0.641,10,0.14012738853503184,0.16560509554140126,1,.389,-0.8939999999999999,-0.034999999999999976,-0.859,0.14012738853503184,-0.16772823779193205,1
666137,Khalil Lee,2021,23,388,0.274,0.451,0.5,14,0.18298969072164947,0.2963917525773196,8,.402,,,,,,1
666137,Khalil Lee,2022,24,418,0.211,0.326,0.366,10,0.11244019138755981,0.33253588516746413,14,.314,-0.2590000000000001,-0.125,-0.134,-0.07054949933408966,0.03614413259014454,0
666139,Josh Lowe,2021,23,470,0.291,0.381,0.535,22,0.12978723404255318,0.26170212765957446,26,.361,,,,,,1
666139,Josh Lowe,2022,24,351,0.315,0.402,0.556,14,0.12535612535612536,0.32763532763532766,25,.460,0.04200000000000004,0.02100000000000002,0.02100000000000002,-0.00443110868642782,0.0659331999757532,1
666140,Brandon McIlwain,2023,25,191,0.219,0.382,0.391,5,0.17801047120418848,0.24083769633507854,11,.280,,,,,,0
666143,Joe Rizzo,2023,25,191,0.26,0.325,0.439,6,0.07853403141361257,0.2094240837696335,0,.305,,,,,,0
666149,Tyler Fitzgerald,2023,25,466,0.287,0.358,0.499,20,0.09656652360515021,0.23819742489270387,29,.346,,,,,,1
666150,Dominic Fletcher,2022,24,449,0.301,0.368,0.452,5,0.0935412026726058,0.19599109131403117,5,.369,,,,,,1
666150,Dominic Fletcher,2023,25,334,0.291,0.399,0.5,10,0.12574850299401197,0.18562874251497005,5,.340,0.07899999999999996,0.031000000000000028,0.04799999999999999,0.032207300321406174,-0.010362348799061116,1
666150,Dominic Fletcher,2024,26,106,0.263,0.333,0.389,2,0.09433962264150944,0.14150943396226415,0,.295,-0.17700000000000005,-0.066,-0.11099999999999999,-0.03140888035250253,-0.044119308552705905,1
666152,David Hamilton,2023,25,469,0.247,0.363,0.438,17,0.1513859275053305,0.232409381663113,57,.297,,,,,,1
666160,Mickey Moniak,2021,23,409,0.238,0.299,0.447,15,0.07579462102689487,0.2469437652811736,5,.280,,,,,,1
666160,Mickey Moniak,2022,24,100,0.283,0.34,0.576,7,0.08,0.22,5,.302,0.16999999999999993,0.041000000000000036,0.12899999999999995,0.004205378973105134,-0.026943765281173593,1
666160,Mickey Moniak,2023,25,141,0.308,0.355,0.585,8,0.04964539007092199,0.24822695035460993,2,.364,0.02400000000000002,0.014999999999999958,0.009000000000000008,-0.030354609929078014,0.028226950354609925,1
666163,Ben Rortvedt,2021,23,136,0.254,0.324,0.426,5,0.07352941176470588,0.25735294117647056,0,.313,,,,,,0
666163,Ben Rortvedt,2022,24,177,0.221,0.307,0.396,6,0.1016949152542373,0.3220338983050847,0,.301,-0.04699999999999993,-0.017000000000000015,-0.02999999999999997,0.02816550348953141,0.06468095712861416,1
666163,Ben Rortvedt,2023,25,124,0.286,0.395,0.505,6,0.12903225806451613,0.25,2,.353,0.19699999999999995,0.08800000000000002,0.10899999999999999,0.02733734281027883,-0.07203389830508472,1
666164,Blake Rutherford,2021,24,476,0.25,0.286,0.404,11,0.04411764705882353,0.25,4,.314,,,,,,0
666164,Blake Rutherford,2022,25,467,0.271,0.31,0.428,13,0.044967880085653104,0.1948608137044968,8,.315,0.04800000000000004,0.02400000000000002,0.023999999999999966,0.0008502330268295721,-0.05513918629550321,1
666164,Blake Rutherford,2023,26,172,0.331,0.395,0.536,5,0.0872093023255814,0.18023255813953487,5,.381,0.19300000000000006,0.08500000000000002,0.10800000000000004,0.04224142223992829,-0.014628255564961917,0
666165,Blake Sabol,2022,24,101,0.296,0.426,0.543,5,0.16831683168316833,0.21782178217821782,1,.345,,,,,,1
666165,Blake Sabol,2024,26,403,0.246,0.34,0.388,11,0.11910669975186104,0.24317617866004962,11,.308,-0.2410000000000001,-0.08599999999999997,-0.15500000000000003,-0.049210131931307285,0.025354396481831798,1
666176,Jo Adell,2021,22,339,0.289,0.342,0.592,23,0.06489675516224189,0.2920353982300885,8,.351,,,,,,1
666176,Jo Adell,2022,23,180,0.239,0.333,0.587,13,0.1111111111111111,0.3111111111111111,3,.273,-0.014000000000000012,-0.009000000000000008,-0.0050000000000000044,0.04621435594886922,0.01907571288102261,1
666176,Jo Adell,2023,24,330,0.273,0.375,0.586,24,0.12121212121212122,0.2636363636363636,9,.306,0.041000000000000036,0.04199999999999998,-0.0010000000000000009,0.01010101010101011,-0.0474747474747475,1
666179,Seth Beer,2021,24,435,0.287,0.398,0.511,16,0.0896551724137931,0.17471264367816092,0,.321,,,,,,1
666179,Seth Beer,2022,25,402,0.242,0.361,0.435,14,0.10945273631840796,0.1691542288557214,0,.259,-0.11299999999999999,-0.03700000000000003,-0.07600000000000001,0.01979756390461486,-0.005558414822439517,0
666179,Seth Beer,2024,27,177,0.272,0.339,0.475,8,0.07344632768361582,0.21468926553672316,0,.307,0.23399999999999999,0.07300000000000001,0.16099999999999998,-0.002503039404991775,-0.07644997496960595,0
666181,Will Benson,2021,23,107,0.161,0.271,0.333,3,0.1308411214953271,0.3925233644859813,0,.250,,,,,,1
666181,Will Benson,2022,24,401,0.278,0.426,0.522,17,0.18703241895261846,0.22693266832917705,16,.340,0.34399999999999986,0.15499999999999997,0.189,0.05619129745729137,-0.16559069615680425,1
666181,Will Benson,2023,25,133,0.206,0.406,0.402,3,0.24060150375939848,0.2631578947368421,11,.279,-0.1399999999999999,-0.019999999999999962,-0.12,0.05356908480678002,0.03622522640766504,1
666183,Hunter Bishop,2024,26,413,0.245,0.316,0.386,9,0.08232445520581114,0.2736077481840194,10,.321,,,,,,0
666197,Grae Kessinger,2023,25,230,0.283,0.397,0.435,6,0.15217391304347827,0.1956521739130435,2,.331,,,,,,1
666197,Grae Kessinger,2024,26,294,0.262,0.337,0.388,6,0.10204081632653061,0.23129251700680273,7,.332,-0.10699999999999998,-0.06,-0.046999999999999986,-0.050133096716947656,0.03564034309375924,0
666198,Carter Kieboom,2021,23,181,0.236,0.376,0.385,5,0.143646408839779,0.1712707182320442,1,.268,,,,,,0
666198,Carter Kieboom,2023,25,161,0.264,0.36,0.429,5,0.11801242236024845,0.2111801242236025,1,.317,0.027999999999999914,-0.016000000000000014,0.043999999999999984,-0.02563398647953055,0.03990940599155829,0
666198,Carter Kieboom,2024,26,359,0.265,0.365,0.386,7,0.12813370473537605,0.20055710306406685,3,.322,-0.03799999999999992,0.0050000000000000044,-0.04299999999999998,0.010121282375127605,-0.010623021159535645,1
666206,Delvin Pérez,2022,23,149,0.224,0.302,0.336,3,0.09395973154362416,0.2550335570469799,8,.290,,,,,,0
666211,Taylor Trammell,2021,23,323,0.263,0.362,0.456,12,0.1238390092879257,0.22910216718266255,8,.313,,,,,,1
666211,Taylor Trammell,2023,25,391,0.268,0.39,0.53,21,0.16112531969309463,0.2659846547314578,17,.323,-0.06299999999999983,-0.01799999999999996,-0.04499999999999993,0.04888042173391095,0.09251526697635579,1
666211,Taylor Trammell,2024,26,407,0.256,0.381,0.488,18,0.1547911547911548,0.2678132678132678,20,.322,-0.051000000000000045,-0.009000000000000008,-0.04200000000000004,-0.006334164901939832,0.0018286130818099822,1
666213,Colton Welker,2023,25,170,0.237,0.388,0.274,0,0.17647058823529413,0.21176470588235294,2,.320,-0.2739999999999999,-0.033999999999999975,-0.24,0.0431372549019608,0.05620915032679738,0
666310,Bo Naylor,2022,22,290,0.257,0.366,0.514,15,0.12758620689655173,0.25862068965517243,9,.306,,,,,,1
666310,Bo Naylor,2023,23,270,0.253,0.393,0.498,13,0.1814814814814815,0.1925925925925926,2,.273,0.01100000000000001,0.027000000000000024,-0.016000000000000014,0.053895274584929764,-0.06602809706257984,1
666397,Edouard Julien,2023,24,170,0.293,0.435,0.496,5,0.18823529411764706,0.24705882352941178,3,.386,,,,,,1
666397,Edouard Julien,2024,25,233,0.242,0.395,0.409,7,0.19742489270386265,0.3133047210300429,6,.358,-0.127,-0.03999999999999998,-0.08700000000000002,0.009189598586215597,0.06624589750063115,1
666464,Jerar Encarnacion,2022,24,297,0.265,0.333,0.47,14,0.09764309764309764,0.29292929292929293,0,.335,,,,,,0
666464,Jerar Encarnacion,2023,25,516,0.228,0.347,0.452,26,0.1511627906976744,0.3875968992248062,6,.348,-0.0040000000000000036,0.013999999999999957,-0.01799999999999996,0.05351969305457677,0.0946676062955133,1
666464,Jerar Encarnacion,2024,26,146,0.352,0.438,0.616,10,0.1232876712328767,0.23972602739726026,1,.420,0.2550000000000001,0.09100000000000003,0.16399999999999998,-0.027875119464797704,-0.14787087182754596,1
666524,Cristian Perez,2021,22,149,0.22,0.304,0.28,1,0.09395973154362416,0.15436241610738255,5,.259,,,,,,0
666624,Christopher Morel,2023,24,134,0.33,0.425,0.73,11,0.12686567164179105,0.30597014925373134,4,.429,0.45100000000000007,0.09199999999999997,0.359,0.02430156907768849,0.04955989284347495,1
666632,Yonathan Perlaza,2023,24,543,0.284,0.389,0.534,23,0.13996316758747698,0.21915285451197053,13,.336,,,,,,0
666695,Jonathan Guzmán,2024,24,169,0.179,0.248,0.232,1,0.08284023668639054,0.28402366863905326,1,.255,,,,,,0
666703,Eguy Rosario,2022,22,564,0.288,0.368,0.508,22,0.10460992907801418,0.19326241134751773,21,.325,,,,,,1
666703,Eguy Rosario,2023,23,187,0.265,0.348,0.422,5,0.10695187165775401,0.20855614973262032,4,.320,-0.10599999999999998,-0.020000000000000018,-0.08600000000000002,0.0023419425797398252,0.01529373838510259,1
666703,Eguy Rosario,2024,24,413,0.263,0.361,0.531,21,0.1234866828087167,0.21307506053268765,19,.290,0.122,0.013000000000000012,0.10900000000000004,0.016534811150962697,0.004518910800067333,0
666783,Yusniel Díaz,2021,24,209,0.157,0.225,0.251,4,0.07177033492822966,0.33014354066985646,1,.218,,,,,,1
666783,Yusniel Díaz,2022,25,286,0.251,0.346,0.36,6,0.1258741258741259,0.23076923076923078,9,.316,0.22999999999999998,0.12099999999999997,0.10899999999999999,0.05410379094589622,-0.09937430990062568,0
666784,Omar Estévez,2021,23,409,0.199,0.281,0.307,9,0.097799511002445,0.2591687041564792,0,.251,,,,,,0
666784,Omar Estévez,2022,24,178,0.216,0.275,0.333,3,0.06741573033707865,0.2247191011235955,1,.264,0.020000000000000018,-0.006000000000000005,0.026000000000000023,-0.030383780665366344,-0.03444960303288369,0
666801,Rodolfo Castro,2022,23,314,0.246,0.334,0.441,12,0.10191082802547771,0.27388535031847133,6,.309,-0.2240000000000001,-0.008000000000000007,-0.21600000000000003,0.022963459604425085,-0.015588333892054995,1
666906,Jake Alu,2022,25,242,0.323,0.372,0.553,11,0.07851239669421488,0.18181818181818182,6,.353,,,,,,1
666906,Jake Alu,2023,26,330,0.298,0.36,0.428,5,0.08787878787878788,0.1393939393939394,16,.333,-0.137,-0.01200000000000001,-0.12500000000000006,0.009366391184572997,-0.04242424242424242,0
666906,Jake Alu,2024,27,221,0.23,0.299,0.332,3,0.09502262443438914,0.13574660633484162,8,.251,-0.15700000000000003,-0.061,-0.09599999999999997,0.00714383655560126,-0.003647333059097785,0
666915,Bobby Dalbec,2023,28,493,0.269,0.381,0.557,33,0.12981744421906694,0.34279918864097364,18,.364,0.07300000000000006,0.07900000000000001,-0.005999999999999894,0.07321367063416127,0.07864824524474723,1
666915,Bobby Dalbec,2024,29,410,0.252,0.337,0.479,20,0.11219512195121951,0.36097560975609755,11,.364,-0.122,-0.043999999999999984,-0.07800000000000007,-0.01762232226784742,0.01817642111512391,1
666931,Jared Oliva,2021,25,249,0.249,0.321,0.364,2,0.07630522088353414,0.26907630522088355,10,.346,,,,,,0
666931,Jared Oliva,2022,26,349,0.266,0.324,0.429,8,0.06876790830945559,0.22063037249283668,21,.326,0.06799999999999995,0.0030000000000000027,0.065,-0.007537312574078553,-0.04844593272804687,0
666931,Jared Oliva,2023,27,325,0.261,0.348,0.423,8,0.09538461538461539,0.20923076923076922,16,.317,0.017999999999999905,0.023999999999999966,-0.006000000000000005,0.0266167070751598,-0.01139960326206746,0
667428,Grant Koch,2023,26,211,0.255,0.318,0.391,5,0.08056872037914692,0.26540284360189575,0,.333,,,,,,1
667428,Grant Koch,2024,27,100,0.191,0.265,0.281,2,0.08,0.34,0,.283,-0.16300000000000003,-0.05299999999999999,-0.10999999999999999,-0.000568720379146917,0.07459715639810427,0
667452,Corey Julks,2022,26,590,0.27,0.351,0.503,31,0.09491525423728814,0.21694915254237288,22,.301,,,,,,1
667452,Corey Julks,2023,27,129,0.24,0.388,0.462,3,0.18604651162790697,0.17829457364341086,6,.282,-0.0039999999999998925,0.03700000000000003,-0.04099999999999998,0.09113125739061884,-0.03865457889896201,1
667452,Corey Julks,2024,28,180,0.278,0.372,0.47,6,0.13333333333333333,0.18888888888888888,7,.313,-0.008000000000000118,-0.016000000000000014,0.007999999999999952,-0.05271317829457364,0.01059431524547802,1
667472,Dane Myers,2023,27,223,0.339,0.417,0.516,8,0.1031390134529148,0.19282511210762332,6,.396,0.30300000000000005,0.11299999999999999,0.19,0.0813998830181322,-0.13326184441411582,1
667472,Dane Myers,2024,28,121,0.248,0.347,0.381,3,0.11570247933884298,0.2809917355371901,4,.338,-0.20500000000000007,-0.07,-0.135,0.012563465885928174,0.08816662342956677,1
667493,Zach Davis,2022,28,120,0.21,0.328,0.25,0,0.11666666666666667,0.21666666666666667,17,.280,0.050000000000000044,0.030000000000000027,0.01999999999999999,0.02254901960784314,0.040196078431372545,0
667663,Hunter Stovall,2023,26,432,0.278,0.347,0.408,8,0.09027777777777778,0.14351851851851852,15,.311,,,,,,0
667663,Hunter Stovall,2024,27,431,0.271,0.319,0.373,7,0.06728538283062645,0.11600928074245939,12,.294,-0.06299999999999994,-0.02799999999999997,-0.034999999999999976,-0.02299239494715133,-0.027509237776059126,0
667670,Brent Rooker,2021,26,267,0.245,0.367,0.564,20,0.14232209737827714,0.299625468164794,1,.276,,,,,,1
667670,Brent Rooker,2022,27,365,0.289,0.395,0.649,28,0.12602739726027398,0.2821917808219178,5,.341,0.1130000000000001,0.028000000000000025,0.08500000000000008,-0.016294700118003158,-0.017433687342876203,1
667674,Jack Kruger,2021,26,172,0.267,0.314,0.379,3,0.06395348837209303,0.19767441860465115,1,.323,,,,,,0
667727,Steele Walker,2021,24,202,0.223,0.287,0.348,5,0.07920792079207921,0.22772277227722773,2,.269,,,,,,1
667727,Steele Walker,2022,25,309,0.268,0.333,0.421,9,0.07766990291262135,0.1650485436893204,8,.299,0.119,0.04600000000000004,0.07300000000000001,-0.0015380178794578564,-0.06267422858790733,0
668472,Nick Pratto,2021,22,270,0.259,0.367,0.634,21,0.13703703703703704,0.2851851851851852,5,.282,,,,,,1
668472,Nick Pratto,2022,23,374,0.228,0.369,0.449,17,0.15775401069518716,0.3048128342245989,8,.299,-0.18299999999999983,0.0020000000000000018,-0.185,0.020716973658150117,0.01962764903941372,1
668472,Nick Pratto,2023,24,131,0.18,0.29,0.342,4,0.12213740458015267,0.2824427480916031,0,.222,-0.18600000000000005,-0.07900000000000001,-0.10699999999999998,-0.03561660611503449,-0.022370086132995848,0
668472,Nick Pratto,2024,25,490,0.242,0.324,0.41,16,0.10816326530612246,0.3040816326530612,15,.328,0.10199999999999998,0.03400000000000003,0.06799999999999995,-0.013974139274030212,0.021638884561458127,0
668663,Tres Barrera,2021,26,201,0.201,0.302,0.284,3,0.11940298507462686,0.21393034825870647,0,.244,,,,,,1
668663,Tres Barrera,2022,27,206,0.254,0.338,0.424,7,0.0970873786407767,0.19902912621359223,0,.292,0.17600000000000005,0.03600000000000003,0.14,-0.022315606433850166,-0.014901222045114237,1
668663,Tres Barrera,2023,28,245,0.213,0.306,0.343,7,0.10612244897959183,0.2,1,.244,-0.11299999999999999,-0.03200000000000003,-0.08099999999999996,0.009035070338815135,0.0009708737864077832,0
668664,Chase Strumpf,2023,25,267,0.212,0.356,0.442,14,0.1647940074906367,0.33707865168539325,2,.281,,,,,,0
668664,Chase Strumpf,2024,26,326,0.237,0.343,0.414,12,0.13496932515337423,0.34662576687116564,1,.351,-0.041000000000000036,-0.012999999999999956,-0.028000000000000025,-0.02982468233726246,0.009547115185772392,0
668709,JJ Bleday,2022,24,367,0.228,0.365,0.47,20,0.16348773841961853,0.26975476839237056,1,.268,,,,,,1
668709,JJ Bleday,2023,25,133,0.333,0.444,0.667,8,0.17293233082706766,0.13533834586466165,1,.333,0.276,0.07900000000000001,0.19700000000000006,0.009444592407449132,-0.1344164225277089,1
668715,Spencer Steer,2022,24,336,0.259,0.354,0.479,15,0.11011904761904762,0.19642857142857142,3,.284,,,,,,1
668721,Payton Henry,2021,24,151,0.223,0.318,0.377,5,0.09271523178807947,0.2847682119205298,0,.286,,,,,,1
668721,Payton Henry,2023,26,255,0.294,0.341,0.454,9,0.047058823529411764,0.23137254901960785,0,.359,0.14600000000000002,0.016000000000000014,0.13,-0.03727852586817859,-0.10597684857075357,0
668721,Payton Henry,2024,27,104,0.274,0.337,0.432,3,0.0673076923076923,0.18269230769230768,0,.315,-0.026000000000000023,-0.0040000000000000036,-0.02200000000000002,0.02024886877828054,-0.04868024132730017,0
668723,Ryan Vilade,2021,22,518,0.284,0.339,0.41,7,0.07335907335907337,0.1776061776061776,12,.336,,,,,,0
668723,Ryan Vilade,2022,23,430,0.249,0.345,0.352,5,0.12093023255813953,0.16046511627906976,10,.291,-0.052000000000000046,0.00599999999999995,-0.057999999999999996,0.04757115919906617,-0.017141061327107854,0
668723,Ryan Vilade,2023,24,511,0.27,0.37,0.382,6,0.12524461839530332,0.24853228962818003,7,.367,0.05500000000000005,0.025000000000000022,0.030000000000000027,0.004314385837163787,0.08806717334911027,1
668723,Ryan Vilade,2024,25,442,0.278,0.346,0.449,13,0.08823529411764706,0.24434389140271492,20,.347,0.04299999999999993,-0.02400000000000002,0.067,-0.037009324277656255,-0.004188398225465101,1
668731,Akil Baddoo,2022,23,131,0.3,0.405,0.5,3,0.1450381679389313,0.1984732824427481,7,.366,0.358,0.07200000000000001,0.28600000000000003,-0.07718405428329092,-0.0793044953350297,1
668731,Akil Baddoo,2024,25,377,0.238,0.34,0.418,9,0.1273209549071618,0.26525198938992045,29,.315,-0.10499999999999998,-0.04799999999999999,-0.056999999999999995,-0.03594435121528716,0.06117035673685922,1
668751,Cal Mitchell,2022,23,261,0.339,0.391,0.547,9,0.06513409961685823,0.14559386973180077,8,.370,0.3520000000000001,0.10500000000000004,0.24700000000000005,0.06513409961685823,-0.04488232074438969,1
668751,Cal Mitchell,2023,24,316,0.261,0.333,0.414,9,0.09177215189873418,0.29430379746835444,6,.354,-0.19100000000000006,-0.057999999999999996,-0.13300000000000006,0.02663805228187595,0.14870992773655367,0
668751,Cal Mitchell,2024,25,469,0.277,0.359,0.512,22,0.11727078891257996,0.2025586353944563,12,.307,0.124,0.025999999999999968,0.09800000000000003,0.025498637013845776,-0.09174516207389816,0
668752,Duke Ellis,2024,26,131,0.195,0.267,0.347,4,0.08396946564885496,0.26717557251908397,23,.238,,,,,,0
668791,Anthony Prato,2023,25,299,0.302,0.452,0.539,10,0.19732441471571907,0.23076923076923078,10,.387,,,,,,0
668791,Anthony Prato,2024,26,413,0.228,0.37,0.35,3,0.162227602905569,0.20581113801452786,10,.296,-0.27100000000000013,-0.08200000000000002,-0.18900000000000006,-0.035096811810150064,-0.024958092754702926,0
668800,Andrew Knizner,2024,29,113,0.232,0.319,0.333,2,0.08849557522123894,0.21238938053097345,1,.284,,,,,,1
668832,Kyle McCann,2023,25,388,0.27,0.351,0.474,17,0.0979381443298969,0.32216494845360827,3,.374,0.16399999999999992,0.065,0.09899999999999998,-0.00920471281296023,0.0007363770250368162,1
668843,Conner Capel,2021,24,407,0.261,0.342,0.448,14,0.10565110565110565,0.1941031941031941,6,.295,,,,,,1
668843,Conner Capel,2022,25,409,0.263,0.364,0.422,10,0.1295843520782396,0.17114914425427874,21,.304,-0.0040000000000000036,0.021999999999999964,-0.026000000000000023,0.023933246427133945,-0.02295404984891536,1
668843,Conner Capel,2023,26,391,0.252,0.346,0.402,9,0.11764705882352941,0.21483375959079284,17,.310,-0.038000000000000034,-0.018000000000000016,-0.019999999999999962,-0.011937293254710185,0.043684615336514104,1
668843,Conner Capel,2024,27,287,0.218,0.343,0.432,12,0.156794425087108,0.21951219512195122,9,.238,0.027000000000000024,-0.002999999999999947,0.02999999999999997,0.03914736626357859,0.004678435531158376,0
668845,Aaron Schunk,2023,25,508,0.29,0.35,0.461,14,0.08661417322834646,0.24015748031496062,12,.364,,,,,,1
668845,Aaron Schunk,2024,26,299,0.291,0.339,0.469,7,0.06354515050167224,0.17725752508361203,11,.336,-0.0029999999999998916,-0.010999999999999954,0.007999999999999952,-0.023069022726674215,-0.06289995523134859,1
668853,Austin Shenton,2023,25,271,0.301,0.432,0.603,14,0.17712177121771217,0.2767527675276753,0,.397,,,,,,1
668853,Austin Shenton,2024,26,363,0.258,0.361,0.497,20,0.1322314049586777,0.30303030303030304,0,.330,-0.17699999999999994,-0.07100000000000001,-0.10599999999999998,-0.044890366259034475,0.026277535502627736,0
668876,Zach Humphreys,2023,25,224,0.259,0.351,0.381,2,0.12053571428571429,0.22767857142857142,7,.336,,,,,,0
668876,Zach Humphreys,2024,26,299,0.219,0.323,0.293,3,0.13043478260869565,0.2040133779264214,9,.275,-0.11599999999999999,-0.02799999999999997,-0.08800000000000002,0.00989906832298136,-0.023665193502150017,0
668885,Austin Martin,2023,24,252,0.263,0.386,0.405,6,0.14285714285714285,0.17063492063492064,16,.302,,,,,,1
668885,Austin Martin,2024,25,130,0.305,0.469,0.379,1,0.2153846153846154,0.11538461538461539,8,.341,0.05699999999999994,0.08299999999999996,-0.026000000000000023,0.07252747252747255,-0.05525030525030525,1
668901,Mark Vientos,2022,22,427,0.28,0.358,0.519,24,0.10304449648711944,0.2857142857142857,0,.350,-0.10099999999999998,-0.03700000000000003,-0.06399999999999995,-0.059746201187299175,-0.01661129568106312,1
668901,Mark Vientos,2023,23,269,0.306,0.387,0.612,16,0.10780669144981413,0.21561338289962825,0,.340,0.122,0.029000000000000026,0.09299999999999997,0.004762194962694685,-0.07010090281465745,1
668901,Mark Vientos,2024,24,133,0.284,0.376,0.5,6,0.12030075187969924,0.2857142857142857,0,.375,-0.123,-0.01100000000000001,-0.11199999999999999,0.012494060429885115,0.07010090281465745,1
668904,Royce Lewis,2022,23,153,0.313,0.405,0.534,5,0.11764705882352941,0.20915032679738563,12,.379,,,,,,1
668929,Noah Campbell,2024,25,138,0.196,0.348,0.304,1,0.16666666666666666,0.35507246376811596,0,.339,0.07299999999999995,0.06999999999999995,0.0030000000000000027,0.09999999999999999,0.11062801932367153,0
668930,Brice Turang,2021,21,176,0.245,0.381,0.315,1,0.18181818181818182,0.19886363636363635,9,.315,,,,,,0
668930,Brice Turang,2022,22,603,0.286,0.36,0.412,13,0.1077943615257048,0.1956882255389718,34,.342,0.07600000000000007,-0.02100000000000002,0.09699999999999998,-0.07402382029247702,-0.0031754108246645485,1
668939,Adley Rutschman,2021,23,185,0.312,0.405,0.49,5,0.12972972972972974,0.1783783783783784,2,.364,,,,,,1
668952,Ryan Kreidler,2021,23,162,0.304,0.407,0.519,7,0.14814814814814814,0.24074074074074073,5,.374,,,,,,1
668952,Ryan Kreidler,2022,24,250,0.213,0.352,0.411,8,0.144,0.288,15,.280,-0.16300000000000003,-0.05499999999999999,-0.10800000000000004,-0.004148148148148151,0.04725925925925925,1
668952,Ryan Kreidler,2023,25,209,0.239,0.349,0.46,11,0.1339712918660287,0.2535885167464115,11,.272,0.04600000000000004,-0.0030000000000000027,0.049000000000000044,-0.010028708133971276,-0.034411483253588504,1
668952,Ryan Kreidler,2024,26,201,0.2,0.32,0.335,5,0.12437810945273632,0.2935323383084577,7,.274,-0.15399999999999991,-0.02899999999999997,-0.125,-0.009593182413292392,0.03994382156204623,1
668965,Freddy Zamora,2024,25,255,0.195,0.294,0.25,2,0.10980392156862745,0.21568627450980393,7,.247,,,,,,0
668974,Maverick Handley,2023,25,264,0.236,0.373,0.329,4,0.14393939393939395,0.24621212121212122,7,.320,,,,,,0
668974,Maverick Handley,2024,26,330,0.202,0.325,0.287,3,0.13333333333333333,0.22424242424242424,5,.260,-0.08999999999999997,-0.04799999999999999,-0.04200000000000004,-0.010606060606060619,-0.021969696969696972,1
669004,MJ Melendez,2021,22,184,0.293,0.413,0.62,13,0.17391304347826086,0.21195652173913043,1,.310,,,,,,1
669008,Ronnie Dawson,2021,26,407,0.249,0.341,0.374,7,0.11302211302211303,0.20638820638820637,15,.307,,,,,,1
669008,Ronnie Dawson,2022,27,448,0.252,0.339,0.394,11,0.09375,0.25,11,.324,0.018000000000000016,-0.0020000000000000018,0.020000000000000018,-0.019272113022113027,0.043611793611793626,0
669016,Brandon Marsh,2021,23,110,0.255,0.364,0.468,3,0.14545454545454545,0.2636363636363636,2,.339,,,,,,1
669023,Jeter Downs,2021,22,405,0.19,0.272,0.333,14,0.09382716049382717,0.3234567901234568,18,.249,,,,,,1
669023,Jeter Downs,2022,23,335,0.197,0.316,0.412,16,0.11343283582089553,0.2955223880597015,18,.235,0.123,0.043999999999999984,0.07899999999999996,0.01960567532706836,-0.027934402063755304,1
669023,Jeter Downs,2023,24,193,0.236,0.358,0.379,3,0.13989637305699482,0.24352331606217617,11,.313,0.009000000000000008,0.04199999999999998,-0.032999999999999974,0.026463537236099288,-0.05199907199752532,0
669023,Jeter Downs,2024,25,274,0.264,0.36,0.498,10,0.10948905109489052,0.24817518248175183,15,.321,0.121,0.0020000000000000018,0.119,-0.0304073219621043,0.0046518664195756565,0
669049,Connor Justus,2021,26,165,0.201,0.264,0.242,0,0.06060606060606061,0.2727272727272727,0,.286,,,,,,0
669065,Kyle Stowers,2022,24,407,0.264,0.357,0.527,19,0.11056511056511056,0.25552825552825553,3,.317,0.1110000000000001,-0.009000000000000008,0.12000000000000005,-0.018467147499405562,-0.08855776597712084,1
669065,Kyle Stowers,2023,25,283,0.245,0.364,0.511,17,0.1413427561837456,0.26855123674911663,3,.278,-0.009000000000000008,0.007000000000000006,-0.016000000000000014,0.030777645618635024,0.013022981220861096,1
669065,Kyle Stowers,2024,26,264,0.24,0.322,0.555,18,0.09848484848484848,0.25,0,.247,0.0020000000000000018,-0.04199999999999998,0.04400000000000004,-0.04285790769889711,-0.01855123674911663,1
669087,Sam Huff,2022,24,274,0.26,0.336,0.533,21,0.09124087591240876,0.3102189781021898,0,.307,-0.17799999999999994,0.016000000000000014,-0.19399999999999995,0.011240875912408757,-0.049781021897810196,1
669087,Sam Huff,2023,25,321,0.298,0.399,0.548,17,0.13707165109034267,0.24299065420560748,0,.358,0.07800000000000007,0.063,0.015000000000000013,0.04583077517793391,-0.06722832389658231,1
669087,Sam Huff,2024,26,477,0.246,0.31,0.416,13,0.08176100628930817,0.31446540880503143,0,.344,-0.22100000000000009,-0.08900000000000002,-0.13200000000000006,-0.055310644801034495,0.07147475459942396,1
669127,Shea Langeliers,2022,24,402,0.283,0.366,0.51,19,0.10696517412935323,0.21890547263681592,5,.327,0.15500000000000003,0.009000000000000008,0.14600000000000002,-0.10732054015636104,-0.20966595593461262,1
669134,Luis Campusano,2021,22,326,0.295,0.365,0.541,15,0.08282208588957055,0.20245398773006135,1,.335,,,,,,1
669134,Luis Campusano,2022,23,358,0.298,0.363,0.483,14,0.09217877094972067,0.17318435754189945,0,.328,-0.06000000000000005,-0.0020000000000000018,-0.05800000000000005,0.009356685060150124,-0.029269630188161894,1
669137,Armando Alvarez,2021,26,403,0.236,0.303,0.389,10,0.09181141439205956,0.17369727047146402,2,.263,,,,,,0
669137,Armando Alvarez,2022,27,323,0.278,0.319,0.525,18,0.06191950464396285,0.21981424148606812,4,.304,0.15200000000000014,0.016000000000000014,0.136,-0.02989190974809671,0.0461169710146041,0
669137,Armando Alvarez,2023,28,298,0.308,0.379,0.581,18,0.10738255033557047,0.15771812080536912,8,.310,0.11599999999999988,0.06,0.05599999999999994,0.04546304569160762,-0.062096120680699,1
669137,Armando Alvarez,2024,29,317,0.315,0.407,0.56,15,0.12933753943217666,0.19242902208201892,5,.359,0.007000000000000117,0.02799999999999997,-0.020999999999999908,0.02195498909660619,0.0347109012766498,0
669200,Mason McCoy,2021,26,455,0.221,0.288,0.368,9,0.08791208791208792,0.2923076923076923,13,.300,,,,,,0
669200,Mason McCoy,2022,27,503,0.256,0.332,0.473,21,0.09940357852882704,0.2584493041749503,22,.311,0.14900000000000002,0.04400000000000004,0.10499999999999998,0.011491490616739125,-0.033858388132742,1
669200,Mason McCoy,2023,28,487,0.221,0.321,0.372,12,0.12114989733059549,0.2997946611909651,25,.303,-0.11199999999999988,-0.01100000000000001,-0.10099999999999998,0.021746318801768444,0.04134535701601477,1
669200,Mason McCoy,2024,29,432,0.26,0.329,0.382,5,0.09027777777777778,0.24305555555555555,25,.343,0.018000000000000016,0.008000000000000007,0.010000000000000009,-0.03087211955281771,-0.05673910563540954,1
669208,Ryan Bliss,2023,23,288,0.239,0.338,0.441,11,0.11805555555555555,0.2222222222222222,25,.276,,,,,,1
669208,Ryan Bliss,2024,24,433,0.269,0.377,0.456,12,0.14087759815242495,0.22401847575057737,50,.331,0.05399999999999994,0.03899999999999998,0.015000000000000013,0.022822042596869402,0.0017962535283551628,1
669224,Austin Wells,2023,23,146,0.254,0.349,0.452,5,0.1095890410958904,0.2328767123287671,2,.307,,,,,,1
669234,Justyn-Henry Malloy,2023,23,611,0.277,0.417,0.474,23,0.18003273322422259,0.24877250409165302,5,.354,0.027000000000000024,-0.007000000000000006,0.033999999999999975,-0.03208847889698954,0.0972573525765015,1
669234,Justyn-Henry Malloy,2024,24,236,0.258,0.403,0.457,7,0.18220338983050846,0.2796610169491525,3,.353,-0.030999999999999917,-0.013999999999999957,-0.01699999999999996,0.0021706566062858756,0.030888512857499495,1
669256,Nick Solak,2022,27,259,0.278,0.371,0.489,10,0.11583011583011583,0.1969111969111969,6,.317,-0.008000000000000007,-0.03799999999999998,0.02999999999999997,0.04056129862581476,0.02486818615850872,1
669256,Nick Solak,2023,28,411,0.238,0.353,0.362,8,0.12895377128953772,0.19464720194647203,4,.285,-0.14500000000000002,-0.018000000000000016,-0.127,0.013123655459421887,-0.0022639949647248747,0
669256,Nick Solak,2024,29,347,0.311,0.406,0.446,9,0.11815561959654179,0.15273775216138327,10,.352,0.13700000000000012,0.05300000000000005,0.08400000000000002,-0.01079815169299593,-0.04190944978508876,1
669261,Jack Suwinski,2022,23,130,0.214,0.285,0.41,6,0.08461538461538462,0.3769230769230769,1,.302,,,,,,1
669261,Jack Suwinski,2024,25,202,0.239,0.307,0.444,7,0.08415841584158416,0.29207920792079206,3,.308,0.05600000000000005,0.02200000000000002,0.03400000000000003,-0.0004569687738004563,-0.08484386900228486,1
669288,Daniel Johnson,2021,25,318,0.222,0.314,0.444,14,0.11006289308176101,0.3333333333333333,7,.300,,,,,,0
669288,Daniel Johnson,2022,26,219,0.187,0.233,0.291,5,0.0547945205479452,0.3242009132420091,2,.254,-0.23399999999999999,-0.08099999999999999,-0.15300000000000002,-0.05526837253381581,-0.0091324200913242,0
669288,Daniel Johnson,2023,27,125,0.296,0.384,0.583,6,0.104,0.168,9,.317,0.44299999999999995,0.151,0.292,0.04920547945205479,-0.1562009132420091,1
669288,Daniel Johnson,2024,28,500,0.259,0.32,0.448,21,0.074,0.258,17,.313,-0.19899999999999995,-0.064,-0.13499999999999995,-0.03,0.09,1
669304,Jose F Miranda,2021,23,373,0.343,0.397,0.563,17,0.06702412868632708,0.13136729222520108,0,.362,,,,,,1
669304,Jose F Miranda,2023,25,181,0.255,0.326,0.36,3,0.08287292817679558,0.16022099447513813,2,.290,-0.051000000000000045,0.031000000000000028,-0.08200000000000002,0.03024134922942716,0.012852573422506564,1
669309,Joe Perez,2023,23,395,0.255,0.327,0.411,13,0.09367088607594937,0.2759493670886076,3,.329,-0.45399999999999996,-0.24399999999999994,-0.21000000000000002,-0.07775768535262206,0.10452079566003619,0
669326,Bryce Teodosio,2024,25,462,0.276,0.339,0.418,5,0.07575757575757576,0.2597402597402597,40,.372,,,,,,1
669344,Vince Fernandez,2022,26,360,0.248,0.344,0.482,15,0.1,0.3333333333333333,4,.348,,,,,,0
669352,Bubba Thompson,2022,24,375,0.303,0.355,0.474,13,0.058666666666666666,0.25333333333333335,49,.385,,,,,,1
669352,Bubba Thompson,2023,25,302,0.259,0.338,0.395,6,0.08940397350993377,0.22847682119205298,27,.328,-0.09599999999999986,-0.01699999999999996,-0.07899999999999996,0.030737306843267108,-0.024856512141280374,1
669357,Nolan Gorman,2021,21,328,0.274,0.32,0.465,14,0.06097560975609756,0.19207317073170732,3,.301,,,,,,1
669357,Nolan Gorman,2022,22,188,0.275,0.33,0.585,16,0.07446808510638298,0.3670212765957447,3,.352,0.13,0.010000000000000009,0.11999999999999994,0.013492475350285416,0.17494810586403736,1
669364,Xavier Edwards,2022,22,400,0.246,0.328,0.35,5,0.1075,0.1875,7,.300,,,,,,1
669364,Xavier Edwards,2023,23,433,0.351,0.429,0.457,7,0.12009237875288684,0.06928406466512702,32,.364,0.20800000000000007,0.10099999999999998,0.10700000000000004,0.012592378752886838,-0.11821593533487298,1
669364,Xavier Edwards,2024,24,119,0.33,0.376,0.45,1,0.06722689075630252,0.09243697478991597,5,.361,-0.05999999999999994,-0.05299999999999999,-0.007000000000000006,-0.05286548799658432,0.023152910124788956,1
669369,Bryce Johnson,2021,25,407,0.286,0.377,0.433,9,0.11793611793611794,0.26535626535626533,30,.388,,,,,,1
669369,Bryce Johnson,2022,26,352,0.29,0.369,0.401,5,0.09375,0.2556818181818182,31,.391,-0.040000000000000036,-0.008000000000000007,-0.03199999999999997,-0.02418611793611794,-0.009674447174447154,1
669369,Bryce Johnson,2023,27,298,0.28,0.373,0.455,8,0.11409395973154363,0.2348993288590604,18,.358,0.05800000000000005,0.0040000000000000036,0.05399999999999999,0.020343959731543626,-0.02078248932275778,1
669369,Bryce Johnson,2024,28,319,0.288,0.407,0.431,4,0.13479623824451412,0.20376175548589343,20,.366,0.009999999999999898,0.033999999999999975,-0.02400000000000002,0.02070227851297049,-0.03113757337316697,1
669374,Keston Hiura,2021,24,206,0.256,0.374,0.465,8,0.1407766990291262,0.33495145631067963,2,.375,,,,,,1
669374,Keston Hiura,2023,26,367,0.308,0.395,0.565,23,0.08446866485013624,0.2452316076294278,0,.359,-0.22100000000000009,-0.063,-0.15800000000000003,-0.0680737080312197,-0.009005680506165403,1
669374,Keston Hiura,2024,27,364,0.287,0.363,0.58,26,0.09615384615384616,0.29395604395604397,1,.349,-0.017000000000000015,-0.03200000000000003,0.015000000000000013,0.011685181303709921,0.04872443632661616,1
669377,Michael Gigliotti,2023,27,278,0.24,0.377,0.353,3,0.16546762589928057,0.1906474820143885,7,.296,,,,,,0
669384,Raynel Delgado,2023,23,393,0.254,0.344,0.37,7,0.11959287531806616,0.22391857506361323,14,.321,,,,,,0
669384,Raynel Delgado,2024,24,345,0.275,0.365,0.426,9,0.11014492753623188,0.2463768115942029,22,.358,0.07699999999999996,0.02100000000000002,0.055999999999999994,-0.009447947781834276,0.022458236530589676,0
669386,Trevor Hauver,2024,25,420,0.246,0.36,0.425,11,0.14047619047619048,0.2976190476190476,1,.347,,,,,,0
669392,Samad Taylor,2022,23,280,0.258,0.337,0.426,9,0.1,0.22142857142857142,23,.305,,,,,,1
669392,Samad Taylor,2023,24,414,0.301,0.418,0.466,8,0.15942028985507245,0.20531400966183574,43,.373,0.121,0.08099999999999996,0.040000000000000036,0.059420289855072445,-0.016114561766735674,1
669392,Samad Taylor,2024,25,599,0.262,0.352,0.38,11,0.11352253756260434,0.2604340567612688,50,.352,-0.15200000000000002,-0.066,-0.08600000000000002,-0.045897752292468105,0.05512004709943305,1
669394,Jake Burger,2021,25,340,0.274,0.332,0.513,18,0.07058823529411765,0.2676470588235294,0,.330,,,,,,1
669394,Jake Burger,2022,26,168,0.253,0.351,0.384,5,0.10714285714285714,0.20238095238095238,0,.299,-0.10999999999999999,0.01899999999999996,-0.129,0.03655462184873949,-0.06526610644257702,1
669397,Nick Allen,2021,22,151,0.243,0.302,0.301,0,0.0728476821192053,0.1986754966887417,4,.308,,,,,,1
669397,Nick Allen,2022,23,206,0.266,0.371,0.358,2,0.13106796116504854,0.1650485436893204,10,.321,0.126,0.069,0.056999999999999995,0.058220279045843246,-0.03362695299942131,1
669397,Nick Allen,2023,24,162,0.333,0.42,0.519,3,0.12345679012345678,0.09876543209876543,13,.359,0.21000000000000008,0.04899999999999999,0.16100000000000003,-0.007611171041591758,-0.06628311159055497,1
669397,Nick Allen,2024,25,379,0.345,0.431,0.497,7,0.12928759894459102,0.10817941952506596,16,.374,-0.01100000000000012,0.01100000000000001,-0.02200000000000002,0.005830808821134237,0.009413987426300535,1
669413,Frainyer Chavez,2024,25,137,0.256,0.309,0.312,0,0.06569343065693431,0.24087591240875914,5,.344,0.621,0.309,0.312,0.06569343065693431,-0.09245742092457418,0
669450,Cooper Hummel,2021,26,366,0.311,0.432,0.546,12,0.1721311475409836,0.16666666666666666,4,.350,,,,,,1
669450,Cooper Hummel,2022,27,156,0.31,0.423,0.527,6,0.15384615384615385,0.2564102564102564,3,.405,-0.028000000000000025,-0.009000000000000008,-0.019000000000000017,-0.01828499369482975,0.08974358974358973,1
669450,Cooper Hummel,2023,28,455,0.262,0.409,0.435,8,0.18021978021978022,0.23296703296703297,26,.348,-0.10599999999999998,-0.014000000000000012,-0.09200000000000003,0.026373626373626363,-0.023443223443223415,1
669450,Cooper Hummel,2024,29,442,0.277,0.419,0.454,10,0.17873303167420815,0.20135746606334842,15,.341,0.029000000000000026,0.010000000000000009,0.019000000000000017,-0.0014867485455720697,-0.03160956690368455,1
669471,Devin Mann,2022,25,156,0.258,0.372,0.455,5,0.1346153846153846,0.23076923076923078,0,.319,,,,,,0
669471,Devin Mann,2023,26,550,0.276,0.387,0.502,20,0.14363636363636365,0.27090909090909093,4,.363,0.062000000000000055,0.015000000000000013,0.046999999999999986,0.009020979020979036,0.04013986013986015,0
669471,Devin Mann,2024,27,403,0.257,0.358,0.42,13,0.11910669975186104,0.22332506203473945,4,.310,-0.11099999999999999,-0.029000000000000026,-0.08200000000000002,-0.024529663884502603,-0.04758402887435148,0
669477,Casey Schmitt,2023,24,217,0.3,0.346,0.435,4,0.06451612903225806,0.20276497695852536,3,.364,-0.13200000000000012,0.032999999999999974,-0.16499999999999998,0.06451612903225806,-0.10973502304147464,1
669477,Casey Schmitt,2024,25,335,0.274,0.343,0.469,13,0.09253731343283582,0.208955223880597,11,.309,0.03100000000000014,-0.002999999999999947,0.033999999999999975,0.028021184400577756,0.006190246922071652,1
669626,Corey Bird,2021,25,319,0.239,0.332,0.382,6,0.11598746081504702,0.21003134796238246,15,.295,,,,,,0
669699,Braden Shewmake,2022,24,307,0.259,0.316,0.399,7,0.0749185667752443,0.18566775244299674,9,.298,,,,,,1
669699,Braden Shewmake,2023,25,526,0.234,0.298,0.407,16,0.0741444866920152,0.19771863117870722,27,.264,-0.01000000000000012,-0.018000000000000016,0.007999999999999952,-0.0007740800832291006,0.01205087873571048,1
669701,Josh Smith,2022,24,261,0.29,0.395,0.466,6,0.12643678160919541,0.20689655172413793,9,.358,,,,,,1
669707,Jared Triolo,2023,25,226,0.286,0.412,0.432,2,0.17256637168141592,0.26548672566371684,10,.411,,,,,,1
669717,Will Wilson,2023,24,340,0.234,0.304,0.408,13,0.09117647058823529,0.25,2,.278,0.21999999999999997,0.05399999999999999,0.16599999999999998,0.03562091503267974,-0.1388888888888889,0
669717,Will Wilson,2024,25,100,0.188,0.3,0.224,0,0.1,0.26,0,.267,-0.18799999999999994,-0.0040000000000000036,-0.18399999999999997,0.008823529411764716,0.010000000000000009,1
669722,Logan Davidson,2023,25,232,0.264,0.333,0.375,3,0.09051724137931035,0.21982758620689655,4,.335,,,,,,0
669722,Logan Davidson,2024,26,347,0.3,0.366,0.535,14,0.07780979827089338,0.3112391930835735,7,.414,0.19300000000000006,0.032999999999999974,0.16000000000000003,-0.012707443108416969,0.09141160687667696,1
669738,Jake Noll,2021,27,474,0.3,0.346,0.494,17,0.06118143459915612,0.15611814345991562,4,.326,,,,,,0
669738,Jake Noll,2022,28,423,0.256,0.307,0.415,10,0.04728132387706856,0.18203309692671396,6,.294,-0.118,-0.03899999999999998,-0.07900000000000001,-0.013900110722087564,0.02591495346679834,0
669738,Jake Noll,2023,29,213,0.247,0.305,0.418,6,0.07042253521126761,0.19718309859154928,0,.284,0.0010000000000000009,-0.0020000000000000018,0.0030000000000000027,0.023141211334199052,0.015150001664835322,0
669742,Darick Hall,2021,25,471,0.23,0.338,0.403,14,0.11677282377919321,0.21231422505307856,0,.270,,,,,,1
669742,Darick Hall,2022,26,443,0.254,0.33,0.528,28,0.09480812641083522,0.22573363431151242,6,.268,0.11699999999999999,-0.008000000000000007,0.125,-0.021964697368357988,0.013419409258433851,1
669742,Darick Hall,2023,27,334,0.311,0.395,0.545,18,0.12574850299401197,0.19461077844311378,0,.341,0.08199999999999996,0.065,0.017000000000000015,0.03094037658317675,-0.031122855868398636,0
669742,Darick Hall,2024,28,488,0.236,0.32,0.387,16,0.10245901639344263,0.22745901639344263,2,.280,-0.23299999999999998,-0.07500000000000001,-0.15800000000000003,-0.023289486600569342,0.032848237950328846,0
669743,Alex Call,2021,26,269,0.229,0.335,0.394,10,0.12267657992565056,0.1412639405204461,3,.234,,,,,,1
669743,Alex Call,2022,27,327,0.292,0.423,0.521,13,0.1559633027522936,0.16819571865443425,9,.318,0.21499999999999986,0.08799999999999997,0.127,0.03328672282664302,0.026931778133988143,1
669743,Alex Call,2024,29,312,0.222,0.362,0.413,11,0.17307692307692307,0.19230769230769232,13,.245,-0.038000000000000034,-0.026000000000000023,-0.01200000000000001,0.03307692307692306,0.11230769230769232,1
669899,Ryan Ward,2023,25,615,0.234,0.324,0.424,21,0.11056910569105691,0.2552845528455285,12,.289,,,,,,0
669899,Ryan Ward,2024,26,520,0.258,0.317,0.543,33,0.07884615384615384,0.27115384615384613,11,.294,0.1120000000000001,-0.007000000000000006,0.11900000000000005,-0.03172295184490306,0.015869293308317656,0
669911,Michael Toglia,2023,24,367,0.256,0.368,0.474,16,0.1444141689373297,0.22343324250681199,3,.296,-0.32900000000000007,-0.044999999999999984,-0.28400000000000003,0.0244141689373297,-0.06990009082652135,1
669911,Michael Toglia,2024,25,135,0.277,0.363,0.571,9,0.1111111111111111,0.25925925925925924,1,.320,0.09199999999999997,-0.0050000000000000044,0.09699999999999998,-0.03330305782621859,0.03582601675244726,1
669916,Nate Nolan,2021,26,167,0.157,0.216,0.314,6,0.0658682634730539,0.47904191616766467,0,.261,,,,,,0
669945,Chavez Young,2022,24,248,0.234,0.331,0.35,5,0.12096774193548387,0.23387096774193547,20,.294,,,,,,0
669945,Chavez Young,2023,25,147,0.195,0.336,0.356,3,0.1564625850340136,0.2108843537414966,13,.233,0.010999999999999899,0.0050000000000000044,0.006000000000000005,0.03549484309852974,-0.02298661400043886,0
669945,Chavez Young,2024,26,171,0.209,0.302,0.324,2,0.08187134502923976,0.26900584795321636,7,.287,-0.06599999999999995,-0.03400000000000003,-0.03199999999999997,-0.07459124000477385,0.05812149421171975,0
670042,Luke Raley,2021,26,318,0.294,0.393,0.57,19,0.08490566037735849,0.23270440251572327,8,.339,,,,,,1
670042,Luke Raley,2022,27,268,0.3,0.401,0.529,14,0.10074626865671642,0.27238805970149255,7,.383,-0.03299999999999992,0.008000000000000007,-0.040999999999999925,0.01584060827935793,0.03968365718576927,1
670084,Nick Heath,2021,27,229,0.25,0.341,0.423,5,0.1091703056768559,0.33624454148471616,19,.373,,,,,,0
670092,Trenton Brooks,2021,25,325,0.253,0.325,0.415,8,0.09538461538461539,0.20615384615384616,2,.301,,,,,,0
670092,Trenton Brooks,2022,26,340,0.273,0.367,0.464,11,0.12058823529411765,0.16176470588235295,1,.303,0.09099999999999997,0.04199999999999998,0.049000000000000044,0.02520361990950226,-0.04438914027149321,0
670092,Trenton Brooks,2023,27,523,0.286,0.4,0.516,22,0.1491395793499044,0.14722753346080306,7,.301,0.08500000000000008,0.03300000000000003,0.05199999999999999,0.028551344055786756,-0.014537172421549893,1
670092,Trenton Brooks,2024,28,407,0.302,0.41,0.453,10,0.1547911547911548,0.14987714987714987,10,.336,-0.05300000000000005,0.009999999999999953,-0.063,0.005651575441250389,0.0026496164163468117,1
670097,Zack Short,2021,26,198,0.236,0.389,0.452,9,0.16666666666666666,0.23737373737373738,2,.275,,,,,,1
670097,Zack Short,2022,27,559,0.229,0.355,0.373,11,0.15742397137745975,0.26654740608228983,11,.308,-0.11299999999999999,-0.03400000000000003,-0.07900000000000001,-0.009242695289206904,0.029173668708552453,1
670097,Zack Short,2023,28,100,0.195,0.34,0.427,5,0.18,0.32,1,.244,0.039000000000000035,-0.014999999999999958,0.05399999999999999,0.02257602862254024,0.05345259391771018,1
670097,Zack Short,2024,29,109,0.216,0.361,0.273,0,0.1743119266055046,0.24770642201834864,3,.311,-0.133,0.020999999999999963,-0.15399999999999997,-0.0056880733944953965,-0.07229357798165137,1
670106,Cole Freeman,2022,27,162,0.243,0.299,0.347,2,0.05555555555555555,0.12345679012345678,15,.268,,,,,,0
670113,Jim Haley,2022,27,420,0.231,0.306,0.44,18,0.08333333333333333,0.2976190476190476,16,.292,0.746,0.306,0.44,0.08333333333333333,0.2976190476190476,0
670113,Jim Haley,2023,28,410,0.253,0.324,0.412,11,0.08292682926829269,0.22926829268292684,18,.309,-0.010000000000000009,0.018000000000000016,-0.028000000000000025,-0.0004065040650406415,-0.06835075493612078,0
670113,Jim Haley,2024,29,313,0.249,0.313,0.4,8,0.06389776357827476,0.23961661341853036,17,.310,-0.02299999999999991,-0.01100000000000001,-0.011999999999999955,-0.01902906569001793,0.010348320735603517,0
670128,Taylor Kohlwey,2021,26,383,0.319,0.381,0.456,7,0.09660574412532637,0.2193211488250653,9,.400,,,,,,0
670128,Taylor Kohlwey,2022,27,587,0.297,0.389,0.443,11,0.11584327086882454,0.15502555366269166,9,.341,-0.004999999999999893,0.008000000000000007,-0.013000000000000012,0.01923752674349817,-0.06429559516237363,1
670128,Taylor Kohlwey,2023,28,518,0.276,0.39,0.437,12,0.14478764478764478,0.16602316602316602,15,.316,-0.0050000000000001155,0.0010000000000000009,-0.006000000000000005,0.028944373918820238,0.010997612360474363,0
670148,Nate Mondou,2021,26,361,0.282,0.371,0.432,8,0.11080332409972299,0.1523545706371191,0,.315,,,,,,1
670148,Nate Mondou,2022,27,449,0.283,0.374,0.431,7,0.10244988864142539,0.18485523385300667,1,.340,0.0020000000000000018,0.0030000000000000027,-0.0010000000000000009,-0.0083534354582976,0.03250066321588757,0
670148,Nate Mondou,2023,28,465,0.27,0.379,0.434,13,0.14838709677419354,0.1913978494623656,7,.316,0.008000000000000007,0.0050000000000000044,0.0030000000000000027,0.04593720813276815,0.006542615609358926,0
670148,Nate Mondou,2024,29,443,0.267,0.367,0.404,5,0.12415349887133183,0.20090293453724606,11,.331,-0.041999999999999926,-0.01200000000000001,-0.02999999999999997,-0.02423359790286171,0.00950508507488046,0
670149,Brady Policelli,2021,26,122,0.101,0.183,0.183,2,0.09016393442622951,0.3360655737704918,1,.136,,,,,,0
670156,Miles Mastrobuoni,2021,25,185,0.292,0.384,0.391,0,0.12972972972972974,0.2594594594594595,2,.416,,,,,,1
670156,Miles Mastrobuoni,2022,26,573,0.3,0.377,0.469,16,0.1099476439790576,0.16579406631762653,23,.342,0.07099999999999995,-0.007000000000000006,0.07799999999999996,-0.01978208575067214,-0.09366539314183295,1
670156,Miles Mastrobuoni,2023,27,165,0.295,0.448,0.473,2,0.21818181818181817,0.23636363636363636,9,.409,0.07500000000000007,0.07100000000000001,0.0040000000000000036,0.10823417420276057,0.07056957004600983,1
670156,Miles Mastrobuoni,2024,28,244,0.218,0.305,0.329,4,0.11065573770491803,0.18032786885245902,15,.256,-0.28700000000000003,-0.14300000000000002,-0.14399999999999996,-0.10752608047690014,-0.05603576751117734,1
670190,Carter Bins,2022,23,279,0.208,0.297,0.408,10,0.08960573476702509,0.35842293906810035,2,.299,,,,,,0
670208,Matt Fraizer,2024,26,151,0.261,0.325,0.406,3,0.07947019867549669,0.23178807947019867,6,.330,,,,,,0
670223,Matt Mervis,2022,24,240,0.297,0.383,0.593,15,0.10416666666666667,0.14583333333333334,0,.294,0.28600000000000003,0.04999999999999999,0.236,0.037500000000000006,-0.12083333333333332,1
670223,Matt Mervis,2023,25,441,0.282,0.399,0.533,22,0.15192743764172337,0.22675736961451248,2,.327,-0.04399999999999993,0.016000000000000014,-0.05999999999999994,0.047760770975056696,0.08092403628117914,1
670223,Matt Mervis,2024,26,350,0.235,0.329,0.434,15,0.10571428571428572,0.3,4,.301,-0.16900000000000004,-0.07,-0.09900000000000003,-0.04621315192743765,0.0732426303854875,1
670224,Kameron Misner,2023,25,519,0.226,0.363,0.458,21,0.17533718689788053,0.3583815028901734,21,.339,,,,,,1
670224,Kameron Misner,2024,26,519,0.248,0.36,0.442,17,0.14065510597302505,0.2928709055876686,30,.338,-0.018999999999999906,-0.0030000000000000027,-0.016000000000000014,-0.034682080924855474,-0.0655105973025048,1
670231,John Rave,2023,25,302,0.236,0.326,0.376,7,0.11920529801324503,0.2781456953642384,4,.316,0.07899999999999996,0.093,-0.014000000000000012,0.07269367010626829,-0.02417988603111043,0
670231,John Rave,2024,26,578,0.259,0.346,0.47,21,0.11245674740484429,0.21626297577854672,17,.303,0.11399999999999999,0.019999999999999962,0.09399999999999997,-0.0067485506084007385,-0.061882719585691665,1
670237,Jake Slaughter,2023,26,432,0.243,0.34,0.482,22,0.10648148148148148,0.27546296296296297,16,.291,,,,,,0
670237,Jake Slaughter,2024,27,498,0.281,0.357,0.444,15,0.08835341365461848,0.26104417670682734,21,.365,-0.02100000000000013,0.01699999999999996,-0.03799999999999998,-0.018128067826863006,-0.01441878625613563,0
670242,Matt Wallner,2022,24,229,0.247,0.376,0.463,6,0.15283842794759825,0.27510917030567683,1,.339,,,,,,1
670242,Matt Wallner,2023,25,305,0.291,0.403,0.524,11,0.12786885245901639,0.28524590163934427,0,.399,0.08800000000000008,0.027000000000000024,0.061,-0.024969575488581863,0.010136731333667437,1
670242,Matt Wallner,2024,26,297,0.259,0.343,0.544,19,0.10774410774410774,0.3063973063973064,5,.316,-0.040000000000000036,-0.06,0.020000000000000018,-0.020124744714908646,0.021151404757962122,1
670276,Cal Stevenson,2022,25,307,0.284,0.389,0.412,6,0.1465798045602606,0.1758957654723127,16,.335,,,,,,1
670276,Cal Stevenson,2023,26,289,0.255,0.413,0.412,9,0.20761245674740483,0.23183391003460208,19,.313,0.02400000000000002,0.023999999999999966,0.0,0.06103265218714424,0.05593814456228938,1
670276,Cal Stevenson,2024,27,397,0.302,0.421,0.486,8,0.1712846347607053,0.16624685138539042,29,.356,0.08200000000000007,0.008000000000000007,0.07400000000000001,-0.03632782198669954,-0.06558705864921166,1
670281,Stevie Berman,2022,27,261,0.212,0.342,0.392,8,0.1417624521072797,0.24521072796934865,1,.257,0.31199999999999994,0.14200000000000002,0.17,0.04176245210727969,-0.05478927203065134,0
670281,Stevie Berman,2023,28,112,0.253,0.378,0.341,2,0.16964285714285715,0.22321428571428573,0,.323,-0.014999999999999902,0.035999999999999976,-0.05099999999999999,0.027880405035577455,-0.02199644225506292,0
670286,Craig Dedelow,2022,27,105,0.174,0.314,0.395,5,0.1523809523809524,0.3904761904761905,6,.244,,,,,,0
670298,Kramer Robertson,2021,26,466,0.253,0.366,0.414,11,0.13304721030042918,0.17381974248927037,11,.291,,,,,,1
670298,Kramer Robertson,2022,27,514,0.239,0.393,0.363,11,0.16342412451361868,0.20038910505836577,30,.294,-0.02400000000000002,0.027000000000000024,-0.05099999999999999,0.0303769142131895,0.026569362569095395,0
670298,Kramer Robertson,2023,28,510,0.205,0.356,0.262,3,0.1588235294117647,0.22549019607843138,23,.276,-0.138,-0.03700000000000003,-0.10099999999999998,-0.004600595101853983,0.025101091020065608,0
670351,Jose Rojas,2021,28,241,0.259,0.328,0.431,8,0.0954356846473029,0.15767634854771784,4,.279,,,,,,1
670351,Jose Rojas,2022,29,309,0.274,0.346,0.569,20,0.10032362459546926,0.20711974110032363,5,.285,0.15599999999999992,0.01799999999999996,0.13799999999999996,0.004887939948166359,0.0494433925526058,0
670351,Jose Rojas,2024,31,332,0.243,0.346,0.536,21,0.1355421686746988,0.21686746987951808,4,.245,-0.03299999999999992,0.0,-0.03299999999999992,0.03521854407922953,0.009747728779194442,0
670352,Ben Ruta,2021,27,148,0.2,0.313,0.384,4,0.14189189189189189,0.21621621621621623,4,.233,,,,,,0
670370,Andrew Young,2021,27,224,0.304,0.388,0.598,11,0.08928571428571429,0.3482142857142857,2,.449,,,,,,0
670370,Andrew Young,2022,28,111,0.209,0.351,0.352,3,0.12612612612612611,0.2972972972972973,3,.291,-0.28300000000000003,-0.03700000000000003,-0.246,0.03684041184041183,-0.050916988416988385,0
670427,Camden Duzenack,2021,26,154,0.287,0.325,0.524,8,0.045454545454545456,0.2792207792207792,1,.351,,,,,,0
670427,Camden Duzenack,2022,27,349,0.261,0.308,0.465,13,0.05730659025787966,0.21203438395415472,10,.299,-0.07599999999999996,-0.017000000000000015,-0.059,0.011852044803334204,-0.06718639526662448,0
670462,Hunter Owen,2021,27,366,0.235,0.306,0.451,20,0.07923497267759563,0.33879781420765026,2,.305,,,,,,0
670582,Yariel Gonzalez,2021,27,295,0.259,0.325,0.456,14,0.09152542372881356,0.22033898305084745,0,.287,,,,,,0
670582,Yariel Gonzalez,2022,28,119,0.168,0.235,0.206,0,0.06722689075630252,0.23529411764705882,2,.222,-0.3400000000000001,-0.09000000000000002,-0.25,-0.02429853297251104,0.014955134596211367,0
670623,Isaac Paredes,2021,22,315,0.265,0.397,0.451,11,0.17777777777777778,0.1492063492063492,0,.281,,,,,,1
670623,Isaac Paredes,2022,23,113,0.263,0.354,0.484,4,0.11504424778761062,0.168141592920354,0,.280,-0.01000000000000012,-0.04300000000000004,0.032999999999999974,-0.06273352999016717,0.01893524371400479,1
670712,Mike Brosseau,2021,27,202,0.218,0.342,0.382,8,0.11386138613861387,0.24752475247524752,2,.259,,,,,,1
670712,Mike Brosseau,2024,30,405,0.263,0.356,0.417,15,0.09876543209876543,0.2074074074074074,2,.303,0.23899999999999988,0.151,0.08799999999999997,0.06030389363722696,-0.061823361823361817,0
670764,Taylor Walls,2021,24,222,0.247,0.387,0.444,8,0.18018018018018017,0.26126126126126126,10,.316,,,,,,1
670768,Luis González,2021,25,163,0.241,0.352,0.423,7,0.13496932515337423,0.25153374233128833,9,.289,,,,,,1
670768,Luis González,2023,27,110,0.255,0.355,0.362,1,0.11818181818181818,0.18181818181818182,6,.311,-0.2240000000000001,-0.04700000000000004,-0.17700000000000005,-0.04486166007905139,-0.05731225296442688,0
670770,TJ Friedl,2021,25,448,0.264,0.357,0.422,12,0.09821428571428571,0.14508928571428573,13,.288,,,,,,1
670770,TJ Friedl,2022,26,241,0.278,0.371,0.468,8,0.11618257261410789,0.1991701244813278,10,.327,0.06000000000000005,0.014000000000000012,0.04600000000000004,0.017968286899822175,0.05408083876704206,1
670860,Lazaro Armenteros,2024,25,112,0.191,0.321,0.309,2,0.13392857142857142,0.39285714285714285,10,.333,,,,,,0
670869,Livan Soto,2023,23,350,0.248,0.347,0.389,8,0.12571428571428572,0.23714285714285716,0,.313,,,,,,1
670869,Livan Soto,2024,24,370,0.283,0.377,0.381,4,0.12432432432432433,0.16756756756756758,4,.336,0.02200000000000002,0.030000000000000027,-0.008000000000000007,-0.0013899613899613916,-0.06957528957528958,0
670870,Yunior Severino,2023,23,153,0.233,0.32,0.511,11,0.09803921568627451,0.3660130718954248,0,.294,,,,,,0
670870,Yunior Severino,2024,24,565,0.254,0.342,0.434,21,0.11858407079646018,0.27256637168141595,4,.321,-0.05499999999999994,0.02200000000000002,-0.07700000000000001,0.020544855110185667,-0.09344670021400886,0
670895,Alfredo Rodriguez,2021,27,453,0.283,0.333,0.354,3,0.059602649006622516,0.17218543046357615,2,.336,,,,,,0
671056,Iván Herrera,2022,22,278,0.268,0.374,0.396,6,0.1366906474820144,0.18705035971223022,5,.318,0.77,0.374,0.396,0.1366906474820144,0.18705035971223022,1
671056,Iván Herrera,2023,23,375,0.297,0.451,0.5,10,0.2,0.20533333333333334,11,.371,0.18100000000000005,0.07700000000000001,0.10399999999999998,0.06330935251798561,0.01828297362110312,1
671056,Iván Herrera,2024,24,112,0.28,0.402,0.473,5,0.16964285714285715,0.17857142857142858,3,.309,-0.07600000000000007,-0.04899999999999999,-0.027000000000000024,-0.03035714285714286,-0.026761904761904765,1
671083,Buddy Kennedy,2022,23,394,0.261,0.363,0.385,7,0.13705583756345177,0.19289340101522842,8,.311,,,,,,1
671083,Buddy Kennedy,2023,24,463,0.307,0.432,0.455,5,0.16414686825053995,0.17494600431965443,3,.377,0.139,0.069,0.07,0.02709103068708818,-0.01794739669557399,1
671083,Buddy Kennedy,2024,25,463,0.272,0.376,0.458,13,0.12958963282937366,0.18142548596112312,4,.312,-0.052999999999999936,-0.055999999999999994,0.0030000000000000027,-0.03455723542116629,0.006479481641468693,1
671088,Tanner Morris,2022,24,126,0.173,0.352,0.173,0,0.1984126984126984,0.1984126984126984,0,.233,,,,,,0
671088,Tanner Morris,2023,25,411,0.281,0.39,0.394,6,0.14841849148418493,0.19708029197080293,1,.350,0.2590000000000001,0.038000000000000034,0.22100000000000003,-0.049994206928513474,-0.0013324064418954729,0
671117,Darren Baker,2023,24,448,0.273,0.338,0.34,3,0.08705357142857142,0.16964285714285715,19,.329,,,,,,1
671117,Darren Baker,2024,25,483,0.285,0.348,0.34,0,0.08902691511387163,0.18840579710144928,38,.358,0.009999999999999898,0.009999999999999953,0.0,0.001973343685300208,0.01876293995859213,0
671155,Ivan Johnson,2024,25,167,0.289,0.359,0.537,6,0.08982035928143713,0.281437125748503,3,.381,,,,,,0
671213,Triston Casas,2022,22,317,0.273,0.382,0.481,11,0.14511041009463724,0.21451104100946372,0,.323,-0.0030000000000000027,0.0010000000000000009,-0.0040000000000000036,-0.04536578038155323,0.024034850533273255,1
671218,Heliot Ramos,2021,21,229,0.272,0.323,0.399,4,0.06550218340611354,0.2838427947598253,8,.375,,,,,,1
671218,Heliot Ramos,2022,22,475,0.227,0.305,0.349,11,0.0863157894736842,0.23578947368421052,6,.283,-0.06800000000000006,-0.018000000000000016,-0.050000000000000044,0.02081360606757067,-0.0480533210756148,1
671218,Heliot Ramos,2023,23,263,0.3,0.382,0.546,12,0.10266159695817491,0.2509505703422053,9,.368,0.27400000000000013,0.07700000000000001,0.19700000000000006,0.0163458074844907,0.015161096657994783,1
671218,Heliot Ramos,2024,24,134,0.296,0.388,0.565,8,0.11940298507462686,0.27611940298507465,2,.366,0.02499999999999991,0.006000000000000005,0.018999999999999906,0.016741388116451955,0.025168832642869343,1
671221,Drew Waters,2021,22,459,0.24,0.329,0.381,11,0.10239651416122005,0.3093681917211329,28,.341,,,,,,1
671221,Drew Waters,2022,23,353,0.265,0.343,0.45,12,0.10198300283286119,0.2776203966005666,18,.346,0.08300000000000007,0.014000000000000012,0.069,-0.0004135113283588593,-0.0317477951205663,1
671221,Drew Waters,2024,25,457,0.29,0.379,0.494,13,0.11597374179431072,0.2647702407002188,20,.383,-0.15900000000000003,-0.018000000000000016,-0.14100000000000001,0.012525465932241756,0.040632309665736055,1
671246,Fabricio Macias,2021,23,111,0.245,0.3,0.324,2,0.036036036036036036,0.24324324324324326,2,.315,,,,,,0
671277,Luis García Jr.,2021,21,159,0.303,0.371,0.599,13,0.09433962264150944,0.16352201257861634,1,.288,,,,,,1
671277,Luis García Jr.,2022,22,205,0.308,0.366,0.519,8,0.08780487804878048,0.17560975609756097,3,.343,-0.08499999999999996,-0.0050000000000000044,-0.07999999999999996,-0.006534744592728958,0.012087743518944621,1
671277,Luis García Jr.,2023,23,108,0.268,0.315,0.381,1,0.07407407407407407,0.12037037037037036,2,.291,-0.18900000000000006,-0.05099999999999999,-0.138,-0.013730803974706413,-0.0552393857271906,1
671284,Tim Elko,2024,25,219,0.289,0.361,0.472,9,0.0958904109589041,0.2922374429223744,1,.387,,,,,,1
671286,Johnathan Rodríguez,2023,23,202,0.28,0.376,0.56,11,0.12376237623762376,0.32673267326732675,0,.388,,,,,,1
671286,Johnathan Rodríguez,2024,24,508,0.301,0.39,0.54,29,0.12598425196850394,0.25196850393700787,8,.361,-0.006000000000000005,0.014000000000000012,-0.020000000000000018,0.002221875730880174,-0.07476416933031887,1
671287,Phil Clarke,2024,26,193,0.23,0.352,0.323,3,0.13989637305699482,0.14507772020725387,3,.260,-1.325,-0.648,-0.677,0.13989637305699482,0.14507772020725387,0
671289,Tyler Freeman,2022,23,343,0.279,0.371,0.364,6,0.0728862973760933,0.09329446064139942,6,.296,,,,,,1
671289,Tyler Freeman,2023,24,116,0.319,0.457,0.462,2,0.12931034482758622,0.13793103448275862,10,.365,0.18400000000000005,0.08600000000000002,0.09800000000000003,0.05642404745149292,0.0446365738413592,1
671655,George Valera,2022,21,179,0.221,0.324,0.448,9,0.12290502793296089,0.25139664804469275,0,.248,,,,,,0
671655,George Valera,2023,22,312,0.211,0.343,0.375,10,0.16025641025641027,0.2724358974358974,1,.268,-0.05400000000000005,0.019000000000000017,-0.07300000000000001,0.03735138232344938,0.021039249391204662,0
671655,George Valera,2024,23,374,0.248,0.337,0.452,17,0.12032085561497326,0.2700534759358289,6,.300,0.07100000000000006,-0.006000000000000005,0.07700000000000001,-0.03993555464143701,-0.00238242150006851,1
671732,Lawrence Butler,2024,23,126,0.255,0.349,0.418,4,0.12698412698412698,0.1984126984126984,7,.296,-0.08500000000000019,0.008999999999999952,-0.09400000000000003,0.041877744005403575,0.006923336710570743,1
671913,Damiano Palmegiani,2024,24,501,0.21,0.311,0.381,19,0.10578842315369262,0.281437125748503,2,.261,-0.28900000000000015,-0.11599999999999999,-0.17300000000000004,-0.05046157684630738,-0.010229540918163693,0
671976,Tristan Peters,2024,24,478,0.238,0.344,0.402,12,0.13179916317991633,0.19665271966527198,8,.280,,,,,,1
672012,Tyler Black,2023,22,173,0.31,0.428,0.514,4,0.15606936416184972,0.1329479768786127,8,.345,,,,,,1
672012,Tyler Black,2024,23,462,0.258,0.374,0.429,14,0.13203463203463203,0.18831168831168832,20,.299,-0.139,-0.05399999999999999,-0.08500000000000002,-0.024034732127217684,0.05536371143307561,1
672279,Michael Siani,2023,23,493,0.227,0.347,0.35,9,0.15415821501014199,0.23732251521298176,23,.293,0.017000000000000015,0.08399999999999996,-0.067,0.12784242553645778,0.10574356784456071,1
672284,Jarred Kelenic,2021,21,143,0.32,0.392,0.624,9,0.1048951048951049,0.15384615384615385,6,.323,,,,,,1
672284,Jarred Kelenic,2022,22,394,0.295,0.365,0.557,18,0.08883248730964467,0.20812182741116753,9,.339,-0.09399999999999997,-0.027000000000000024,-0.06699999999999995,-0.016062617585460223,0.05427567356501367,1
672356,Gabriel Arias,2021,21,483,0.284,0.348,0.454,13,0.08074534161490683,0.2277432712215321,5,.351,,,,,,1
672356,Gabriel Arias,2022,22,323,0.24,0.31,0.406,13,0.07739938080495357,0.24148606811145512,5,.279,-0.08600000000000008,-0.03799999999999998,-0.04799999999999999,-0.003345960809953266,0.013742796889923026,1
672356,Gabriel Arias,2024,24,178,0.317,0.36,0.545,6,0.0449438202247191,0.2247191011235955,11,.388,0.18900000000000006,0.04999999999999999,0.139,-0.032455560580234466,-0.01676696698785962,1
672359,Tirso Ornelas,2023,23,240,0.285,0.358,0.425,4,0.09583333333333334,0.19583333333333333,4,.348,0.22999999999999998,0.09099999999999997,0.139,0.029166666666666674,0.0625,0
672359,Tirso Ornelas,2024,24,548,0.297,0.367,0.497,23,0.09671532846715329,0.16058394160583941,7,.318,0.08100000000000007,0.009000000000000008,0.07200000000000001,0.0008819951338199516,-0.03524939172749392,1
672463,Rafael Lantigua,2022,24,179,0.286,0.346,0.373,2,0.0893854748603352,0.19553072625698323,9,.349,,,,,,0
672463,Rafael Lantigua,2023,25,578,0.305,0.425,0.469,12,0.1695501730103806,0.185121107266436,28,.366,0.17499999999999993,0.07900000000000001,0.09599999999999997,0.08016469815004541,-0.010409618990547237,0
672463,Rafael Lantigua,2024,26,521,0.265,0.367,0.336,4,0.1343570057581574,0.19193857965451055,16,.332,-0.19099999999999984,-0.057999999999999996,-0.13299999999999995,-0.03519316725222321,0.006817472388074564,0
672478,Jordan Diaz,2022,21,120,0.348,0.383,0.545,4,0.05,0.125,0,.372,,,,,,1
672478,Jordan Diaz,2023,22,169,0.308,0.351,0.506,6,0.05917159763313609,0.17751479289940827,0,.347,-0.07100000000000006,-0.03200000000000003,-0.039000000000000035,0.009171597633136089,0.052514792899408275,0
672478,Jordan Diaz,2024,23,436,0.301,0.362,0.529,22,0.0779816513761468,0.17889908256880735,0,.327,0.03400000000000003,0.01100000000000001,0.02300000000000002,0.018810053743010702,0.0013842896693990747,0
672515,Gabriel Moreno,2022,22,267,0.315,0.386,0.42,3,0.0898876404494382,0.16853932584269662,7,.377,0.49500000000000005,0.186,0.309,0.0898876404494382,-0.03146067415730339,1
672580,Maikel Garcia,2022,22,186,0.274,0.341,0.463,7,0.0913978494623656,0.22580645161290322,12,.322,,,,,,1
672580,Maikel Garcia,2023,23,112,0.242,0.348,0.347,1,0.14285714285714285,0.19642857142857142,4,.301,-0.1090000000000001,0.006999999999999951,-0.11600000000000005,0.051459293394777256,-0.029377880184331795,1
672640,Otto Lopez,2021,22,194,0.289,0.347,0.405,2,0.06701030927835051,0.13402061855670103,15,.324,,,,,,1
672640,Otto Lopez,2022,23,391,0.297,0.378,0.415,3,0.10485933503836317,0.15601023017902813,14,.351,0.040999999999999925,0.031000000000000028,0.009999999999999953,0.03784902576001266,0.0219896116223271,0
672640,Otto Lopez,2023,24,346,0.258,0.313,0.343,2,0.06647398843930635,0.15895953757225434,13,.305,-0.1369999999999999,-0.065,-0.07199999999999995,-0.03838534659905682,0.0029493073932262137,1
672642,Steward Berroa,2024,25,300,0.281,0.371,0.454,10,0.11666666666666667,0.23666666666666666,34,.350,0.31999999999999995,0.08800000000000002,0.232,-0.012962962962962954,-0.004074074074074063,1
672701,José Devers,2024,24,208,0.239,0.304,0.362,3,0.07211538461538461,0.16826923076923078,3,.278,0.10799999999999987,0.05399999999999999,0.05399999999999999,0.047725140712945584,0.04631801125703566,0
672724,Oswald Peraza,2022,22,429,0.259,0.329,0.448,19,0.07925407925407925,0.2331002331002331,33,.302,0.061000000000000054,0.006000000000000005,0.05499999999999999,0.014737950221821186,0.07180991051958793,1
672724,Oswald Peraza,2023,23,300,0.268,0.357,0.479,14,0.09666666666666666,0.18333333333333332,16,.289,0.05899999999999994,0.02799999999999997,0.030999999999999972,0.017412587412587416,-0.04976689976689977,1
672724,Oswald Peraza,2024,24,406,0.246,0.341,0.394,13,0.10591133004926108,0.20935960591133004,24,.286,-0.10099999999999987,-0.01599999999999996,-0.08499999999999996,0.009244663382594415,0.026026272577996723,1
672744,Alexander Canario,2023,23,161,0.276,0.342,0.524,8,0.09316770186335403,0.2795031055900621,2,.344,-0.05799999999999994,-0.043999999999999984,-0.014000000000000012,-0.061594202898550734,0.029503105590062084,1
672744,Alexander Canario,2024,24,283,0.243,0.336,0.514,18,0.11307420494699646,0.303886925795053,5,.292,-0.016000000000000014,-0.006000000000000005,-0.010000000000000009,0.019906503083642432,0.024383820204990914,1
672761,Wenceel Pérez,2023,23,160,0.264,0.394,0.496,3,0.16875,0.18125,6,.313,,,,,,1
672779,Tucupita Marcano,2021,21,412,0.251,0.345,0.358,7,0.12864077669902912,0.14320388349514562,12,.281,,,,,,1
672779,Tucupita Marcano,2022,22,115,0.287,0.365,0.426,3,0.11304347826086956,0.1391304347826087,1,.313,0.08799999999999997,0.020000000000000018,0.068,-0.01559729843815956,-0.004073448712536926,1
672820,Lenyn Sosa,2022,22,247,0.296,0.352,0.469,9,0.0728744939271255,0.17408906882591094,3,.331,,,,,,1
672820,Lenyn Sosa,2023,23,308,0.271,0.313,0.507,17,0.05844155844155844,0.2435064935064935,0,.310,-0.0009999999999998899,-0.03899999999999998,0.038000000000000034,-0.01443293548556706,0.06941742468058257,1
672820,Lenyn Sosa,2024,24,113,0.275,0.33,0.529,6,0.07964601769911504,0.17699115044247787,2,.286,0.038999999999999924,0.017000000000000015,0.02200000000000002,0.021204459257556603,-0.06651534306401563,1
673237,Yainer Diaz,2022,23,219,0.294,0.342,0.587,16,0.0593607305936073,0.1780821917808219,1,.291,,,,,,1
673476,Norel González,2022,28,152,0.255,0.322,0.467,6,0.06578947368421052,0.25,0,.309,0.07599999999999996,0.007000000000000006,0.069,-0.02116704805491991,0.07608695652173914,0
673516,Victor Mesa,2022,25,103,0.2,0.243,0.242,1,0.04854368932038835,0.1262135922330097,9,.217,,,,,,0
673962,Josh Jung,2021,23,156,0.348,0.436,0.652,9,0.11538461538461539,0.21794871794871795,0,.413,,,,,,1
673962,Josh Jung,2022,24,106,0.273,0.321,0.525,6,0.03773584905660377,0.2830188679245283,1,.333,-0.242,-0.11499999999999999,-0.127,-0.07764876632801163,0.06507014997581034,1
673983,Josh Bissonette,2022,25,145,0.213,0.329,0.279,0,0.13793103448275862,0.22758620689655173,1,.292,,,,,,0
673983,Josh Bissonette,2023,26,184,0.22,0.317,0.283,1,0.125,0.18478260869565216,0,.272,-0.008000000000000118,-0.01200000000000001,0.003999999999999948,-0.012931034482758619,-0.04280359820089957,0
673995,Davis Wendzel,2022,25,355,0.207,0.287,0.398,17,0.10422535211267606,0.2647887323943662,2,.232,-0.11199999999999999,-0.04600000000000004,-0.066,0.04361929150661545,0.022364489970123747,0
673995,Davis Wendzel,2023,26,547,0.236,0.361,0.477,30,0.14076782449725778,0.23583180987202926,3,.259,0.1529999999999999,0.07400000000000001,0.07899999999999996,0.03654247238458172,-0.02895692252233692,1
673995,Davis Wendzel,2024,27,323,0.266,0.356,0.41,8,0.1021671826625387,0.16408668730650156,5,.299,-0.07199999999999995,-0.0050000000000000044,-0.067,-0.03860064183471908,-0.0717451225655277,0
674441,Jacob Hurtubise,2023,25,137,0.39,0.537,0.46,1,0.2116788321167883,0.10218978102189781,12,.437,,,,,,1
674441,Jacob Hurtubise,2024,26,234,0.271,0.389,0.349,2,0.13247863247863248,0.18376068376068377,15,.340,-0.2590000000000001,-0.14800000000000002,-0.11100000000000004,-0.07920019963815583,0.08157090273878596,1
674646,Tucker Bradley,2023,25,250,0.267,0.366,0.433,4,0.132,0.208,10,.333,,,,,,0
674671,Robbie Glendinning,2023,27,118,0.248,0.331,0.476,6,0.1016949152542373,0.3474576271186441,0,.345,,,,,,0
674951,Nick Podkul,2022,25,215,0.211,0.355,0.331,5,0.15348837209302327,0.2837209302325581,3,.294,,,,,,0
674951,Nick Podkul,2024,27,220,0.231,0.364,0.418,9,0.15454545454545454,0.3181818181818182,1,.320,-0.2490000000000001,-0.10699999999999998,-0.14200000000000007,0.007486631016042772,0.1711229946524064,0
675448,Blake Hunt,2023,24,126,0.263,0.317,0.518,6,0.06349206349206349,0.18253968253968253,0,.276,,,,,,0
675448,Blake Hunt,2024,25,246,0.217,0.272,0.363,7,0.052845528455284556,0.24390243902439024,1,.261,-0.19999999999999996,-0.044999999999999984,-0.15500000000000003,-0.010646535036778933,0.06136275648470771,0
675628,Darius Hill,2022,24,373,0.318,0.358,0.434,3,0.05630026809651475,0.14209115281501342,4,.364,,,,,,0
675628,Darius Hill,2023,25,372,0.272,0.343,0.377,2,0.08870967741935484,0.15053763440860216,3,.322,-0.07200000000000006,-0.014999999999999958,-0.056999999999999995,0.032409409322840095,0.00844648159358874,0
675628,Darius Hill,2024,26,392,0.267,0.323,0.355,2,0.07908163265306123,0.17857142857142858,3,.322,-0.04200000000000004,-0.020000000000000018,-0.02200000000000002,-0.009628044766293614,0.02803379416282642,0
675649,Brian Miller,2021,25,443,0.268,0.326,0.338,2,0.07674943566591422,0.1986455981941309,36,.335,,,,,,0
675649,Brian Miller,2022,26,452,0.292,0.349,0.434,7,0.08185840707964602,0.17035398230088494,26,.341,0.11899999999999988,0.022999999999999965,0.09599999999999997,0.005108971413731803,-0.02829161589324597,0
675649,Brian Miller,2023,27,312,0.241,0.324,0.322,2,0.10256410256410256,0.20833333333333334,18,.304,-0.1369999999999999,-0.024999999999999967,-0.11199999999999999,0.02070569548445654,0.0379793510324484,0
675656,Kevin Smith,2021,24,410,0.285,0.37,0.561,21,0.11219512195121951,0.23658536585365852,18,.333,,,,,,1
675656,Kevin Smith,2022,25,370,0.268,0.331,0.446,13,0.07837837837837838,0.3027027027027027,6,.360,-0.15400000000000003,-0.03899999999999998,-0.11500000000000005,-0.03381674357284113,0.0661173368490442,1
675656,Kevin Smith,2023,26,183,0.324,0.372,0.653,16,0.07103825136612021,0.2677595628415301,9,.371,0.2479999999999999,0.04099999999999998,0.20700000000000002,-0.0073401270122581685,-0.034943139861172645,1
675656,Kevin Smith,2024,27,264,0.244,0.295,0.34,3,0.06439393939393939,0.3333333333333333,12,.359,-0.3899999999999999,-0.07700000000000001,-0.313,-0.006644311972180822,0.06557377049180324,0
675659,Greg Jones,2023,25,189,0.278,0.344,0.467,7,0.07936507936507936,0.3862433862433862,12,.440,,,,,,1
675659,Greg Jones,2024,26,406,0.269,0.346,0.46,16,0.09113300492610837,0.3522167487684729,46,.399,-0.004999999999999893,0.0020000000000000018,-0.007000000000000006,0.011767925561029013,-0.0340266374749133,1
675662,Matt Whatley,2023,27,268,0.203,0.289,0.322,6,0.07835820895522388,0.26119402985074625,5,.261,-0.041000000000000036,-0.025000000000000022,-0.016000000000000014,-0.030337443218689156,0.022063595068137543,0
675662,Matt Whatley,2024,28,164,0.199,0.294,0.319,5,0.12195121951219512,0.23170731707317074,4,.230,0.0020000000000000018,0.0050000000000000044,-0.0030000000000000027,0.043593010556971235,-0.029486712777575502,0
675910,Chris Williams,2022,25,177,0.192,0.29,0.424,10,0.11864406779661017,0.3050847457627119,0,.211,,,,,,0
675910,Chris Williams,2023,26,376,0.236,0.352,0.495,21,0.1356382978723404,0.324468085106383,3,.301,0.133,0.062,0.07100000000000001,0.01699423007573024,0.01938333934367109,0
675910,Chris Williams,2024,27,334,0.221,0.339,0.461,17,0.1437125748502994,0.31736526946107785,5,.283,-0.04699999999999993,-0.012999999999999956,-0.033999999999999975,0.008074276977958983,-0.007102815645305127,0
675915,David Bañuelos,2022,25,199,0.204,0.273,0.376,8,0.07537688442211055,0.3065326633165829,0,.259,-0.01200000000000001,0.02300000000000002,-0.034999999999999976,0.02329355108877721,-0.047634003350083776,0
675925,Cullen Large,2021,25,463,0.256,0.341,0.385,8,0.1079913606911447,0.2203023758099352,3,.319,,,,,,0
675925,Cullen Large,2022,26,468,0.238,0.327,0.365,7,0.10256410256410256,0.27136752136752135,7,.326,-0.03400000000000003,-0.014000000000000012,-0.020000000000000018,-0.005427258127042145,0.05106514555758615,0
675961,Alika Williams,2023,24,148,0.305,0.384,0.531,7,0.10135135135135136,0.14864864864864866,3,.320,0.347,0.05099999999999999,0.29600000000000004,-0.08912483912483911,-0.18468468468468466,1
675961,Alika Williams,2024,25,186,0.311,0.384,0.396,0,0.10752688172043011,0.1827956989247312,2,.389,-0.135,0.0,-0.135,0.006175530369078752,0.03414705027608253,0
675986,Canaan Smith-Njigba,2022,23,218,0.277,0.387,0.408,1,0.15137614678899083,0.23853211009174313,8,.382,0.5259999999999999,0.21300000000000002,0.31299999999999994,0.0644196250498604,-0.15277223773434384,1
675986,Canaan Smith-Njigba,2023,24,445,0.28,0.366,0.473,15,0.11910112359550562,0.2651685393258427,21,.364,0.04400000000000004,-0.02100000000000002,0.065,-0.032275023193485214,0.02663642923409959,0
675986,Canaan Smith-Njigba,2024,25,247,0.218,0.347,0.327,2,0.1659919028340081,0.27530364372469635,9,.313,-0.16500000000000004,-0.019000000000000017,-0.14599999999999996,0.04689077923850249,0.010135104398853623,0
676044,Bob Seymour,2024,25,218,0.269,0.353,0.601,19,0.11009174311926606,0.3486238532110092,3,.337,,,,,,1
676059,Jordan Westburg,2022,23,413,0.273,0.361,0.508,18,0.10653753026634383,0.2179176755447942,9,.318,,,,,,1
676059,Jordan Westburg,2023,24,301,0.295,0.372,0.567,18,0.09634551495016612,0.21262458471760798,6,.328,0.06999999999999995,0.01100000000000001,0.05899999999999994,-0.010192015316177708,-0.005293090827186209,1
676070,Jacob Amaya,2022,23,351,0.259,0.368,0.381,8,0.1396011396011396,0.23646723646723647,3,.329,,,,,,1
676070,Jacob Amaya,2023,24,566,0.252,0.345,0.407,15,0.12367491166077739,0.1872791519434629,6,.288,0.0030000000000000027,-0.02300000000000002,0.025999999999999968,-0.015926227940362206,-0.04918808452377357,1
676070,Jacob Amaya,2024,25,302,0.221,0.308,0.33,5,0.10596026490066225,0.23841059602649006,6,.283,-0.11399999999999999,-0.03699999999999998,-0.07699999999999996,-0.017714646760115138,0.05113144408302717,1
676113,Zach DeLoach,2023,24,623,0.286,0.387,0.481,23,0.1332263242375602,0.27768860353130015,8,.380,,,,,,1
676113,Zach DeLoach,2024,25,411,0.287,0.375,0.41,6,0.11678832116788321,0.26034063260340634,20,.390,-0.08300000000000007,-0.01200000000000001,-0.07100000000000001,-0.016438003069676993,-0.017347970927893808,0
676116,Ryan Noda,2022,26,574,0.259,0.395,0.474,25,0.1602787456445993,0.28222996515679444,20,.339,,,,,,1
676116,Ryan Noda,2024,28,447,0.224,0.391,0.486,22,0.19910514541387025,0.29977628635346754,5,.289,-0.99,-0.276,-0.714,-0.24533929903057416,0.13310961968680088,1
676198,Chase Pinder,2023,27,279,0.265,0.401,0.417,6,0.17204301075268819,0.23655913978494625,8,.346,0.2510000000000001,0.14400000000000002,0.10699999999999998,0.029185867895545337,0.12227342549923197,0
676356,Jonny DeLuca,2023,24,184,0.306,0.397,0.548,7,0.11413043478260869,0.15760869565217392,3,.333,,,,,,1
676369,Nelson Velázquez,2022,23,138,0.211,0.29,0.415,6,0.09420289855072464,0.36231884057971014,7,.294,,,,,,1
676369,Nelson Velázquez,2023,24,353,0.239,0.317,0.439,16,0.09348441926345609,0.29178470254957506,9,.299,0.051000000000000045,0.027000000000000024,0.02400000000000002,-0.0007184792872685503,-0.07053413803013509,1
676369,Nelson Velázquez,2024,25,225,0.239,0.356,0.415,7,0.1511111111111111,0.2088888888888889,6,.279,0.014999999999999902,0.03899999999999998,-0.02400000000000002,0.05762669184765502,-0.08289581366068616,0
676378,Cody Bohanek,2021,25,115,0.191,0.351,0.292,1,0.14782608695652175,0.2782608695652174,6,.276,,,,,,0
676378,Cody Bohanek,2022,26,203,0.176,0.281,0.261,2,0.08866995073891626,0.3448275862068966,9,.276,-0.10099999999999998,-0.06999999999999995,-0.030999999999999972,-0.05915613621760549,0.06656671664167918,0
676391,Ernie Clement,2021,25,138,0.25,0.294,0.387,1,0.06521739130434782,0.15942028985507245,2,.288,,,,,,1
676391,Ernie Clement,2023,27,320,0.348,0.401,0.544,11,0.08125,0.05,12,.338,0.21600000000000008,0.11000000000000004,0.10600000000000004,0.012284482758620693,-0.04195402298850574,1
676426,Chris Sharpe,2021,25,371,0.196,0.304,0.322,5,0.1105121293800539,0.2991913746630728,6,.281,,,,,,0
676426,Chris Sharpe,2022,26,181,0.219,0.32,0.348,3,0.11049723756906077,0.30386740331491713,8,.313,0.041999999999999926,0.016000000000000014,0.025999999999999968,-1.4891810993136745e-05,0.004676028651844355,0
676439,Hunter Feduccia,2022,25,168,0.24,0.321,0.473,7,0.10119047619047619,0.26785714285714285,0,.296,,,,,,0
676439,Hunter Feduccia,2023,26,380,0.279,0.387,0.451,11,0.15263157894736842,0.20789473684210527,0,.336,0.04400000000000004,0.066,-0.021999999999999964,0.05144110275689223,-0.05996240601503758,1
676439,Hunter Feduccia,2024,27,350,0.284,0.409,0.428,6,0.16857142857142857,0.2057142857142857,2,.357,-0.001000000000000112,0.021999999999999964,-0.02300000000000002,0.015939849624060143,-0.0021804511278195604,1
676443,Demetrius Sims,2022,26,126,0.211,0.272,0.298,2,0.06349206349206349,0.4444444444444444,5,.386,,,,,,0
676463,Hayden Cantrelle,2024,25,160,0.273,0.396,0.424,3,0.14375,0.3,9,.407,,,,,,0
676475,Alec Burleson,2021,22,172,0.234,0.31,0.357,4,0.09883720930232558,0.1569767441860465,0,.260,,,,,,1
676475,Alec Burleson,2022,23,470,0.331,0.372,0.532,20,0.06170212765957447,0.1425531914893617,4,.350,0.237,0.062,0.17500000000000004,-0.03713508164275111,-0.0144235526966848,1
676480,José Barrero,2021,23,200,0.306,0.392,0.594,13,0.1,0.22,8,.336,,,,,,1
676480,José Barrero,2022,24,237,0.209,0.262,0.377,9,0.046413502109704644,0.3755274261603376,5,.301,-0.347,-0.13,-0.21699999999999997,-0.05358649789029536,0.15552742616033757,1
676480,José Barrero,2023,25,335,0.258,0.333,0.54,19,0.06567164179104477,0.31343283582089554,20,.324,0.23399999999999999,0.07100000000000001,0.16300000000000003,0.01925813968134013,-0.062094590339442035,0
676480,José Barrero,2024,26,188,0.188,0.277,0.345,6,0.06914893617021277,0.3351063829787234,10,.255,-0.251,-0.055999999999999994,-0.19500000000000006,0.0034772943791679944,0.021673547157827877,1
676545,Anthony Servideo,2024,25,133,0.183,0.282,0.287,3,0.12030075187969924,0.3308270676691729,4,.265,,,,,,0
676551,Brewer Hicklen,2022,26,559,0.248,0.348,0.502,28,0.1037567084078712,0.3613595706618962,35,.360,,,,,,0
676551,Brewer Hicklen,2023,27,286,0.236,0.35,0.455,10,0.1258741258741259,0.24475524475524477,21,.288,-0.04500000000000004,0.0020000000000000018,-0.046999999999999986,0.022117417466254688,-0.11660432590665146,1
676551,Brewer Hicklen,2024,28,499,0.246,0.363,0.47,22,0.12224448897795591,0.2785571142284569,44,.309,0.028000000000000025,0.013000000000000012,0.014999999999999958,-0.003629636896169977,0.03380186947321215,1
676572,Eric Wagaman,2024,26,107,0.32,0.355,0.5,3,0.056074766355140186,0.1308411214953271,1,.345,,,,,,1
676595,Jake Scheiner,2023,27,553,0.252,0.369,0.509,30,0.14647377938517178,0.2423146473779385,5,.286,,,,,,0
676625,Rylan Bannon,2021,25,340,0.176,0.297,0.37,15,0.13823529411764707,0.2088235294117647,9,.176,,,,,,1
676625,Rylan Bannon,2022,26,411,0.249,0.367,0.421,13,0.1435523114355231,0.24330900243309003,10,.310,0.121,0.07,0.05099999999999999,0.005317017317876038,0.03448547302132532,1
676625,Rylan Bannon,2023,27,408,0.241,0.36,0.449,18,0.15441176470588236,0.22058823529411764,12,.269,0.020999999999999908,-0.007000000000000006,0.028000000000000025,0.010859453270359254,-0.022720767138972392,0
676625,Rylan Bannon,2024,28,539,0.221,0.369,0.406,18,0.17810760667903525,0.2523191094619666,11,.277,-0.03399999999999992,0.009000000000000008,-0.04299999999999998,0.023695841973152887,0.03173087416784898,0
676628,Mark Contreras,2021,26,394,0.248,0.335,0.493,18,0.08629441624365482,0.2969543147208122,12,.316,,,,,,1
676628,Mark Contreras,2022,27,423,0.237,0.317,0.418,15,0.08747044917257683,0.29550827423167847,23,.311,-0.09300000000000008,-0.018000000000000016,-0.07500000000000001,0.0011760329289220162,-0.0014460404891337153,0
676628,Mark Contreras,2023,28,381,0.274,0.352,0.418,10,0.09448818897637795,0.25984251968503935,23,.359,0.03500000000000003,0.034999999999999976,0.0,0.007017739803801118,-0.03566575454663912,0
676628,Mark Contreras,2024,29,378,0.199,0.312,0.311,5,0.11904761904761904,0.2751322751322751,25,.274,-0.14700000000000002,-0.03999999999999998,-0.10699999999999998,0.02455943007124109,0.015289755447235764,0
676632,Bligh Madris,2021,25,385,0.272,0.352,0.434,9,0.1038961038961039,0.18181818181818182,2,.314,,,,,,1
676632,Bligh Madris,2022,26,334,0.297,0.366,0.51,11,0.09880239520958084,0.2215568862275449,4,.360,0.08999999999999997,0.014000000000000012,0.07600000000000001,-0.005093708686523063,0.039738704409363085,1
676632,Bligh Madris,2023,27,456,0.235,0.349,0.413,15,0.14692982456140352,0.25219298245614036,12,.291,-0.11399999999999999,-0.017000000000000015,-0.09700000000000003,0.04812742935182268,0.03063609622859545,1
676632,Bligh Madris,2024,28,429,0.222,0.323,0.444,19,0.12354312354312354,0.25874125874125875,21,.261,0.0050000000000000044,-0.025999999999999968,0.031000000000000028,-0.023386701018279984,0.006548276285118393,0
676646,Zach Reks,2021,27,379,0.28,0.382,0.539,19,0.12137203166226913,0.2849604221635884,0,.362,,,,,,1
676646,Zach Reks,2022,28,140,0.331,0.421,0.579,6,0.10714285714285714,0.2571428571428571,1,.430,0.07899999999999996,0.03899999999999998,0.039999999999999925,-0.014229174519411997,-0.027817565020731294,0
676679,Luis Vázquez,2023,23,270,0.257,0.381,0.428,9,0.14074074074074075,0.2074074074074074,6,.302,0.33599999999999997,0.17,0.16599999999999998,0.09726247987117553,-0.020853462157809977,1
676679,Luis Vázquez,2024,24,273,0.263,0.347,0.432,8,0.09157509157509157,0.21978021978021978,1,.320,-0.030000000000000027,-0.03400000000000003,0.0040000000000000036,-0.04916564916564918,0.012372812372812375,1
676694,Jake Meyers,2021,25,304,0.343,0.408,0.598,16,0.08223684210526316,0.19407894736842105,10,.389,,,,,,1
676694,Jake Meyers,2022,26,170,0.306,0.406,0.507,7,0.14705882352941177,0.17647058823529413,2,.343,-0.09299999999999997,-0.0019999999999999463,-0.09099999999999997,0.0648219814241486,-0.017608359133126916,1
676695,Cole Peterson,2021,25,191,0.199,0.263,0.292,0,0.07329842931937172,0.1518324607329843,7,.234,,,,,,0
676701,Alan Trejo,2021,25,363,0.278,0.324,0.569,17,0.06336088154269973,0.21487603305785125,2,.314,,,,,,1
676701,Alan Trejo,2022,26,293,0.296,0.331,0.551,16,0.034129692832764506,0.21843003412969283,2,.330,-0.010999999999999899,0.007000000000000006,-0.017999999999999905,-0.02923118870993522,0.0035540010718415893,1
676701,Alan Trejo,2024,28,241,0.265,0.346,0.408,6,0.1078838174273859,0.22406639004149378,5,.327,-0.274,-0.11700000000000005,-0.15699999999999997,-0.021745812202243725,0.001844167819271575,1
676724,Jared Young,2021,25,141,0.254,0.326,0.421,5,0.09929078014184398,0.23404255319148937,1,.303,,,,,,1
676724,Jared Young,2022,26,455,0.23,0.311,0.42,17,0.08791208791208792,0.24175824175824176,3,.271,-0.016000000000000014,-0.015000000000000013,-0.0010000000000000009,-0.011378692229756057,0.007715688566752393,1
676724,Jared Young,2023,27,376,0.31,0.417,0.577,21,0.13297872340425532,0.22340425531914893,7,.359,0.263,0.10599999999999998,0.15699999999999997,0.0450666354921674,-0.018353986439092834,0
676724,Jared Young,2024,28,286,0.285,0.411,0.506,11,0.14335664335664336,0.1853146853146853,6,.327,-0.07699999999999996,-0.006000000000000005,-0.07099999999999995,0.010377919952388043,-0.03808957000446361,1
676730,Austin Listi,2021,27,214,0.221,0.299,0.274,1,0.08878504672897196,0.21495327102803738,0,.283,,,,,,0
676733,Mason Martin,2022,23,541,0.21,0.287,0.41,19,0.09611829944547134,0.3585951940850277,12,.299,-0.19899999999999995,-0.009000000000000008,-0.19,0.05908126240843431,-0.011775176285342637,0
676733,Mason Martin,2023,24,101,0.22,0.297,0.352,2,0.09900990099009901,0.3069306930693069,0,.310,-0.04799999999999993,0.010000000000000009,-0.057999999999999996,0.00289160154462767,-0.05166450101572079,0
676782,Mickey McDonald,2021,26,228,0.333,0.423,0.438,1,0.11403508771929824,0.18421052631578946,10,.414,,,,,,1
676782,Mickey McDonald,2022,27,252,0.267,0.372,0.348,2,0.12698412698412698,0.21825396825396826,7,.351,-0.14100000000000001,-0.05099999999999999,-0.09000000000000002,0.012949039264828738,0.03404344193817879,0
676841,Danny Edgeworth,2021,25,115,0.181,0.246,0.305,3,0.05217391304347826,0.33043478260869563,0,.250,,,,,,0
676847,Shane Matheny,2023,27,213,0.221,0.362,0.302,3,0.1784037558685446,0.323943661971831,9,.343,0.12499999999999989,0.142,-0.017000000000000015,0.1184037558685446,-0.13605633802816902,0
676857,Jancarlos Cintron,2022,27,272,0.353,0.395,0.496,3,0.058823529411764705,0.1323529411764706,7,.402,0.394,0.11499999999999999,0.279,-0.0196078431372549,-0.004901960784313736,0
676857,Jancarlos Cintron,2024,29,139,0.23,0.317,0.279,0,0.08633093525179857,0.10071942446043165,5,.257,-0.29499999999999993,-0.07800000000000001,-0.21699999999999997,0.02750740584003386,-0.03163351671603894,0
676864,Robbie Podorsky,2021,26,102,0.25,0.304,0.391,2,0.0784313725490196,0.21568627450980393,10,.300,,,,,,0
676882,Chandler Seagle,2024,28,107,0.18,0.219,0.28,1,0.04672897196261682,0.37383177570093457,0,.288,-0.138,-0.05100000000000002,-0.08699999999999997,-0.00014602803738317932,-0.0011682242990654346,0
676896,Chris Roller,2023,26,396,0.247,0.394,0.449,15,0.1717171717171717,0.27525252525252525,19,.321,-0.04600000000000004,-0.16200000000000003,0.11599999999999999,-0.0505050505050505,0.16414141414141414,1
676896,Chris Roller,2024,27,372,0.201,0.275,0.353,10,0.08870967741935484,0.40591397849462363,9,.326,-0.21499999999999997,-0.119,-0.09600000000000003,-0.08300749429781687,0.13066145324209838,0
676900,Ryan Dorow,2021,25,318,0.229,0.314,0.416,10,0.10377358490566038,0.2893081761006289,3,.300,,,,,,0
676900,Ryan Dorow,2022,26,424,0.237,0.322,0.353,6,0.10377358490566038,0.22877358490566038,2,.303,-0.05499999999999994,0.008000000000000007,-0.063,0.0,-0.06053459119496854,0
676913,Zach Jarrett,2021,26,349,0.221,0.317,0.373,10,0.11461318051575932,0.3123209169054441,12,.308,,,,,,0
676914,Davis Schneider,2023,24,392,0.275,0.416,0.553,21,0.1836734693877551,0.2193877551020408,9,.309,0.18200000000000005,0.02899999999999997,0.15300000000000002,-0.0029931972789115635,-0.04727891156462585,1
676939,Jimmy Herron,2022,25,163,0.266,0.35,0.434,4,0.10429447852760736,0.19631901840490798,7,.315,,,,,,0
676939,Jimmy Herron,2023,26,539,0.296,0.395,0.498,19,0.1280148423005566,0.19109461966604824,33,.342,0.10899999999999999,0.04500000000000004,0.064,0.02372036377294924,-0.005224398738859742,0
676939,Jimmy Herron,2024,27,413,0.28,0.357,0.453,14,0.09685230024213075,0.14043583535108958,16,.298,-0.08299999999999996,-0.038000000000000034,-0.044999999999999984,-0.03116254205842585,-0.050658784314958655,0
676946,Matthew Batten,2021,26,467,0.3,0.37,0.391,6,0.10278372591006424,0.25481798715203424,27,.405,,,,,,1
676946,Matthew Batten,2022,27,378,0.289,0.382,0.458,12,0.12433862433862433,0.1931216931216931,18,.339,0.07900000000000007,0.01200000000000001,0.067,0.021554898428560093,-0.06169629403034113,1
676946,Matthew Batten,2023,28,413,0.235,0.341,0.399,12,0.13317191283292978,0.2397094430992736,27,.291,-0.10000000000000009,-0.04099999999999998,-0.059,0.008833288494305452,0.0465877499775805,1
676946,Matthew Batten,2024,29,546,0.251,0.325,0.376,10,0.09340659340659341,0.2032967032967033,22,.301,-0.038999999999999924,-0.016000000000000014,-0.02300000000000002,-0.039765319426336376,-0.036412739802570315,0
676950,David MacKinnon,2022,27,346,0.318,0.416,0.585,15,0.1416184971098266,0.18208092485549132,2,.356,,,,,,0
677007,Josh Breaux,2022,24,172,0.239,0.297,0.403,6,0.06976744186046512,0.28488372093023256,1,.308,,,,,,0
677008,Heston Kjerstad,2023,24,337,0.298,0.371,0.498,10,0.08011869436201781,0.20474777448071216,2,.356,,,,,,1
677008,Heston Kjerstad,2024,25,258,0.3,0.397,0.601,16,0.12403100775193798,0.2596899224806202,2,.353,0.129,0.026000000000000023,0.10299999999999998,0.043912313389920174,0.054942147999908014,1
677223,Jack Larsen,2023,28,129,0.27,0.43,0.3,0,0.20155038759689922,0.24806201550387597,1,.397,,,,,,0
677347,Kyren Paris,2024,22,159,0.209,0.287,0.36,4,0.10062893081761007,0.3270440251572327,8,.294,,,,,,1
677551,Wander Franco,2021,20,180,0.313,0.372,0.583,7,0.07777777777777778,0.11666666666666667,5,.324,,,,,,1
677578,Carlos Rodríguez,2024,23,128,0.245,0.344,0.309,0,0.1328125,0.0859375,2,.270,,,,,,0
677587,Brayan Rocchio,2022,21,152,0.234,0.298,0.387,5,0.07894736842105263,0.13815789473684212,2,.241,,,,,,1
677587,Brayan Rocchio,2023,22,537,0.28,0.367,0.421,7,0.11173184357541899,0.12290502793296089,25,.312,0.10299999999999998,0.069,0.033999999999999975,0.03278447515436636,-0.01525286680388123,1
677588,José Tena,2024,23,448,0.287,0.344,0.48,18,0.07589285714285714,0.25669642857142855,15,.359,-0.237,-0.050000000000000044,-0.18700000000000006,0.01528679653679653,-0.0008793290043290214,1
677592,Everson Pereira,2023,22,158,0.312,0.386,0.551,8,0.08227848101265822,0.27848101265822783,4,.398,,,,,,0
677592,Everson Pereira,2024,23,182,0.265,0.346,0.512,10,0.08791208791208792,0.3241758241758242,5,.355,-0.07900000000000007,-0.040000000000000036,-0.039000000000000035,0.005633606899429697,0.045694811517596357,1
677595,Ronny Mauricio,2023,22,532,0.292,0.346,0.506,23,0.06578947368421052,0.18233082706766918,24,.323,,,,,,0
677610,D'Shawn Knowles,2024,23,100,0.202,0.313,0.262,1,0.14,0.23,3,.262,,,,,,0
677649,Ezequiel Duran,2022,23,155,0.283,0.316,0.531,9,0.04516129032258064,0.27741935483870966,7,.337,,,,,,1
677690,Diosbel Arias,2022,25,284,0.272,0.352,0.396,5,0.10211267605633803,0.23943661971830985,0,.352,,,,,,0
677690,Diosbel Arias,2023,26,397,0.286,0.361,0.422,6,0.10075566750629723,0.29219143576826195,4,.409,0.03499999999999992,0.009000000000000008,0.025999999999999968,-0.0013570085500407975,0.05275481604995211,0
677800,Wilyer Abreu,2023,24,363,0.274,0.391,0.538,22,0.162534435261708,0.20385674931129477,8,.290,,,,,,1
677870,Leo Jiménez,2024,23,226,0.271,0.416,0.431,7,0.13274336283185842,0.1504424778761062,3,.300,0.2709999999999999,0.07799999999999996,0.193,0.01586024594874154,-0.04436271692908861,1
677928,LJ Hatch,2021,27,116,0.248,0.298,0.39,2,0.0603448275862069,0.3879310344827586,0,.407,,,,,,0
677928,LJ Hatch,2022,28,180,0.28,0.352,0.478,8,0.08333333333333333,0.3111111111111111,2,.381,0.14200000000000002,0.05399999999999999,0.08799999999999997,0.02298850574712643,-0.0768199233716475,0
677941,Jordyn Adams,2023,23,480,0.267,0.351,0.465,15,0.11041666666666666,0.27708333333333335,44,.352,,,,,,1
677941,Jordyn Adams,2024,24,549,0.261,0.333,0.386,10,0.09289617486338798,0.26958105646630237,28,.352,-0.09699999999999998,-0.01799999999999996,-0.07900000000000001,-0.01752049180327868,-0.007502276867030977,1
677942,Blaze Alexander,2023,24,305,0.291,0.408,0.457,8,0.1377049180327869,0.2721311475409836,2,.398,-0.06600000000000006,-0.0040000000000000036,-0.062,0.020057859209257484,0.03683702989392479,1
677942,Blaze Alexander,2024,25,225,0.276,0.353,0.444,5,0.08444444444444445,0.30666666666666664,4,.392,-0.06800000000000006,-0.05499999999999999,-0.013000000000000012,-0.05326047358834245,0.034535519125683034,1
677943,Will Banfield,2024,24,371,0.247,0.296,0.379,9,0.0646900269541779,0.2830188679245283,0,.325,,,,,,1
677950,Alek Thomas,2021,21,166,0.369,0.434,0.658,8,0.09036144578313253,0.20481927710843373,5,.439,,,,,,1
677950,Alek Thomas,2022,22,131,0.322,0.397,0.539,4,0.10687022900763359,0.13740458015267176,5,.351,-0.15600000000000003,-0.03699999999999998,-0.119,0.016508783224501056,-0.06741469695576197,1
677950,Alek Thomas,2023,23,128,0.348,0.409,0.518,3,0.09375,0.15625,2,.396,-0.009000000000000008,0.011999999999999955,-0.02100000000000002,-0.013120229007633585,0.018845419847328237,1
677951,Bobby Witt Jr.,2021,21,285,0.285,0.352,0.581,17,0.0912280701754386,0.22456140350877193,15,.314,,,,,,1
677954,Jordan Groshans,2022,22,412,0.266,0.364,0.334,3,0.13106796116504854,0.15776699029126215,3,.316,,,,,,0
677954,Jordan Groshans,2023,23,528,0.243,0.339,0.33,6,0.125,0.17424242424242425,0,.292,-0.028999999999999915,-0.024999999999999967,-0.0040000000000000036,-0.006067961165048541,0.016475433951162105,0
677956,Rece Hinds,2024,23,422,0.208,0.282,0.376,14,0.08767772511848342,0.3791469194312796,20,.313,,,,,,1
677965,Jimmy Kerrigan,2021,27,398,0.263,0.334,0.48,19,0.08542713567839195,0.3391959798994975,10,.363,,,,,,0
678009,Parker Meadows,2023,23,517,0.256,0.337,0.474,19,0.1102514506769826,0.2379110251450677,19,.305,,,,,,1
678009,Parker Meadows,2024,24,237,0.292,0.388,0.495,8,0.12658227848101267,0.189873417721519,19,.338,0.07200000000000006,0.05099999999999999,0.02100000000000002,0.01633082780403007,-0.048037607423548706,1
678225,Jihwan Bae,2022,22,473,0.289,0.362,0.43,8,0.1014799154334038,0.16913319238900634,30,.338,,,,,,1
678225,Jihwan Bae,2024,24,293,0.341,0.433,0.504,7,0.13993174061433447,0.2150170648464164,14,.430,-0.05600000000000005,-0.029000000000000026,-0.027000000000000024,-0.03955543887284502,-0.04139319156384,1
678246,Miguel Vargas,2022,22,520,0.304,0.404,0.511,17,0.13653846153846153,0.14615384615384616,16,.331,,,,,,1
678246,Miguel Vargas,2023,23,285,0.288,0.407,0.479,10,0.16140350877192983,0.2,8,.341,-0.029000000000000137,0.002999999999999947,-0.03200000000000003,0.0248650472334683,0.05384615384615385,1
678246,Miguel Vargas,2024,24,191,0.29,0.44,0.566,8,0.19895287958115182,0.17277486910994763,8,.315,0.1200000000000001,0.03300000000000003,0.08699999999999997,0.037549370809221994,-0.02722513089005238,1
678391,Jorbit Vivas,2023,22,121,0.225,0.339,0.294,1,0.12396694214876033,0.15702479338842976,4,.265,,,,,,0
678391,Jorbit Vivas,2024,23,422,0.225,0.347,0.366,9,0.13744075829383887,0.16587677725118483,20,.254,0.07999999999999996,0.007999999999999952,0.07200000000000001,0.013473816145078532,0.00885198386275507,1
678489,Jorge Barrosa,2023,22,502,0.274,0.394,0.456,13,0.1593625498007968,0.16334661354581673,15,.313,,,,,,1
678489,Jorge Barrosa,2024,23,329,0.27,0.36,0.421,8,0.11550151975683891,0.17933130699088146,12,.314,-0.06900000000000017,-0.03400000000000003,-0.03500000000000003,-0.0438610300439579,0.01598469344506473,1
678545,Osleivis Basabe,2023,22,426,0.296,0.351,0.426,4,0.07276995305164319,0.15492957746478872,16,.344,,,,,,0
678545,Osleivis Basabe,2024,23,283,0.248,0.293,0.336,5,0.04946996466431095,0.18021201413427562,4,.287,-0.1479999999999999,-0.057999999999999996,-0.08999999999999997,-0.023299988387332236,0.025282436669486902,0
678554,Curtis Mead,2023,22,278,0.294,0.385,0.515,9,0.12589928057553956,0.17266187050359713,4,.328,0.038000000000000034,0.009000000000000008,0.029000000000000026,-0.0035124841303428023,-0.02733812949640288,1
678554,Curtis Mead,2024,23,410,0.288,0.359,0.481,13,0.07073170731707316,0.15609756097560976,11,.316,-0.06000000000000005,-0.026000000000000023,-0.03400000000000003,-0.0551675732584664,-0.016564309527987375,1
678636,Orlando Martinez,2022,24,267,0.25,0.303,0.393,5,0.07116104868913857,0.2209737827715356,3,.306,,,,,,0
678636,Orlando Martinez,2023,25,164,0.245,0.307,0.374,3,0.08536585365853659,0.18292682926829268,2,.284,-0.014999999999999902,0.0040000000000000036,-0.019000000000000017,0.014204804969398022,-0.038046953503242914,0
678760,Eddys Leonard,2023,22,171,0.302,0.374,0.53,8,0.09941520467836257,0.21637426900584794,2,.346,,,,,,0
678760,Eddys Leonard,2024,23,282,0.263,0.326,0.455,10,0.06028368794326241,0.2624113475177305,7,.329,-0.123,-0.04799999999999999,-0.07500000000000001,-0.03913151673510016,0.046037078511882545,0
678877,Jhonkensy Noel,2023,21,585,0.22,0.303,0.42,27,0.08376068376068375,0.24786324786324787,1,.249,0.266,0.08099999999999999,0.185,0.028205128205128202,-0.14102564102564102,1
678877,Jhonkensy Noel,2024,22,284,0.295,0.359,0.578,18,0.06690140845070422,0.2112676056338028,1,.322,0.21399999999999997,0.055999999999999994,0.15799999999999997,-0.016859275309979535,-0.03659564222944506,1
678882,Ceddanne Rafaela,2023,22,219,0.312,0.37,0.618,14,0.0547945205479452,0.2191780821917808,6,.348,,,,,,1
678894,Liover Peguero,2024,23,555,0.257,0.319,0.41,13,0.08288288288288288,0.25045045045045045,14,.325,-0.16000000000000003,-0.014000000000000012,-0.14600000000000007,-0.017117117117117123,0.15045045045045044,1
678926,Carlos De La Cruz,2024,24,175,0.19,0.24,0.276,3,0.045714285714285714,0.36,1,.286,,,,,,0
679529,Spencer Torkelson,2021,21,177,0.238,0.35,0.531,11,0.12994350282485875,0.2033898305084746,1,.233,,,,,,1
679529,Spencer Torkelson,2022,22,155,0.229,0.348,0.389,5,0.14838709677419354,0.2645161290322581,1,.294,-0.14400000000000002,-0.0020000000000000018,-0.14200000000000002,0.018443593949334786,0.061126298523783484,1
679529,Spencer Torkelson,2024,24,275,0.239,0.356,0.442,11,0.15272727272727274,0.3090909090909091,1,.319,0.061000000000000054,0.008000000000000007,0.05299999999999999,0.0043401759530792006,0.04457478005865101,1
679545,Joe Suozzi,2023,25,146,0.27,0.37,0.397,4,0.10273972602739725,0.22602739726027396,3,.337,,,,,,0
679631,Terrin Vavra,2022,25,208,0.324,0.435,0.451,2,0.1346153846153846,0.17307692307692307,5,.400,,,,,,1
679631,Terrin Vavra,2024,27,237,0.233,0.336,0.347,4,0.12236286919831224,0.2616033755274262,2,.314,-0.22299999999999998,-0.045999999999999985,-0.17700000000000005,0.0782452221394887,0.0704269049391909,1
679663,Stephen Scott,2023,26,254,0.228,0.339,0.47,13,0.1377952755905512,0.20078740157480315,2,.235,,,,,,0
679663,Stephen Scott,2024,27,175,0.292,0.337,0.466,4,0.06285714285714286,0.2342857142857143,3,.364,-0.005999999999999894,-0.0020000000000000018,-0.003999999999999948,-0.07493813273340832,0.03349831271091114,0
679727,Lorenzo Quintana,2021,32,339,0.3,0.36,0.463,9,0.06784660766961652,0.1887905604719764,2,.352,,,,,,0
679727,Lorenzo Quintana,2022,33,265,0.246,0.306,0.479,14,0.06415094339622641,0.20754716981132076,0,.259,-0.038000000000000034,-0.05399999999999999,0.01599999999999996,-0.0036956642733901035,0.018756609339344366,0
679734,Julio Carreras,2024,24,339,0.237,0.29,0.344,2,0.06489675516224189,0.3008849557522124,25,.345,-0.1100000000000001,-0.08100000000000002,-0.029000000000000026,-0.09639356741840327,0.0750785041393092,0
679822,Justin Foscue,2023,24,563,0.266,0.394,0.468,18,0.15097690941385436,0.12433392539964476,14,.279,,,,,,1
679822,Justin Foscue,2024,25,219,0.276,0.42,0.477,9,0.1780821917808219,0.1689497716894977,2,.302,0.03499999999999992,0.025999999999999968,0.008999999999999952,0.027105282366967548,0.04461584628985295,1
679845,Nick Loftin,2022,23,168,0.216,0.28,0.359,5,0.05952380952380952,0.24404761904761904,5,.259,,,,,,1
679845,Nick Loftin,2023,24,358,0.27,0.344,0.444,14,0.09497206703910614,0.13128491620111732,6,.274,0.14900000000000002,0.06399999999999995,0.08500000000000002,0.03544825751529662,-0.11276270284650172,1
679845,Nick Loftin,2024,25,254,0.302,0.409,0.462,7,0.14566929133858267,0.14566929133858267,4,.335,0.08299999999999996,0.065,0.018000000000000016,0.050697224299476526,0.01438437513746535,1
679881,J.P. Martínez,2022,26,167,0.199,0.319,0.404,6,0.1437125748502994,0.31736526946107785,14,.268,,,,,,1
679881,J.P. Martínez,2023,27,353,0.298,0.418,0.543,14,0.1558073654390935,0.22946175637393768,38,.367,0.238,0.09899999999999998,0.139,0.012094790588794091,-0.08790351308714017,1
679881,J.P. Martínez,2024,28,438,0.233,0.334,0.35,6,0.12100456621004566,0.2694063926940639,37,.322,-0.27700000000000014,-0.08399999999999996,-0.19300000000000006,-0.03480279922904783,0.03994463632012624,0
679938,Yoyner Fajardo,2024,25,114,0.229,0.274,0.362,4,0.05263157894736842,0.2982456140350877,3,.294,,,,,,0
680118,Dairon Blanco,2021,28,148,0.252,0.329,0.412,5,0.07432432432432433,0.20945945945945946,9,.295,,,,,,1
680118,Dairon Blanco,2022,29,414,0.301,0.367,0.486,14,0.08454106280193237,0.23671497584541062,45,.371,0.11199999999999999,0.03799999999999998,0.07400000000000001,0.01021673847760804,0.027255516385951167,1
680118,Dairon Blanco,2023,30,208,0.347,0.444,0.451,3,0.10576923076923077,0.16826923076923078,47,.416,0.04200000000000004,0.07700000000000001,-0.034999999999999976,0.0212281679672984,-0.06844574507617984,1
680393,Marty Bechina,2021,24,178,0.189,0.225,0.409,9,0.028089887640449437,0.4044943820224719,3,.250,,,,,,0
680438,Robert Neustrom,2021,24,257,0.232,0.324,0.424,9,0.11284046692607004,0.245136186770428,5,.281,,,,,,0
680438,Robert Neustrom,2022,25,409,0.231,0.297,0.408,15,0.07090464547677261,0.1687041564792176,14,.243,-0.04300000000000004,-0.027000000000000024,-0.016000000000000014,-0.04193582144929743,-0.0764320302912104,0
680474,Max Schuemann,2023,26,433,0.277,0.402,0.429,9,0.14318706697459585,0.20092378752886836,20,.341,0.2769999999999999,0.134,0.14300000000000002,-0.0031543964400382873,-0.18932011491015605,1
680552,Travis Swaggerty,2022,24,458,0.254,0.348,0.399,9,0.12445414847161572,0.2554585152838428,20,.337,-0.025000000000000022,0.014999999999999958,-0.03999999999999998,-0.0005458515283842807,0.08879184861717612,0
680571,Greyson Jenista,2022,25,350,0.206,0.269,0.374,14,0.07142857142857142,0.35714285714285715,2,.284,,,,,,0
680574,Matt McLain,2023,23,180,0.34,0.467,0.688,12,0.16666666666666666,0.20555555555555555,10,.385,,,,,,0
680577,DaShawn Keirsey Jr.,2023,26,152,0.264,0.375,0.364,2,0.125,0.20394736842105263,8,.333,,,,,,1
680577,DaShawn Keirsey Jr.,2024,27,505,0.3,0.368,0.476,14,0.09504950495049505,0.2297029702970297,36,.370,0.10499999999999998,-0.007000000000000006,0.11199999999999999,-0.02995049504950495,0.025755601875977086,1
680672,Luke Waddell,2023,24,131,0.221,0.346,0.279,0,0.15267175572519084,0.11450381679389313,3,.247,,,,,,0
680672,Luke Waddell,2024,25,464,0.235,0.317,0.322,2,0.08836206896551724,0.13793103448275862,12,.270,0.014000000000000012,-0.02899999999999997,0.04299999999999998,-0.0643096867596736,0.023427217688865493,0
680683,Jameson Hannah,2024,26,141,0.291,0.348,0.394,2,0.0851063829787234,0.2127659574468085,1,.361,0.11099999999999999,0.0,0.11100000000000004,-0.02917933130699088,0.05562310030395137,0
680693,Grant Lavigne,2024,24,530,0.243,0.359,0.426,18,0.13773584905660377,0.269811320754717,9,.312,,,,,,0
680695,Brennen Davis,2022,22,174,0.191,0.322,0.319,4,0.13218390804597702,0.2988505747126437,0,.258,-0.29200000000000004,-0.07500000000000001,-0.21700000000000003,-0.029580797836375933,0.07826233941852606,0
680695,Brennen Davis,2023,23,257,0.187,0.296,0.279,4,0.08560311284046693,0.22568093385214008,9,.231,-0.06600000000000006,-0.026000000000000023,-0.03999999999999998,-0.04658079520551009,-0.07316964086050362,0
680695,Brennen Davis,2024,24,181,0.214,0.359,0.469,11,0.1270718232044199,0.23204419889502761,1,.213,0.253,0.063,0.18999999999999995,0.04146871036395297,0.006363265042887534,0
680700,Richie Palacios,2021,24,145,0.292,0.434,0.416,1,0.1724137931034483,0.19310344827586207,10,.376,,,,,,1
680700,Richie Palacios,2022,25,206,0.279,0.371,0.458,4,0.11650485436893204,0.2087378640776699,12,.348,-0.02100000000000002,-0.063,0.04200000000000004,-0.055908938734516245,0.015634415801807827,1
680700,Richie Palacios,2023,26,464,0.251,0.379,0.377,8,0.15732758620689655,0.1314655172413793,9,.276,-0.07299999999999995,0.008000000000000007,-0.08100000000000002,0.040822731837964504,-0.07727234683629058,1
680709,Nick Dunn,2023,26,225,0.302,0.404,0.385,2,0.14222222222222222,0.11555555555555555,0,.341,,,,,,0
680709,Nick Dunn,2024,27,361,0.316,0.374,0.467,8,0.08310249307479224,0.09141274238227147,1,.328,0.051999999999999935,-0.030000000000000027,0.08200000000000002,-0.05911972914742998,-0.02414281317328408,0
680710,Grant Witherspoon,2022,25,260,0.241,0.34,0.446,10,0.11923076923076924,0.25,5,.293,,,,,,0
680710,Grant Witherspoon,2023,26,141,0.205,0.34,0.333,3,0.15602836879432624,0.2978723404255319,3,.292,-0.11299999999999999,0.0,-0.11299999999999999,0.03679759956355701,0.0478723404255319,0
680711,Cole Roederer,2024,24,188,0.216,0.319,0.37,5,0.11702127659574468,0.28191489361702127,4,.286,-0.07599999999999996,-0.059,-0.017000000000000015,-0.01811385853939046,0.011644623346750982,0
680716,Jonathan Ornelas,2023,23,517,0.253,0.368,0.359,8,0.14313346228239845,0.23404255319148937,15,.332,,,,,,1
680716,Jonathan Ornelas,2024,24,368,0.251,0.322,0.326,3,0.08152173913043478,0.23641304347826086,9,.331,-0.07899999999999996,-0.045999999999999985,-0.032999999999999974,-0.06161172315196367,0.0023704902867714983,1
680718,Addison Barger,2023,23,397,0.25,0.353,0.403,9,0.1309823677581864,0.21662468513853905,5,.308,-0.365,-0.09100000000000003,-0.274,-0.007906521130702504,0.07773579624965016,1
680718,Addison Barger,2024,24,249,0.26,0.391,0.466,9,0.1606425702811245,0.1927710843373494,4,.299,0.10099999999999998,0.038000000000000034,0.063,0.029660202522938106,-0.023853600801189645,1
680722,Nick Meyer,2022,25,189,0.247,0.358,0.361,3,0.13227513227513227,0.21164021164021163,11,.310,0.0,-0.0040000000000000036,0.0040000000000000036,0.028108465608465596,0.06580687830687829,0
680722,Nick Meyer,2023,26,264,0.217,0.309,0.309,6,0.10606060606060606,0.20833333333333334,6,.259,-0.10099999999999998,-0.04899999999999999,-0.05199999999999999,-0.026214526214526204,-0.003306878306878286,0
680728,Adrian Del Castillo,2023,23,159,0.248,0.34,0.35,2,0.12578616352201258,0.2893081761006289,0,.352,,,,,,1
680728,Adrian Del Castillo,2024,24,474,0.312,0.399,0.603,26,0.1160337552742616,0.16877637130801687,0,.334,0.31200000000000006,0.059,0.253,-0.009752408247750977,-0.12053180479261205,1
680737,Michael Helman,2022,26,415,0.25,0.325,0.416,14,0.0963855421686747,0.1927710843373494,30,.281,,,,,,0
680737,Michael Helman,2023,27,118,0.296,0.356,0.546,6,0.059322033898305086,0.13559322033898305,5,.302,0.16100000000000003,0.030999999999999972,0.13000000000000006,-0.03706350827036962,-0.05717786399836636,1
680737,Michael Helman,2024,28,314,0.271,0.35,0.487,14,0.09235668789808917,0.24203821656050956,12,.323,-0.06500000000000006,-0.006000000000000005,-0.05900000000000005,0.03303465399978408,0.1064449962215265,1
680748,Devlin Granberg,2022,26,196,0.26,0.332,0.379,3,0.07142857142857142,0.22448979591836735,4,.331,,,,,,0
680753,Adam Hackenberg,2023,23,125,0.259,0.328,0.393,3,0.088,0.24,1,.325,,,,,,0
680753,Adam Hackenberg,2024,24,185,0.188,0.315,0.234,1,0.13513513513513514,0.41621621621621624,3,.364,-0.17200000000000004,-0.013000000000000012,-0.159,0.04713513513513515,0.17621621621621625,0
680757,Steven Kwan,2021,23,120,0.311,0.398,0.505,5,0.11666666666666667,0.06666666666666667,2,.300,,,,,,1
680769,CJ Alexander,2023,26,314,0.22,0.28,0.423,13,0.07643312101910828,0.29936305732484075,4,.275,,,,,,1
680769,CJ Alexander,2024,27,411,0.302,0.361,0.559,19,0.07542579075425791,0.20681265206812652,2,.347,0.21699999999999997,0.08099999999999996,0.13600000000000007,-0.0010073302648503646,-0.09255040525671424,1
680776,Jarren Duran,2021,24,283,0.258,0.357,0.516,16,0.10600706713780919,0.2332155477031802,16,.288,,,,,,1
680776,Jarren Duran,2022,25,307,0.283,0.349,0.491,10,0.08469055374592833,0.23778501628664495,18,.352,-0.03300000000000003,-0.008000000000000007,-0.025000000000000022,-0.021316513391880856,0.004569468583464742,1
680777,Ryan Jeffers,2021,24,103,0.217,0.34,0.446,5,0.1553398058252427,0.2524271844660194,0,.236,,,,,,1
680779,Henry Davis,2024,24,254,0.307,0.401,0.555,13,0.09055118110236221,0.22440944881889763,8,.365,-0.16400000000000003,-0.11499999999999999,-0.04899999999999993,-0.11579802524684413,0.01806024246969129,1
680810,Quincy Hamilton,2023,25,132,0.223,0.333,0.438,7,0.12121212121212122,0.1590909090909091,2,.212,,,,,,0
680810,Quincy Hamilton,2024,26,410,0.246,0.35,0.464,15,0.13170731707317074,0.22926829268292684,8,.292,0.04300000000000004,0.01699999999999996,0.026000000000000023,0.010495195861049522,0.07017738359201775,0
680814,Peyton Burdick,2022,25,430,0.214,0.326,0.409,15,0.12325581395348838,0.27906976744186046,13,.272,0.259,0.1,0.15899999999999997,0.026481620405101283,-0.07576894223555891,1
680814,Peyton Burdick,2023,26,492,0.219,0.327,0.448,24,0.11585365853658537,0.36585365853658536,12,.311,0.040000000000000036,0.0010000000000000009,0.039000000000000035,-0.007402155416903006,0.0867838910947249,0
680814,Peyton Burdick,2024,27,258,0.187,0.302,0.37,11,0.12403100775193798,0.4186046511627907,5,.294,-0.10300000000000009,-0.025000000000000022,-0.07800000000000001,0.008177349215352611,0.05275099262620536,0
680837,Ryan Fitzgerald,2022,28,520,0.219,0.304,0.4,16,0.09423076923076923,0.25961538461538464,6,.269,-0.20700000000000007,-0.03600000000000003,-0.17099999999999993,0.009124386252045827,-0.016980360065466438,0
680837,Ryan Fitzgerald,2023,29,369,0.261,0.345,0.484,12,0.1111111111111111,0.2682926829268293,9,.336,0.125,0.04099999999999998,0.08399999999999996,0.016880341880341876,0.008677298311444648,0
680837,Ryan Fitzgerald,2024,30,431,0.244,0.336,0.418,14,0.09976798143851508,0.2296983758700696,3,.294,-0.07499999999999996,-0.008999999999999952,-0.066,-0.011343129672596028,-0.038594307056759675,1
680862,Willie MacIver,2023,26,201,0.252,0.383,0.393,3,0.15920398009950248,0.27860696517412936,10,.358,0.41600000000000004,0.166,0.25,0.07224745836037205,-0.06921912178239237,0
680862,Willie MacIver,2024,27,369,0.297,0.381,0.53,15,0.1002710027100271,0.24390243902439024,9,.366,0.135,-0.0020000000000000018,0.137,-0.05893297738947538,-0.03470452614973912,1
680868,Patrick Winkel,2024,24,297,0.228,0.279,0.362,7,0.06397306397306397,0.30303030303030304,0,.311,,,,,,0
680869,Zack Gelof,2023,23,308,0.304,0.401,0.529,12,0.1331168831168831,0.2792207792207792,20,.410,-0.09999999999999998,0.08500000000000002,-0.18499999999999994,0.05416951469583048,-0.010252904989747125,1
680881,Niko Hulsizer,2023,26,473,0.212,0.338,0.403,17,0.14799154334038056,0.3298097251585624,7,.296,0.1170000000000001,0.03500000000000003,0.08200000000000002,-0.003523608174770959,-0.09443269908386187,0
680890,Jax Biggers,2024,27,452,0.275,0.39,0.382,3,0.1570796460176991,0.19247787610619468,12,.345,0.013000000000000012,-0.010000000000000009,0.02300000000000002,0.02664486340900346,-0.04665255867641402,0
680911,Owen Miller,2021,24,206,0.297,0.374,0.489,7,0.10194174757281553,0.2524271844660194,0,.379,,,,,,1
680911,Owen Miller,2023,26,116,0.283,0.336,0.472,4,0.05172413793103448,0.15517241379310345,1,.306,-0.05499999999999994,-0.03799999999999998,-0.017000000000000015,-0.05021760964178105,-0.09725477067291596,1
680911,Owen Miller,2024,27,381,0.276,0.354,0.392,5,0.09711286089238845,0.1837270341207349,9,.333,-0.062000000000000055,0.01799999999999996,-0.07999999999999996,0.04538872296135397,0.028554620327631453,1
680963,Cody Wilson,2021,24,117,0.127,0.226,0.167,0,0.10256410256410256,0.3247863247863248,7,.203,,,,,,0
680963,Cody Wilson,2023,26,187,0.213,0.291,0.294,2,0.06951871657754011,0.32085561497326204,13,.323,0.19199999999999995,0.06499999999999997,0.12699999999999997,-0.03304538598656245,-0.0039307098130627605,0
680977,Brendan Donovan,2021,24,131,0.288,0.389,0.495,6,0.11450381679389313,0.17557251908396945,4,.313,,,,,,1
681114,Michael Trautwein,2024,24,290,0.192,0.27,0.365,8,0.08620689655172414,0.3448275862068966,4,.275,,,,,,0
681146,Jonah Bride,2023,27,323,0.305,0.432,0.544,13,0.17337461300309598,0.15170278637770898,5,.330,-0.14000000000000012,-0.09400000000000003,-0.04599999999999993,0.006707946336429321,-0.0021433674684448734,1
681146,Jonah Bride,2024,28,330,0.267,0.409,0.454,11,0.18181818181818182,0.1696969696969697,2,.298,-0.11299999999999999,-0.02300000000000002,-0.09000000000000002,0.008443568815085845,0.017994183319260726,1
681198,TJ Rumfield,2024,24,474,0.292,0.365,0.461,15,0.09071729957805907,0.16455696202531644,3,.326,,,,,,0
681230,BJ Murray Jr.,2024,24,353,0.204,0.32,0.348,11,0.141643059490085,0.24362606232294617,10,.245,,,,,,0
681260,Grant Williams,2022,26,157,0.216,0.248,0.236,0,0.03821656050955414,0.19745222929936307,7,.269,-0.16400000000000003,-0.07600000000000001,-0.08800000000000002,-0.03870651641352279,0.01796504981218358,0
681286,JT Schwartz,2024,24,178,0.219,0.287,0.381,5,0.056179775280898875,0.16292134831460675,2,.234,,,,,,0
681297,Colton Cowser,2022,22,124,0.219,0.339,0.429,5,0.10483870967741936,0.3064516129032258,0,.290,,,,,,1
681297,Colton Cowser,2023,23,399,0.3,0.417,0.52,17,0.16040100250626566,0.2681704260651629,9,.390,0.16900000000000004,0.07799999999999996,0.09100000000000003,0.055562292828846296,-0.03828118683806292,1
681370,Hudson Haskin,2024,25,335,0.213,0.343,0.3,4,0.12835820895522387,0.2716417910447761,22,.299,-0.18799999999999994,-0.024999999999999967,-0.16300000000000003,0.06520031421838177,-0.08625294579732917,0
681393,Connor Norby,2023,23,633,0.29,0.359,0.483,21,0.09004739336492891,0.21642969984202212,10,.347,-0.281,-0.04600000000000004,-0.235,0.018618821936357485,0.09738208079440308,1
681393,Connor Norby,2024,24,440,0.293,0.382,0.496,17,0.12045454545454545,0.27954545454545454,13,.387,0.03600000000000003,0.02300000000000002,0.013000000000000012,0.030407152089616543,0.06311575470343242,1
681468,Corey Rosier,2024,24,187,0.177,0.267,0.262,2,0.10695187165775401,0.24064171122994651,11,.227,-0.19399999999999995,-0.09699999999999998,-0.09699999999999998,0.016042780748663096,0.01336898395721925,0
681481,Kerry Carpenter,2022,24,138,0.331,0.42,0.644,8,0.12318840579710146,0.12318840579710146,2,.330,,,,,,1
681508,Mickey Gasper,2024,28,204,0.367,0.471,0.592,8,0.14705882352941177,0.09803921568627451,1,.380,0.5029999999999999,0.176,0.32699999999999996,0.04449472096530921,-0.10708898944193061,1
681526,Bryan Lavastida,2022,23,168,0.224,0.315,0.374,4,0.09523809523809523,0.20833333333333334,2,.266,0.135,0.07700000000000001,0.057999999999999996,0.0,-0.2678571428571428,0
681526,Bryan Lavastida,2023,24,218,0.233,0.31,0.407,8,0.10091743119266056,0.21559633027522937,7,.261,0.027999999999999914,-0.0050000000000000044,0.032999999999999974,0.005679335954565323,0.007262996941896027,0
681526,Bryan Lavastida,2024,25,345,0.232,0.334,0.387,8,0.1072463768115942,0.2289855072463768,27,.289,0.004000000000000115,0.02400000000000002,-0.019999999999999962,0.006328945618933643,0.013389176971147443,0
681546,James Outman,2022,25,252,0.292,0.39,0.627,15,0.12698412698412698,0.25,6,.343,,,,,,1
681546,James Outman,2024,27,319,0.279,0.39,0.543,17,0.13793103448275862,0.25391849529780564,11,.335,-0.08399999999999985,0.0,-0.08399999999999996,0.010946907498631642,0.003918495297805635,1
681580,Michael Turconi,2024,25,105,0.196,0.257,0.227,0,0.0761904761904762,0.3333333333333333,1,.306,,,,,,0
681584,David Villar,2022,25,366,0.275,0.404,0.617,27,0.15027322404371585,0.2540983606557377,1,.306,,,,,,1
681584,David Villar,2023,26,334,0.272,0.371,0.498,17,0.1317365269461078,0.26646706586826346,5,.335,-0.1519999999999999,-0.03300000000000003,-0.119,-0.01853669709760805,0.012368705212525755,1
681584,David Villar,2024,27,482,0.26,0.361,0.441,16,0.12448132780082988,0.2572614107883817,2,.328,-0.06699999999999995,-0.010000000000000009,-0.056999999999999995,-0.0072551991452779185,-0.009205655079881747,1
681624,Andy Pages,2024,23,114,0.356,0.421,0.663,8,0.08771929824561403,0.18421052631578946,3,.384,0.8340000000000001,0.17099999999999999,0.663,-0.16228070175438597,-0.3157894736842105,1
681715,Heriberto Hernández,2024,24,183,0.187,0.322,0.407,9,0.14754098360655737,0.2677595628415301,2,.202,,,,,,1
681807,David Fry,2022,26,479,0.256,0.329,0.45,17,0.081419624217119,0.19206680584551147,2,.285,-0.06599999999999995,-0.05399999999999999,-0.01200000000000001,-0.03524704244954767,-0.09126652748782185,1
681807,David Fry,2023,27,117,0.317,0.402,0.545,4,0.09401709401709402,0.1794871794871795,2,.364,0.16800000000000004,0.07300000000000001,0.09500000000000003,0.012597469799975017,-0.012579626358331986,1
681909,Justin Dean,2023,26,199,0.164,0.307,0.27,4,0.16080402010050251,0.33668341708542715,13,.237,0.08199999999999996,0.05299999999999999,0.029000000000000026,0.10995656247338387,0.08244612894983394,0
681962,Vinny Capra,2022,25,222,0.283,0.378,0.403,5,0.13063063063063063,0.13063063063063063,5,.310,0.581,0.178,0.403,0.03972153972153972,-0.14209664209664208,1
681962,Vinny Capra,2023,26,262,0.289,0.397,0.385,2,0.1450381679389313,0.15267175572519084,6,.341,0.0010000000000000009,0.019000000000000017,-0.018000000000000016,0.01440753730830066,0.022041125094560216,1
681962,Vinny Capra,2024,27,489,0.261,0.348,0.382,8,0.10633946830265849,0.18609406952965235,10,.313,-0.052000000000000046,-0.049000000000000044,-0.0030000000000000027,-0.0386986996362728,0.033422313804461506,1
681976,John Valente,2022,27,278,0.293,0.355,0.39,2,0.08273381294964029,0.08992805755395683,14,.317,,,,,,0
681987,Nate Eaton,2022,25,229,0.295,0.376,0.51,9,0.09170305676855896,0.2096069868995633,11,.345,,,,,,1
681987,Nate Eaton,2023,26,367,0.252,0.312,0.441,15,0.07901907356948229,0.23160762942779292,22,.294,-0.133,-0.064,-0.069,-0.012683983199076668,0.022000642528229614,0
681987,Nate Eaton,2024,27,464,0.252,0.298,0.439,16,0.05818965517241379,0.23275862068965517,27,.301,-0.016000000000000014,-0.014000000000000012,-0.0020000000000000018,-0.0208294183970685,0.0011509912618622442,1
682040,Jordan Qsar,2023,27,288,0.249,0.382,0.459,11,0.16666666666666666,0.3263888888888889,11,.359,0.19300000000000006,0.14300000000000002,0.050000000000000044,0.13405797101449274,-0.07578502415458938,0
682073,David Hensley,2022,26,464,0.298,0.42,0.478,10,0.1724137931034483,0.22198275862068967,20,.383,,,,,,1
682073,David Hensley,2023,27,293,0.22,0.365,0.356,6,0.18430034129692832,0.27986348122866894,9,.307,-0.17699999999999994,-0.05499999999999999,-0.122,0.011886548193480034,0.057880722607979274,1
682073,David Hensley,2024,28,358,0.234,0.352,0.376,7,0.15083798882681565,0.24860335195530725,17,.309,0.007000000000000006,-0.013000000000000012,0.020000000000000018,-0.03346235247011267,-0.03126012927336169,0
682119,Levi Jordan,2021,25,149,0.236,0.331,0.378,3,0.10738255033557047,0.3087248322147651,1,.338,,,,,,0
682119,Levi Jordan,2022,26,297,0.249,0.305,0.388,7,0.0707070707070707,0.17845117845117844,9,.286,-0.016000000000000014,-0.026000000000000023,0.010000000000000009,-0.03667547962849976,-0.13027365376358666,0
682119,Levi Jordan,2024,28,401,0.307,0.382,0.489,13,0.07481296758104738,0.19451371571072318,10,.358,0.21799999999999997,0.08700000000000002,0.131,-0.05176931089996528,-0.04599261340320088,0
682177,Daniel Schneemann,2023,26,484,0.267,0.36,0.437,13,0.12190082644628099,0.2066115702479339,17,.321,0.6719999999999999,0.235,0.437,-0.003099173553719012,-0.04338842975206611,1
682177,Daniel Schneemann,2024,27,223,0.294,0.428,0.556,10,0.18385650224215247,0.23318385650224216,4,.364,0.18700000000000006,0.068,0.11900000000000005,0.06195567579587148,0.02657228625430827,1
682183,Drew Avans,2021,25,279,0.275,0.388,0.438,5,0.15412186379928317,0.2114695340501792,19,.347,,,,,,0
682183,Drew Avans,2022,26,504,0.282,0.379,0.426,7,0.12103174603174603,0.25595238095238093,40,.387,-0.02100000000000013,-0.009000000000000008,-0.01200000000000001,-0.03309011776753713,0.04448284690220172,0
682183,Drew Avans,2023,27,596,0.254,0.355,0.38,11,0.12919463087248323,0.2214765100671141,23,.319,-0.06999999999999995,-0.02400000000000002,-0.045999999999999985,0.008162884840737197,-0.034475870885266824,0
682183,Drew Avans,2024,28,625,0.272,0.366,0.396,8,0.128,0.2512,35,.368,0.027000000000000024,0.01100000000000001,0.016000000000000014,-0.0011946308724832266,0.02972348993288587,1
682192,Paul McIntosh,2023,25,117,0.23,0.333,0.38,5,0.1111111111111111,0.27350427350427353,0,.281,,,,,,0
682210,Kody Hoese,2024,26,525,0.287,0.361,0.474,17,0.09904761904761905,0.1980952380952381,1,.334,,,,,,0
682239,Luke Ritter,2022,25,108,0.16,0.269,0.266,2,0.12037037037037036,0.2962962962962963,2,.217,,,,,,0
682239,Luke Ritter,2023,26,264,0.247,0.36,0.448,13,0.14015151515151514,0.29545454545454547,1,.316,0.273,0.09099999999999997,0.182,0.019781144781144774,-0.0008417508417508102,0
682239,Luke Ritter,2024,27,567,0.257,0.369,0.48,26,0.12874779541446207,0.30687830687830686,4,.345,0.040999999999999925,0.009000000000000008,0.03199999999999997,-0.011403719737053064,0.011423761423761392,0
682265,Wes Clarke,2024,24,373,0.243,0.34,0.458,18,0.12064343163538874,0.3512064343163539,2,.343,,,,,,0
682266,Brett Auerbach,2024,25,223,0.281,0.357,0.444,4,0.09417040358744394,0.24663677130044842,5,.370,,,,,,0
682515,Logan Porter,2022,26,146,0.301,0.452,0.451,3,0.1917808219178082,0.2054794520547945,0,.383,,,,,,1
682515,Logan Porter,2023,27,448,0.232,0.339,0.377,13,0.13392857142857142,0.25223214285714285,1,.291,-0.18700000000000006,-0.11299999999999999,-0.07400000000000001,-0.057852250489236784,0.04675269080234834,0
682515,Logan Porter,2024,28,292,0.267,0.37,0.453,10,0.13356164383561644,0.2808219178082192,3,.354,0.10699999999999998,0.030999999999999972,0.07600000000000001,-0.0003669275929549798,0.02858977495107634,1
682616,Diego Cartaya,2024,22,208,0.208,0.293,0.35,6,0.09615384615384616,0.27403846153846156,1,.262,,,,,,0
682617,Marco Luciano,2024,22,384,0.25,0.38,0.38,10,0.16927083333333334,0.2682291666666667,4,.338,0.02100000000000002,0.059,-0.03799999999999998,0.04106570512820515,-0.09074519230769229,0
682619,Orelvis Martinez,2023,21,246,0.263,0.34,0.507,11,0.10569105691056911,0.2682926829268293,2,.317,,,,,,1
682619,Orelvis Martinez,2024,22,319,0.267,0.346,0.523,17,0.08463949843260188,0.23824451410658307,0,.305,0.02200000000000002,0.00599999999999995,0.016000000000000014,-0.021051558477967233,-0.03004816882024622,0
682622,Noelvi Marte,2023,21,167,0.28,0.365,0.455,3,0.11976047904191617,0.18562874251497005,8,.330,,,,,,1
682626,Francisco Alvarez,2022,20,199,0.234,0.382,0.443,9,0.1708542713567839,0.2613065326633166,0,.283,,,,,,1
682634,Kevin Alcántara,2024,21,148,0.292,0.378,0.469,5,0.11486486486486487,0.2905405405405405,7,.402,,,,,,1
682641,Luis Matos,2023,21,152,0.353,0.404,0.626,9,0.07236842105263158,0.07236842105263158,6,.336,,,,,,1
682641,Luis Matos,2024,22,375,0.256,0.328,0.451,14,0.07466666666666667,0.10666666666666667,8,.248,-0.251,-0.07600000000000001,-0.175,0.002298245614035091,0.03429824561403509,1
682650,Malcom Nuñez,2023,22,271,0.237,0.314,0.357,7,0.07011070110701106,0.23616236162361623,0,.291,-0.20299999999999996,-0.09799999999999998,-0.10500000000000004,-0.16518341654004776,-0.05795528543520731,0
682650,Malcom Nuñez,2024,23,526,0.25,0.31,0.365,11,0.07984790874524715,0.20532319391634982,3,.294,0.0040000000000000036,-0.0040000000000000036,0.008000000000000007,0.009737207638236087,-0.030839167707266413,0
682657,Angel Martínez,2023,21,154,0.268,0.32,0.401,3,0.06493506493506493,0.23376623376623376,1,.340,,,,,,1
682657,Angel Martínez,2024,22,249,0.274,0.356,0.456,7,0.10040160642570281,0.1606425702811245,5,.304,0.09099999999999997,0.035999999999999976,0.05499999999999999,0.03546654149063788,-0.07312366348510926,1
682663,Agustín Ramírez,2024,22,287,0.246,0.345,0.411,9,0.11498257839721254,0.20557491289198607,9,.287,,,,,,1
682668,Luisangel Acuña,2024,22,587,0.258,0.299,0.355,7,0.054514480408858604,0.1635434412265758,40,.299,,,,,,1
682729,Jonatan Clase,2024,22,426,0.263,0.344,0.439,12,0.11502347417840375,0.25821596244131456,38,.335,,,,,,1
682801,Noelberth Romero,2024,22,131,0.228,0.305,0.272,1,0.0916030534351145,0.25190839694656486,0,.301,0.577,0.305,0.272,0.0916030534351145,0.25190839694656486,0
682829,Elly De La Cruz,2023,21,186,0.297,0.398,0.633,12,0.13978494623655913,0.26881720430107525,11,.361,,,,,,1
682848,Endy Rodríguez,2023,23,315,0.268,0.356,0.415,6,0.11428571428571428,0.1492063492063492,4,.300,-0.43700000000000006,-0.07900000000000001,-0.35800000000000004,0.11428571428571428,0.018771566597653555,0
682868,Bryan Ramos,2024,22,279,0.263,0.339,0.416,8,0.08602150537634409,0.2078853046594982,6,.313,,,,,,1
682877,Juan Brito,2024,22,652,0.256,0.365,0.443,21,0.13496932515337423,0.16104294478527606,13,.280,0.07200000000000006,-0.08500000000000002,0.15700000000000003,-0.16503067484662576,-0.03895705521472395,0
682927,Ronny Simon,2023,23,137,0.282,0.38,0.427,3,0.13138686131386862,0.20437956204379562,5,.345,,,,,,0
682927,Ronny Simon,2024,24,527,0.283,0.356,0.429,10,0.08918406072106262,0.18785578747628084,20,.339,-0.02200000000000002,-0.02400000000000002,0.0020000000000000018,-0.042202800592806,-0.016523774567514776,1
682928,CJ Abrams,2022,21,186,0.31,0.36,0.48,7,0.053763440860215055,0.1774193548387097,14,.348,,,,,,1
682983,Jud Fabian,2024,23,125,0.159,0.232,0.257,2,0.088,0.408,3,.262,,,,,,0
682985,Riley Greene,2021,20,185,0.308,0.4,0.553,8,0.11891891891891893,0.2756756756756757,4,.406,,,,,,1
682988,Tyler Locklear,2024,23,318,0.26,0.371,0.43,8,0.12264150943396226,0.2389937106918239,5,.330,,,,,,1
682998,Corbin Carroll,2022,21,157,0.287,0.408,0.535,7,0.15286624203821655,0.22929936305732485,11,.345,,,,,,1
683002,Gunnar Henderson,2022,21,295,0.288,0.39,0.504,11,0.1288135593220339,0.26440677966101694,10,.374,,,,,,1
683021,Michael Stefanic,2021,25,458,0.334,0.408,0.505,16,0.0982532751091703,0.13537117903930132,6,.363,,,,,,1
683021,Michael Stefanic,2022,26,346,0.314,0.422,0.425,4,0.13872832369942195,0.06358381502890173,4,.326,-0.06600000000000006,0.014000000000000012,-0.08000000000000002,0.04047504859025165,-0.07178736401039959,1
683021,Michael Stefanic,2023,27,455,0.365,0.463,0.467,5,0.13186813186813187,0.07252747252747253,8,.388,0.08300000000000007,0.041000000000000036,0.04200000000000004,-0.00686019183129008,0.008943657498570803,1
683021,Michael Stefanic,2024,28,183,0.389,0.456,0.51,2,0.10382513661202186,0.08743169398907104,4,.415,0.03599999999999992,-0.007000000000000006,0.04299999999999998,-0.02804299525611001,0.014904221461598505,1
683090,Matthew Lugo,2024,23,146,0.256,0.342,0.481,6,0.0821917808219178,0.2602739726027397,7,.318,,,,,,1
683146,Brett Baty,2023,23,121,0.298,0.388,0.625,10,0.1322314049586777,0.2396694214876033,2,.318,0.18699999999999983,-0.07400000000000001,0.261,0.0168467895740623,0.00890019071837253,1
683146,Brett Baty,2024,24,269,0.252,0.349,0.504,16,0.12267657992565056,0.21189591078066913,1,.263,-0.15999999999999992,-0.039000000000000035,-0.121,-0.009554825033027126,-0.02777351070693418,1
683357,Owen Caissie,2024,21,549,0.278,0.375,0.472,19,0.12932604735883424,0.28415300546448086,11,.375,,,,,,1
683735,Will Holland,2024,26,145,0.299,0.428,0.556,6,0.11724137931034483,0.21379310344827587,13,.358,,,,,,0
683737,Michael Busch,2022,24,504,0.266,0.343,0.48,21,0.0992063492063492,0.25992063492063494,3,.327,,,,,,1
683737,Michael Busch,2023,25,469,0.323,0.431,0.618,27,0.13859275053304904,0.18763326226012794,4,.356,0.22599999999999998,0.08799999999999997,0.138,0.039386401326699835,-0.072287372660507,1
683748,Victor Mesa Jr.,2024,22,355,0.259,0.319,0.43,13,0.07887323943661972,0.21690140845070421,5,.299,,,,,,1
683766,Christian Koss,2023,25,124,0.237,0.285,0.351,1,0.04032258064516129,0.20967741935483872,2,.295,,,,,,0
683766,Christian Koss,2024,26,197,0.257,0.332,0.415,5,0.07106598984771574,0.22842639593908629,5,.317,0.1110000000000001,0.04700000000000004,0.064,0.03074340920255445,0.018748976584247568,1
683770,Will Robertson,2024,26,464,0.226,0.319,0.429,19,0.10775862068965517,0.3125,3,.296,,,,,,1
684543,Daniel Cope,2023,26,167,0.319,0.401,0.475,4,0.11976047904191617,0.2754491017964072,0,.432,,,,,,0
684576,Alex Isola,2024,25,274,0.215,0.303,0.333,5,0.11313868613138686,0.19343065693430658,4,.250,,,,,,0
685133,Wade Meckler,2023,23,102,0.354,0.465,0.5,2,0.17647058823529413,0.19607843137254902,7,.443,,,,,,0
685133,Wade Meckler,2024,24,196,0.288,0.357,0.508,8,0.09693877551020408,0.12755102040816327,3,.299,-0.10000000000000009,-0.10800000000000004,0.008000000000000007,-0.07953181272509005,-0.06852741096438575,0
685301,Matt Gorski,2024,26,433,0.257,0.319,0.522,23,0.08775981524249422,0.2863741339491917,15,.312,0.16500000000000004,0.056999999999999995,0.10800000000000004,-0.004547877065198089,0.05560490317996092,1
685313,Elijah Dunham,2023,25,303,0.216,0.33,0.34,6,0.12871287128712872,0.2871287128712871,12,.301,,,,,,0
685382,Andrew Navigato,2024,26,512,0.271,0.363,0.5,21,0.107421875,0.24609375,22,.333,,,,,,0
685392,Trevor Boone,2023,25,175,0.238,0.326,0.444,4,0.10285714285714286,0.4057142857142857,1,.405,,,,,,0
685392,Trevor Boone,2024,26,189,0.235,0.305,0.471,10,0.08994708994708994,0.3915343915343915,10,.349,0.006000000000000005,-0.02100000000000002,0.02699999999999997,-0.012910052910052913,-0.014179894179894181,0
686217,Sal Frelick,2022,22,217,0.365,0.435,0.508,4,0.08755760368663594,0.07373271889400922,9,.382,,,,,,1
686217,Sal Frelick,2023,23,183,0.247,0.333,0.342,2,0.10382513661202186,0.09836065573770492,8,.266,-0.268,-0.10199999999999998,-0.16599999999999998,0.016267532925385922,0.0246279368436957,1
686251,Brady Lindsly,2024,26,243,0.231,0.295,0.33,3,0.07818930041152264,0.2674897119341564,1,.315,-0.11299999999999999,-0.014000000000000012,-0.09899999999999998,-0.007176553247013953,-0.07397370269998998,0
686452,Drew Millas,2023,25,229,0.27,0.362,0.403,3,0.11353711790393013,0.14410480349344978,4,.307,,,,,,1
686452,Drew Millas,2024,26,241,0.311,0.361,0.518,9,0.07468879668049792,0.14107883817427386,10,.333,0.11399999999999999,-0.0010000000000000009,0.11499999999999999,-0.03884832122343221,-0.0030259653191759273,1
686469,Vinnie Pasquantino,2022,24,313,0.277,0.371,0.561,18,0.12779552715654952,0.12460063897763578,3,.258,,,,,,1
686482,Logan Driscoll,2024,26,294,0.292,0.367,0.473,7,0.09523809523809523,0.20748299319727892,1,.356,0.08599999999999997,0.024999999999999967,0.061,0.003132832080200501,-0.05567490153956317,0
686490,Cam Eden,2023,25,460,0.257,0.354,0.333,3,0.09782608695652174,0.24782608695652175,53,.350,,,,,,0
686490,Cam Eden,2024,26,375,0.202,0.297,0.329,8,0.112,0.256,33,.258,-0.061000000000000054,-0.056999999999999995,-0.0040000000000000036,0.014173913043478259,0.008173913043478254,0
686527,Dominic Canzone,2022,24,364,0.284,0.349,0.489,16,0.07692307692307693,0.2032967032967033,14,.324,,,,,,1
686527,Dominic Canzone,2023,25,304,0.354,0.431,0.634,16,0.12828947368421054,0.13157894736842105,2,.361,0.22699999999999998,0.08200000000000002,0.14500000000000002,0.05136639676113361,-0.07171775592828225,1
686527,Dominic Canzone,2024,26,130,0.287,0.354,0.513,7,0.09230769230769231,0.18461538461538463,2,.302,-0.19799999999999995,-0.07700000000000001,-0.121,-0.035981781376518224,0.05303643724696358,1
686531,Andre Lipcius,2022,24,188,0.302,0.388,0.453,3,0.13297872340425532,0.17553191489361702,1,.354,,,,,,1
686531,Andre Lipcius,2023,25,419,0.272,0.363,0.419,11,0.12410501193317422,0.1766109785202864,1,.311,-0.05899999999999994,-0.025000000000000022,-0.03400000000000003,-0.008873711471081097,0.0010790636266693743,0
686531,Andre Lipcius,2024,26,636,0.271,0.351,0.458,25,0.1069182389937107,0.2279874213836478,10,.322,0.026999999999999913,-0.01200000000000001,0.039000000000000035,-0.017186772939463524,0.051376442863361405,0
686551,Christian Cairo,2024,23,257,0.233,0.355,0.314,2,0.1556420233463035,0.22568093385214008,12,.305,,,,,,0
686555,Isaac Collins,2024,26,500,0.273,0.386,0.475,14,0.142,0.192,24,.322,0.639,0.164,0.475,-0.08022222222222222,0.0808888888888889,1
686611,Dylan Crews,2024,22,238,0.265,0.34,0.455,8,0.08403361344537816,0.17647058823529413,10,.294,,,,,,1
686639,Jack Dunn,2023,26,241,0.244,0.385,0.326,3,0.17012448132780084,0.17842323651452283,15,.297,0.17500000000000004,0.10999999999999999,0.065,0.09320140440472391,-0.07157676348547717,0
686639,Jack Dunn,2024,27,443,0.236,0.362,0.352,9,0.14446952595936793,0.16252821670428894,14,.270,0.0029999999999998916,-0.02300000000000002,0.025999999999999968,-0.025654955368432902,-0.01589501981023389,0
686676,Korey Lee,2022,23,446,0.238,0.307,0.483,25,0.08071748878923767,0.28475336322869954,12,.281,0.18399999999999994,0.043999999999999984,0.13999999999999996,0.028085909841869247,0.04791125796554166,1
686676,Korey Lee,2023,24,357,0.278,0.325,0.386,5,0.056022408963585436,0.27170868347338933,13,.379,-0.07899999999999996,0.018000000000000016,-0.09699999999999998,-0.02469507982565223,-0.013044679755310207,1
686681,Michael Massey,2022,24,143,0.325,0.392,0.595,7,0.09090909090909091,0.24475524475524477,4,.395,,,,,,1
686759,TJ Hopkins,2022,25,103,0.255,0.32,0.436,4,0.07766990291262135,0.2815533980582524,2,.328,,,,,,1
686759,TJ Hopkins,2023,26,393,0.308,0.411,0.514,16,0.13994910941475827,0.23918575063613232,2,.386,0.16900000000000004,0.09099999999999997,0.07800000000000001,0.06227920650213692,-0.0423676474221201,0
686765,Nick Sogard,2022,24,237,0.259,0.356,0.333,0,0.12658227848101267,0.189873417721519,9,.327,,,,,,0
686765,Nick Sogard,2023,25,460,0.266,0.37,0.391,7,0.13695652173913042,0.17173913043478262,17,.316,0.07199999999999995,0.014000000000000012,0.057999999999999996,0.010374243258117755,-0.018134287286736384,1
686765,Nick Sogard,2024,26,440,0.283,0.39,0.446,13,0.14545454545454545,0.20454545454545456,10,.338,0.07500000000000007,0.020000000000000018,0.05499999999999999,0.008498023715415026,0.03280632411067194,1
686780,Pedro Pagés,2022,23,170,0.222,0.282,0.353,4,0.08235294117647059,0.27058823529411763,0,.283,,,,,,0
686797,Brooks Lee,2023,22,168,0.237,0.304,0.428,5,0.08928571428571429,0.16666666666666666,1,.258,,,,,,1
686797,Brooks Lee,2024,23,114,0.308,0.368,0.606,8,0.08771929824561403,0.14035087719298245,1,.300,0.242,0.064,0.178,-0.0015664160401002575,-0.02631578947368421,1
686823,Will Brennan,2022,24,433,0.316,0.367,0.471,9,0.07621247113163972,0.12240184757505773,15,.342,,,,,,1
686894,Joey Wiemer,2022,23,174,0.287,0.368,0.52,6,0.1206896551724138,0.19540229885057472,6,.327,,,,,,1
686894,Joey Wiemer,2024,25,353,0.224,0.351,0.312,3,0.1558073654390935,0.2776203966005666,10,.325,0.257,0.208,0.04899999999999999,0.10818831782004587,0.13476325374342374,1
686948,Drake Baldwin,2024,23,334,0.298,0.407,0.484,12,0.15568862275449102,0.16167664670658682,1,.327,-0.02499999999999991,0.07399999999999995,-0.09899999999999998,0.15568862275449102,-0.08832335329341318,1
687005,Kellen Strahm,2024,27,166,0.265,0.38,0.368,1,0.1566265060240964,0.22289156626506024,14,.347,,,,,,0
687019,Andrés Alvarez,2024,27,286,0.271,0.36,0.417,6,0.10839160839160839,0.24125874125874125,7,.353,,,,,,0
687093,Vaughn Grissom,2023,22,468,0.33,0.419,0.501,8,0.11965811965811966,0.14102564102564102,13,.376,,,,,,1
687093,Vaughn Grissom,2024,23,234,0.259,0.385,0.373,6,0.15384615384615385,0.19230769230769232,10,.308,-0.16199999999999992,-0.033999999999999975,-0.128,0.03418803418803419,0.051282051282051294,0
687144,Corey Joyce,2023,24,206,0.268,0.393,0.446,4,0.14563106796116504,0.27184466019417475,8,.373,-1.013,-0.33399999999999996,-0.679,-0.08164165931156223,0.1354810238305384,0
687208,Nathan Hickey,2024,24,365,0.21,0.34,0.397,13,0.1589041095890411,0.31232876712328766,4,.282,,,,,,0
687221,Dalton Rushing,2024,23,169,0.273,0.396,0.511,9,0.15384615384615385,0.20118343195266272,2,.299,,,,,,1
687231,Darell Hernaiz,2023,21,253,0.3,0.376,0.418,4,0.09486166007905138,0.1067193675889328,6,.325,,,,,,1
687231,Darell Hernaiz,2024,22,157,0.331,0.376,0.493,5,0.07643312101910828,0.14012738853503184,6,.356,0.07499999999999996,0.0,0.07500000000000001,-0.0184285390599431,0.03340802094609904,1
687349,Jimmy Govern,2022,25,232,0.218,0.267,0.38,6,0.05172413793103448,0.22413793103448276,3,.258,-0.11099999999999999,-0.02899999999999997,-0.08200000000000002,0.014687100893997447,0.11302681992337166,0
687363,Victor Scott II,2024,23,362,0.21,0.294,0.303,6,0.09944751381215469,0.1574585635359116,30,.235,,,,,,1
687401,Joey Ortiz,2022,23,115,0.346,0.4,0.567,4,0.0782608695652174,0.14782608695652175,6,.381,,,,,,1
687401,Joey Ortiz,2023,24,389,0.321,0.378,0.507,9,0.08226221079691516,0.17737789203084833,11,.373,-0.08199999999999996,-0.02200000000000002,-0.05999999999999994,0.004001341231697764,0.029551805074326587,1
687462,Spencer Horwitz,2022,24,202,0.246,0.361,0.363,2,0.1485148514851485,0.20297029702970298,4,.313,,,,,,1
687462,Spencer Horwitz,2023,25,484,0.337,0.45,0.495,10,0.16115702479338842,0.1487603305785124,9,.386,0.22100000000000009,0.08900000000000002,0.132,0.012642173308239912,-0.05420996645119058,1
687462,Spencer Horwitz,2024,26,259,0.335,0.456,0.514,4,0.16988416988416988,0.1583011583011583,3,.401,0.02499999999999991,0.006000000000000005,0.019000000000000017,0.008727145090781457,0.00954082772264589,1
687478,Cam Devanney,2023,26,390,0.271,0.362,0.461,11,0.11794871794871795,0.18205128205128204,6,.311,-0.10499999999999998,0.0050000000000000044,-0.10999999999999993,0.02866300366300366,-0.06794871794871796,0
687478,Cam Devanney,2024,27,524,0.254,0.336,0.445,19,0.08969465648854962,0.2595419847328244,8,.318,-0.041999999999999926,-0.025999999999999968,-0.016000000000000014,-0.02825406146016833,0.07749070268154237,1
687515,Colby Thomas,2024,23,314,0.272,0.344,0.559,17,0.0732484076433121,0.30254777070063693,3,.347,,,,,,1
687529,Grant McCray,2024,23,213,0.272,0.347,0.471,6,0.09859154929577464,0.2535211267605634,8,.351,,,,,,1
687551,Drew Gilbert,2024,23,247,0.215,0.313,0.393,10,0.10121457489878542,0.20647773279352227,3,.234,,,,,,1
687588,Micah Pries,2023,25,464,0.232,0.328,0.424,14,0.10129310344827586,0.21767241379310345,3,.272,,,,,,0
687588,Micah Pries,2024,26,264,0.227,0.299,0.366,8,0.07954545454545454,0.23863636363636365,4,.274,-0.08699999999999997,-0.029000000000000026,-0.057999999999999996,-0.021747648902821312,0.020963949843260193,0
687597,Jordan Beck,2024,23,189,0.319,0.402,0.558,8,0.12169312169312169,0.2328042328042328,6,.389,,,,,,1
687714,Jackson Cluff,2024,27,307,0.225,0.331,0.388,9,0.12052117263843648,0.2996742671009772,19,.308,,,,,,0
687799,Cade Marlowe,2023,26,379,0.257,0.338,0.443,11,0.10290237467018469,0.2612137203166227,29,.330,-0.08799999999999997,-0.011999999999999955,-0.07600000000000001,-0.013764291996481978,-0.12211961301671065,1
687799,Cade Marlowe,2024,27,411,0.235,0.341,0.395,13,0.13381995133819952,0.3236009732360097,43,.332,-0.04500000000000004,0.0030000000000000027,-0.04799999999999999,0.030917576668014826,0.062387252919387015,0
687823,Aaron Shackelford,2023,26,425,0.223,0.344,0.406,14,0.1388235294117647,0.28941176470588237,8,.294,0.624,0.28099999999999997,0.343,0.1388235294117647,-0.14808823529411763,0
687833,Shayne Fontana,2023,26,227,0.279,0.382,0.416,4,0.1145374449339207,0.1894273127753304,12,.338,0.265,0.11099999999999999,0.15399999999999997,0.02882315921963499,-0.0962869729389553,0
687833,Shayne Fontana,2024,27,245,0.225,0.313,0.315,4,0.09387755102040816,0.23265306122448978,11,.286,-0.17000000000000004,-0.069,-0.10099999999999998,-0.020659893913512542,0.043225748449159385,0
687859,Troy Johnston,2022,25,116,0.155,0.293,0.33,4,0.15517241379310345,0.20689655172413793,1,.159,,,,,,0
687859,Troy Johnston,2023,26,226,0.323,0.403,0.52,8,0.08849557522123894,0.19469026548672566,8,.381,0.30000000000000004,0.11000000000000004,0.19,-0.06667683857186452,-0.012206286237412267,0
687859,Troy Johnston,2024,27,528,0.276,0.339,0.424,11,0.07007575757575757,0.1893939393939394,17,.327,-0.16000000000000003,-0.064,-0.09600000000000003,-0.018419817645481368,-0.005296326092786269,1
687867,Clay Dungan,2022,26,515,0.208,0.294,0.334,9,0.0912621359223301,0.1941747572815534,17,.245,,,,,,0
687867,Clay Dungan,2023,27,329,0.273,0.386,0.365,3,0.1519756838905775,0.2066869300911854,16,.346,0.123,0.09200000000000003,0.030999999999999972,0.060713547968247406,0.012512172809632016,0
687867,Clay Dungan,2024,28,388,0.252,0.357,0.439,7,0.12886597938144329,0.23195876288659795,16,.321,0.04500000000000004,-0.029000000000000026,0.07400000000000001,-0.023109704509134216,0.025271832795412535,0
687952,Christian Encarnacion-Strand,2023,23,316,0.331,0.405,0.637,20,0.10443037974683544,0.21835443037974683,2,.377,,,,,,1
687957,Dustin Harris,2023,23,288,0.273,0.382,0.455,9,0.1388888888888889,0.21875,17,.331,,,,,,1
687957,Dustin Harris,2024,24,564,0.272,0.358,0.391,10,0.10815602836879433,0.21808510638297873,35,.339,-0.08799999999999997,-0.02400000000000002,-0.064,-0.030732860520094565,-0.0006648936170212671,1
688005,Francisco Urbaez,2024,26,100,0.306,0.388,0.459,2,0.12,0.19,4,.369,0.1519999999999999,0.045999999999999985,0.10600000000000004,0.01473684210526316,0.005789473684210539,0
688363,Graham Pauley,2024,23,321,0.224,0.336,0.397,10,0.12461059190031153,0.2087227414330218,3,.259,,,,,,1
688460,Josh Kasevich,2024,23,173,0.325,0.382,0.433,3,0.08092485549132948,0.14450867052023122,3,.369,,,,,,0
688682,Cooper Bowman,2024,24,152,0.218,0.284,0.308,0,0.07894736842105263,0.24342105263157895,8,.296,,,,,,0
688760,Blaine Crim,2023,26,582,0.289,0.385,0.506,22,0.12199312714776632,0.18384879725085912,1,.325,0.29700000000000004,0.08700000000000002,0.21000000000000002,0.08690540784952071,-0.04422137818773736,0
688760,Blaine Crim,2024,27,586,0.277,0.37,0.469,20,0.11945392491467577,0.17235494880546076,7,.309,-0.052000000000000046,-0.015000000000000013,-0.03700000000000003,-0.002539202233090551,-0.011493848445398358,1
688869,Justin Dirden,2022,24,142,0.242,0.305,0.398,4,0.07042253521126761,0.28169014084507044,5,.318,,,,,,0
688869,Justin Dirden,2023,25,364,0.231,0.314,0.396,10,0.10164835164835165,0.2967032967032967,4,.312,0.006999999999999895,0.009000000000000008,-0.0020000000000000018,0.03122581643708404,0.015013155858226268,0
689041,Rhylan Thomas,2024,24,392,0.278,0.325,0.375,6,0.0663265306122449,0.09183673469387756,15,.294,,,,,,1
689070,Spencer Packard,2024,26,176,0.279,0.358,0.416,2,0.10795454545454546,0.14772727272727273,0,.320,,,,,,0
689172,Brett Wisely,2023,24,280,0.285,0.417,0.466,6,0.16785714285714284,0.22857142857142856,7,.370,0.2889999999999999,0.15599999999999997,0.133,0.12437888198757763,-0.03229813664596273,1
689172,Brett Wisely,2024,25,181,0.301,0.389,0.487,6,0.1270718232044199,0.15469613259668508,5,.333,-0.007000000000000006,-0.02799999999999997,0.020999999999999963,-0.040785319652722946,-0.07387529597474349,1
689200,Jacob Melton,2024,23,192,0.26,0.314,0.405,5,0.06770833333333333,0.25,11,.331,,,,,,1
689288,Matt Koperniak,2023,25,422,0.275,0.353,0.431,14,0.10426540284360189,0.14454976303317535,9,.293,-0.683,-0.44700000000000006,-0.23600000000000004,-0.09573459715639812,0.14454976303317535,0
689288,Matt Koperniak,2024,26,513,0.309,0.37,0.512,20,0.08382066276803118,0.1871345029239766,5,.351,0.09799999999999998,0.017000000000000015,0.08100000000000002,-0.020444740075570705,0.04258473989080125,0
690180,Bryce Windham,2023,26,217,0.29,0.367,0.376,1,0.1152073732718894,0.1889400921658986,4,.358,,,,,,0
690180,Bryce Windham,2024,27,260,0.26,0.337,0.379,2,0.1,0.21153846153846154,10,.333,-0.027000000000000024,-0.02999999999999997,0.0030000000000000027,-0.015207373271889396,0.022598369372562932,0
690291,Jace Jung,2024,23,415,0.257,0.377,0.454,14,0.1614457831325301,0.22409638554216868,2,.307,,,,,,1
690429,Dylan Harris,2022,25,136,0.115,0.25,0.248,3,0.14705882352941177,0.34558823529411764,2,.154,,,,,,0
690443,Mike Antico,2024,26,224,0.261,0.323,0.433,7,0.07589285714285714,0.21875,15,.311,,,,,,0
690976,Alex Freeland,2024,22,164,0.243,0.335,0.396,5,0.11585365853658537,0.2682926829268293,2,.316,,,,,,1
690993,Colt Keith,2023,21,301,0.287,0.369,0.521,13,0.11627906976744186,0.19269102990033224,1,.320,,,,,,1
691011,Drew Romo,2024,22,370,0.297,0.339,0.499,14,0.043243243243243246,0.1783783783783784,3,.331,-0.07999999999999996,-0.04999999999999999,-0.030000000000000027,0.043243243243243246,-0.04384384384384382,1
691016,Tyler Soderstrom,2023,21,335,0.252,0.307,0.526,21,0.07462686567164178,0.2626865671641791,2,.280,0.11199999999999988,-0.009000000000000008,0.121,0.048311076197957575,-0.07941869599371565,1
691016,Tyler Soderstrom,2024,22,143,0.279,0.385,0.607,10,0.11188811188811189,0.24475524475524477,0,.312,0.15900000000000003,0.07800000000000001,0.08099999999999996,0.037261246216470104,-0.01793132240893433,1
691019,Kyle Teel,2024,22,123,0.255,0.374,0.343,2,0.16260162601626016,0.23577235772357724,3,.333,,,,,,1
691023,Jordan Walker,2023,21,135,0.239,0.348,0.398,4,0.11851851851851852,0.23703703703703705,4,.291,,,,,,1
691023,Jordan Walker,2024,22,377,0.263,0.326,0.427,9,0.08222811671087533,0.19363395225464192,4,.309,0.007000000000000006,-0.021999999999999964,0.02899999999999997,-0.03629040180764319,-0.04340308478239513,1
691026,Masyn Winn,2023,21,498,0.288,0.359,0.474,18,0.08835341365461848,0.16666666666666666,17,.318,,,,,,1
691176,Jasson Domínguez,2024,21,193,0.309,0.368,0.48,7,0.08290155440414508,0.18652849740932642,15,.353,-0.247,-0.14600000000000002,-0.10099999999999998,-0.07926060775801709,0.10544741632824534,1
691277,Deyvison De Los Santos,2024,21,421,0.264,0.311,0.523,26,0.052256532066508314,0.25653206650831356,0,.297,,,,,,0
691406,Junior Caminero,2024,20,236,0.276,0.331,0.498,13,0.06779661016949153,0.211864406779661,1,.303,,,,,,1
691503,Yolbert Sanchez,2022,25,479,0.28,0.324,0.341,3,0.05636743215031315,0.14822546972860126,11,.325,,,,,,0
691503,Yolbert Sanchez,2023,26,445,0.271,0.321,0.333,3,0.06292134831460675,0.16853932584269662,6,.321,-0.01100000000000001,-0.0030000000000000027,-0.008000000000000007,0.0065539161642935925,0.020313856114095363,0
691594,Javier Sanoja,2024,21,492,0.291,0.354,0.431,6,0.08943089430894309,0.06097560975609756,14,.297,,,,,,1
691718,Pete Crow-Armstrong,2023,21,158,0.271,0.35,0.479,6,0.0949367088607595,0.2974683544303797,10,.368,,,,,,1
691718,Pete Crow-Armstrong,2024,22,117,0.255,0.299,0.509,5,0.05128205128205128,0.27350427350427353,10,.315,-0.020999999999999908,-0.05099999999999999,0.030000000000000027,-0.04365465757870822,-0.02396408092610619,1
691723,Coby Mayo,2023,21,267,0.267,0.393,0.512,12,0.15730337078651685,0.23220973782771537,1,.315,,,,,,1
691723,Coby Mayo,2024,22,390,0.287,0.364,0.562,22,0.10256410256410256,0.24871794871794872,4,.338,0.02100000000000002,-0.029000000000000026,0.050000000000000044,-0.05473926822241429,0.016508210890233355,1
691777,Max Muncy,2024,21,203,0.277,0.374,0.491,8,0.08866995073891626,0.24630541871921183,4,.342,,,,,,1
691781,Brady House,2024,21,236,0.25,0.28,0.375,6,0.029661016949152543,0.288135593220339,1,.329,,,,,,1
692585,Yanquiel Fernández,2024,21,138,0.211,0.268,0.313,2,0.06521739130434782,0.2028985507246377,0,.255,,,,,,1
693049,Oscar Colás,2023,24,238,0.272,0.345,0.465,9,0.09243697478991597,0.22268907563025211,2,.322,-0.2589999999999999,-0.07900000000000001,-0.18,0.03183091418385536,-0.14094728800611153,1
693049,Oscar Colás,2024,25,464,0.246,0.332,0.4,11,0.10991379310344827,0.23060344827586207,12,.302,-0.07800000000000007,-0.012999999999999956,-0.065,0.017476818313532302,0.007914372645609957,0
693304,Nick Gonzales,2023,24,443,0.281,0.379,0.507,14,0.11963882618510158,0.26636568848758463,4,.369,,,,,,1
693304,Nick Gonzales,2024,25,154,0.356,0.429,0.6,5,0.09740259740259741,0.16233766233766234,0,.406,0.1429999999999999,0.04999999999999999,0.09299999999999997,-0.02223622878250417,-0.10402802614992229,1
693307,Dillon Dingler,2023,24,109,0.202,0.266,0.384,3,0.07339449541284404,0.3119266055045872,0,.270,,,,,,1
693307,Dillon Dingler,2024,25,301,0.308,0.379,0.559,17,0.09966777408637874,0.2026578073089701,5,.337,0.28800000000000003,0.11299999999999999,0.17500000000000004,0.026273278673534697,-0.10926879819561708,1
693409,César Prieto,2023,24,291,0.288,0.334,0.419,6,0.05154639175257732,0.12027491408934708,4,.310,,,,,,0
693409,César Prieto,2024,25,535,0.279,0.318,0.445,14,0.04299065420560748,0.11775700934579439,5,.296,0.010000000000000009,-0.016000000000000014,0.026000000000000023,-0.008555737546969838,-0.002517904743552693,1
694175,Pedro León,2022,24,504,0.228,0.365,0.431,17,0.14087301587301587,0.2876984126984127,38,.306,0.3390000000000001,0.07200000000000001,0.267,-0.0457936507936508,-0.018968253968253967,0
694175,Pedro León,2023,25,564,0.244,0.343,0.435,21,0.11170212765957446,0.28368794326241137,21,.318,-0.018000000000000016,-0.021999999999999964,0.0040000000000000036,-0.02917088821344141,-0.004010469436001307,1
694175,Pedro León,2024,26,533,0.299,0.372,0.514,24,0.08067542213883677,0.2701688555347092,29,.380,0.10799999999999998,0.02899999999999997,0.07900000000000001,-0.03102670552073769,-0.013519087727702161,0
694208,Moisés Ballesteros,2024,20,285,0.281,0.34,0.454,10,0.08070175438596491,0.21052631578947367,0,.330,,,,,,1
694351,Jacob Berry,2024,23,103,0.242,0.311,0.374,2,0.0970873786407767,0.17475728155339806,2,.274,,,,,,0
694355,Tyler Gentry,2023,24,572,0.253,0.37,0.421,16,0.14160839160839161,0.22202797202797203,14,.309,,,,,,1
694355,Tyler Gentry,2024,25,489,0.251,0.338,0.422,16,0.1083844580777096,0.3047034764826176,8,.346,-0.030999999999999917,-0.03199999999999997,0.0010000000000000009,-0.03322393353068201,0.08267550445464555,0
694359,Niko Kavadas,2023,24,187,0.209,0.364,0.426,8,0.18716577540106952,0.3315508021390374,0,.288,,,,,,1
694359,Niko Kavadas,2024,25,383,0.264,0.399,0.521,19,0.1618798955613577,0.3394255874673629,0,.383,0.13,0.03500000000000003,0.09500000000000003,-0.02528587983971181,0.007874785328325473,1
694362,Blake Dunn,2024,25,421,0.24,0.337,0.354,7,0.10688836104513064,0.2684085510688836,21,.329,,,,,,1
694374,Tim Tawa,2024,25,157,0.304,0.376,0.616,10,0.08280254777070063,0.20382165605095542,3,.327,,,,,,1
694376,Shay Whitcomb,2023,24,392,0.224,0.281,0.434,23,0.061224489795918366,0.3112244897959184,12,.266,,,,,,1
694376,Shay Whitcomb,2024,25,481,0.293,0.378,0.53,25,0.1101871101871102,0.19750519750519752,26,.320,0.19299999999999995,0.09699999999999998,0.09600000000000003,0.04896262039119183,-0.11371929229072086,1
694377,Nick Yorke,2024,22,344,0.333,0.42,0.498,8,0.12209302325581395,0.18895348837209303,13,.404,,,,,,1
694388,Joey Loperfido,2023,24,138,0.235,0.333,0.403,5,0.11594202898550725,0.32608695652173914,4,.329,,,,,,1
694388,Joey Loperfido,2024,25,189,0.272,0.365,0.568,13,0.1111111111111111,0.2804232804232804,9,.316,0.19699999999999995,0.03199999999999997,0.16499999999999992,-0.004830917874396143,-0.04566367609845873,1
694425,Justice Bigbie,2024,25,558,0.248,0.333,0.334,4,0.10752688172043011,0.1863799283154122,8,.304,-0.06999999999999995,-0.011999999999999955,-0.057999999999999996,0.021319985168705965,-0.07224076133976023,0
694661,Riley Tirotta,2024,25,342,0.24,0.36,0.425,12,0.13157894736842105,0.2807017543859649,6,.317,,,,,,0
694812,Tyler McDonough,2024,25,130,0.219,0.315,0.307,1,0.11538461538461539,0.3,3,.324,-0.18600000000000005,0.007000000000000006,-0.193,0.043956043956043966,0.08571428571428572,0
695238,Will Wagner,2024,25,355,0.315,0.432,0.444,6,0.16619718309859155,0.10422535211267606,3,.339,-0.42299999999999993,-0.175,-0.24799999999999994,0.09476861167002013,0.03279678068410463,1
695257,Billy Cook,2024,25,430,0.278,0.377,0.485,16,0.1186046511627907,0.2441860465116279,21,.345,,,,,,1
695336,Thomas Saggese,2024,22,528,0.253,0.313,0.438,20,0.058712121212121215,0.23106060606060605,9,.296,0.136,0.04299999999999998,0.09300000000000003,0.011093073593073599,0.00883838383838384,1
695391,Brett Harris,2023,25,147,0.271,0.347,0.419,4,0.06802721088435375,0.1836734693877551,4,.316,,,,,,1
695391,Brett Harris,2024,26,317,0.281,0.385,0.419,8,0.12933753943217666,0.19558359621451105,6,.338,0.038000000000000034,0.038000000000000034,0.0,0.06131032854782291,0.011910126826755935,1
695578,James Wood,2024,21,231,0.353,0.463,0.595,10,0.17316017316017315,0.18181818181818182,10,.410,,,,,,1
695596,Nick Raposo,2023,25,108,0.232,0.324,0.368,3,0.1111111111111111,0.14814814814814814,0,.250,,,,,,0
695596,Nick Raposo,2024,26,280,0.206,0.28,0.34,8,0.08928571428571429,0.21071428571428572,0,.237,-0.07199999999999984,-0.043999999999999984,-0.02799999999999997,-0.021825396825396817,0.06256613756613758,0
695657,Colson Montgomery,2024,22,573,0.214,0.329,0.381,18,0.12041884816753927,0.2862129144851658,8,.281,,,,,,1
696100,Hunter Goodman,2024,24,139,0.281,0.367,0.603,8,0.1079136690647482,0.2302158273381295,1,.317,-0.351,-0.05099999999999999,-0.30000000000000004,0.048212176527434765,-0.023515515945452592,1
696281,Wyatt Young,2023,23,192,0.24,0.302,0.339,3,0.08333333333333333,0.17708333333333334,1,.275,-0.242,-0.14400000000000002,-0.09799999999999998,-0.04761904761904763,0.022321428571428575,0
700242,Trey Sweeney,2024,24,487,0.267,0.345,0.45,15,0.10061601642710473,0.2669404517453799,20,.346,,,,,,1
700250,Ben Rice,2024,25,138,0.294,0.428,0.661,12,0.18115942028985507,0.18840579710144928,2,.274,,,,,,1
700337,Edgar Quero,2024,21,110,0.295,0.382,0.463,4,0.11818181818181818,0.19090909090909092,0,.338,,,,,,1
700652,Kenny Piper,2024,25,115,0.188,0.278,0.386,5,0.09565217391304348,0.28695652173913044,3,.219,,,,,,0
700932,Kyle Manzardo,2023,22,405,0.242,0.343,0.475,17,0.13333333333333333,0.19506172839506172,1,.261,,,,,,1
700932,Kyle Manzardo,2024,23,364,0.267,0.398,0.548,20,0.16758241758241757,0.18406593406593408,3,.276,0.128,0.05499999999999999,0.07300000000000006,0.03424908424908424,-0.010995794329127645,1
701305,Zach Dezenzo,2024,24,113,0.333,0.425,0.573,5,0.13274336283185842,0.22123893805309736,3,.403,,,,,,1
701350,Roman Anthony,2024,20,164,0.344,0.463,0.519,3,0.18902439024390244,0.18902439024390244,5,.424,,,,,,1
702176,Alan Roden,2024,24,286,0.314,0.406,0.51,9,0.12237762237762238,0.14335664335664336,8,.345,,,,,,1
702332,Caleb Durbin,2024,24,375,0.287,0.396,0.471,10,0.12533333333333332,0.09866666666666667,29,.297,,,,,,1
702358,Trey Lipscomb,2024,24,264,0.283,0.346,0.392,4,0.08333333333333333,0.1893939393939394,8,.344,,,,,,1
702616,Jackson Holliday,2024,20,346,0.271,0.431,0.477,10,0.21676300578034682,0.22254335260115607,8,.341,0.11199999999999988,0.034999999999999976,0.07699999999999996,0.040938829956170986,0.035730165787969254,1
702789,Austin Gauthier,2024,25,425,0.247,0.355,0.33,2,0.13176470588235295,0.20470588235294118,11,.320,,,,,,0
805367,Chase Meidroth,2024,22,558,0.293,0.437,0.4,7,0.1881720430107527,0.12724014336917563,13,.332,,,,,,1
805373,Nacho Alvarez Jr.,2024,21,289,0.297,0.398,0.463,10,0.12802768166089964,0.15570934256055363,10,.328,,,,,,1
805779,Jacob Wilson,2024,22,116,0.396,0.448,0.613,4,0.07758620689655173,0.04310344827586207,0,.392,,,,,,1
807713,Matt Shaw,2024,22,152,0.298,0.395,0.534,7,0.1118421052631579,0.19736842105263158,6,.340,,,,,,1
823356,Payton Eeles,2024,24,260,0.299,0.419,0.5,8,0.12692307692307692,0.14615384615384616,20,.331,,,,,,0
